ISO-10303-21;
HEADER;
FILE_DESCRIPTION(('Open CASCADE Model'),'2;1');
FILE_NAME('Open CASCADE Shape Model','2026-09-19T23:54:57',('Author'),(
    'Open CASCADE'),'Open CASCADE STEP processor 7.9','build123d',
  'Unknown');
FILE_SCHEMA(('AUTOMOTIVE_DESIGN { 1 0 10303 214 1 1 1 1 }'));
ENDSEC;
DATA;
#1 = APPLICATION_PROTOCOL_DEFINITION('international standard',
  'automotive_design',2000,#2);
#2 = APPLICATION_CONTEXT(
  'core data for automotive mechanical design processes');
#3 = SHAPE_DEFINITION_REPRESENTATION(#4,#10);
#4 = PRODUCT_DEFINITION_SHAPE('','',#5);
#5 = PRODUCT_DEFINITION('design','',#6,#9);
#6 = PRODUCT_DEFINITION_FORMATION('','',#7);
#7 = PRODUCT('=>[0:1:1:2]','=>[0:1:1:2]','',(#8));
#8 = PRODUCT_CONTEXT('',#2,'mechanical');
#9 = PRODUCT_DEFINITION_CONTEXT('part definition',#2,'design');
#10 = SHAPE_REPRESENTATION('',(#11,#15),#19);
#11 = AXIS2_PLACEMENT_3D('',#12,#13,#14);
#12 = CARTESIAN_POINT('',(0.,0.,0.));
#13 = DIRECTION('',(0.,0.,1.));
#14 = DIRECTION('',(1.,0.,-0.));
#15 = AXIS2_PLACEMENT_3D('',#16,#17,#18);
#16 = CARTESIAN_POINT('',(0.,0.,40.1150001));
#17 = DIRECTION('',(0.,1.,2.22044604925E-16));
#18 = DIRECTION('',(1.,0.,-0.));
#19 = ( GEOMETRIC_REPRESENTATION_CONTEXT(3) 
GLOBAL_UNCERTAINTY_ASSIGNED_CONTEXT((#23)) GLOBAL_UNIT_ASSIGNED_CONTEXT(
(#20,#21,#22)) REPRESENTATION_CONTEXT('Context #1',
  '3D Context with UNIT and UNCERTAINTY') );
#20 = ( LENGTH_UNIT() NAMED_UNIT(*) SI_UNIT(.MILLI.,.METRE.) );
#21 = ( NAMED_UNIT(*) PLANE_ANGLE_UNIT() SI_UNIT($,.RADIAN.) );
#22 = ( NAMED_UNIT(*) SI_UNIT($,.STERADIAN.) SOLID_ANGLE_UNIT() );
#23 = UNCERTAINTY_MEASURE_WITH_UNIT(LENGTH_MEASURE(5.E-06),#20,
  'distance_accuracy_value','confusion accuracy');
#24 = PRODUCT_RELATED_PRODUCT_CATEGORY('part',$,(#7));
#25 = SHAPE_DEFINITION_REPRESENTATION(#26,#32);
#26 = PRODUCT_DEFINITION_SHAPE('','',#27);
#27 = PRODUCT_DEFINITION('design','',#28,#31);
#28 = PRODUCT_DEFINITION_FORMATION('','',#29);
#29 = PRODUCT('SOLID','SOLID','',(#30));
#30 = PRODUCT_CONTEXT('',#2,'mechanical');
#31 = PRODUCT_DEFINITION_CONTEXT('part definition',#2,'design');
#32 = ADVANCED_BREP_SHAPE_REPRESENTATION('',(#11,#33),#9702);
#33 = MANIFOLD_SOLID_BREP('',#34);
#34 = CLOSED_SHELL('',(#35,#377,#453,#506,#559,#1317,#1946,#1978,#2033,
    #2088,#2143,#2198,#2253,#2331,#2357,#2383,#3333,#3410,#3465,#3523,
    #3975,#4051,#4145,#4221,#4278,#4305,#4382,#4544,#4571,#4727,#4755,
    #4990,#5038,#5086,#5140,#5194,#5247,#5300,#5333,#5381,#5430,#5478,
    #5531,#5580,#5651,#5699,#5755,#5804,#5831,#5886,#5992,#6052,#6082,
    #6112,#6142,#6172,#6202,#6229,#6316,#6322,#6328,#6382,#6436,#6491,
    #6546,#6662,#6778,#6833,#6888,#6920,#7127,#7172,#7252,#7299,#7344,
    #7393,#7471,#7496,#7541,#7586,#7611,#7660,#7692,#7719,#7888,#8092,
    #8119,#8148,#8175,#8202,#8229,#8256,#8283,#8338,#8393,#8448,#8503,
    #8530,#8580,#8630,#8680,#8735,#8785,#8812,#8839,#8866,#8893,#8900,
    #8925,#8951,#8979,#9005,#9031,#9056,#9081,#9107,#9162,#9217,#9243,
    #9298,#9353,#9378,#9403,#9410,#9417,#9428,#9478,#9528,#9578,#9628,
    #9635,#9642,#9649,#9656,#9663,#9670,#9674,#9681,#9688,#9695));
#35 = ADVANCED_FACE('',(#36,#222,#253,#284,#315,#346),#50,.F.);
#36 = FACE_BOUND('',#37,.F.);
#37 = EDGE_LOOP('',(#38,#73,#106,#134,#163,#191));
#38 = ORIENTED_EDGE('',*,*,#39,.T.);
#39 = EDGE_CURVE('',#40,#42,#44,.T.);
#40 = VERTEX_POINT('',#41);
#41 = CARTESIAN_POINT('',(6.,-19.4,13.5));
#42 = VERTEX_POINT('',#43);
#43 = CARTESIAN_POINT('',(-6.,-19.4,13.5));
#44 = SURFACE_CURVE('',#45,(#49,#61),.PCURVE_S1.);
#45 = LINE('',#46,#47);
#46 = CARTESIAN_POINT('',(-15.,-19.4,13.5));
#47 = VECTOR('',#48,1.);
#48 = DIRECTION('',(-1.,-2.22044604925E-16,0.));
#49 = PCURVE('',#50,#55);
#50 = PLANE('',#51);
#51 = AXIS2_PLACEMENT_3D('',#52,#53,#54);
#52 = CARTESIAN_POINT('',(4.307665335546E-15,-19.4,0.));
#53 = DIRECTION('',(2.22044604925E-16,-1.,0.));
#54 = DIRECTION('',(1.,2.22044604925E-16,0.));
#55 = DEFINITIONAL_REPRESENTATION('',(#56),#60);
#56 = LINE('',#57,#58);
#57 = CARTESIAN_POINT('',(-15.,13.5));
#58 = VECTOR('',#59,1.);
#59 = DIRECTION('',(-1.,0.));
#60 = ( GEOMETRIC_REPRESENTATION_CONTEXT(2) 
PARAMETRIC_REPRESENTATION_CONTEXT() REPRESENTATION_CONTEXT('2D SPACE',''
  ) );
#61 = PCURVE('',#62,#67);
#62 = PLANE('',#63);
#63 = AXIS2_PLACEMENT_3D('',#64,#65,#66);
#64 = CARTESIAN_POINT('',(-30.,-40.,13.5));
#65 = DIRECTION('',(0.,0.,1.));
#66 = DIRECTION('',(1.,0.,-0.));
#67 = DEFINITIONAL_REPRESENTATION('',(#68),#72);
#68 = LINE('',#69,#70);
#69 = CARTESIAN_POINT('',(15.,20.6));
#70 = VECTOR('',#71,1.);
#71 = DIRECTION('',(-1.,-2.22044604925E-16));
#72 = ( GEOMETRIC_REPRESENTATION_CONTEXT(2) 
PARAMETRIC_REPRESENTATION_CONTEXT() REPRESENTATION_CONTEXT('2D SPACE',''
  ) );
#73 = ORIENTED_EDGE('',*,*,#74,.F.);
#74 = EDGE_CURVE('',#75,#42,#77,.T.);
#75 = VERTEX_POINT('',#76);
#76 = CARTESIAN_POINT('',(-8.,-19.4,11.5));
#77 = SURFACE_CURVE('',#78,(#83,#94),.PCURVE_S1.);
#78 = CIRCLE('',#79,2.);
#79 = AXIS2_PLACEMENT_3D('',#80,#81,#82);
#80 = CARTESIAN_POINT('',(-6.,-19.4,11.5));
#81 = DIRECTION('',(6.29913772837E-16,1.,-2.519655091348E-16));
#82 = DIRECTION('',(1.,-6.29913772837E-16,0.));
#83 = PCURVE('',#50,#84);
#84 = DEFINITIONAL_REPRESENTATION('',(#85),#93);
#85 = ( BOUNDED_CURVE() B_SPLINE_CURVE(2,(#86,#87,#88,#89,#90,#91,#92),
.UNSPECIFIED.,.T.,.F.) B_SPLINE_CURVE_WITH_KNOTS((1,2,2,2,2,1),(
    -2.094395102393,0.,2.094395102393,4.188790204786,6.28318530718,
8.377580409573),.UNSPECIFIED.) CURVE() GEOMETRIC_REPRESENTATION_ITEM() 
RATIONAL_B_SPLINE_CURVE((1.,0.5,1.,0.5,1.,0.5,1.)) REPRESENTATION_ITEM(
  '') );
#86 = CARTESIAN_POINT('',(-4.,11.5));
#87 = CARTESIAN_POINT('',(-4.,8.035898384862));
#88 = CARTESIAN_POINT('',(-7.,9.767949192431));
#89 = CARTESIAN_POINT('',(-10.,11.5));
#90 = CARTESIAN_POINT('',(-7.,13.232050807569));
#91 = CARTESIAN_POINT('',(-4.,14.964101615138));
#92 = CARTESIAN_POINT('',(-4.,11.5));
#93 = ( GEOMETRIC_REPRESENTATION_CONTEXT(2) 
PARAMETRIC_REPRESENTATION_CONTEXT() REPRESENTATION_CONTEXT('2D SPACE',''
  ) );
#94 = PCURVE('',#95,#100);
#95 = CYLINDRICAL_SURFACE('',#96,2.);
#96 = AXIS2_PLACEMENT_3D('',#97,#98,#99);
#97 = CARTESIAN_POINT('',(-6.,-19.4,11.5));
#98 = DIRECTION('',(-6.29913772837E-16,-1.,2.519655091348E-16));
#99 = DIRECTION('',(-1.,6.29913772837E-16,-2.146641264144E-31));
#100 = DEFINITIONAL_REPRESENTATION('',(#101),#105);
#101 = LINE('',#102,#103);
#102 = CARTESIAN_POINT('',(3.14159265359,-0.));
#103 = VECTOR('',#104,1.);
#104 = DIRECTION('',(-1.,0.));
#105 = ( GEOMETRIC_REPRESENTATION_CONTEXT(2) 
PARAMETRIC_REPRESENTATION_CONTEXT() REPRESENTATION_CONTEXT('2D SPACE',''
  ) );
#106 = ORIENTED_EDGE('',*,*,#107,.F.);
#107 = EDGE_CURVE('',#108,#75,#110,.T.);
#108 = VERTEX_POINT('',#109);
#109 = CARTESIAN_POINT('',(-8.,-19.4,6.645299090334));
#110 = SURFACE_CURVE('',#111,(#115,#122),.PCURVE_S1.);
#111 = LINE('',#112,#113);
#112 = CARTESIAN_POINT('',(-8.,-19.4,6.645299090334));
#113 = VECTOR('',#114,1.);
#114 = DIRECTION('',(6.349035959241E-15,5.182886497339E-16,1.));
#115 = PCURVE('',#50,#116);
#116 = DEFINITIONAL_REPRESENTATION('',(#117),#121);
#117 = LINE('',#118,#119);
#118 = CARTESIAN_POINT('',(-8.,6.645299090334));
#119 = VECTOR('',#120,1.);
#120 = DIRECTION('',(6.349035959241E-15,1.));
#121 = ( GEOMETRIC_REPRESENTATION_CONTEXT(2) 
PARAMETRIC_REPRESENTATION_CONTEXT() REPRESENTATION_CONTEXT('2D SPACE',''
  ) );
#122 = PCURVE('',#123,#128);
#123 = PLANE('',#124);
#124 = AXIS2_PLACEMENT_3D('',#125,#126,#127);
#125 = CARTESIAN_POINT('',(-8.,17.,0.));
#126 = DIRECTION('',(1.,2.22044604925E-16,0.));
#127 = DIRECTION('',(0.,0.,1.));
#128 = DEFINITIONAL_REPRESENTATION('',(#129),#133);
#129 = LINE('',#130,#131);
#130 = CARTESIAN_POINT('',(6.645299090334,36.4));
#131 = VECTOR('',#132,1.);
#132 = DIRECTION('',(1.,-5.182886497339E-16));
#133 = ( GEOMETRIC_REPRESENTATION_CONTEXT(2) 
PARAMETRIC_REPRESENTATION_CONTEXT() REPRESENTATION_CONTEXT('2D SPACE',''
  ) );
#134 = ORIENTED_EDGE('',*,*,#135,.T.);
#135 = EDGE_CURVE('',#108,#136,#138,.T.);
#136 = VERTEX_POINT('',#137);
#137 = CARTESIAN_POINT('',(8.,-19.4,6.645299090335));
#138 = SURFACE_CURVE('',#139,(#144,#151),.PCURVE_S1.);
#139 = CIRCLE('',#140,10.4);
#140 = AXIS2_PLACEMENT_3D('',#141,#142,#143);
#141 = CARTESIAN_POINT('',(4.307665335546E-15,-19.4,0.));
#142 = DIRECTION('',(2.22044604925E-16,-1.,0.));
#143 = DIRECTION('',(-0.769230769231,-1.7080354225E-16,0.638971066378));
#144 = PCURVE('',#50,#145);
#145 = DEFINITIONAL_REPRESENTATION('',(#146),#150);
#146 = CIRCLE('',#147,10.4);
#147 = AXIS2_PLACEMENT_2D('',#148,#149);
#148 = CARTESIAN_POINT('',(0.,0.));
#149 = DIRECTION('',(-0.769230769231,0.638971066378));
#150 = ( GEOMETRIC_REPRESENTATION_CONTEXT(2) 
PARAMETRIC_REPRESENTATION_CONTEXT() REPRESENTATION_CONTEXT('2D SPACE',''
  ) );
#151 = PCURVE('',#152,#157);
#152 = CYLINDRICAL_SURFACE('',#153,10.4);
#153 = AXIS2_PLACEMENT_3D('',#154,#155,#156);
#154 = CARTESIAN_POINT('',(4.307665335546E-15,-19.4,0.));
#155 = DIRECTION('',(2.22044604925E-16,-1.,0.));
#156 = DIRECTION('',(1.,2.22044604925E-16,0.));
#157 = DEFINITIONAL_REPRESENTATION('',(#158),#162);
#158 = LINE('',#159,#160);
#159 = CARTESIAN_POINT('',(2.448432746013,0.));
#160 = VECTOR('',#161,1.);
#161 = DIRECTION('',(1.,0.));
#162 = ( GEOMETRIC_REPRESENTATION_CONTEXT(2) 
PARAMETRIC_REPRESENTATION_CONTEXT() REPRESENTATION_CONTEXT('2D SPACE',''
  ) );
#163 = ORIENTED_EDGE('',*,*,#164,.F.);
#164 = EDGE_CURVE('',#165,#136,#167,.T.);
#165 = VERTEX_POINT('',#166);
#166 = CARTESIAN_POINT('',(8.,-19.4,11.5));
#167 = SURFACE_CURVE('',#168,(#172,#179),.PCURVE_S1.);
#168 = LINE('',#169,#170);
#169 = CARTESIAN_POINT('',(8.,-19.4,13.5));
#170 = VECTOR('',#171,1.);
#171 = DIRECTION('',(-7.644757583576E-15,0.,-1.));
#172 = PCURVE('',#50,#173);
#173 = DEFINITIONAL_REPRESENTATION('',(#174),#178);
#174 = LINE('',#175,#176);
#175 = CARTESIAN_POINT('',(8.,13.5));
#176 = VECTOR('',#177,1.);
#177 = DIRECTION('',(-7.644757583576E-15,-1.));
#178 = ( GEOMETRIC_REPRESENTATION_CONTEXT(2) 
PARAMETRIC_REPRESENTATION_CONTEXT() REPRESENTATION_CONTEXT('2D SPACE',''
  ) );
#179 = PCURVE('',#180,#185);
#180 = PLANE('',#181);
#181 = AXIS2_PLACEMENT_3D('',#182,#183,#184);
#182 = CARTESIAN_POINT('',(8.,17.,22.));
#183 = DIRECTION('',(-1.,-2.22044604925E-16,0.));
#184 = DIRECTION('',(-0.,0.,-1.));
#185 = DEFINITIONAL_REPRESENTATION('',(#186),#190);
#186 = LINE('',#187,#188);
#187 = CARTESIAN_POINT('',(8.5,36.4));
#188 = VECTOR('',#189,1.);
#189 = DIRECTION('',(1.,-1.697477177393E-30));
#190 = ( GEOMETRIC_REPRESENTATION_CONTEXT(2) 
PARAMETRIC_REPRESENTATION_CONTEXT() REPRESENTATION_CONTEXT('2D SPACE',''
  ) );
#191 = ORIENTED_EDGE('',*,*,#192,.F.);
#192 = EDGE_CURVE('',#40,#165,#193,.T.);
#193 = SURFACE_CURVE('',#194,(#199,#210),.PCURVE_S1.);
#194 = CIRCLE('',#195,2.);
#195 = AXIS2_PLACEMENT_3D('',#196,#197,#198);
#196 = CARTESIAN_POINT('',(6.,-19.4,11.5));
#197 = DIRECTION('',(5.039310182696E-16,1.,-2.519655091348E-16));
#198 = DIRECTION('',(1.,-5.039310182696E-16,0.));
#199 = PCURVE('',#50,#200);
#200 = DEFINITIONAL_REPRESENTATION('',(#201),#209);
#201 = ( BOUNDED_CURVE() B_SPLINE_CURVE(2,(#202,#203,#204,#205,#206,#207
,#208),.UNSPECIFIED.,.T.,.F.) B_SPLINE_CURVE_WITH_KNOTS((1,2,2,2,2,1),(
    -2.094395102393,0.,2.094395102393,4.188790204786,6.28318530718,
8.377580409573),.UNSPECIFIED.) CURVE() GEOMETRIC_REPRESENTATION_ITEM() 
RATIONAL_B_SPLINE_CURVE((1.,0.5,1.,0.5,1.,0.5,1.)) REPRESENTATION_ITEM(
  '') );
#202 = CARTESIAN_POINT('',(8.,11.5));
#203 = CARTESIAN_POINT('',(8.,8.035898384862));
#204 = CARTESIAN_POINT('',(5.,9.767949192431));
#205 = CARTESIAN_POINT('',(2.,11.5));
#206 = CARTESIAN_POINT('',(5.,13.232050807569));
#207 = CARTESIAN_POINT('',(8.,14.964101615138));
#208 = CARTESIAN_POINT('',(8.,11.5));
#209 = ( GEOMETRIC_REPRESENTATION_CONTEXT(2) 
PARAMETRIC_REPRESENTATION_CONTEXT() REPRESENTATION_CONTEXT('2D SPACE',''
  ) );
#210 = PCURVE('',#211,#216);
#211 = CYLINDRICAL_SURFACE('',#212,2.);
#212 = AXIS2_PLACEMENT_3D('',#213,#214,#215);
#213 = CARTESIAN_POINT('',(6.,-19.4,11.5));
#214 = DIRECTION('',(-5.039310182696E-16,-1.,2.519655091348E-16));
#215 = DIRECTION('',(1.269732355871E-31,2.519655091348E-16,1.));
#216 = DEFINITIONAL_REPRESENTATION('',(#217),#221);
#217 = LINE('',#218,#219);
#218 = CARTESIAN_POINT('',(4.712388980385,-0.));
#219 = VECTOR('',#220,1.);
#220 = DIRECTION('',(-1.,0.));
#221 = ( GEOMETRIC_REPRESENTATION_CONTEXT(2) 
PARAMETRIC_REPRESENTATION_CONTEXT() REPRESENTATION_CONTEXT('2D SPACE',''
  ) );
#222 = FACE_BOUND('',#223,.F.);
#223 = EDGE_LOOP('',(#224));
#224 = ORIENTED_EDGE('',*,*,#225,.F.);
#225 = EDGE_CURVE('',#226,#226,#228,.T.);
#226 = VERTEX_POINT('',#227);
#227 = CARTESIAN_POINT('',(-3.25,-19.4,-4.95));
#228 = SURFACE_CURVE('',#229,(#234,#241),.PCURVE_S1.);
#229 = CIRCLE('',#230,1.7);
#230 = AXIS2_PLACEMENT_3D('',#231,#232,#233);
#231 = CARTESIAN_POINT('',(-4.95,-19.4,-4.95));
#232 = DIRECTION('',(2.22044604925E-16,-1.,-0.));
#233 = DIRECTION('',(1.,2.22044604925E-16,0.));
#234 = PCURVE('',#50,#235);
#235 = DEFINITIONAL_REPRESENTATION('',(#236),#240);
#236 = CIRCLE('',#237,1.7);
#237 = AXIS2_PLACEMENT_2D('',#238,#239);
#238 = CARTESIAN_POINT('',(-4.95,-4.95));
#239 = DIRECTION('',(1.,0.));
#240 = ( GEOMETRIC_REPRESENTATION_CONTEXT(2) 
PARAMETRIC_REPRESENTATION_CONTEXT() REPRESENTATION_CONTEXT('2D SPACE',''
  ) );
#241 = PCURVE('',#242,#247);
#242 = CYLINDRICAL_SURFACE('',#243,1.7);
#243 = AXIS2_PLACEMENT_3D('',#244,#245,#246);
#244 = CARTESIAN_POINT('',(-4.95,-18.4,-4.95));
#245 = DIRECTION('',(2.22044604925E-16,-1.,0.));
#246 = DIRECTION('',(1.,2.22044604925E-16,0.));
#247 = DEFINITIONAL_REPRESENTATION('',(#248),#252);
#248 = LINE('',#249,#250);
#249 = CARTESIAN_POINT('',(0.,1.));
#250 = VECTOR('',#251,1.);
#251 = DIRECTION('',(1.,0.));
#252 = ( GEOMETRIC_REPRESENTATION_CONTEXT(2) 
PARAMETRIC_REPRESENTATION_CONTEXT() REPRESENTATION_CONTEXT('2D SPACE',''
  ) );
#253 = FACE_BOUND('',#254,.F.);
#254 = EDGE_LOOP('',(#255));
#255 = ORIENTED_EDGE('',*,*,#256,.F.);
#256 = EDGE_CURVE('',#257,#257,#259,.T.);
#257 = VERTEX_POINT('',#258);
#258 = CARTESIAN_POINT('',(6.65,-19.4,-4.95));
#259 = SURFACE_CURVE('',#260,(#265,#272),.PCURVE_S1.);
#260 = CIRCLE('',#261,1.7);
#261 = AXIS2_PLACEMENT_3D('',#262,#263,#264);
#262 = CARTESIAN_POINT('',(4.95,-19.4,-4.95));
#263 = DIRECTION('',(2.22044604925E-16,-1.,-0.));
#264 = DIRECTION('',(1.,2.22044604925E-16,0.));
#265 = PCURVE('',#50,#266);
#266 = DEFINITIONAL_REPRESENTATION('',(#267),#271);
#267 = CIRCLE('',#268,1.7);
#268 = AXIS2_PLACEMENT_2D('',#269,#270);
#269 = CARTESIAN_POINT('',(4.95,-4.95));
#270 = DIRECTION('',(1.,0.));
#271 = ( GEOMETRIC_REPRESENTATION_CONTEXT(2) 
PARAMETRIC_REPRESENTATION_CONTEXT() REPRESENTATION_CONTEXT('2D SPACE',''
  ) );
#272 = PCURVE('',#273,#278);
#273 = CYLINDRICAL_SURFACE('',#274,1.7);
#274 = AXIS2_PLACEMENT_3D('',#275,#276,#277);
#275 = CARTESIAN_POINT('',(4.95,-18.4,-4.95));
#276 = DIRECTION('',(2.22044604925E-16,-1.,0.));
#277 = DIRECTION('',(1.,2.22044604925E-16,0.));
#278 = DEFINITIONAL_REPRESENTATION('',(#279),#283);
#279 = LINE('',#280,#281);
#280 = CARTESIAN_POINT('',(0.,1.));
#281 = VECTOR('',#282,1.);
#282 = DIRECTION('',(1.,0.));
#283 = ( GEOMETRIC_REPRESENTATION_CONTEXT(2) 
PARAMETRIC_REPRESENTATION_CONTEXT() REPRESENTATION_CONTEXT('2D SPACE',''
  ) );
#284 = FACE_BOUND('',#285,.F.);
#285 = EDGE_LOOP('',(#286));
#286 = ORIENTED_EDGE('',*,*,#287,.F.);
#287 = EDGE_CURVE('',#288,#288,#290,.T.);
#288 = VERTEX_POINT('',#289);
#289 = CARTESIAN_POINT('',(-3.25,-19.4,4.95));
#290 = SURFACE_CURVE('',#291,(#296,#303),.PCURVE_S1.);
#291 = CIRCLE('',#292,1.7);
#292 = AXIS2_PLACEMENT_3D('',#293,#294,#295);
#293 = CARTESIAN_POINT('',(-4.95,-19.4,4.95));
#294 = DIRECTION('',(2.22044604925E-16,-1.,-0.));
#295 = DIRECTION('',(1.,2.22044604925E-16,0.));
#296 = PCURVE('',#50,#297);
#297 = DEFINITIONAL_REPRESENTATION('',(#298),#302);
#298 = CIRCLE('',#299,1.7);
#299 = AXIS2_PLACEMENT_2D('',#300,#301);
#300 = CARTESIAN_POINT('',(-4.95,4.95));
#301 = DIRECTION('',(1.,0.));
#302 = ( GEOMETRIC_REPRESENTATION_CONTEXT(2) 
PARAMETRIC_REPRESENTATION_CONTEXT() REPRESENTATION_CONTEXT('2D SPACE',''
  ) );
#303 = PCURVE('',#304,#309);
#304 = CYLINDRICAL_SURFACE('',#305,1.7);
#305 = AXIS2_PLACEMENT_3D('',#306,#307,#308);
#306 = CARTESIAN_POINT('',(-4.95,-18.4,4.95));
#307 = DIRECTION('',(2.22044604925E-16,-1.,0.));
#308 = DIRECTION('',(1.,2.22044604925E-16,0.));
#309 = DEFINITIONAL_REPRESENTATION('',(#310),#314);
#310 = LINE('',#311,#312);
#311 = CARTESIAN_POINT('',(0.,1.));
#312 = VECTOR('',#313,1.);
#313 = DIRECTION('',(1.,0.));
#314 = ( GEOMETRIC_REPRESENTATION_CONTEXT(2) 
PARAMETRIC_REPRESENTATION_CONTEXT() REPRESENTATION_CONTEXT('2D SPACE',''
  ) );
#315 = FACE_BOUND('',#316,.F.);
#316 = EDGE_LOOP('',(#317));
#317 = ORIENTED_EDGE('',*,*,#318,.F.);
#318 = EDGE_CURVE('',#319,#319,#321,.T.);
#319 = VERTEX_POINT('',#320);
#320 = CARTESIAN_POINT('',(2.9,-19.4,-7.102951435055E-16));
#321 = SURFACE_CURVE('',#322,(#327,#334),.PCURVE_S1.);
#322 = CIRCLE('',#323,2.9);
#323 = AXIS2_PLACEMENT_3D('',#324,#325,#326);
#324 = CARTESIAN_POINT('',(4.307665335546E-15,-19.4,0.));
#325 = DIRECTION('',(2.22044604925E-16,-1.,-0.));
#326 = DIRECTION('',(1.,2.22044604925E-16,0.));
#327 = PCURVE('',#50,#328);
#328 = DEFINITIONAL_REPRESENTATION('',(#329),#333);
#329 = CIRCLE('',#330,2.9);
#330 = AXIS2_PLACEMENT_2D('',#331,#332);
#331 = CARTESIAN_POINT('',(0.,0.));
#332 = DIRECTION('',(1.,0.));
#333 = ( GEOMETRIC_REPRESENTATION_CONTEXT(2) 
PARAMETRIC_REPRESENTATION_CONTEXT() REPRESENTATION_CONTEXT('2D SPACE',''
  ) );
#334 = PCURVE('',#335,#340);
#335 = CYLINDRICAL_SURFACE('',#336,2.9);
#336 = AXIS2_PLACEMENT_3D('',#337,#338,#339);
#337 = CARTESIAN_POINT('',(4.307665335546E-15,-19.4,0.));
#338 = DIRECTION('',(2.22044604925E-16,-1.,0.));
#339 = DIRECTION('',(1.,2.22044604925E-16,0.));
#340 = DEFINITIONAL_REPRESENTATION('',(#341),#345);
#341 = LINE('',#342,#343);
#342 = CARTESIAN_POINT('',(0.,0.));
#343 = VECTOR('',#344,1.);
#344 = DIRECTION('',(1.,0.));
#345 = ( GEOMETRIC_REPRESENTATION_CONTEXT(2) 
PARAMETRIC_REPRESENTATION_CONTEXT() REPRESENTATION_CONTEXT('2D SPACE',''
  ) );
#346 = FACE_BOUND('',#347,.F.);
#347 = EDGE_LOOP('',(#348));
#348 = ORIENTED_EDGE('',*,*,#349,.F.);
#349 = EDGE_CURVE('',#350,#350,#352,.T.);
#350 = VERTEX_POINT('',#351);
#351 = CARTESIAN_POINT('',(6.65,-19.4,4.95));
#352 = SURFACE_CURVE('',#353,(#358,#365),.PCURVE_S1.);
#353 = CIRCLE('',#354,1.7);
#354 = AXIS2_PLACEMENT_3D('',#355,#356,#357);
#355 = CARTESIAN_POINT('',(4.95,-19.4,4.95));
#356 = DIRECTION('',(2.22044604925E-16,-1.,-0.));
#357 = DIRECTION('',(1.,2.22044604925E-16,0.));
#358 = PCURVE('',#50,#359);
#359 = DEFINITIONAL_REPRESENTATION('',(#360),#364);
#360 = CIRCLE('',#361,1.7);
#361 = AXIS2_PLACEMENT_2D('',#362,#363);
#362 = CARTESIAN_POINT('',(4.95,4.95));
#363 = DIRECTION('',(1.,0.));
#364 = ( GEOMETRIC_REPRESENTATION_CONTEXT(2) 
PARAMETRIC_REPRESENTATION_CONTEXT() REPRESENTATION_CONTEXT('2D SPACE',''
  ) );
#365 = PCURVE('',#366,#371);
#366 = CYLINDRICAL_SURFACE('',#367,1.7);
#367 = AXIS2_PLACEMENT_3D('',#368,#369,#370);
#368 = CARTESIAN_POINT('',(4.95,-18.4,4.95));
#369 = DIRECTION('',(2.22044604925E-16,-1.,0.));
#370 = DIRECTION('',(1.,2.22044604925E-16,0.));
#371 = DEFINITIONAL_REPRESENTATION('',(#372),#376);
#372 = LINE('',#373,#374);
#373 = CARTESIAN_POINT('',(0.,1.));
#374 = VECTOR('',#375,1.);
#375 = DIRECTION('',(1.,0.));
#376 = ( GEOMETRIC_REPRESENTATION_CONTEXT(2) 
PARAMETRIC_REPRESENTATION_CONTEXT() REPRESENTATION_CONTEXT('2D SPACE',''
  ) );
#377 = ADVANCED_FACE('',(#378),#62,.T.);
#378 = FACE_BOUND('',#379,.T.);
#379 = EDGE_LOOP('',(#380,#410,#431,#432));
#380 = ORIENTED_EDGE('',*,*,#381,.T.);
#381 = EDGE_CURVE('',#382,#384,#386,.T.);
#382 = VERTEX_POINT('',#383);
#383 = CARTESIAN_POINT('',(-6.,-20.15,13.5));
#384 = VERTEX_POINT('',#385);
#385 = CARTESIAN_POINT('',(6.,-20.15,13.5));
#386 = SURFACE_CURVE('',#387,(#391,#398),.PCURVE_S1.);
#387 = LINE('',#388,#389);
#388 = CARTESIAN_POINT('',(-8.,-20.15,13.5));
#389 = VECTOR('',#390,1.);
#390 = DIRECTION('',(1.,0.,-0.));
#391 = PCURVE('',#62,#392);
#392 = DEFINITIONAL_REPRESENTATION('',(#393),#397);
#393 = LINE('',#394,#395);
#394 = CARTESIAN_POINT('',(22.,19.85));
#395 = VECTOR('',#396,1.);
#396 = DIRECTION('',(1.,0.));
#397 = ( GEOMETRIC_REPRESENTATION_CONTEXT(2) 
PARAMETRIC_REPRESENTATION_CONTEXT() REPRESENTATION_CONTEXT('2D SPACE',''
  ) );
#398 = PCURVE('',#399,#404);
#399 = CYLINDRICAL_SURFACE('',#400,6.3);
#400 = AXIS2_PLACEMENT_3D('',#401,#402,#403);
#401 = CARTESIAN_POINT('',(-8.,-20.15,19.8));
#402 = DIRECTION('',(1.,0.,-0.));
#403 = DIRECTION('',(0.,-0.,-1.));
#404 = DEFINITIONAL_REPRESENTATION('',(#405),#409);
#405 = LINE('',#406,#407);
#406 = CARTESIAN_POINT('',(-0.,0.));
#407 = VECTOR('',#408,1.);
#408 = DIRECTION('',(-0.,1.));
#409 = ( GEOMETRIC_REPRESENTATION_CONTEXT(2) 
PARAMETRIC_REPRESENTATION_CONTEXT() REPRESENTATION_CONTEXT('2D SPACE',''
  ) );
#410 = ORIENTED_EDGE('',*,*,#411,.F.);
#411 = EDGE_CURVE('',#40,#384,#412,.T.);
#412 = SURFACE_CURVE('',#413,(#417,#424),.PCURVE_S1.);
#413 = LINE('',#414,#415);
#414 = CARTESIAN_POINT('',(6.,-19.4,13.5));
#415 = VECTOR('',#416,1.);
#416 = DIRECTION('',(-5.039310182696E-16,-1.,2.519655091348E-16));
#417 = PCURVE('',#62,#418);
#418 = DEFINITIONAL_REPRESENTATION('',(#419),#423);
#419 = LINE('',#420,#421);
#420 = CARTESIAN_POINT('',(36.,20.6));
#421 = VECTOR('',#422,1.);
#422 = DIRECTION('',(-5.039310182696E-16,-1.));
#423 = ( GEOMETRIC_REPRESENTATION_CONTEXT(2) 
PARAMETRIC_REPRESENTATION_CONTEXT() REPRESENTATION_CONTEXT('2D SPACE',''
  ) );
#424 = PCURVE('',#211,#425);
#425 = DEFINITIONAL_REPRESENTATION('',(#426),#430);
#426 = LINE('',#427,#428);
#427 = CARTESIAN_POINT('',(-0.,0.));
#428 = VECTOR('',#429,1.);
#429 = DIRECTION('',(-0.,1.));
#430 = ( GEOMETRIC_REPRESENTATION_CONTEXT(2) 
PARAMETRIC_REPRESENTATION_CONTEXT() REPRESENTATION_CONTEXT('2D SPACE',''
  ) );
#431 = ORIENTED_EDGE('',*,*,#39,.T.);
#432 = ORIENTED_EDGE('',*,*,#433,.T.);
#433 = EDGE_CURVE('',#42,#382,#434,.T.);
#434 = SURFACE_CURVE('',#435,(#439,#446),.PCURVE_S1.);
#435 = LINE('',#436,#437);
#436 = CARTESIAN_POINT('',(-6.,-19.4,13.5));
#437 = VECTOR('',#438,1.);
#438 = DIRECTION('',(-6.29913772837E-16,-1.,2.519655091348E-16));
#439 = PCURVE('',#62,#440);
#440 = DEFINITIONAL_REPRESENTATION('',(#441),#445);
#441 = LINE('',#442,#443);
#442 = CARTESIAN_POINT('',(24.,20.6));
#443 = VECTOR('',#444,1.);
#444 = DIRECTION('',(-6.29913772837E-16,-1.));
#445 = ( GEOMETRIC_REPRESENTATION_CONTEXT(2) 
PARAMETRIC_REPRESENTATION_CONTEXT() REPRESENTATION_CONTEXT('2D SPACE',''
  ) );
#446 = PCURVE('',#95,#447);
#447 = DEFINITIONAL_REPRESENTATION('',(#448),#452);
#448 = LINE('',#449,#450);
#449 = CARTESIAN_POINT('',(-1.570796326795,0.));
#450 = VECTOR('',#451,1.);
#451 = DIRECTION('',(-0.,1.));
#452 = ( GEOMETRIC_REPRESENTATION_CONTEXT(2) 
PARAMETRIC_REPRESENTATION_CONTEXT() REPRESENTATION_CONTEXT('2D SPACE',''
  ) );
#453 = ADVANCED_FACE('',(#454),#95,.T.);
#454 = FACE_BOUND('',#455,.F.);
#455 = EDGE_LOOP('',(#456,#457,#458,#485));
#456 = ORIENTED_EDGE('',*,*,#74,.T.);
#457 = ORIENTED_EDGE('',*,*,#433,.T.);
#458 = ORIENTED_EDGE('',*,*,#459,.F.);
#459 = EDGE_CURVE('',#460,#382,#462,.T.);
#460 = VERTEX_POINT('',#461);
#461 = CARTESIAN_POINT('',(-8.,-20.15,11.5));
#462 = SURFACE_CURVE('',#463,(#468,#474),.PCURVE_S1.);
#463 = CIRCLE('',#464,2.);
#464 = AXIS2_PLACEMENT_3D('',#465,#466,#467);
#465 = CARTESIAN_POINT('',(-6.,-20.15,11.5));
#466 = DIRECTION('',(6.29913772837E-16,1.,-2.519655091348E-16));
#467 = DIRECTION('',(-1.,6.29913772837E-16,-2.146641264144E-31));
#468 = PCURVE('',#95,#469);
#469 = DEFINITIONAL_REPRESENTATION('',(#470),#473);
#470 = B_SPLINE_CURVE_WITH_KNOTS('',1,(#471,#472),.UNSPECIFIED.,.F.,.F.,
  (2,2),(0.,1.570796326795),.PIECEWISE_BEZIER_KNOTS.);
#471 = CARTESIAN_POINT('',(0.,0.75));
#472 = CARTESIAN_POINT('',(-1.570796326795,0.75));
#473 = ( GEOMETRIC_REPRESENTATION_CONTEXT(2) 
PARAMETRIC_REPRESENTATION_CONTEXT() REPRESENTATION_CONTEXT('2D SPACE',''
  ) );
#474 = PCURVE('',#475,#480);
#475 = TOROIDAL_SURFACE('',#476,8.3,2.);
#476 = AXIS2_PLACEMENT_3D('',#477,#478,#479);
#477 = CARTESIAN_POINT('',(-6.,-20.15,19.8));
#478 = DIRECTION('',(-1.,-2.22044604925E-16,0.));
#479 = DIRECTION('',(-1.565200208772E-32,7.049035076985E-17,-1.));
#480 = DEFINITIONAL_REPRESENTATION('',(#481),#484);
#481 = B_SPLINE_CURVE_WITH_KNOTS('',1,(#482,#483),.UNSPECIFIED.,.F.,.F.,
  (2,2),(0.,1.570796326795),.PIECEWISE_BEZIER_KNOTS.);
#482 = CARTESIAN_POINT('',(-5.639228061588E-16,1.570796326795));
#483 = CARTESIAN_POINT('',(-5.639228061588E-16,3.14159265359));
#484 = ( GEOMETRIC_REPRESENTATION_CONTEXT(2) 
PARAMETRIC_REPRESENTATION_CONTEXT() REPRESENTATION_CONTEXT('2D SPACE',''
  ) );
#485 = ORIENTED_EDGE('',*,*,#486,.F.);
#486 = EDGE_CURVE('',#75,#460,#487,.T.);
#487 = SURFACE_CURVE('',#488,(#492,#499),.PCURVE_S1.);
#488 = LINE('',#489,#490);
#489 = CARTESIAN_POINT('',(-8.,-19.4,11.5));
#490 = VECTOR('',#491,1.);
#491 = DIRECTION('',(-6.29913772837E-16,-1.,2.519655091348E-16));
#492 = PCURVE('',#95,#493);
#493 = DEFINITIONAL_REPRESENTATION('',(#494),#498);
#494 = LINE('',#495,#496);
#495 = CARTESIAN_POINT('',(-0.,0.));
#496 = VECTOR('',#497,1.);
#497 = DIRECTION('',(-0.,1.));
#498 = ( GEOMETRIC_REPRESENTATION_CONTEXT(2) 
PARAMETRIC_REPRESENTATION_CONTEXT() REPRESENTATION_CONTEXT('2D SPACE',''
  ) );
#499 = PCURVE('',#123,#500);
#500 = DEFINITIONAL_REPRESENTATION('',(#501),#505);
#501 = LINE('',#502,#503);
#502 = CARTESIAN_POINT('',(11.5,36.4));
#503 = VECTOR('',#504,1.);
#504 = DIRECTION('',(2.519655091348E-16,1.));
#505 = ( GEOMETRIC_REPRESENTATION_CONTEXT(2) 
PARAMETRIC_REPRESENTATION_CONTEXT() REPRESENTATION_CONTEXT('2D SPACE',''
  ) );
#506 = ADVANCED_FACE('',(#507),#211,.T.);
#507 = FACE_BOUND('',#508,.F.);
#508 = EDGE_LOOP('',(#509,#510,#533,#558));
#509 = ORIENTED_EDGE('',*,*,#192,.T.);
#510 = ORIENTED_EDGE('',*,*,#511,.T.);
#511 = EDGE_CURVE('',#165,#512,#514,.T.);
#512 = VERTEX_POINT('',#513);
#513 = CARTESIAN_POINT('',(8.,-20.15,11.5));
#514 = SURFACE_CURVE('',#515,(#519,#526),.PCURVE_S1.);
#515 = LINE('',#516,#517);
#516 = CARTESIAN_POINT('',(8.,-19.4,11.5));
#517 = VECTOR('',#518,1.);
#518 = DIRECTION('',(-5.039310182696E-16,-1.,2.519655091348E-16));
#519 = PCURVE('',#211,#520);
#520 = DEFINITIONAL_REPRESENTATION('',(#521),#525);
#521 = LINE('',#522,#523);
#522 = CARTESIAN_POINT('',(-1.570796326795,0.));
#523 = VECTOR('',#524,1.);
#524 = DIRECTION('',(-0.,1.));
#525 = ( GEOMETRIC_REPRESENTATION_CONTEXT(2) 
PARAMETRIC_REPRESENTATION_CONTEXT() REPRESENTATION_CONTEXT('2D SPACE',''
  ) );
#526 = PCURVE('',#180,#527);
#527 = DEFINITIONAL_REPRESENTATION('',(#528),#532);
#528 = LINE('',#529,#530);
#529 = CARTESIAN_POINT('',(10.5,36.4));
#530 = VECTOR('',#531,1.);
#531 = DIRECTION('',(-2.519655091348E-16,1.));
#532 = ( GEOMETRIC_REPRESENTATION_CONTEXT(2) 
PARAMETRIC_REPRESENTATION_CONTEXT() REPRESENTATION_CONTEXT('2D SPACE',''
  ) );
#533 = ORIENTED_EDGE('',*,*,#534,.F.);
#534 = EDGE_CURVE('',#384,#512,#535,.T.);
#535 = SURFACE_CURVE('',#536,(#541,#547),.PCURVE_S1.);
#536 = CIRCLE('',#537,2.);
#537 = AXIS2_PLACEMENT_3D('',#538,#539,#540);
#538 = CARTESIAN_POINT('',(6.,-20.15,11.5));
#539 = DIRECTION('',(5.039310182696E-16,1.,-2.519655091348E-16));
#540 = DIRECTION('',(1.269732355871E-31,2.519655091348E-16,1.));
#541 = PCURVE('',#211,#542);
#542 = DEFINITIONAL_REPRESENTATION('',(#543),#546);
#543 = B_SPLINE_CURVE_WITH_KNOTS('',1,(#544,#545),.UNSPECIFIED.,.F.,.F.,
  (2,2),(0.,1.570796326795),.PIECEWISE_BEZIER_KNOTS.);
#544 = CARTESIAN_POINT('',(0.,0.75));
#545 = CARTESIAN_POINT('',(-1.570796326795,0.75));
#546 = ( GEOMETRIC_REPRESENTATION_CONTEXT(2) 
PARAMETRIC_REPRESENTATION_CONTEXT() REPRESENTATION_CONTEXT('2D SPACE',''
  ) );
#547 = PCURVE('',#548,#553);
#548 = TOROIDAL_SURFACE('',#549,8.3,2.);
#549 = AXIS2_PLACEMENT_3D('',#550,#551,#552);
#550 = CARTESIAN_POINT('',(6.,-20.15,19.8));
#551 = DIRECTION('',(-1.,-2.22044604925E-16,0.));
#552 = DIRECTION('',(2.660840354912E-31,-1.198335963087E-15,-1.));
#553 = DEFINITIONAL_REPRESENTATION('',(#554),#557);
#554 = B_SPLINE_CURVE_WITH_KNOTS('',1,(#555,#556),.UNSPECIFIED.,.F.,.F.,
  (2,2),(0.,1.570796326795),.PIECEWISE_BEZIER_KNOTS.);
#555 = CARTESIAN_POINT('',(-5.639228061588E-16,3.14159265359));
#556 = CARTESIAN_POINT('',(-5.639228061588E-16,4.712388980385));
#557 = ( GEOMETRIC_REPRESENTATION_CONTEXT(2) 
PARAMETRIC_REPRESENTATION_CONTEXT() REPRESENTATION_CONTEXT('2D SPACE',''
  ) );
#558 = ORIENTED_EDGE('',*,*,#411,.F.);
#559 = ADVANCED_FACE('',(#560),#123,.F.);
#560 = FACE_BOUND('',#561,.F.);
#561 = EDGE_LOOP('',(#562,#592,#621,#649,#677,#705,#738,#766,#786,#787,
    #788,#816,#844,#877,#905,#938,#966,#999,#1027,#1055,#1082,#1110,
    #1139,#1167,#1195,#1263,#1291));
#562 = ORIENTED_EDGE('',*,*,#563,.F.);
#563 = EDGE_CURVE('',#564,#566,#568,.T.);
#564 = VERTEX_POINT('',#565);
#565 = CARTESIAN_POINT('',(-8.,18.115,68.987722339832));
#566 = VERTEX_POINT('',#567);
#567 = CARTESIAN_POINT('',(-8.,18.115,65.65));
#568 = SURFACE_CURVE('',#569,(#573,#580),.PCURVE_S1.);
#569 = LINE('',#570,#571);
#570 = CARTESIAN_POINT('',(-8.,18.115,72.15));
#571 = VECTOR('',#572,1.);
#572 = DIRECTION('',(0.,0.,-1.));
#573 = PCURVE('',#123,#574);
#574 = DEFINITIONAL_REPRESENTATION('',(#575),#579);
#575 = LINE('',#576,#577);
#576 = CARTESIAN_POINT('',(72.15,-1.115));
#577 = VECTOR('',#578,1.);
#578 = DIRECTION('',(-1.,0.));
#579 = ( GEOMETRIC_REPRESENTATION_CONTEXT(2) 
PARAMETRIC_REPRESENTATION_CONTEXT() REPRESENTATION_CONTEXT('2D SPACE',''
  ) );
#580 = PCURVE('',#581,#586);
#581 = PLANE('',#582);
#582 = AXIS2_PLACEMENT_3D('',#583,#584,#585);
#583 = CARTESIAN_POINT('',(-22.45,18.115,70.65));
#584 = DIRECTION('',(0.,-1.,2.22044604925E-16));
#585 = DIRECTION('',(1.,0.,0.));
#586 = DEFINITIONAL_REPRESENTATION('',(#587),#591);
#587 = LINE('',#588,#589);
#588 = CARTESIAN_POINT('',(14.45,1.5));
#589 = VECTOR('',#590,1.);
#590 = DIRECTION('',(0.,-1.));
#591 = ( GEOMETRIC_REPRESENTATION_CONTEXT(2) 
PARAMETRIC_REPRESENTATION_CONTEXT() REPRESENTATION_CONTEXT('2D SPACE',''
  ) );
#592 = ORIENTED_EDGE('',*,*,#593,.F.);
#593 = EDGE_CURVE('',#594,#564,#596,.T.);
#594 = VERTEX_POINT('',#595);
#595 = CARTESIAN_POINT('',(-8.,16.615,68.65));
#596 = SURFACE_CURVE('',#597,(#602,#609),.PCURVE_S1.);
#597 = CIRCLE('',#598,3.5);
#598 = AXIS2_PLACEMENT_3D('',#599,#600,#601);
#599 = CARTESIAN_POINT('',(-8.,16.615,72.15));
#600 = DIRECTION('',(1.,2.22044604925E-16,0.));
#601 = DIRECTION('',(-5.916456789158E-31,2.6645352591E-15,-1.));
#602 = PCURVE('',#123,#603);
#603 = DEFINITIONAL_REPRESENTATION('',(#604),#608);
#604 = CIRCLE('',#605,3.5);
#605 = AXIS2_PLACEMENT_2D('',#606,#607);
#606 = CARTESIAN_POINT('',(72.15,0.385));
#607 = DIRECTION('',(-1.,-3.045183153258E-15));
#608 = ( GEOMETRIC_REPRESENTATION_CONTEXT(2) 
PARAMETRIC_REPRESENTATION_CONTEXT() REPRESENTATION_CONTEXT('2D SPACE',''
  ) );
#609 = PCURVE('',#610,#615);
#610 = TOROIDAL_SURFACE('',#611,3.5,2.);
#611 = AXIS2_PLACEMENT_3D('',#612,#613,#614);
#612 = CARTESIAN_POINT('',(-6.,16.615,72.15));
#613 = DIRECTION('',(-1.,-2.22044604925E-16,0.));
#614 = DIRECTION('',(-5.916456789158E-31,2.6645352591E-15,-1.));
#615 = DEFINITIONAL_REPRESENTATION('',(#616),#620);
#616 = LINE('',#617,#618);
#617 = CARTESIAN_POINT('',(-0.,1.570796326795));
#618 = VECTOR('',#619,1.);
#619 = DIRECTION('',(-1.,0.));
#620 = ( GEOMETRIC_REPRESENTATION_CONTEXT(2) 
PARAMETRIC_REPRESENTATION_CONTEXT() REPRESENTATION_CONTEXT('2D SPACE',''
  ) );
#621 = ORIENTED_EDGE('',*,*,#622,.F.);
#622 = EDGE_CURVE('',#623,#594,#625,.T.);
#623 = VERTEX_POINT('',#624);
#624 = CARTESIAN_POINT('',(-8.,-30.75,68.65));
#625 = SURFACE_CURVE('',#626,(#630,#637),.PCURVE_S1.);
#626 = LINE('',#627,#628);
#627 = CARTESIAN_POINT('',(-8.,-30.75,68.65));
#628 = VECTOR('',#629,1.);
#629 = DIRECTION('',(0.,1.,0.));
#630 = PCURVE('',#123,#631);
#631 = DEFINITIONAL_REPRESENTATION('',(#632),#636);
#632 = LINE('',#633,#634);
#633 = CARTESIAN_POINT('',(68.65,47.75));
#634 = VECTOR('',#635,1.);
#635 = DIRECTION('',(0.,-1.));
#636 = ( GEOMETRIC_REPRESENTATION_CONTEXT(2) 
PARAMETRIC_REPRESENTATION_CONTEXT() REPRESENTATION_CONTEXT('2D SPACE',''
  ) );
#637 = PCURVE('',#638,#643);
#638 = CYLINDRICAL_SURFACE('',#639,2.);
#639 = AXIS2_PLACEMENT_3D('',#640,#641,#642);
#640 = CARTESIAN_POINT('',(-6.,-30.75,68.65));
#641 = DIRECTION('',(0.,1.,0.));
#642 = DIRECTION('',(-1.,0.,0.));
#643 = DEFINITIONAL_REPRESENTATION('',(#644),#648);
#644 = LINE('',#645,#646);
#645 = CARTESIAN_POINT('',(0.,0.));
#646 = VECTOR('',#647,1.);
#647 = DIRECTION('',(0.,1.));
#648 = ( GEOMETRIC_REPRESENTATION_CONTEXT(2) 
PARAMETRIC_REPRESENTATION_CONTEXT() REPRESENTATION_CONTEXT('2D SPACE',''
  ) );
#649 = ORIENTED_EDGE('',*,*,#650,.F.);
#650 = EDGE_CURVE('',#651,#623,#653,.T.);
#651 = VERTEX_POINT('',#652);
#652 = CARTESIAN_POINT('',(-8.,-30.75,10.5));
#653 = SURFACE_CURVE('',#654,(#658,#665),.PCURVE_S1.);
#654 = LINE('',#655,#656);
#655 = CARTESIAN_POINT('',(-8.,-30.75,10.5));
#656 = VECTOR('',#657,1.);
#657 = DIRECTION('',(0.,0.,1.));
#658 = PCURVE('',#123,#659);
#659 = DEFINITIONAL_REPRESENTATION('',(#660),#664);
#660 = LINE('',#661,#662);
#661 = CARTESIAN_POINT('',(10.5,47.75));
#662 = VECTOR('',#663,1.);
#663 = DIRECTION('',(1.,0.));
#664 = ( GEOMETRIC_REPRESENTATION_CONTEXT(2) 
PARAMETRIC_REPRESENTATION_CONTEXT() REPRESENTATION_CONTEXT('2D SPACE',''
  ) );
#665 = PCURVE('',#666,#671);
#666 = CYLINDRICAL_SURFACE('',#667,2.);
#667 = AXIS2_PLACEMENT_3D('',#668,#669,#670);
#668 = CARTESIAN_POINT('',(-6.,-30.75,10.5));
#669 = DIRECTION('',(0.,0.,1.));
#670 = DIRECTION('',(-1.,-2.22044604925E-16,0.));
#671 = DEFINITIONAL_REPRESENTATION('',(#672),#676);
#672 = LINE('',#673,#674);
#673 = CARTESIAN_POINT('',(0.,0.));
#674 = VECTOR('',#675,1.);
#675 = DIRECTION('',(0.,1.));
#676 = ( GEOMETRIC_REPRESENTATION_CONTEXT(2) 
PARAMETRIC_REPRESENTATION_CONTEXT() REPRESENTATION_CONTEXT('2D SPACE',''
  ) );
#677 = ORIENTED_EDGE('',*,*,#678,.F.);
#678 = EDGE_CURVE('',#679,#651,#681,.T.);
#679 = VERTEX_POINT('',#680);
#680 = CARTESIAN_POINT('',(-8.,-27.2,10.5));
#681 = SURFACE_CURVE('',#682,(#686,#693),.PCURVE_S1.);
#682 = LINE('',#683,#684);
#683 = CARTESIAN_POINT('',(-8.,-19.4,10.5));
#684 = VECTOR('',#685,1.);
#685 = DIRECTION('',(0.,-1.,0.));
#686 = PCURVE('',#123,#687);
#687 = DEFINITIONAL_REPRESENTATION('',(#688),#692);
#688 = LINE('',#689,#690);
#689 = CARTESIAN_POINT('',(10.5,36.4));
#690 = VECTOR('',#691,1.);
#691 = DIRECTION('',(0.,1.));
#692 = ( GEOMETRIC_REPRESENTATION_CONTEXT(2) 
PARAMETRIC_REPRESENTATION_CONTEXT() REPRESENTATION_CONTEXT('2D SPACE',''
  ) );
#693 = PCURVE('',#694,#699);
#694 = PLANE('',#695);
#695 = AXIS2_PLACEMENT_3D('',#696,#697,#698);
#696 = CARTESIAN_POINT('',(-8.,-32.75,10.5));
#697 = DIRECTION('',(0.,0.,1.));
#698 = DIRECTION('',(1.,0.,-0.));
#699 = DEFINITIONAL_REPRESENTATION('',(#700),#704);
#700 = LINE('',#701,#702);
#701 = CARTESIAN_POINT('',(0.,13.35));
#702 = VECTOR('',#703,1.);
#703 = DIRECTION('',(0.,-1.));
#704 = ( GEOMETRIC_REPRESENTATION_CONTEXT(2) 
PARAMETRIC_REPRESENTATION_CONTEXT() REPRESENTATION_CONTEXT('2D SPACE',''
  ) );
#705 = ORIENTED_EDGE('',*,*,#706,.T.);
#706 = EDGE_CURVE('',#679,#707,#709,.T.);
#707 = VERTEX_POINT('',#708);
#708 = CARTESIAN_POINT('',(-8.,-25.7,9.));
#709 = SURFACE_CURVE('',#710,(#715,#726),.PCURVE_S1.);
#710 = CIRCLE('',#711,1.5);
#711 = AXIS2_PLACEMENT_3D('',#712,#713,#714);
#712 = CARTESIAN_POINT('',(-8.,-27.2,9.));
#713 = DIRECTION('',(-1.,-2.22044604925E-16,0.));
#714 = DIRECTION('',(2.22044604925E-16,-1.,0.));
#715 = PCURVE('',#123,#716);
#716 = DEFINITIONAL_REPRESENTATION('',(#717),#725);
#717 = ( BOUNDED_CURVE() B_SPLINE_CURVE(2,(#718,#719,#720,#721,#722,#723
,#724),.UNSPECIFIED.,.T.,.F.) B_SPLINE_CURVE_WITH_KNOTS((1,2,2,2,2,1),(
    -2.094395102393,0.,2.094395102393,4.188790204786,6.28318530718,
8.377580409573),.UNSPECIFIED.) CURVE() GEOMETRIC_REPRESENTATION_ITEM() 
RATIONAL_B_SPLINE_CURVE((1.,0.5,1.,0.5,1.,0.5,1.)) REPRESENTATION_ITEM(
  '') );
#718 = CARTESIAN_POINT('',(9.,45.7));
#719 = CARTESIAN_POINT('',(11.598076211353,45.7));
#720 = CARTESIAN_POINT('',(10.299038105677,43.45));
#721 = CARTESIAN_POINT('',(9.,41.2));
#722 = CARTESIAN_POINT('',(7.700961894323,43.45));
#723 = CARTESIAN_POINT('',(6.401923788647,45.7));
#724 = CARTESIAN_POINT('',(9.,45.7));
#725 = ( GEOMETRIC_REPRESENTATION_CONTEXT(2) 
PARAMETRIC_REPRESENTATION_CONTEXT() REPRESENTATION_CONTEXT('2D SPACE',''
  ) );
#726 = PCURVE('',#727,#732);
#727 = CYLINDRICAL_SURFACE('',#728,1.5);
#728 = AXIS2_PLACEMENT_3D('',#729,#730,#731);
#729 = CARTESIAN_POINT('',(8.,-27.2,9.));
#730 = DIRECTION('',(-1.,-2.22044604925E-16,0.));
#731 = DIRECTION('',(0.,0.,1.));
#732 = DEFINITIONAL_REPRESENTATION('',(#733),#737);
#733 = LINE('',#734,#735);
#734 = CARTESIAN_POINT('',(-1.570796326795,16.));
#735 = VECTOR('',#736,1.);
#736 = DIRECTION('',(1.,0.));
#737 = ( GEOMETRIC_REPRESENTATION_CONTEXT(2) 
PARAMETRIC_REPRESENTATION_CONTEXT() REPRESENTATION_CONTEXT('2D SPACE',''
  ) );
#738 = ORIENTED_EDGE('',*,*,#739,.T.);
#739 = EDGE_CURVE('',#707,#740,#742,.T.);
#740 = VERTEX_POINT('',#741);
#741 = CARTESIAN_POINT('',(-8.,-25.7,6.645299090334));
#742 = SURFACE_CURVE('',#743,(#747,#754),.PCURVE_S1.);
#743 = LINE('',#744,#745);
#744 = CARTESIAN_POINT('',(-8.,-25.7,22.));
#745 = VECTOR('',#746,1.);
#746 = DIRECTION('',(0.,0.,-1.));
#747 = PCURVE('',#123,#748);
#748 = DEFINITIONAL_REPRESENTATION('',(#749),#753);
#749 = LINE('',#750,#751);
#750 = CARTESIAN_POINT('',(22.,42.7));
#751 = VECTOR('',#752,1.);
#752 = DIRECTION('',(-1.,0.));
#753 = ( GEOMETRIC_REPRESENTATION_CONTEXT(2) 
PARAMETRIC_REPRESENTATION_CONTEXT() REPRESENTATION_CONTEXT('2D SPACE',''
  ) );
#754 = PCURVE('',#755,#760);
#755 = PLANE('',#756);
#756 = AXIS2_PLACEMENT_3D('',#757,#758,#759);
#757 = CARTESIAN_POINT('',(5.706546346573E-15,-25.7,0.));
#758 = DIRECTION('',(2.22044604925E-16,-1.,0.));
#759 = DIRECTION('',(1.,2.22044604925E-16,0.));
#760 = DEFINITIONAL_REPRESENTATION('',(#761),#765);
#761 = LINE('',#762,#763);
#762 = CARTESIAN_POINT('',(-8.,22.));
#763 = VECTOR('',#764,1.);
#764 = DIRECTION('',(0.,-1.));
#765 = ( GEOMETRIC_REPRESENTATION_CONTEXT(2) 
PARAMETRIC_REPRESENTATION_CONTEXT() REPRESENTATION_CONTEXT('2D SPACE',''
  ) );
#766 = ORIENTED_EDGE('',*,*,#767,.F.);
#767 = EDGE_CURVE('',#108,#740,#768,.T.);
#768 = SURFACE_CURVE('',#769,(#773,#780),.PCURVE_S1.);
#769 = LINE('',#770,#771);
#770 = CARTESIAN_POINT('',(-8.,-19.4,6.645299090334));
#771 = VECTOR('',#772,1.);
#772 = DIRECTION('',(2.22044604925E-16,-1.,0.));
#773 = PCURVE('',#123,#774);
#774 = DEFINITIONAL_REPRESENTATION('',(#775),#779);
#775 = LINE('',#776,#777);
#776 = CARTESIAN_POINT('',(6.645299090334,36.4));
#777 = VECTOR('',#778,1.);
#778 = DIRECTION('',(0.,1.));
#779 = ( GEOMETRIC_REPRESENTATION_CONTEXT(2) 
PARAMETRIC_REPRESENTATION_CONTEXT() REPRESENTATION_CONTEXT('2D SPACE',''
  ) );
#780 = PCURVE('',#152,#781);
#781 = DEFINITIONAL_REPRESENTATION('',(#782),#785);
#782 = B_SPLINE_CURVE_WITH_KNOTS('',1,(#783,#784),.UNSPECIFIED.,.F.,.F.,
  (2,2),(0.,6.3),.PIECEWISE_BEZIER_KNOTS.);
#783 = CARTESIAN_POINT('',(2.448432746013,0.));
#784 = CARTESIAN_POINT('',(2.448432746013,6.3));
#785 = ( GEOMETRIC_REPRESENTATION_CONTEXT(2) 
PARAMETRIC_REPRESENTATION_CONTEXT() REPRESENTATION_CONTEXT('2D SPACE',''
  ) );
#786 = ORIENTED_EDGE('',*,*,#107,.T.);
#787 = ORIENTED_EDGE('',*,*,#486,.T.);
#788 = ORIENTED_EDGE('',*,*,#789,.T.);
#789 = EDGE_CURVE('',#460,#790,#792,.T.);
#790 = VERTEX_POINT('',#791);
#791 = CARTESIAN_POINT('',(-8.,-28.45,19.8));
#792 = SURFACE_CURVE('',#793,(#798,#809),.PCURVE_S1.);
#793 = CIRCLE('',#794,8.3);
#794 = AXIS2_PLACEMENT_3D('',#795,#796,#797);
#795 = CARTESIAN_POINT('',(-8.,-20.15,19.8));
#796 = DIRECTION('',(-1.,-2.22044604925E-16,0.));
#797 = DIRECTION('',(-1.565200208772E-32,7.049035076985E-17,-1.));
#798 = PCURVE('',#123,#799);
#799 = DEFINITIONAL_REPRESENTATION('',(#800),#808);
#800 = ( BOUNDED_CURVE() B_SPLINE_CURVE(2,(#801,#802,#803,#804,#805,#806
,#807),.UNSPECIFIED.,.T.,.F.) B_SPLINE_CURVE_WITH_KNOTS((1,2,2,2,2,1),(
    -2.094395102393,0.,2.094395102393,4.188790204786,6.28318530718,
8.377580409573),.UNSPECIFIED.) CURVE() GEOMETRIC_REPRESENTATION_ITEM() 
RATIONAL_B_SPLINE_CURVE((1.,0.5,1.,0.5,1.,0.5,1.)) REPRESENTATION_ITEM(
  '') );
#801 = CARTESIAN_POINT('',(11.5,37.15));
#802 = CARTESIAN_POINT('',(11.5,51.526021702822));
#803 = CARTESIAN_POINT('',(23.95,44.338010851411));
#804 = CARTESIAN_POINT('',(36.4,37.15));
#805 = CARTESIAN_POINT('',(23.95,29.961989148589));
#806 = CARTESIAN_POINT('',(11.5,22.773978297178));
#807 = CARTESIAN_POINT('',(11.5,37.15));
#808 = ( GEOMETRIC_REPRESENTATION_CONTEXT(2) 
PARAMETRIC_REPRESENTATION_CONTEXT() REPRESENTATION_CONTEXT('2D SPACE',''
  ) );
#809 = PCURVE('',#475,#810);
#810 = DEFINITIONAL_REPRESENTATION('',(#811),#815);
#811 = LINE('',#812,#813);
#812 = CARTESIAN_POINT('',(0.,1.570796326795));
#813 = VECTOR('',#814,1.);
#814 = DIRECTION('',(1.,0.));
#815 = ( GEOMETRIC_REPRESENTATION_CONTEXT(2) 
PARAMETRIC_REPRESENTATION_CONTEXT() REPRESENTATION_CONTEXT('2D SPACE',''
  ) );
#816 = ORIENTED_EDGE('',*,*,#817,.T.);
#817 = EDGE_CURVE('',#790,#818,#820,.T.);
#818 = VERTEX_POINT('',#819);
#819 = CARTESIAN_POINT('',(-8.,-28.45,53.7));
#820 = SURFACE_CURVE('',#821,(#825,#832),.PCURVE_S1.);
#821 = LINE('',#822,#823);
#822 = CARTESIAN_POINT('',(-8.,-28.45,19.8));
#823 = VECTOR('',#824,1.);
#824 = DIRECTION('',(0.,0.,1.));
#825 = PCURVE('',#123,#826);
#826 = DEFINITIONAL_REPRESENTATION('',(#827),#831);
#827 = LINE('',#828,#829);
#828 = CARTESIAN_POINT('',(19.8,45.45));
#829 = VECTOR('',#830,1.);
#830 = DIRECTION('',(1.,0.));
#831 = ( GEOMETRIC_REPRESENTATION_CONTEXT(2) 
PARAMETRIC_REPRESENTATION_CONTEXT() REPRESENTATION_CONTEXT('2D SPACE',''
  ) );
#832 = PCURVE('',#833,#838);
#833 = CYLINDRICAL_SURFACE('',#834,2.);
#834 = AXIS2_PLACEMENT_3D('',#835,#836,#837);
#835 = CARTESIAN_POINT('',(-6.,-28.45,19.8));
#836 = DIRECTION('',(0.,0.,1.));
#837 = DIRECTION('',(-1.,-2.22044604925E-16,0.));
#838 = DEFINITIONAL_REPRESENTATION('',(#839),#843);
#839 = LINE('',#840,#841);
#840 = CARTESIAN_POINT('',(-0.,0.));
#841 = VECTOR('',#842,1.);
#842 = DIRECTION('',(-0.,1.));
#843 = ( GEOMETRIC_REPRESENTATION_CONTEXT(2) 
PARAMETRIC_REPRESENTATION_CONTEXT() REPRESENTATION_CONTEXT('2D SPACE',''
  ) );
#844 = ORIENTED_EDGE('',*,*,#845,.T.);
#845 = EDGE_CURVE('',#818,#846,#848,.T.);
#846 = VERTEX_POINT('',#847);
#847 = CARTESIAN_POINT('',(-8.,-20.15,62.));
#848 = SURFACE_CURVE('',#849,(#854,#865),.PCURVE_S1.);
#849 = CIRCLE('',#850,8.3);
#850 = AXIS2_PLACEMENT_3D('',#851,#852,#853);
#851 = CARTESIAN_POINT('',(-8.,-20.15,53.7));
#852 = DIRECTION('',(-1.,-2.22044604925E-16,0.));
#853 = DIRECTION('',(2.22044604925E-16,-1.,0.));
#854 = PCURVE('',#123,#855);
#855 = DEFINITIONAL_REPRESENTATION('',(#856),#864);
#856 = ( BOUNDED_CURVE() B_SPLINE_CURVE(2,(#857,#858,#859,#860,#861,#862
,#863),.UNSPECIFIED.,.T.,.F.) B_SPLINE_CURVE_WITH_KNOTS((1,2,2,2,2,1),(
    -2.094395102393,0.,2.094395102393,4.188790204786,6.28318530718,
8.377580409573),.UNSPECIFIED.) CURVE() GEOMETRIC_REPRESENTATION_ITEM() 
RATIONAL_B_SPLINE_CURVE((1.,0.5,1.,0.5,1.,0.5,1.)) REPRESENTATION_ITEM(
  '') );
#857 = CARTESIAN_POINT('',(53.7,45.45));
#858 = CARTESIAN_POINT('',(68.076021702822,45.45));
#859 = CARTESIAN_POINT('',(60.888010851411,33.));
#860 = CARTESIAN_POINT('',(53.7,20.55));
#861 = CARTESIAN_POINT('',(46.511989148589,33.));
#862 = CARTESIAN_POINT('',(39.323978297178,45.45));
#863 = CARTESIAN_POINT('',(53.7,45.45));
#864 = ( GEOMETRIC_REPRESENTATION_CONTEXT(2) 
PARAMETRIC_REPRESENTATION_CONTEXT() REPRESENTATION_CONTEXT('2D SPACE',''
  ) );
#865 = PCURVE('',#866,#871);
#866 = TOROIDAL_SURFACE('',#867,8.3,2.);
#867 = AXIS2_PLACEMENT_3D('',#868,#869,#870);
#868 = CARTESIAN_POINT('',(-6.,-20.15,53.7));
#869 = DIRECTION('',(-1.,-2.22044604925E-16,0.));
#870 = DIRECTION('',(2.22044604925E-16,-1.,0.));
#871 = DEFINITIONAL_REPRESENTATION('',(#872),#876);
#872 = LINE('',#873,#874);
#873 = CARTESIAN_POINT('',(0.,1.570796326795));
#874 = VECTOR('',#875,1.);
#875 = DIRECTION('',(1.,0.));
#876 = ( GEOMETRIC_REPRESENTATION_CONTEXT(2) 
PARAMETRIC_REPRESENTATION_CONTEXT() REPRESENTATION_CONTEXT('2D SPACE',''
  ) );
#877 = ORIENTED_EDGE('',*,*,#878,.T.);
#878 = EDGE_CURVE('',#846,#879,#881,.T.);
#879 = VERTEX_POINT('',#880);
#880 = CARTESIAN_POINT('',(-8.,20.15,62.));
#881 = SURFACE_CURVE('',#882,(#886,#893),.PCURVE_S1.);
#882 = LINE('',#883,#884);
#883 = CARTESIAN_POINT('',(-8.,-20.15,62.));
#884 = VECTOR('',#885,1.);
#885 = DIRECTION('',(-0.,1.,0.));
#886 = PCURVE('',#123,#887);
#887 = DEFINITIONAL_REPRESENTATION('',(#888),#892);
#888 = LINE('',#889,#890);
#889 = CARTESIAN_POINT('',(62.,37.15));
#890 = VECTOR('',#891,1.);
#891 = DIRECTION('',(0.,-1.));
#892 = ( GEOMETRIC_REPRESENTATION_CONTEXT(2) 
PARAMETRIC_REPRESENTATION_CONTEXT() REPRESENTATION_CONTEXT('2D SPACE',''
  ) );
#893 = PCURVE('',#894,#899);
#894 = CYLINDRICAL_SURFACE('',#895,2.);
#895 = AXIS2_PLACEMENT_3D('',#896,#897,#898);
#896 = CARTESIAN_POINT('',(-6.,-20.15,62.));
#897 = DIRECTION('',(-0.,1.,0.));
#898 = DIRECTION('',(-1.,-0.,0.));
#899 = DEFINITIONAL_REPRESENTATION('',(#900),#904);
#900 = LINE('',#901,#902);
#901 = CARTESIAN_POINT('',(-0.,0.));
#902 = VECTOR('',#903,1.);
#903 = DIRECTION('',(-0.,1.));
#904 = ( GEOMETRIC_REPRESENTATION_CONTEXT(2) 
PARAMETRIC_REPRESENTATION_CONTEXT() REPRESENTATION_CONTEXT('2D SPACE',''
  ) );
#905 = ORIENTED_EDGE('',*,*,#906,.T.);
#906 = EDGE_CURVE('',#879,#907,#909,.T.);
#907 = VERTEX_POINT('',#908);
#908 = CARTESIAN_POINT('',(-8.,28.45,53.7));
#909 = SURFACE_CURVE('',#910,(#915,#926),.PCURVE_S1.);
#910 = CIRCLE('',#911,8.3);
#911 = AXIS2_PLACEMENT_3D('',#912,#913,#914);
#912 = CARTESIAN_POINT('',(-8.,20.15,53.7));
#913 = DIRECTION('',(-1.,-2.22044604925E-16,0.));
#914 = DIRECTION('',(-1.408680187895E-31,6.344131569287E-16,1.));
#915 = PCURVE('',#123,#916);
#916 = DEFINITIONAL_REPRESENTATION('',(#917),#925);
#917 = ( BOUNDED_CURVE() B_SPLINE_CURVE(2,(#918,#919,#920,#921,#922,#923
,#924),.UNSPECIFIED.,.T.,.F.) B_SPLINE_CURVE_WITH_KNOTS((1,2,2,2,2,1),(
    -2.094395102393,0.,2.094395102393,4.188790204786,6.28318530718,
8.377580409573),.UNSPECIFIED.) CURVE() GEOMETRIC_REPRESENTATION_ITEM() 
RATIONAL_B_SPLINE_CURVE((1.,0.5,1.,0.5,1.,0.5,1.)) REPRESENTATION_ITEM(
  '') );
#918 = CARTESIAN_POINT('',(62.,-3.15));
#919 = CARTESIAN_POINT('',(62.,-17.52602170282));
#920 = CARTESIAN_POINT('',(49.55,-10.33801085141));
#921 = CARTESIAN_POINT('',(37.1,-3.15));
#922 = CARTESIAN_POINT('',(49.55,4.038010851411));
#923 = CARTESIAN_POINT('',(62.,11.226021702822));
#924 = CARTESIAN_POINT('',(62.,-3.15));
#925 = ( GEOMETRIC_REPRESENTATION_CONTEXT(2) 
PARAMETRIC_REPRESENTATION_CONTEXT() REPRESENTATION_CONTEXT('2D SPACE',''
  ) );
#926 = PCURVE('',#927,#932);
#927 = TOROIDAL_SURFACE('',#928,8.3,2.);
#928 = AXIS2_PLACEMENT_3D('',#929,#930,#931);
#929 = CARTESIAN_POINT('',(-6.,20.15,53.7));
#930 = DIRECTION('',(-1.,-2.22044604925E-16,0.));
#931 = DIRECTION('',(-1.408680187895E-31,6.344131569287E-16,1.));
#932 = DEFINITIONAL_REPRESENTATION('',(#933),#937);
#933 = LINE('',#934,#935);
#934 = CARTESIAN_POINT('',(0.,1.570796326795));
#935 = VECTOR('',#936,1.);
#936 = DIRECTION('',(1.,0.));
#937 = ( GEOMETRIC_REPRESENTATION_CONTEXT(2) 
PARAMETRIC_REPRESENTATION_CONTEXT() REPRESENTATION_CONTEXT('2D SPACE',''
  ) );
#938 = ORIENTED_EDGE('',*,*,#939,.T.);
#939 = EDGE_CURVE('',#907,#940,#942,.T.);
#940 = VERTEX_POINT('',#941);
#941 = CARTESIAN_POINT('',(-8.,28.45,19.8));
#942 = SURFACE_CURVE('',#943,(#947,#954),.PCURVE_S1.);
#943 = LINE('',#944,#945);
#944 = CARTESIAN_POINT('',(-8.,28.45,53.7));
#945 = VECTOR('',#946,1.);
#946 = DIRECTION('',(-0.,-0.,-1.));
#947 = PCURVE('',#123,#948);
#948 = DEFINITIONAL_REPRESENTATION('',(#949),#953);
#949 = LINE('',#950,#951);
#950 = CARTESIAN_POINT('',(53.7,-11.45));
#951 = VECTOR('',#952,1.);
#952 = DIRECTION('',(-1.,0.));
#953 = ( GEOMETRIC_REPRESENTATION_CONTEXT(2) 
PARAMETRIC_REPRESENTATION_CONTEXT() REPRESENTATION_CONTEXT('2D SPACE',''
  ) );
#954 = PCURVE('',#955,#960);
#955 = CYLINDRICAL_SURFACE('',#956,2.);
#956 = AXIS2_PLACEMENT_3D('',#957,#958,#959);
#957 = CARTESIAN_POINT('',(-6.,28.45,53.7));
#958 = DIRECTION('',(-0.,-0.,-1.));
#959 = DIRECTION('',(-1.,-2.22044604925E-16,0.));
#960 = DEFINITIONAL_REPRESENTATION('',(#961),#965);
#961 = LINE('',#962,#963);
#962 = CARTESIAN_POINT('',(-0.,0.));
#963 = VECTOR('',#964,1.);
#964 = DIRECTION('',(-0.,1.));
#965 = ( GEOMETRIC_REPRESENTATION_CONTEXT(2) 
PARAMETRIC_REPRESENTATION_CONTEXT() REPRESENTATION_CONTEXT('2D SPACE',''
  ) );
#966 = ORIENTED_EDGE('',*,*,#967,.T.);
#967 = EDGE_CURVE('',#940,#968,#970,.T.);
#968 = VERTEX_POINT('',#969);
#969 = CARTESIAN_POINT('',(-8.,20.15,11.5));
#970 = SURFACE_CURVE('',#971,(#976,#987),.PCURVE_S1.);
#971 = CIRCLE('',#972,8.3);
#972 = AXIS2_PLACEMENT_3D('',#973,#974,#975);
#973 = CARTESIAN_POINT('',(-8.,20.15,19.8));
#974 = DIRECTION('',(-1.,-2.22044604925E-16,0.));
#975 = DIRECTION('',(-2.22044604925E-16,1.,0.));
#976 = PCURVE('',#123,#977);
#977 = DEFINITIONAL_REPRESENTATION('',(#978),#986);
#978 = ( BOUNDED_CURVE() B_SPLINE_CURVE(2,(#979,#980,#981,#982,#983,#984
,#985),.UNSPECIFIED.,.T.,.F.) B_SPLINE_CURVE_WITH_KNOTS((1,2,2,2,2,1),(
    -2.094395102393,0.,2.094395102393,4.188790204786,6.28318530718,
8.377580409573),.UNSPECIFIED.) CURVE() GEOMETRIC_REPRESENTATION_ITEM() 
RATIONAL_B_SPLINE_CURVE((1.,0.5,1.,0.5,1.,0.5,1.)) REPRESENTATION_ITEM(
  '') );
#979 = CARTESIAN_POINT('',(19.8,-11.45));
#980 = CARTESIAN_POINT('',(5.423978297178,-11.45));
#981 = CARTESIAN_POINT('',(12.611989148589,1.));
#982 = CARTESIAN_POINT('',(19.8,13.45));
#983 = CARTESIAN_POINT('',(26.988010851411,1.));
#984 = CARTESIAN_POINT('',(34.176021702822,-11.45));
#985 = CARTESIAN_POINT('',(19.8,-11.45));
#986 = ( GEOMETRIC_REPRESENTATION_CONTEXT(2) 
PARAMETRIC_REPRESENTATION_CONTEXT() REPRESENTATION_CONTEXT('2D SPACE',''
  ) );
#987 = PCURVE('',#988,#993);
#988 = TOROIDAL_SURFACE('',#989,8.3,2.);
#989 = AXIS2_PLACEMENT_3D('',#990,#991,#992);
#990 = CARTESIAN_POINT('',(-6.,20.15,19.8));
#991 = DIRECTION('',(-1.,-2.22044604925E-16,0.));
#992 = DIRECTION('',(-2.22044604925E-16,1.,0.));
#993 = DEFINITIONAL_REPRESENTATION('',(#994),#998);
#994 = LINE('',#995,#996);
#995 = CARTESIAN_POINT('',(0.,1.570796326795));
#996 = VECTOR('',#997,1.);
#997 = DIRECTION('',(1.,0.));
#998 = ( GEOMETRIC_REPRESENTATION_CONTEXT(2) 
PARAMETRIC_REPRESENTATION_CONTEXT() REPRESENTATION_CONTEXT('2D SPACE',''
  ) );
#999 = ORIENTED_EDGE('',*,*,#1000,.T.);
#1000 = EDGE_CURVE('',#968,#1001,#1003,.T.);
#1001 = VERTEX_POINT('',#1002);
#1002 = CARTESIAN_POINT('',(-8.,17.,11.5));
#1003 = SURFACE_CURVE('',#1004,(#1008,#1015),.PCURVE_S1.);
#1004 = LINE('',#1005,#1006);
#1005 = CARTESIAN_POINT('',(-8.,20.15,11.5));
#1006 = VECTOR('',#1007,1.);
#1007 = DIRECTION('',(-3.759485374392E-16,-1.,-1.879742687196E-16));
#1008 = PCURVE('',#123,#1009);
#1009 = DEFINITIONAL_REPRESENTATION('',(#1010),#1014);
#1010 = LINE('',#1011,#1012);
#1011 = CARTESIAN_POINT('',(11.5,-3.15));
#1012 = VECTOR('',#1013,1.);
#1013 = DIRECTION('',(-1.879742687196E-16,1.));
#1014 = ( GEOMETRIC_REPRESENTATION_CONTEXT(2) 
PARAMETRIC_REPRESENTATION_CONTEXT() REPRESENTATION_CONTEXT('2D SPACE',''
  ) );
#1015 = PCURVE('',#1016,#1021);
#1016 = CYLINDRICAL_SURFACE('',#1017,2.);
#1017 = AXIS2_PLACEMENT_3D('',#1018,#1019,#1020);
#1018 = CARTESIAN_POINT('',(-6.,20.15,11.5));
#1019 = DIRECTION('',(-3.759485374392E-16,-1.,-1.879742687196E-16));
#1020 = DIRECTION('',(-1.,3.759485374392E-16,1.124073236353E-31));
#1021 = DEFINITIONAL_REPRESENTATION('',(#1022),#1026);
#1022 = LINE('',#1023,#1024);
#1023 = CARTESIAN_POINT('',(-0.,0.));
#1024 = VECTOR('',#1025,1.);
#1025 = DIRECTION('',(-0.,1.));
#1026 = ( GEOMETRIC_REPRESENTATION_CONTEXT(2) 
PARAMETRIC_REPRESENTATION_CONTEXT() REPRESENTATION_CONTEXT('2D SPACE',''
  ) );
#1027 = ORIENTED_EDGE('',*,*,#1028,.T.);
#1028 = EDGE_CURVE('',#1001,#1029,#1031,.T.);
#1029 = VERTEX_POINT('',#1030);
#1030 = CARTESIAN_POINT('',(-8.,17.,6.645299090335));
#1031 = SURFACE_CURVE('',#1032,(#1036,#1043),.PCURVE_S1.);
#1032 = LINE('',#1033,#1034);
#1033 = CARTESIAN_POINT('',(-8.,17.,13.5));
#1034 = VECTOR('',#1035,1.);
#1035 = DIRECTION('',(7.774329746009E-15,0.,-1.));
#1036 = PCURVE('',#123,#1037);
#1037 = DEFINITIONAL_REPRESENTATION('',(#1038),#1042);
#1038 = LINE('',#1039,#1040);
#1039 = CARTESIAN_POINT('',(13.5,0.));
#1040 = VECTOR('',#1041,1.);
#1041 = DIRECTION('',(-1.,1.72624797701E-30));
#1042 = ( GEOMETRIC_REPRESENTATION_CONTEXT(2) 
PARAMETRIC_REPRESENTATION_CONTEXT() REPRESENTATION_CONTEXT('2D SPACE',''
  ) );
#1043 = PCURVE('',#1044,#1049);
#1044 = PLANE('',#1045);
#1045 = AXIS2_PLACEMENT_3D('',#1046,#1047,#1048);
#1046 = CARTESIAN_POINT('',(-3.774758283726E-15,17.,0.));
#1047 = DIRECTION('',(-2.22044604925E-16,1.,0.));
#1048 = DIRECTION('',(-1.,-2.22044604925E-16,0.));
#1049 = DEFINITIONAL_REPRESENTATION('',(#1050),#1054);
#1050 = LINE('',#1051,#1052);
#1051 = CARTESIAN_POINT('',(8.,13.5));
#1052 = VECTOR('',#1053,1.);
#1053 = DIRECTION('',(-7.774329746009E-15,-1.));
#1054 = ( GEOMETRIC_REPRESENTATION_CONTEXT(2) 
PARAMETRIC_REPRESENTATION_CONTEXT() REPRESENTATION_CONTEXT('2D SPACE',''
  ) );
#1055 = ORIENTED_EDGE('',*,*,#1056,.T.);
#1056 = EDGE_CURVE('',#1029,#1057,#1059,.T.);
#1057 = VERTEX_POINT('',#1058);
#1058 = CARTESIAN_POINT('',(-8.,23.3,6.645299090335));
#1059 = SURFACE_CURVE('',#1060,(#1064,#1071),.PCURVE_S1.);
#1060 = LINE('',#1061,#1062);
#1061 = CARTESIAN_POINT('',(-8.,17.,6.645299090334));
#1062 = VECTOR('',#1063,1.);
#1063 = DIRECTION('',(-2.22044604925E-16,1.,0.));
#1064 = PCURVE('',#123,#1065);
#1065 = DEFINITIONAL_REPRESENTATION('',(#1066),#1070);
#1066 = LINE('',#1067,#1068);
#1067 = CARTESIAN_POINT('',(6.645299090334,0.));
#1068 = VECTOR('',#1069,1.);
#1069 = DIRECTION('',(0.,-1.));
#1070 = ( GEOMETRIC_REPRESENTATION_CONTEXT(2) 
PARAMETRIC_REPRESENTATION_CONTEXT() REPRESENTATION_CONTEXT('2D SPACE',''
  ) );
#1071 = PCURVE('',#1072,#1077);
#1072 = CYLINDRICAL_SURFACE('',#1073,10.4);
#1073 = AXIS2_PLACEMENT_3D('',#1074,#1075,#1076);
#1074 = CARTESIAN_POINT('',(-3.774758283726E-15,17.,0.));
#1075 = DIRECTION('',(-2.22044604925E-16,1.,0.));
#1076 = DIRECTION('',(-1.,-2.22044604925E-16,0.));
#1077 = DEFINITIONAL_REPRESENTATION('',(#1078),#1081);
#1078 = B_SPLINE_CURVE_WITH_KNOTS('',1,(#1079,#1080),.UNSPECIFIED.,.F.,
  .F.,(2,2),(0.,6.3),.PIECEWISE_BEZIER_KNOTS.);
#1079 = CARTESIAN_POINT('',(6.976345214756,0.));
#1080 = CARTESIAN_POINT('',(6.976345214756,6.3));
#1081 = ( GEOMETRIC_REPRESENTATION_CONTEXT(2) 
PARAMETRIC_REPRESENTATION_CONTEXT() REPRESENTATION_CONTEXT('2D SPACE',''
  ) );
#1082 = ORIENTED_EDGE('',*,*,#1083,.T.);
#1083 = EDGE_CURVE('',#1057,#1084,#1086,.T.);
#1084 = VERTEX_POINT('',#1085);
#1085 = CARTESIAN_POINT('',(-8.,23.3,9.));
#1086 = SURFACE_CURVE('',#1087,(#1091,#1098),.PCURVE_S1.);
#1087 = LINE('',#1088,#1089);
#1088 = CARTESIAN_POINT('',(-8.,23.3,0.));
#1089 = VECTOR('',#1090,1.);
#1090 = DIRECTION('',(0.,0.,1.));
#1091 = PCURVE('',#123,#1092);
#1092 = DEFINITIONAL_REPRESENTATION('',(#1093),#1097);
#1093 = LINE('',#1094,#1095);
#1094 = CARTESIAN_POINT('',(0.,-6.3));
#1095 = VECTOR('',#1096,1.);
#1096 = DIRECTION('',(1.,0.));
#1097 = ( GEOMETRIC_REPRESENTATION_CONTEXT(2) 
PARAMETRIC_REPRESENTATION_CONTEXT() REPRESENTATION_CONTEXT('2D SPACE',''
  ) );
#1098 = PCURVE('',#1099,#1104);
#1099 = PLANE('',#1100);
#1100 = AXIS2_PLACEMENT_3D('',#1101,#1102,#1103);
#1101 = CARTESIAN_POINT('',(-5.173639294753E-15,23.3,0.));
#1102 = DIRECTION('',(-2.22044604925E-16,1.,0.));
#1103 = DIRECTION('',(-1.,-2.22044604925E-16,0.));
#1104 = DEFINITIONAL_REPRESENTATION('',(#1105),#1109);
#1105 = LINE('',#1106,#1107);
#1106 = CARTESIAN_POINT('',(8.,0.));
#1107 = VECTOR('',#1108,1.);
#1108 = DIRECTION('',(0.,1.));
#1109 = ( GEOMETRIC_REPRESENTATION_CONTEXT(2) 
PARAMETRIC_REPRESENTATION_CONTEXT() REPRESENTATION_CONTEXT('2D SPACE',''
  ) );
#1110 = ORIENTED_EDGE('',*,*,#1111,.F.);
#1111 = EDGE_CURVE('',#1112,#1084,#1114,.T.);
#1112 = VERTEX_POINT('',#1113);
#1113 = CARTESIAN_POINT('',(-8.,24.8,10.5));
#1114 = SURFACE_CURVE('',#1115,(#1120,#1127),.PCURVE_S1.);
#1115 = CIRCLE('',#1116,1.5);
#1116 = AXIS2_PLACEMENT_3D('',#1117,#1118,#1119);
#1117 = CARTESIAN_POINT('',(-8.,24.8,9.));
#1118 = DIRECTION('',(1.,2.22044604925E-16,-0.));
#1119 = DIRECTION('',(-2.22044604925E-16,1.,0.));
#1120 = PCURVE('',#123,#1121);
#1121 = DEFINITIONAL_REPRESENTATION('',(#1122),#1126);
#1122 = CIRCLE('',#1123,1.5);
#1123 = AXIS2_PLACEMENT_2D('',#1124,#1125);
#1124 = CARTESIAN_POINT('',(9.,-7.8));
#1125 = DIRECTION('',(0.,-1.));
#1126 = ( GEOMETRIC_REPRESENTATION_CONTEXT(2) 
PARAMETRIC_REPRESENTATION_CONTEXT() REPRESENTATION_CONTEXT('2D SPACE',''
  ) );
#1127 = PCURVE('',#1128,#1133);
#1128 = CYLINDRICAL_SURFACE('',#1129,1.5);
#1129 = AXIS2_PLACEMENT_3D('',#1130,#1131,#1132);
#1130 = CARTESIAN_POINT('',(-8.,24.8,9.));
#1131 = DIRECTION('',(1.,2.22044604925E-16,-0.));
#1132 = DIRECTION('',(0.,0.,1.));
#1133 = DEFINITIONAL_REPRESENTATION('',(#1134),#1138);
#1134 = LINE('',#1135,#1136);
#1135 = CARTESIAN_POINT('',(-1.570796326795,-5.329070518201E-15));
#1136 = VECTOR('',#1137,1.);
#1137 = DIRECTION('',(1.,0.));
#1138 = ( GEOMETRIC_REPRESENTATION_CONTEXT(2) 
PARAMETRIC_REPRESENTATION_CONTEXT() REPRESENTATION_CONTEXT('2D SPACE',''
  ) );
#1139 = ORIENTED_EDGE('',*,*,#1140,.F.);
#1140 = EDGE_CURVE('',#1141,#1112,#1143,.T.);
#1141 = VERTEX_POINT('',#1142);
#1142 = CARTESIAN_POINT('',(-8.,30.633425620343,10.5));
#1143 = SURFACE_CURVE('',#1144,(#1148,#1155),.PCURVE_S1.);
#1144 = LINE('',#1145,#1146);
#1145 = CARTESIAN_POINT('',(-8.,40.115,10.5));
#1146 = VECTOR('',#1147,1.);
#1147 = DIRECTION('',(0.,-1.,0.));
#1148 = PCURVE('',#123,#1149);
#1149 = DEFINITIONAL_REPRESENTATION('',(#1150),#1154);
#1150 = LINE('',#1151,#1152);
#1151 = CARTESIAN_POINT('',(10.5,-23.115));
#1152 = VECTOR('',#1153,1.);
#1153 = DIRECTION('',(0.,1.));
#1154 = ( GEOMETRIC_REPRESENTATION_CONTEXT(2) 
PARAMETRIC_REPRESENTATION_CONTEXT() REPRESENTATION_CONTEXT('2D SPACE',''
  ) );
#1155 = PCURVE('',#1156,#1161);
#1156 = PLANE('',#1157);
#1157 = AXIS2_PLACEMENT_3D('',#1158,#1159,#1160);
#1158 = CARTESIAN_POINT('',(-8.,26.45,10.5));
#1159 = DIRECTION('',(0.,0.,1.));
#1160 = DIRECTION('',(1.,0.,-0.));
#1161 = DEFINITIONAL_REPRESENTATION('',(#1162),#1166);
#1162 = LINE('',#1163,#1164);
#1163 = CARTESIAN_POINT('',(0.,13.665));
#1164 = VECTOR('',#1165,1.);
#1165 = DIRECTION('',(0.,-1.));
#1166 = ( GEOMETRIC_REPRESENTATION_CONTEXT(2) 
PARAMETRIC_REPRESENTATION_CONTEXT() REPRESENTATION_CONTEXT('2D SPACE',''
  ) );
#1167 = ORIENTED_EDGE('',*,*,#1168,.F.);
#1168 = EDGE_CURVE('',#1169,#1141,#1171,.T.);
#1169 = VERTEX_POINT('',#1170);
#1170 = CARTESIAN_POINT('',(-8.,36.277455976766,23.635075134002));
#1171 = SURFACE_CURVE('',#1172,(#1176,#1183),.PCURVE_S1.);
#1172 = LINE('',#1173,#1174);
#1173 = CARTESIAN_POINT('',(-8.,36.277455976766,23.635075134002));
#1174 = VECTOR('',#1175,1.);
#1175 = DIRECTION('',(8.766066521158E-17,-0.394788539182,-0.918772011617
    ));
#1176 = PCURVE('',#123,#1177);
#1177 = DEFINITIONAL_REPRESENTATION('',(#1178),#1182);
#1178 = LINE('',#1179,#1180);
#1179 = CARTESIAN_POINT('',(23.635075134002,-19.27745597676));
#1180 = VECTOR('',#1181,1.);
#1181 = DIRECTION('',(-0.918772011617,0.394788539182));
#1182 = ( GEOMETRIC_REPRESENTATION_CONTEXT(2) 
PARAMETRIC_REPRESENTATION_CONTEXT() REPRESENTATION_CONTEXT('2D SPACE',''
  ) );
#1183 = PCURVE('',#1184,#1189);
#1184 = CYLINDRICAL_SURFACE('',#1185,2.);
#1185 = AXIS2_PLACEMENT_3D('',#1186,#1187,#1188);
#1186 = CARTESIAN_POINT('',(-6.,36.277455976766,23.635075134002));
#1187 = DIRECTION('',(8.766066521158E-17,-0.394788539182,-0.918772011617
    ));
#1188 = DIRECTION('',(-1.,-2.22044604925E-16,0.));
#1189 = DEFINITIONAL_REPRESENTATION('',(#1190),#1194);
#1190 = LINE('',#1191,#1192);
#1191 = CARTESIAN_POINT('',(0.,0.));
#1192 = VECTOR('',#1193,1.);
#1193 = DIRECTION('',(0.,1.));
#1194 = ( GEOMETRIC_REPRESENTATION_CONTEXT(2) 
PARAMETRIC_REPRESENTATION_CONTEXT() REPRESENTATION_CONTEXT('2D SPACE',''
  ) );
#1195 = ORIENTED_EDGE('',*,*,#1196,.F.);
#1196 = EDGE_CURVE('',#1197,#1169,#1199,.T.);
#1197 = VERTEX_POINT('',#1198);
#1198 = CARTESIAN_POINT('',(-8.,38.115,27.911501248498));
#1199 = SURFACE_CURVE('',#1200,(#1211,#1225),.PCURVE_S1.);
#1200 = ( BOUNDED_CURVE() B_SPLINE_CURVE(9,(#1201,#1202,#1203,#1204,
    #1205,#1206,#1207,#1208,#1209,#1210),.UNSPECIFIED.,.F.,.F.) 
B_SPLINE_CURVE_WITH_KNOTS((10,10),(17.4174690845,20.988654879694),
.PIECEWISE_BEZIER_KNOTS.) CURVE() GEOMETRIC_REPRESENTATION_ITEM() 
RATIONAL_B_SPLINE_CURVE((1.,1.,1.,1.,1.,1.,1.,1.,1.,1.)) 
REPRESENTATION_ITEM('') );
#1201 = CARTESIAN_POINT('',(-8.,38.115,27.911501248498));
#1202 = CARTESIAN_POINT('',(-8.,37.908901931577,27.431859318395));
#1203 = CARTESIAN_POINT('',(-8.,37.720683022293,26.993826678781));
#1204 = CARTESIAN_POINT('',(-8.,37.527598512169,26.544470564883));
#1205 = CARTESIAN_POINT('',(-8.,37.331316472788,26.087672997912));
#1206 = CARTESIAN_POINT('',(-8.,37.127239829715,25.612735431921));
#1207 = CARTESIAN_POINT('',(-8.,36.918878624652,25.127826614874));
#1208 = CARTESIAN_POINT('',(-8.,36.70625069195,24.632988051779));
#1209 = CARTESIAN_POINT('',(-8.,36.491862174254,24.134052165548));
#1210 = CARTESIAN_POINT('',(-8.,36.277455976766,23.635075134002));
#1211 = PCURVE('',#123,#1212);
#1212 = DEFINITIONAL_REPRESENTATION('',(#1213),#1224);
#1213 = B_SPLINE_CURVE_WITH_KNOTS('',9,(#1214,#1215,#1216,#1217,#1218,
    #1219,#1220,#1221,#1222,#1223),.UNSPECIFIED.,.F.,.F.,(10,10),(
    17.4174690845,20.988654879694),.PIECEWISE_BEZIER_KNOTS.);
#1214 = CARTESIAN_POINT('',(27.911501248498,-21.115));
#1215 = CARTESIAN_POINT('',(27.431859318395,-20.90890193157));
#1216 = CARTESIAN_POINT('',(26.993826678782,-20.72068302229));
#1217 = CARTESIAN_POINT('',(26.544470564882,-20.52759851216));
#1218 = CARTESIAN_POINT('',(26.087672997916,-20.33131647279));
#1219 = CARTESIAN_POINT('',(25.612735431918,-20.12723982971));
#1220 = CARTESIAN_POINT('',(25.127826614877,-19.91887862465));
#1221 = CARTESIAN_POINT('',(24.632988051778,-19.70625069194));
#1222 = CARTESIAN_POINT('',(24.134052165548,-19.49186217425));
#1223 = CARTESIAN_POINT('',(23.635075134002,-19.27745597676));
#1224 = ( GEOMETRIC_REPRESENTATION_CONTEXT(2) 
PARAMETRIC_REPRESENTATION_CONTEXT() REPRESENTATION_CONTEXT('2D SPACE',''
  ) );
#1225 = PCURVE('',#1226,#1257);
#1226 = ( BOUNDED_SURFACE() B_SPLINE_SURFACE(2,9,(
    (#1227,#1228,#1229,#1230,#1231,#1232,#1233,#1234,#1235,#1236)
    ,(#1237,#1238,#1239,#1240,#1241,#1242,#1243,#1244,#1245,#1246)
    ,(#1247,#1248,#1249,#1250,#1251,#1252,#1253,#1254,#1255,#1256
)),.UNSPECIFIED.,.F.,.F.,.F.) B_SPLINE_SURFACE_WITH_KNOTS((3,3),(10,10),
  (0.,3.571185795194),(17.4174690845,20.988654879694),
.PIECEWISE_BEZIER_KNOTS.) GEOMETRIC_REPRESENTATION_ITEM() 
RATIONAL_B_SPLINE_SURFACE((
    (1.,1.,1.,1.,1.,1.,1.,1.,1.,1.)
    ,(0.707106781187,0.707106781187,0.707106781187,0.707106781186
      ,0.707106781187,0.707106781186,0.707106781187,0.707106781187
      ,0.707106781187,0.707106781187)
,(1.,1.,1.,1.,1.,1.,1.,1.,1.,1.))) REPRESENTATION_ITEM('') SURFACE() );
#1227 = CARTESIAN_POINT('',(-8.,38.115,27.911501248498));
#1228 = CARTESIAN_POINT('',(-8.,37.908901931577,27.431859318395));
#1229 = CARTESIAN_POINT('',(-8.,37.720683022293,26.993826678781));
#1230 = CARTESIAN_POINT('',(-8.,37.527598512169,26.544470564883));
#1231 = CARTESIAN_POINT('',(-8.,37.331316472788,26.087672997912));
#1232 = CARTESIAN_POINT('',(-8.,37.127239829715,25.612735431921));
#1233 = CARTESIAN_POINT('',(-8.,36.918878624652,25.127826614874));
#1234 = CARTESIAN_POINT('',(-8.,36.70625069195,24.632988051779));
#1235 = CARTESIAN_POINT('',(-8.,36.491862174254,24.134052165548));
#1236 = CARTESIAN_POINT('',(-8.,36.277455976766,23.635075134002));
#1237 = CARTESIAN_POINT('',(-8.,39.952544023234,27.121924170134));
#1238 = CARTESIAN_POINT('',(-8.,39.74644595481,26.642282240031));
#1239 = CARTESIAN_POINT('',(-8.,39.558227045526,26.204249600418));
#1240 = CARTESIAN_POINT('',(-8.,39.365142535403,25.75489348652));
#1241 = CARTESIAN_POINT('',(-8.,39.168860496022,25.298095919549));
#1242 = CARTESIAN_POINT('',(-8.,38.964783852949,24.823158353557));
#1243 = CARTESIAN_POINT('',(-8.,38.756422647886,24.338249536511));
#1244 = CARTESIAN_POINT('',(-8.,38.543794715183,23.843410973415));
#1245 = CARTESIAN_POINT('',(-8.,38.329406197488,23.344475087184));
#1246 = CARTESIAN_POINT('',(-8.,38.115,22.845498055639));
#1247 = CARTESIAN_POINT('',(-6.262250696197,39.561677976765,
    26.212280783498));
#1248 = CARTESIAN_POINT('',(-6.164733629385,39.423152236102,
    25.889896618868));
#1249 = CARTESIAN_POINT('',(-6.107822721363,39.291776573648,
    25.584152480701));
#1250 = CARTESIAN_POINT('',(-6.069656360716,39.146709266883,
    25.246544450001));
#1251 = CARTESIAN_POINT('',(-6.043217215747,38.993204963992,
    24.889301411862));
#1252 = CARTESIAN_POINT('',(-6.024796652955,38.827667479236,
    24.504054139532));
#1253 = CARTESIAN_POINT('',(-6.012079125739,38.655336466328,
    24.102996622205));
#1254 = CARTESIAN_POINT('',(-6.00403263755,38.476957481442,
    23.687863956212));
#1255 = CARTESIAN_POINT('',(-6.,38.29598927836,23.266705529657));
#1256 = CARTESIAN_POINT('',(-6.,38.115,22.845498055639));
#1257 = DEFINITIONAL_REPRESENTATION('',(#1258),#1262);
#1258 = LINE('',#1259,#1260);
#1259 = CARTESIAN_POINT('',(0.,0.));
#1260 = VECTOR('',#1261,1.);
#1261 = DIRECTION('',(0.,1.));
#1262 = ( GEOMETRIC_REPRESENTATION_CONTEXT(2) 
PARAMETRIC_REPRESENTATION_CONTEXT() REPRESENTATION_CONTEXT('2D SPACE',''
  ) );
#1263 = ORIENTED_EDGE('',*,*,#1264,.F.);
#1264 = EDGE_CURVE('',#1265,#1197,#1267,.T.);
#1265 = VERTEX_POINT('',#1266);
#1266 = CARTESIAN_POINT('',(-8.,38.115,65.65));
#1267 = SURFACE_CURVE('',#1268,(#1272,#1279),.PCURVE_S1.);
#1268 = LINE('',#1269,#1270);
#1269 = CARTESIAN_POINT('',(-8.,38.115,65.65));
#1270 = VECTOR('',#1271,1.);
#1271 = DIRECTION('',(6.441910568995E-17,0.,-1.));
#1272 = PCURVE('',#123,#1273);
#1273 = DEFINITIONAL_REPRESENTATION('',(#1274),#1278);
#1274 = LINE('',#1275,#1276);
#1275 = CARTESIAN_POINT('',(65.65,-21.115));
#1276 = VECTOR('',#1277,1.);
#1277 = DIRECTION('',(-1.,1.430391487255E-32));
#1278 = ( GEOMETRIC_REPRESENTATION_CONTEXT(2) 
PARAMETRIC_REPRESENTATION_CONTEXT() REPRESENTATION_CONTEXT('2D SPACE',''
  ) );
#1279 = PCURVE('',#1280,#1285);
#1280 = CYLINDRICAL_SURFACE('',#1281,2.);
#1281 = AXIS2_PLACEMENT_3D('',#1282,#1283,#1284);
#1282 = CARTESIAN_POINT('',(-6.,38.115,65.65));
#1283 = DIRECTION('',(6.441910568995E-17,0.,-1.));
#1284 = DIRECTION('',(0.,1.,0.));
#1285 = DEFINITIONAL_REPRESENTATION('',(#1286),#1290);
#1286 = LINE('',#1287,#1288);
#1287 = CARTESIAN_POINT('',(-1.570796326795,0.));
#1288 = VECTOR('',#1289,1.);
#1289 = DIRECTION('',(-0.,1.));
#1290 = ( GEOMETRIC_REPRESENTATION_CONTEXT(2) 
PARAMETRIC_REPRESENTATION_CONTEXT() REPRESENTATION_CONTEXT('2D SPACE',''
  ) );
#1291 = ORIENTED_EDGE('',*,*,#1292,.F.);
#1292 = EDGE_CURVE('',#566,#1265,#1293,.T.);
#1293 = SURFACE_CURVE('',#1294,(#1298,#1305),.PCURVE_S1.);
#1294 = LINE('',#1295,#1296);
#1295 = CARTESIAN_POINT('',(-8.,18.115,65.65));
#1296 = VECTOR('',#1297,1.);
#1297 = DIRECTION('',(0.,1.,0.));
#1298 = PCURVE('',#123,#1299);
#1299 = DEFINITIONAL_REPRESENTATION('',(#1300),#1304);
#1300 = LINE('',#1301,#1302);
#1301 = CARTESIAN_POINT('',(65.65,-1.115));
#1302 = VECTOR('',#1303,1.);
#1303 = DIRECTION('',(0.,-1.));
#1304 = ( GEOMETRIC_REPRESENTATION_CONTEXT(2) 
PARAMETRIC_REPRESENTATION_CONTEXT() REPRESENTATION_CONTEXT('2D SPACE',''
  ) );
#1305 = PCURVE('',#1306,#1311);
#1306 = CYLINDRICAL_SURFACE('',#1307,5.);
#1307 = AXIS2_PLACEMENT_3D('',#1308,#1309,#1310);
#1308 = CARTESIAN_POINT('',(-13.,18.115,65.65));
#1309 = DIRECTION('',(0.,1.,0.));
#1310 = DIRECTION('',(1.,0.,-0.));
#1311 = DEFINITIONAL_REPRESENTATION('',(#1312),#1316);
#1312 = LINE('',#1313,#1314);
#1313 = CARTESIAN_POINT('',(-0.,0.));
#1314 = VECTOR('',#1315,1.);
#1315 = DIRECTION('',(-0.,1.));
#1316 = ( GEOMETRIC_REPRESENTATION_CONTEXT(2) 
PARAMETRIC_REPRESENTATION_CONTEXT() REPRESENTATION_CONTEXT('2D SPACE',''
  ) );
#1317 = ADVANCED_FACE('',(#1318),#180,.F.);
#1318 = FACE_BOUND('',#1319,.F.);
#1319 = EDGE_LOOP('',(#1320,#1321,#1343,#1366,#1390,#1413,#1441,#1469,
    #1498,#1521,#1549,#1577,#1605,#1628,#1656,#1679,#1701,#1724,#1752,
    #1781,#1809,#1838,#1866,#1895,#1923,#1945));
#1320 = ORIENTED_EDGE('',*,*,#164,.T.);
#1321 = ORIENTED_EDGE('',*,*,#1322,.T.);
#1322 = EDGE_CURVE('',#136,#1323,#1325,.T.);
#1323 = VERTEX_POINT('',#1324);
#1324 = CARTESIAN_POINT('',(8.,-25.7,6.645299090335));
#1325 = SURFACE_CURVE('',#1326,(#1330,#1337),.PCURVE_S1.);
#1326 = LINE('',#1327,#1328);
#1327 = CARTESIAN_POINT('',(8.,-19.4,6.645299090334));
#1328 = VECTOR('',#1329,1.);
#1329 = DIRECTION('',(2.22044604925E-16,-1.,0.));
#1330 = PCURVE('',#180,#1331);
#1331 = DEFINITIONAL_REPRESENTATION('',(#1332),#1336);
#1332 = LINE('',#1333,#1334);
#1333 = CARTESIAN_POINT('',(15.354700909666,36.4));
#1334 = VECTOR('',#1335,1.);
#1335 = DIRECTION('',(-0.,1.));
#1336 = ( GEOMETRIC_REPRESENTATION_CONTEXT(2) 
PARAMETRIC_REPRESENTATION_CONTEXT() REPRESENTATION_CONTEXT('2D SPACE',''
  ) );
#1337 = PCURVE('',#152,#1338);
#1338 = DEFINITIONAL_REPRESENTATION('',(#1339),#1342);
#1339 = B_SPLINE_CURVE_WITH_KNOTS('',1,(#1340,#1341),.UNSPECIFIED.,.F.,
  .F.,(2,2),(0.,6.3),.PIECEWISE_BEZIER_KNOTS.);
#1340 = CARTESIAN_POINT('',(6.976345214756,0.));
#1341 = CARTESIAN_POINT('',(6.976345214756,6.3));
#1342 = ( GEOMETRIC_REPRESENTATION_CONTEXT(2) 
PARAMETRIC_REPRESENTATION_CONTEXT() REPRESENTATION_CONTEXT('2D SPACE',''
  ) );
#1343 = ORIENTED_EDGE('',*,*,#1344,.T.);
#1344 = EDGE_CURVE('',#1323,#1345,#1347,.T.);
#1345 = VERTEX_POINT('',#1346);
#1346 = CARTESIAN_POINT('',(8.,-25.7,9.));
#1347 = SURFACE_CURVE('',#1348,(#1352,#1359),.PCURVE_S1.);
#1348 = LINE('',#1349,#1350);
#1349 = CARTESIAN_POINT('',(8.,-25.7,0.));
#1350 = VECTOR('',#1351,1.);
#1351 = DIRECTION('',(0.,0.,1.));
#1352 = PCURVE('',#180,#1353);
#1353 = DEFINITIONAL_REPRESENTATION('',(#1354),#1358);
#1354 = LINE('',#1355,#1356);
#1355 = CARTESIAN_POINT('',(22.,42.7));
#1356 = VECTOR('',#1357,1.);
#1357 = DIRECTION('',(-1.,0.));
#1358 = ( GEOMETRIC_REPRESENTATION_CONTEXT(2) 
PARAMETRIC_REPRESENTATION_CONTEXT() REPRESENTATION_CONTEXT('2D SPACE',''
  ) );
#1359 = PCURVE('',#755,#1360);
#1360 = DEFINITIONAL_REPRESENTATION('',(#1361),#1365);
#1361 = LINE('',#1362,#1363);
#1362 = CARTESIAN_POINT('',(8.,0.));
#1363 = VECTOR('',#1364,1.);
#1364 = DIRECTION('',(0.,1.));
#1365 = ( GEOMETRIC_REPRESENTATION_CONTEXT(2) 
PARAMETRIC_REPRESENTATION_CONTEXT() REPRESENTATION_CONTEXT('2D SPACE',''
  ) );
#1366 = ORIENTED_EDGE('',*,*,#1367,.F.);
#1367 = EDGE_CURVE('',#1368,#1345,#1370,.T.);
#1368 = VERTEX_POINT('',#1369);
#1369 = CARTESIAN_POINT('',(8.,-27.2,10.5));
#1370 = SURFACE_CURVE('',#1371,(#1376,#1383),.PCURVE_S1.);
#1371 = CIRCLE('',#1372,1.5);
#1372 = AXIS2_PLACEMENT_3D('',#1373,#1374,#1375);
#1373 = CARTESIAN_POINT('',(8.,-27.2,9.));
#1374 = DIRECTION('',(-1.,-2.22044604925E-16,0.));
#1375 = DIRECTION('',(2.22044604925E-16,-1.,0.));
#1376 = PCURVE('',#180,#1377);
#1377 = DEFINITIONAL_REPRESENTATION('',(#1378),#1382);
#1378 = CIRCLE('',#1379,1.5);
#1379 = AXIS2_PLACEMENT_2D('',#1380,#1381);
#1380 = CARTESIAN_POINT('',(13.,44.2));
#1381 = DIRECTION('',(-0.,1.));
#1382 = ( GEOMETRIC_REPRESENTATION_CONTEXT(2) 
PARAMETRIC_REPRESENTATION_CONTEXT() REPRESENTATION_CONTEXT('2D SPACE',''
  ) );
#1383 = PCURVE('',#727,#1384);
#1384 = DEFINITIONAL_REPRESENTATION('',(#1385),#1389);
#1385 = LINE('',#1386,#1387);
#1386 = CARTESIAN_POINT('',(-1.570796326795,-7.105427357601E-15));
#1387 = VECTOR('',#1388,1.);
#1388 = DIRECTION('',(1.,0.));
#1389 = ( GEOMETRIC_REPRESENTATION_CONTEXT(2) 
PARAMETRIC_REPRESENTATION_CONTEXT() REPRESENTATION_CONTEXT('2D SPACE',''
  ) );
#1390 = ORIENTED_EDGE('',*,*,#1391,.T.);
#1391 = EDGE_CURVE('',#1368,#1392,#1394,.T.);
#1392 = VERTEX_POINT('',#1393);
#1393 = CARTESIAN_POINT('',(8.,-30.75,10.5));
#1394 = SURFACE_CURVE('',#1395,(#1399,#1406),.PCURVE_S1.);
#1395 = LINE('',#1396,#1397);
#1396 = CARTESIAN_POINT('',(8.,-19.4,10.5));
#1397 = VECTOR('',#1398,1.);
#1398 = DIRECTION('',(0.,-1.,0.));
#1399 = PCURVE('',#180,#1400);
#1400 = DEFINITIONAL_REPRESENTATION('',(#1401),#1405);
#1401 = LINE('',#1402,#1403);
#1402 = CARTESIAN_POINT('',(11.5,36.4));
#1403 = VECTOR('',#1404,1.);
#1404 = DIRECTION('',(-0.,1.));
#1405 = ( GEOMETRIC_REPRESENTATION_CONTEXT(2) 
PARAMETRIC_REPRESENTATION_CONTEXT() REPRESENTATION_CONTEXT('2D SPACE',''
  ) );
#1406 = PCURVE('',#694,#1407);
#1407 = DEFINITIONAL_REPRESENTATION('',(#1408),#1412);
#1408 = LINE('',#1409,#1410);
#1409 = CARTESIAN_POINT('',(16.,13.35));
#1410 = VECTOR('',#1411,1.);
#1411 = DIRECTION('',(0.,-1.));
#1412 = ( GEOMETRIC_REPRESENTATION_CONTEXT(2) 
PARAMETRIC_REPRESENTATION_CONTEXT() REPRESENTATION_CONTEXT('2D SPACE',''
  ) );
#1413 = ORIENTED_EDGE('',*,*,#1414,.F.);
#1414 = EDGE_CURVE('',#1415,#1392,#1417,.T.);
#1415 = VERTEX_POINT('',#1416);
#1416 = CARTESIAN_POINT('',(8.,-30.75,68.65));
#1417 = SURFACE_CURVE('',#1418,(#1422,#1429),.PCURVE_S1.);
#1418 = LINE('',#1419,#1420);
#1419 = CARTESIAN_POINT('',(8.,-30.75,68.65));
#1420 = VECTOR('',#1421,1.);
#1421 = DIRECTION('',(0.,0.,-1.));
#1422 = PCURVE('',#180,#1423);
#1423 = DEFINITIONAL_REPRESENTATION('',(#1424),#1428);
#1424 = LINE('',#1425,#1426);
#1425 = CARTESIAN_POINT('',(-46.65,47.75));
#1426 = VECTOR('',#1427,1.);
#1427 = DIRECTION('',(1.,0.));
#1428 = ( GEOMETRIC_REPRESENTATION_CONTEXT(2) 
PARAMETRIC_REPRESENTATION_CONTEXT() REPRESENTATION_CONTEXT('2D SPACE',''
  ) );
#1429 = PCURVE('',#1430,#1435);
#1430 = CYLINDRICAL_SURFACE('',#1431,2.);
#1431 = AXIS2_PLACEMENT_3D('',#1432,#1433,#1434);
#1432 = CARTESIAN_POINT('',(6.,-30.75,68.65));
#1433 = DIRECTION('',(0.,0.,-1.));
#1434 = DIRECTION('',(1.,2.22044604925E-16,0.));
#1435 = DEFINITIONAL_REPRESENTATION('',(#1436),#1440);
#1436 = LINE('',#1437,#1438);
#1437 = CARTESIAN_POINT('',(0.,0.));
#1438 = VECTOR('',#1439,1.);
#1439 = DIRECTION('',(0.,1.));
#1440 = ( GEOMETRIC_REPRESENTATION_CONTEXT(2) 
PARAMETRIC_REPRESENTATION_CONTEXT() REPRESENTATION_CONTEXT('2D SPACE',''
  ) );
#1441 = ORIENTED_EDGE('',*,*,#1442,.F.);
#1442 = EDGE_CURVE('',#1443,#1415,#1445,.T.);
#1443 = VERTEX_POINT('',#1444);
#1444 = CARTESIAN_POINT('',(8.,16.615,68.65));
#1445 = SURFACE_CURVE('',#1446,(#1450,#1457),.PCURVE_S1.);
#1446 = LINE('',#1447,#1448);
#1447 = CARTESIAN_POINT('',(8.,16.615,68.65));
#1448 = VECTOR('',#1449,1.);
#1449 = DIRECTION('',(0.,-1.,0.));
#1450 = PCURVE('',#180,#1451);
#1451 = DEFINITIONAL_REPRESENTATION('',(#1452),#1456);
#1452 = LINE('',#1453,#1454);
#1453 = CARTESIAN_POINT('',(-46.65,0.385));
#1454 = VECTOR('',#1455,1.);
#1455 = DIRECTION('',(-0.,1.));
#1456 = ( GEOMETRIC_REPRESENTATION_CONTEXT(2) 
PARAMETRIC_REPRESENTATION_CONTEXT() REPRESENTATION_CONTEXT('2D SPACE',''
  ) );
#1457 = PCURVE('',#1458,#1463);
#1458 = CYLINDRICAL_SURFACE('',#1459,2.);
#1459 = AXIS2_PLACEMENT_3D('',#1460,#1461,#1462);
#1460 = CARTESIAN_POINT('',(6.,16.615,68.65));
#1461 = DIRECTION('',(0.,-1.,0.));
#1462 = DIRECTION('',(0.,0.,1.));
#1463 = DEFINITIONAL_REPRESENTATION('',(#1464),#1468);
#1464 = LINE('',#1465,#1466);
#1465 = CARTESIAN_POINT('',(-1.570796326795,0.));
#1466 = VECTOR('',#1467,1.);
#1467 = DIRECTION('',(-0.,1.));
#1468 = ( GEOMETRIC_REPRESENTATION_CONTEXT(2) 
PARAMETRIC_REPRESENTATION_CONTEXT() REPRESENTATION_CONTEXT('2D SPACE',''
  ) );
#1469 = ORIENTED_EDGE('',*,*,#1470,.F.);
#1470 = EDGE_CURVE('',#1471,#1443,#1473,.T.);
#1471 = VERTEX_POINT('',#1472);
#1472 = CARTESIAN_POINT('',(8.,18.115,68.987722339832));
#1473 = SURFACE_CURVE('',#1474,(#1479,#1486),.PCURVE_S1.);
#1474 = CIRCLE('',#1475,3.5);
#1475 = AXIS2_PLACEMENT_3D('',#1476,#1477,#1478);
#1476 = CARTESIAN_POINT('',(8.,16.615,72.15));
#1477 = DIRECTION('',(-1.,-2.22044604925E-16,0.));
#1478 = DIRECTION('',(-2.22044604925E-16,1.,0.));
#1479 = PCURVE('',#180,#1480);
#1480 = DEFINITIONAL_REPRESENTATION('',(#1481),#1485);
#1481 = CIRCLE('',#1482,3.5);
#1482 = AXIS2_PLACEMENT_2D('',#1483,#1484);
#1483 = CARTESIAN_POINT('',(-50.15,0.385));
#1484 = DIRECTION('',(0.,-1.));
#1485 = ( GEOMETRIC_REPRESENTATION_CONTEXT(2) 
PARAMETRIC_REPRESENTATION_CONTEXT() REPRESENTATION_CONTEXT('2D SPACE',''
  ) );
#1486 = PCURVE('',#1487,#1492);
#1487 = TOROIDAL_SURFACE('',#1488,3.5,2.);
#1488 = AXIS2_PLACEMENT_3D('',#1489,#1490,#1491);
#1489 = CARTESIAN_POINT('',(6.,16.615,72.15));
#1490 = DIRECTION('',(-1.,-2.22044604925E-16,0.));
#1491 = DIRECTION('',(-2.22044604925E-16,1.,0.));
#1492 = DEFINITIONAL_REPRESENTATION('',(#1493),#1497);
#1493 = LINE('',#1494,#1495);
#1494 = CARTESIAN_POINT('',(0.,4.712388980385));
#1495 = VECTOR('',#1496,1.);
#1496 = DIRECTION('',(1.,0.));
#1497 = ( GEOMETRIC_REPRESENTATION_CONTEXT(2) 
PARAMETRIC_REPRESENTATION_CONTEXT() REPRESENTATION_CONTEXT('2D SPACE',''
  ) );
#1498 = ORIENTED_EDGE('',*,*,#1499,.T.);
#1499 = EDGE_CURVE('',#1471,#1500,#1502,.T.);
#1500 = VERTEX_POINT('',#1501);
#1501 = CARTESIAN_POINT('',(8.,18.115,65.65));
#1502 = SURFACE_CURVE('',#1503,(#1507,#1514),.PCURVE_S1.);
#1503 = LINE('',#1504,#1505);
#1504 = CARTESIAN_POINT('',(8.,18.115,72.15));
#1505 = VECTOR('',#1506,1.);
#1506 = DIRECTION('',(-1.0931426704E-15,0.,-1.));
#1507 = PCURVE('',#180,#1508);
#1508 = DEFINITIONAL_REPRESENTATION('',(#1509),#1513);
#1509 = LINE('',#1510,#1511);
#1510 = CARTESIAN_POINT('',(-50.15,-1.115));
#1511 = VECTOR('',#1512,1.);
#1512 = DIRECTION('',(1.,-2.427264323757E-31));
#1513 = ( GEOMETRIC_REPRESENTATION_CONTEXT(2) 
PARAMETRIC_REPRESENTATION_CONTEXT() REPRESENTATION_CONTEXT('2D SPACE',''
  ) );
#1514 = PCURVE('',#581,#1515);
#1515 = DEFINITIONAL_REPRESENTATION('',(#1516),#1520);
#1516 = LINE('',#1517,#1518);
#1517 = CARTESIAN_POINT('',(30.45,1.5));
#1518 = VECTOR('',#1519,1.);
#1519 = DIRECTION('',(-1.0931426704E-15,-1.));
#1520 = ( GEOMETRIC_REPRESENTATION_CONTEXT(2) 
PARAMETRIC_REPRESENTATION_CONTEXT() REPRESENTATION_CONTEXT('2D SPACE',''
  ) );
#1521 = ORIENTED_EDGE('',*,*,#1522,.F.);
#1522 = EDGE_CURVE('',#1523,#1500,#1525,.T.);
#1523 = VERTEX_POINT('',#1524);
#1524 = CARTESIAN_POINT('',(8.,38.115,65.65));
#1525 = SURFACE_CURVE('',#1526,(#1530,#1537),.PCURVE_S1.);
#1526 = LINE('',#1527,#1528);
#1527 = CARTESIAN_POINT('',(8.,40.115,65.65));
#1528 = VECTOR('',#1529,1.);
#1529 = DIRECTION('',(0.,-1.,0.));
#1530 = PCURVE('',#180,#1531);
#1531 = DEFINITIONAL_REPRESENTATION('',(#1532),#1536);
#1532 = LINE('',#1533,#1534);
#1533 = CARTESIAN_POINT('',(-43.65,-23.115));
#1534 = VECTOR('',#1535,1.);
#1535 = DIRECTION('',(-0.,1.));
#1536 = ( GEOMETRIC_REPRESENTATION_CONTEXT(2) 
PARAMETRIC_REPRESENTATION_CONTEXT() REPRESENTATION_CONTEXT('2D SPACE',''
  ) );
#1537 = PCURVE('',#1538,#1543);
#1538 = CYLINDRICAL_SURFACE('',#1539,5.);
#1539 = AXIS2_PLACEMENT_3D('',#1540,#1541,#1542);
#1540 = CARTESIAN_POINT('',(13.,40.115,65.65));
#1541 = DIRECTION('',(0.,-1.,0.));
#1542 = DIRECTION('',(-1.,0.,0.));
#1543 = DEFINITIONAL_REPRESENTATION('',(#1544),#1548);
#1544 = LINE('',#1545,#1546);
#1545 = CARTESIAN_POINT('',(-0.,0.));
#1546 = VECTOR('',#1547,1.);
#1547 = DIRECTION('',(-0.,1.));
#1548 = ( GEOMETRIC_REPRESENTATION_CONTEXT(2) 
PARAMETRIC_REPRESENTATION_CONTEXT() REPRESENTATION_CONTEXT('2D SPACE',''
  ) );
#1549 = ORIENTED_EDGE('',*,*,#1550,.F.);
#1550 = EDGE_CURVE('',#1551,#1523,#1553,.T.);
#1551 = VERTEX_POINT('',#1552);
#1552 = CARTESIAN_POINT('',(8.,38.115,27.911501248498));
#1553 = SURFACE_CURVE('',#1554,(#1558,#1565),.PCURVE_S1.);
#1554 = LINE('',#1555,#1556);
#1555 = CARTESIAN_POINT('',(8.,38.115,27.5));
#1556 = VECTOR('',#1557,1.);
#1557 = DIRECTION('',(-1.932573170698E-16,0.,1.));
#1558 = PCURVE('',#180,#1559);
#1559 = DEFINITIONAL_REPRESENTATION('',(#1560),#1564);
#1560 = LINE('',#1561,#1562);
#1561 = CARTESIAN_POINT('',(-5.5,-21.115));
#1562 = VECTOR('',#1563,1.);
#1563 = DIRECTION('',(-1.,-4.291174461764E-32));
#1564 = ( GEOMETRIC_REPRESENTATION_CONTEXT(2) 
PARAMETRIC_REPRESENTATION_CONTEXT() REPRESENTATION_CONTEXT('2D SPACE',''
  ) );
#1565 = PCURVE('',#1566,#1571);
#1566 = CYLINDRICAL_SURFACE('',#1567,2.);
#1567 = AXIS2_PLACEMENT_3D('',#1568,#1569,#1570);
#1568 = CARTESIAN_POINT('',(6.,38.115,27.5));
#1569 = DIRECTION('',(-1.932573170698E-16,0.,1.));
#1570 = DIRECTION('',(0.,1.,-0.));
#1571 = DEFINITIONAL_REPRESENTATION('',(#1572),#1576);
#1572 = LINE('',#1573,#1574);
#1573 = CARTESIAN_POINT('',(-1.570796326795,0.));
#1574 = VECTOR('',#1575,1.);
#1575 = DIRECTION('',(-0.,1.));
#1576 = ( GEOMETRIC_REPRESENTATION_CONTEXT(2) 
PARAMETRIC_REPRESENTATION_CONTEXT() REPRESENTATION_CONTEXT('2D SPACE',''
  ) );
#1577 = ORIENTED_EDGE('',*,*,#1578,.F.);
#1578 = EDGE_CURVE('',#1579,#1551,#1581,.T.);
#1579 = VERTEX_POINT('',#1580);
#1580 = CARTESIAN_POINT('',(8.,30.633425620343,10.5));
#1581 = SURFACE_CURVE('',#1582,(#1586,#1593),.PCURVE_S1.);
#1582 = LINE('',#1583,#1584);
#1583 = CARTESIAN_POINT('',(8.,30.972700192704,11.289577078364));
#1584 = VECTOR('',#1585,1.);
#1585 = DIRECTION('',(-8.766066521158E-17,0.394788539182,0.918772011617)
  );
#1586 = PCURVE('',#180,#1587);
#1587 = DEFINITIONAL_REPRESENTATION('',(#1588),#1592);
#1588 = LINE('',#1589,#1590);
#1589 = CARTESIAN_POINT('',(10.710422921636,-13.9727001927));
#1590 = VECTOR('',#1591,1.);
#1591 = DIRECTION('',(-0.918772011617,-0.394788539182));
#1592 = ( GEOMETRIC_REPRESENTATION_CONTEXT(2) 
PARAMETRIC_REPRESENTATION_CONTEXT() REPRESENTATION_CONTEXT('2D SPACE',''
  ) );
#1593 = PCURVE('',#1594,#1599);
#1594 = CYLINDRICAL_SURFACE('',#1595,2.);
#1595 = AXIS2_PLACEMENT_3D('',#1596,#1597,#1598);
#1596 = CARTESIAN_POINT('',(6.,30.972700192704,11.289577078364));
#1597 = DIRECTION('',(-8.766066521158E-17,0.394788539182,0.918772011617)
  );
#1598 = DIRECTION('',(0.,0.918772011617,-0.394788539182));
#1599 = DEFINITIONAL_REPRESENTATION('',(#1600),#1604);
#1600 = LINE('',#1601,#1602);
#1601 = CARTESIAN_POINT('',(-1.570796326795,0.));
#1602 = VECTOR('',#1603,1.);
#1603 = DIRECTION('',(-0.,1.));
#1604 = ( GEOMETRIC_REPRESENTATION_CONTEXT(2) 
PARAMETRIC_REPRESENTATION_CONTEXT() REPRESENTATION_CONTEXT('2D SPACE',''
  ) );
#1605 = ORIENTED_EDGE('',*,*,#1606,.T.);
#1606 = EDGE_CURVE('',#1579,#1607,#1609,.T.);
#1607 = VERTEX_POINT('',#1608);
#1608 = CARTESIAN_POINT('',(8.,24.8,10.5));
#1609 = SURFACE_CURVE('',#1610,(#1614,#1621),.PCURVE_S1.);
#1610 = LINE('',#1611,#1612);
#1611 = CARTESIAN_POINT('',(8.,40.115,10.5));
#1612 = VECTOR('',#1613,1.);
#1613 = DIRECTION('',(0.,-1.,0.));
#1614 = PCURVE('',#180,#1615);
#1615 = DEFINITIONAL_REPRESENTATION('',(#1616),#1620);
#1616 = LINE('',#1617,#1618);
#1617 = CARTESIAN_POINT('',(11.5,-23.115));
#1618 = VECTOR('',#1619,1.);
#1619 = DIRECTION('',(-0.,1.));
#1620 = ( GEOMETRIC_REPRESENTATION_CONTEXT(2) 
PARAMETRIC_REPRESENTATION_CONTEXT() REPRESENTATION_CONTEXT('2D SPACE',''
  ) );
#1621 = PCURVE('',#1156,#1622);
#1622 = DEFINITIONAL_REPRESENTATION('',(#1623),#1627);
#1623 = LINE('',#1624,#1625);
#1624 = CARTESIAN_POINT('',(16.,13.665));
#1625 = VECTOR('',#1626,1.);
#1626 = DIRECTION('',(0.,-1.));
#1627 = ( GEOMETRIC_REPRESENTATION_CONTEXT(2) 
PARAMETRIC_REPRESENTATION_CONTEXT() REPRESENTATION_CONTEXT('2D SPACE',''
  ) );
#1628 = ORIENTED_EDGE('',*,*,#1629,.T.);
#1629 = EDGE_CURVE('',#1607,#1630,#1632,.T.);
#1630 = VERTEX_POINT('',#1631);
#1631 = CARTESIAN_POINT('',(8.,23.3,9.));
#1632 = SURFACE_CURVE('',#1633,(#1638,#1649),.PCURVE_S1.);
#1633 = CIRCLE('',#1634,1.5);
#1634 = AXIS2_PLACEMENT_3D('',#1635,#1636,#1637);
#1635 = CARTESIAN_POINT('',(8.,24.8,9.));
#1636 = DIRECTION('',(1.,2.22044604925E-16,-0.));
#1637 = DIRECTION('',(-2.22044604925E-16,1.,0.));
#1638 = PCURVE('',#180,#1639);
#1639 = DEFINITIONAL_REPRESENTATION('',(#1640),#1648);
#1640 = ( BOUNDED_CURVE() B_SPLINE_CURVE(2,(#1641,#1642,#1643,#1644,
#1645,#1646,#1647),.UNSPECIFIED.,.T.,.F.) B_SPLINE_CURVE_WITH_KNOTS((1,2
    ,2,2,2,1),(-2.094395102393,0.,2.094395102393,4.188790204786,
6.28318530718,8.377580409573),.UNSPECIFIED.) CURVE() 
GEOMETRIC_REPRESENTATION_ITEM() RATIONAL_B_SPLINE_CURVE((1.,0.5,1.,0.5,
1.,0.5,1.)) REPRESENTATION_ITEM('') );
#1641 = CARTESIAN_POINT('',(13.,-9.3));
#1642 = CARTESIAN_POINT('',(10.401923788647,-9.3));
#1643 = CARTESIAN_POINT('',(11.700961894323,-7.05));
#1644 = CARTESIAN_POINT('',(13.,-4.8));
#1645 = CARTESIAN_POINT('',(14.299038105677,-7.05));
#1646 = CARTESIAN_POINT('',(15.598076211353,-9.3));
#1647 = CARTESIAN_POINT('',(13.,-9.3));
#1648 = ( GEOMETRIC_REPRESENTATION_CONTEXT(2) 
PARAMETRIC_REPRESENTATION_CONTEXT() REPRESENTATION_CONTEXT('2D SPACE',''
  ) );
#1649 = PCURVE('',#1128,#1650);
#1650 = DEFINITIONAL_REPRESENTATION('',(#1651),#1655);
#1651 = LINE('',#1652,#1653);
#1652 = CARTESIAN_POINT('',(-1.570796326795,16.));
#1653 = VECTOR('',#1654,1.);
#1654 = DIRECTION('',(1.,0.));
#1655 = ( GEOMETRIC_REPRESENTATION_CONTEXT(2) 
PARAMETRIC_REPRESENTATION_CONTEXT() REPRESENTATION_CONTEXT('2D SPACE',''
  ) );
#1656 = ORIENTED_EDGE('',*,*,#1657,.T.);
#1657 = EDGE_CURVE('',#1630,#1658,#1660,.T.);
#1658 = VERTEX_POINT('',#1659);
#1659 = CARTESIAN_POINT('',(8.,23.3,6.645299090334));
#1660 = SURFACE_CURVE('',#1661,(#1665,#1672),.PCURVE_S1.);
#1661 = LINE('',#1662,#1663);
#1662 = CARTESIAN_POINT('',(8.,23.3,22.));
#1663 = VECTOR('',#1664,1.);
#1664 = DIRECTION('',(-0.,0.,-1.));
#1665 = PCURVE('',#180,#1666);
#1666 = DEFINITIONAL_REPRESENTATION('',(#1667),#1671);
#1667 = LINE('',#1668,#1669);
#1668 = CARTESIAN_POINT('',(0.,-6.3));
#1669 = VECTOR('',#1670,1.);
#1670 = DIRECTION('',(1.,0.));
#1671 = ( GEOMETRIC_REPRESENTATION_CONTEXT(2) 
PARAMETRIC_REPRESENTATION_CONTEXT() REPRESENTATION_CONTEXT('2D SPACE',''
  ) );
#1672 = PCURVE('',#1099,#1673);
#1673 = DEFINITIONAL_REPRESENTATION('',(#1674),#1678);
#1674 = LINE('',#1675,#1676);
#1675 = CARTESIAN_POINT('',(-8.,22.));
#1676 = VECTOR('',#1677,1.);
#1677 = DIRECTION('',(0.,-1.));
#1678 = ( GEOMETRIC_REPRESENTATION_CONTEXT(2) 
PARAMETRIC_REPRESENTATION_CONTEXT() REPRESENTATION_CONTEXT('2D SPACE',''
  ) );
#1679 = ORIENTED_EDGE('',*,*,#1680,.F.);
#1680 = EDGE_CURVE('',#1681,#1658,#1683,.T.);
#1681 = VERTEX_POINT('',#1682);
#1682 = CARTESIAN_POINT('',(8.,17.,6.645299090334));
#1683 = SURFACE_CURVE('',#1684,(#1688,#1695),.PCURVE_S1.);
#1684 = LINE('',#1685,#1686);
#1685 = CARTESIAN_POINT('',(8.,17.,6.645299090334));
#1686 = VECTOR('',#1687,1.);
#1687 = DIRECTION('',(-2.22044604925E-16,1.,0.));
#1688 = PCURVE('',#180,#1689);
#1689 = DEFINITIONAL_REPRESENTATION('',(#1690),#1694);
#1690 = LINE('',#1691,#1692);
#1691 = CARTESIAN_POINT('',(15.354700909666,0.));
#1692 = VECTOR('',#1693,1.);
#1693 = DIRECTION('',(0.,-1.));
#1694 = ( GEOMETRIC_REPRESENTATION_CONTEXT(2) 
PARAMETRIC_REPRESENTATION_CONTEXT() REPRESENTATION_CONTEXT('2D SPACE',''
  ) );
#1695 = PCURVE('',#1072,#1696);
#1696 = DEFINITIONAL_REPRESENTATION('',(#1697),#1700);
#1697 = B_SPLINE_CURVE_WITH_KNOTS('',1,(#1698,#1699),.UNSPECIFIED.,.F.,
  .F.,(2,2),(0.,6.3),.PIECEWISE_BEZIER_KNOTS.);
#1698 = CARTESIAN_POINT('',(2.448432746013,0.));
#1699 = CARTESIAN_POINT('',(2.448432746013,6.3));
#1700 = ( GEOMETRIC_REPRESENTATION_CONTEXT(2) 
PARAMETRIC_REPRESENTATION_CONTEXT() REPRESENTATION_CONTEXT('2D SPACE',''
  ) );
#1701 = ORIENTED_EDGE('',*,*,#1702,.T.);
#1702 = EDGE_CURVE('',#1681,#1703,#1705,.T.);
#1703 = VERTEX_POINT('',#1704);
#1704 = CARTESIAN_POINT('',(8.,17.,11.5));
#1705 = SURFACE_CURVE('',#1706,(#1710,#1717),.PCURVE_S1.);
#1706 = LINE('',#1707,#1708);
#1707 = CARTESIAN_POINT('',(8.,17.,6.645299090334));
#1708 = VECTOR('',#1709,1.);
#1709 = DIRECTION('',(-6.219463796807E-15,-5.182886497339E-16,1.));
#1710 = PCURVE('',#180,#1711);
#1711 = DEFINITIONAL_REPRESENTATION('',(#1712),#1716);
#1712 = LINE('',#1713,#1714);
#1713 = CARTESIAN_POINT('',(15.354700909666,-3.552713678801E-15));
#1714 = VECTOR('',#1715,1.);
#1715 = DIRECTION('',(-1.,5.182886497339E-16));
#1716 = ( GEOMETRIC_REPRESENTATION_CONTEXT(2) 
PARAMETRIC_REPRESENTATION_CONTEXT() REPRESENTATION_CONTEXT('2D SPACE',''
  ) );
#1717 = PCURVE('',#1044,#1718);
#1718 = DEFINITIONAL_REPRESENTATION('',(#1719),#1723);
#1719 = LINE('',#1720,#1721);
#1720 = CARTESIAN_POINT('',(-8.,6.645299090334));
#1721 = VECTOR('',#1722,1.);
#1722 = DIRECTION('',(6.219463796807E-15,1.));
#1723 = ( GEOMETRIC_REPRESENTATION_CONTEXT(2) 
PARAMETRIC_REPRESENTATION_CONTEXT() REPRESENTATION_CONTEXT('2D SPACE',''
  ) );
#1724 = ORIENTED_EDGE('',*,*,#1725,.F.);
#1725 = EDGE_CURVE('',#1726,#1703,#1728,.T.);
#1726 = VERTEX_POINT('',#1727);
#1727 = CARTESIAN_POINT('',(8.,20.15,11.5));
#1728 = SURFACE_CURVE('',#1729,(#1733,#1740),.PCURVE_S1.);
#1729 = LINE('',#1730,#1731);
#1730 = CARTESIAN_POINT('',(8.,20.15,11.5));
#1731 = VECTOR('',#1732,1.);
#1732 = DIRECTION('',(-3.759485374392E-16,-1.,-1.879742687196E-16));
#1733 = PCURVE('',#180,#1734);
#1734 = DEFINITIONAL_REPRESENTATION('',(#1735),#1739);
#1735 = LINE('',#1736,#1737);
#1736 = CARTESIAN_POINT('',(10.5,-3.15));
#1737 = VECTOR('',#1738,1.);
#1738 = DIRECTION('',(1.879742687196E-16,1.));
#1739 = ( GEOMETRIC_REPRESENTATION_CONTEXT(2) 
PARAMETRIC_REPRESENTATION_CONTEXT() REPRESENTATION_CONTEXT('2D SPACE',''
  ) );
#1740 = PCURVE('',#1741,#1746);
#1741 = CYLINDRICAL_SURFACE('',#1742,2.);
#1742 = AXIS2_PLACEMENT_3D('',#1743,#1744,#1745);
#1743 = CARTESIAN_POINT('',(6.,20.15,11.5));
#1744 = DIRECTION('',(-3.759485374392E-16,-1.,-1.879742687196E-16));
#1745 = DIRECTION('',(-7.066865140134E-32,-1.879742687196E-16,1.));
#1746 = DEFINITIONAL_REPRESENTATION('',(#1747),#1751);
#1747 = LINE('',#1748,#1749);
#1748 = CARTESIAN_POINT('',(-1.570796326795,0.));
#1749 = VECTOR('',#1750,1.);
#1750 = DIRECTION('',(-0.,1.));
#1751 = ( GEOMETRIC_REPRESENTATION_CONTEXT(2) 
PARAMETRIC_REPRESENTATION_CONTEXT() REPRESENTATION_CONTEXT('2D SPACE',''
  ) );
#1752 = ORIENTED_EDGE('',*,*,#1753,.F.);
#1753 = EDGE_CURVE('',#1754,#1726,#1756,.T.);
#1754 = VERTEX_POINT('',#1755);
#1755 = CARTESIAN_POINT('',(8.,28.45,19.8));
#1756 = SURFACE_CURVE('',#1757,(#1762,#1769),.PCURVE_S1.);
#1757 = CIRCLE('',#1758,8.3);
#1758 = AXIS2_PLACEMENT_3D('',#1759,#1760,#1761);
#1759 = CARTESIAN_POINT('',(8.,20.15,19.8));
#1760 = DIRECTION('',(-1.,-2.22044604925E-16,0.));
#1761 = DIRECTION('',(-2.22044604925E-16,1.,0.));
#1762 = PCURVE('',#180,#1763);
#1763 = DEFINITIONAL_REPRESENTATION('',(#1764),#1768);
#1764 = CIRCLE('',#1765,8.3);
#1765 = AXIS2_PLACEMENT_2D('',#1766,#1767);
#1766 = CARTESIAN_POINT('',(2.2,-3.15));
#1767 = DIRECTION('',(0.,-1.));
#1768 = ( GEOMETRIC_REPRESENTATION_CONTEXT(2) 
PARAMETRIC_REPRESENTATION_CONTEXT() REPRESENTATION_CONTEXT('2D SPACE',''
  ) );
#1769 = PCURVE('',#1770,#1775);
#1770 = TOROIDAL_SURFACE('',#1771,8.3,2.);
#1771 = AXIS2_PLACEMENT_3D('',#1772,#1773,#1774);
#1772 = CARTESIAN_POINT('',(6.,20.15,19.8));
#1773 = DIRECTION('',(-1.,-2.22044604925E-16,0.));
#1774 = DIRECTION('',(-2.22044604925E-16,1.,0.));
#1775 = DEFINITIONAL_REPRESENTATION('',(#1776),#1780);
#1776 = LINE('',#1777,#1778);
#1777 = CARTESIAN_POINT('',(0.,4.712388980385));
#1778 = VECTOR('',#1779,1.);
#1779 = DIRECTION('',(1.,0.));
#1780 = ( GEOMETRIC_REPRESENTATION_CONTEXT(2) 
PARAMETRIC_REPRESENTATION_CONTEXT() REPRESENTATION_CONTEXT('2D SPACE',''
  ) );
#1781 = ORIENTED_EDGE('',*,*,#1782,.F.);
#1782 = EDGE_CURVE('',#1783,#1754,#1785,.T.);
#1783 = VERTEX_POINT('',#1784);
#1784 = CARTESIAN_POINT('',(8.,28.45,53.7));
#1785 = SURFACE_CURVE('',#1786,(#1790,#1797),.PCURVE_S1.);
#1786 = LINE('',#1787,#1788);
#1787 = CARTESIAN_POINT('',(8.,28.45,53.7));
#1788 = VECTOR('',#1789,1.);
#1789 = DIRECTION('',(-0.,-0.,-1.));
#1790 = PCURVE('',#180,#1791);
#1791 = DEFINITIONAL_REPRESENTATION('',(#1792),#1796);
#1792 = LINE('',#1793,#1794);
#1793 = CARTESIAN_POINT('',(-31.7,-11.45));
#1794 = VECTOR('',#1795,1.);
#1795 = DIRECTION('',(1.,0.));
#1796 = ( GEOMETRIC_REPRESENTATION_CONTEXT(2) 
PARAMETRIC_REPRESENTATION_CONTEXT() REPRESENTATION_CONTEXT('2D SPACE',''
  ) );
#1797 = PCURVE('',#1798,#1803);
#1798 = CYLINDRICAL_SURFACE('',#1799,2.);
#1799 = AXIS2_PLACEMENT_3D('',#1800,#1801,#1802);
#1800 = CARTESIAN_POINT('',(6.,28.45,53.7));
#1801 = DIRECTION('',(-0.,-0.,-1.));
#1802 = DIRECTION('',(0.,-1.,0.));
#1803 = DEFINITIONAL_REPRESENTATION('',(#1804),#1808);
#1804 = LINE('',#1805,#1806);
#1805 = CARTESIAN_POINT('',(-1.570796326795,0.));
#1806 = VECTOR('',#1807,1.);
#1807 = DIRECTION('',(-0.,1.));
#1808 = ( GEOMETRIC_REPRESENTATION_CONTEXT(2) 
PARAMETRIC_REPRESENTATION_CONTEXT() REPRESENTATION_CONTEXT('2D SPACE',''
  ) );
#1809 = ORIENTED_EDGE('',*,*,#1810,.F.);
#1810 = EDGE_CURVE('',#1811,#1783,#1813,.T.);
#1811 = VERTEX_POINT('',#1812);
#1812 = CARTESIAN_POINT('',(8.,20.15,62.));
#1813 = SURFACE_CURVE('',#1814,(#1819,#1826),.PCURVE_S1.);
#1814 = CIRCLE('',#1815,8.3);
#1815 = AXIS2_PLACEMENT_3D('',#1816,#1817,#1818);
#1816 = CARTESIAN_POINT('',(8.,20.15,53.7));
#1817 = DIRECTION('',(-1.,-2.22044604925E-16,0.));
#1818 = DIRECTION('',(1.565200208772E-32,-7.049035076985E-17,1.));
#1819 = PCURVE('',#180,#1820);
#1820 = DEFINITIONAL_REPRESENTATION('',(#1821),#1825);
#1821 = CIRCLE('',#1822,8.3);
#1822 = AXIS2_PLACEMENT_2D('',#1823,#1824);
#1823 = CARTESIAN_POINT('',(-31.7,-3.15));
#1824 = DIRECTION('',(-1.,0.));
#1825 = ( GEOMETRIC_REPRESENTATION_CONTEXT(2) 
PARAMETRIC_REPRESENTATION_CONTEXT() REPRESENTATION_CONTEXT('2D SPACE',''
  ) );
#1826 = PCURVE('',#1827,#1832);
#1827 = TOROIDAL_SURFACE('',#1828,8.3,2.);
#1828 = AXIS2_PLACEMENT_3D('',#1829,#1830,#1831);
#1829 = CARTESIAN_POINT('',(6.,20.15,53.7));
#1830 = DIRECTION('',(-1.,-2.22044604925E-16,0.));
#1831 = DIRECTION('',(1.565200208772E-32,-7.049035076985E-17,1.));
#1832 = DEFINITIONAL_REPRESENTATION('',(#1833),#1837);
#1833 = LINE('',#1834,#1835);
#1834 = CARTESIAN_POINT('',(0.,4.712388980385));
#1835 = VECTOR('',#1836,1.);
#1836 = DIRECTION('',(1.,0.));
#1837 = ( GEOMETRIC_REPRESENTATION_CONTEXT(2) 
PARAMETRIC_REPRESENTATION_CONTEXT() REPRESENTATION_CONTEXT('2D SPACE',''
  ) );
#1838 = ORIENTED_EDGE('',*,*,#1839,.F.);
#1839 = EDGE_CURVE('',#1840,#1811,#1842,.T.);
#1840 = VERTEX_POINT('',#1841);
#1841 = CARTESIAN_POINT('',(8.,-20.15,62.));
#1842 = SURFACE_CURVE('',#1843,(#1847,#1854),.PCURVE_S1.);
#1843 = LINE('',#1844,#1845);
#1844 = CARTESIAN_POINT('',(8.,-20.15,62.));
#1845 = VECTOR('',#1846,1.);
#1846 = DIRECTION('',(-0.,1.,0.));
#1847 = PCURVE('',#180,#1848);
#1848 = DEFINITIONAL_REPRESENTATION('',(#1849),#1853);
#1849 = LINE('',#1850,#1851);
#1850 = CARTESIAN_POINT('',(-40.,37.15));
#1851 = VECTOR('',#1852,1.);
#1852 = DIRECTION('',(0.,-1.));
#1853 = ( GEOMETRIC_REPRESENTATION_CONTEXT(2) 
PARAMETRIC_REPRESENTATION_CONTEXT() REPRESENTATION_CONTEXT('2D SPACE',''
  ) );
#1854 = PCURVE('',#1855,#1860);
#1855 = CYLINDRICAL_SURFACE('',#1856,2.);
#1856 = AXIS2_PLACEMENT_3D('',#1857,#1858,#1859);
#1857 = CARTESIAN_POINT('',(6.,-20.15,62.));
#1858 = DIRECTION('',(-0.,1.,0.));
#1859 = DIRECTION('',(-0.,0.,-1.));
#1860 = DEFINITIONAL_REPRESENTATION('',(#1861),#1865);
#1861 = LINE('',#1862,#1863);
#1862 = CARTESIAN_POINT('',(-1.570796326795,0.));
#1863 = VECTOR('',#1864,1.);
#1864 = DIRECTION('',(-0.,1.));
#1865 = ( GEOMETRIC_REPRESENTATION_CONTEXT(2) 
PARAMETRIC_REPRESENTATION_CONTEXT() REPRESENTATION_CONTEXT('2D SPACE',''
  ) );
#1866 = ORIENTED_EDGE('',*,*,#1867,.F.);
#1867 = EDGE_CURVE('',#1868,#1840,#1870,.T.);
#1868 = VERTEX_POINT('',#1869);
#1869 = CARTESIAN_POINT('',(8.,-28.45,53.7));
#1870 = SURFACE_CURVE('',#1871,(#1876,#1883),.PCURVE_S1.);
#1871 = CIRCLE('',#1872,8.3);
#1872 = AXIS2_PLACEMENT_3D('',#1873,#1874,#1875);
#1873 = CARTESIAN_POINT('',(8.,-20.15,53.7));
#1874 = DIRECTION('',(-1.,-2.22044604925E-16,0.));
#1875 = DIRECTION('',(2.22044604925E-16,-1.,0.));
#1876 = PCURVE('',#180,#1877);
#1877 = DEFINITIONAL_REPRESENTATION('',(#1878),#1882);
#1878 = CIRCLE('',#1879,8.3);
#1879 = AXIS2_PLACEMENT_2D('',#1880,#1881);
#1880 = CARTESIAN_POINT('',(-31.7,37.15));
#1881 = DIRECTION('',(0.,1.));
#1882 = ( GEOMETRIC_REPRESENTATION_CONTEXT(2) 
PARAMETRIC_REPRESENTATION_CONTEXT() REPRESENTATION_CONTEXT('2D SPACE',''
  ) );
#1883 = PCURVE('',#1884,#1889);
#1884 = TOROIDAL_SURFACE('',#1885,8.3,2.);
#1885 = AXIS2_PLACEMENT_3D('',#1886,#1887,#1888);
#1886 = CARTESIAN_POINT('',(6.,-20.15,53.7));
#1887 = DIRECTION('',(-1.,-2.22044604925E-16,0.));
#1888 = DIRECTION('',(2.22044604925E-16,-1.,0.));
#1889 = DEFINITIONAL_REPRESENTATION('',(#1890),#1894);
#1890 = LINE('',#1891,#1892);
#1891 = CARTESIAN_POINT('',(0.,4.712388980385));
#1892 = VECTOR('',#1893,1.);
#1893 = DIRECTION('',(1.,0.));
#1894 = ( GEOMETRIC_REPRESENTATION_CONTEXT(2) 
PARAMETRIC_REPRESENTATION_CONTEXT() REPRESENTATION_CONTEXT('2D SPACE',''
  ) );
#1895 = ORIENTED_EDGE('',*,*,#1896,.F.);
#1896 = EDGE_CURVE('',#1897,#1868,#1899,.T.);
#1897 = VERTEX_POINT('',#1898);
#1898 = CARTESIAN_POINT('',(8.,-28.45,19.8));
#1899 = SURFACE_CURVE('',#1900,(#1904,#1911),.PCURVE_S1.);
#1900 = LINE('',#1901,#1902);
#1901 = CARTESIAN_POINT('',(8.,-28.45,19.8));
#1902 = VECTOR('',#1903,1.);
#1903 = DIRECTION('',(0.,0.,1.));
#1904 = PCURVE('',#180,#1905);
#1905 = DEFINITIONAL_REPRESENTATION('',(#1906),#1910);
#1906 = LINE('',#1907,#1908);
#1907 = CARTESIAN_POINT('',(2.2,45.45));
#1908 = VECTOR('',#1909,1.);
#1909 = DIRECTION('',(-1.,0.));
#1910 = ( GEOMETRIC_REPRESENTATION_CONTEXT(2) 
PARAMETRIC_REPRESENTATION_CONTEXT() REPRESENTATION_CONTEXT('2D SPACE',''
  ) );
#1911 = PCURVE('',#1912,#1917);
#1912 = CYLINDRICAL_SURFACE('',#1913,2.);
#1913 = AXIS2_PLACEMENT_3D('',#1914,#1915,#1916);
#1914 = CARTESIAN_POINT('',(6.,-28.45,19.8));
#1915 = DIRECTION('',(0.,0.,1.));
#1916 = DIRECTION('',(-0.,1.,0.));
#1917 = DEFINITIONAL_REPRESENTATION('',(#1918),#1922);
#1918 = LINE('',#1919,#1920);
#1919 = CARTESIAN_POINT('',(-1.570796326795,0.));
#1920 = VECTOR('',#1921,1.);
#1921 = DIRECTION('',(-0.,1.));
#1922 = ( GEOMETRIC_REPRESENTATION_CONTEXT(2) 
PARAMETRIC_REPRESENTATION_CONTEXT() REPRESENTATION_CONTEXT('2D SPACE',''
  ) );
#1923 = ORIENTED_EDGE('',*,*,#1924,.F.);
#1924 = EDGE_CURVE('',#512,#1897,#1925,.T.);
#1925 = SURFACE_CURVE('',#1926,(#1931,#1938),.PCURVE_S1.);
#1926 = CIRCLE('',#1927,8.3);
#1927 = AXIS2_PLACEMENT_3D('',#1928,#1929,#1930);
#1928 = CARTESIAN_POINT('',(8.,-20.15,19.8));
#1929 = DIRECTION('',(-1.,-2.22044604925E-16,0.));
#1930 = DIRECTION('',(2.660840354912E-31,-1.198335963087E-15,-1.));
#1931 = PCURVE('',#180,#1932);
#1932 = DEFINITIONAL_REPRESENTATION('',(#1933),#1937);
#1933 = CIRCLE('',#1934,8.3);
#1934 = AXIS2_PLACEMENT_2D('',#1935,#1936);
#1935 = CARTESIAN_POINT('',(2.2,37.15));
#1936 = DIRECTION('',(1.,1.712151170506E-15));
#1937 = ( GEOMETRIC_REPRESENTATION_CONTEXT(2) 
PARAMETRIC_REPRESENTATION_CONTEXT() REPRESENTATION_CONTEXT('2D SPACE',''
  ) );
#1938 = PCURVE('',#548,#1939);
#1939 = DEFINITIONAL_REPRESENTATION('',(#1940),#1944);
#1940 = LINE('',#1941,#1942);
#1941 = CARTESIAN_POINT('',(0.,4.712388980385));
#1942 = VECTOR('',#1943,1.);
#1943 = DIRECTION('',(1.,0.));
#1944 = ( GEOMETRIC_REPRESENTATION_CONTEXT(2) 
PARAMETRIC_REPRESENTATION_CONTEXT() REPRESENTATION_CONTEXT('2D SPACE',''
  ) );
#1945 = ORIENTED_EDGE('',*,*,#511,.F.);
#1946 = ADVANCED_FACE('',(#1947),#152,.T.);
#1947 = FACE_BOUND('',#1948,.T.);
#1948 = EDGE_LOOP('',(#1949,#1950,#1951,#1977));
#1949 = ORIENTED_EDGE('',*,*,#135,.T.);
#1950 = ORIENTED_EDGE('',*,*,#1322,.T.);
#1951 = ORIENTED_EDGE('',*,*,#1952,.T.);
#1952 = EDGE_CURVE('',#1323,#740,#1953,.T.);
#1953 = SURFACE_CURVE('',#1954,(#1959,#1966),.PCURVE_S1.);
#1954 = CIRCLE('',#1955,10.4);
#1955 = AXIS2_PLACEMENT_3D('',#1956,#1957,#1958);
#1956 = CARTESIAN_POINT('',(5.706546346573E-15,-25.7,0.));
#1957 = DIRECTION('',(-2.22044604925E-16,1.,0.));
#1958 = DIRECTION('',(0.769230769231,1.7080354225E-16,0.638971066378));
#1959 = PCURVE('',#152,#1960);
#1960 = DEFINITIONAL_REPRESENTATION('',(#1961),#1965);
#1961 = LINE('',#1962,#1963);
#1962 = CARTESIAN_POINT('',(6.976345214756,6.3));
#1963 = VECTOR('',#1964,1.);
#1964 = DIRECTION('',(-1.,-0.));
#1965 = ( GEOMETRIC_REPRESENTATION_CONTEXT(2) 
PARAMETRIC_REPRESENTATION_CONTEXT() REPRESENTATION_CONTEXT('2D SPACE',''
  ) );
#1966 = PCURVE('',#755,#1967);
#1967 = DEFINITIONAL_REPRESENTATION('',(#1968),#1976);
#1968 = ( BOUNDED_CURVE() B_SPLINE_CURVE(2,(#1969,#1970,#1971,#1972,
#1973,#1974,#1975),.UNSPECIFIED.,.T.,.F.) B_SPLINE_CURVE_WITH_KNOTS((1,2
    ,2,2,2,1),(-2.094395102393,0.,2.094395102393,4.188790204786,
6.28318530718,8.377580409573),.UNSPECIFIED.) CURVE() 
GEOMETRIC_REPRESENTATION_ITEM() RATIONAL_B_SPLINE_CURVE((1.,0.5,1.,0.5,
1.,0.5,1.)) REPRESENTATION_ITEM('') );
#1969 = CARTESIAN_POINT('',(8.,6.645299090335));
#1970 = CARTESIAN_POINT('',(19.509995655951,-7.211107370216));
#1971 = CARTESIAN_POINT('',(1.754997827975,-10.25085277544));
#1972 = CARTESIAN_POINT('',(-16.,-13.29059818066));
#1973 = CARTESIAN_POINT('',(-9.754997827975,3.605553685108));
#1974 = CARTESIAN_POINT('',(-3.509995655951,20.501705550885));
#1975 = CARTESIAN_POINT('',(8.,6.645299090335));
#1976 = ( GEOMETRIC_REPRESENTATION_CONTEXT(2) 
PARAMETRIC_REPRESENTATION_CONTEXT() REPRESENTATION_CONTEXT('2D SPACE',''
  ) );
#1977 = ORIENTED_EDGE('',*,*,#767,.F.);
#1978 = ADVANCED_FACE('',(#1979),#242,.F.);
#1979 = FACE_BOUND('',#1980,.F.);
#1980 = EDGE_LOOP('',(#1981,#2010,#2031,#2032));
#1981 = ORIENTED_EDGE('',*,*,#1982,.F.);
#1982 = EDGE_CURVE('',#1983,#1983,#1985,.T.);
#1983 = VERTEX_POINT('',#1984);
#1984 = CARTESIAN_POINT('',(-3.25,-22.9,-4.95));
#1985 = SURFACE_CURVE('',#1986,(#1991,#1998),.PCURVE_S1.);
#1986 = CIRCLE('',#1987,1.7);
#1987 = AXIS2_PLACEMENT_3D('',#1988,#1989,#1990);
#1988 = CARTESIAN_POINT('',(-4.95,-22.9,-4.95));
#1989 = DIRECTION('',(2.22044604925E-16,-1.,-0.));
#1990 = DIRECTION('',(1.,2.22044604925E-16,0.));
#1991 = PCURVE('',#242,#1992);
#1992 = DEFINITIONAL_REPRESENTATION('',(#1993),#1997);
#1993 = LINE('',#1994,#1995);
#1994 = CARTESIAN_POINT('',(0.,4.5));
#1995 = VECTOR('',#1996,1.);
#1996 = DIRECTION('',(1.,0.));
#1997 = ( GEOMETRIC_REPRESENTATION_CONTEXT(2) 
PARAMETRIC_REPRESENTATION_CONTEXT() REPRESENTATION_CONTEXT('2D SPACE',''
  ) );
#1998 = PCURVE('',#1999,#2004);
#1999 = PLANE('',#2000);
#2000 = AXIS2_PLACEMENT_3D('',#2001,#2002,#2003);
#2001 = CARTESIAN_POINT('',(-4.95,-22.9,-4.95));
#2002 = DIRECTION('',(2.22044604925E-16,-1.,0.));
#2003 = DIRECTION('',(1.,2.22044604925E-16,0.));
#2004 = DEFINITIONAL_REPRESENTATION('',(#2005),#2009);
#2005 = CIRCLE('',#2006,1.7);
#2006 = AXIS2_PLACEMENT_2D('',#2007,#2008);
#2007 = CARTESIAN_POINT('',(0.,0.));
#2008 = DIRECTION('',(1.,0.));
#2009 = ( GEOMETRIC_REPRESENTATION_CONTEXT(2) 
PARAMETRIC_REPRESENTATION_CONTEXT() REPRESENTATION_CONTEXT('2D SPACE',''
  ) );
#2010 = ORIENTED_EDGE('',*,*,#2011,.F.);
#2011 = EDGE_CURVE('',#226,#1983,#2012,.T.);
#2012 = SEAM_CURVE('',#2013,(#2017,#2024),.PCURVE_S1.);
#2013 = LINE('',#2014,#2015);
#2014 = CARTESIAN_POINT('',(-3.25,-18.4,-4.95));
#2015 = VECTOR('',#2016,1.);
#2016 = DIRECTION('',(2.22044604925E-16,-1.,0.));
#2017 = PCURVE('',#242,#2018);
#2018 = DEFINITIONAL_REPRESENTATION('',(#2019),#2023);
#2019 = LINE('',#2020,#2021);
#2020 = CARTESIAN_POINT('',(6.28318530718,-0.));
#2021 = VECTOR('',#2022,1.);
#2022 = DIRECTION('',(0.,1.));
#2023 = ( GEOMETRIC_REPRESENTATION_CONTEXT(2) 
PARAMETRIC_REPRESENTATION_CONTEXT() REPRESENTATION_CONTEXT('2D SPACE',''
  ) );
#2024 = PCURVE('',#242,#2025);
#2025 = DEFINITIONAL_REPRESENTATION('',(#2026),#2030);
#2026 = LINE('',#2027,#2028);
#2027 = CARTESIAN_POINT('',(0.,-0.));
#2028 = VECTOR('',#2029,1.);
#2029 = DIRECTION('',(0.,1.));
#2030 = ( GEOMETRIC_REPRESENTATION_CONTEXT(2) 
PARAMETRIC_REPRESENTATION_CONTEXT() REPRESENTATION_CONTEXT('2D SPACE',''
  ) );
#2031 = ORIENTED_EDGE('',*,*,#225,.T.);
#2032 = ORIENTED_EDGE('',*,*,#2011,.T.);
#2033 = ADVANCED_FACE('',(#2034),#273,.F.);
#2034 = FACE_BOUND('',#2035,.F.);
#2035 = EDGE_LOOP('',(#2036,#2065,#2086,#2087));
#2036 = ORIENTED_EDGE('',*,*,#2037,.F.);
#2037 = EDGE_CURVE('',#2038,#2038,#2040,.T.);
#2038 = VERTEX_POINT('',#2039);
#2039 = CARTESIAN_POINT('',(6.65,-22.9,-4.95));
#2040 = SURFACE_CURVE('',#2041,(#2046,#2053),.PCURVE_S1.);
#2041 = CIRCLE('',#2042,1.7);
#2042 = AXIS2_PLACEMENT_3D('',#2043,#2044,#2045);
#2043 = CARTESIAN_POINT('',(4.95,-22.9,-4.95));
#2044 = DIRECTION('',(2.22044604925E-16,-1.,-0.));
#2045 = DIRECTION('',(1.,2.22044604925E-16,0.));
#2046 = PCURVE('',#273,#2047);
#2047 = DEFINITIONAL_REPRESENTATION('',(#2048),#2052);
#2048 = LINE('',#2049,#2050);
#2049 = CARTESIAN_POINT('',(0.,4.5));
#2050 = VECTOR('',#2051,1.);
#2051 = DIRECTION('',(1.,0.));
#2052 = ( GEOMETRIC_REPRESENTATION_CONTEXT(2) 
PARAMETRIC_REPRESENTATION_CONTEXT() REPRESENTATION_CONTEXT('2D SPACE',''
  ) );
#2053 = PCURVE('',#2054,#2059);
#2054 = PLANE('',#2055);
#2055 = AXIS2_PLACEMENT_3D('',#2056,#2057,#2058);
#2056 = CARTESIAN_POINT('',(4.95,-22.9,-4.95));
#2057 = DIRECTION('',(2.22044604925E-16,-1.,0.));
#2058 = DIRECTION('',(1.,2.22044604925E-16,0.));
#2059 = DEFINITIONAL_REPRESENTATION('',(#2060),#2064);
#2060 = CIRCLE('',#2061,1.7);
#2061 = AXIS2_PLACEMENT_2D('',#2062,#2063);
#2062 = CARTESIAN_POINT('',(0.,0.));
#2063 = DIRECTION('',(1.,0.));
#2064 = ( GEOMETRIC_REPRESENTATION_CONTEXT(2) 
PARAMETRIC_REPRESENTATION_CONTEXT() REPRESENTATION_CONTEXT('2D SPACE',''
  ) );
#2065 = ORIENTED_EDGE('',*,*,#2066,.F.);
#2066 = EDGE_CURVE('',#257,#2038,#2067,.T.);
#2067 = SEAM_CURVE('',#2068,(#2072,#2079),.PCURVE_S1.);
#2068 = LINE('',#2069,#2070);
#2069 = CARTESIAN_POINT('',(6.65,-18.4,-4.95));
#2070 = VECTOR('',#2071,1.);
#2071 = DIRECTION('',(2.22044604925E-16,-1.,0.));
#2072 = PCURVE('',#273,#2073);
#2073 = DEFINITIONAL_REPRESENTATION('',(#2074),#2078);
#2074 = LINE('',#2075,#2076);
#2075 = CARTESIAN_POINT('',(6.28318530718,-0.));
#2076 = VECTOR('',#2077,1.);
#2077 = DIRECTION('',(0.,1.));
#2078 = ( GEOMETRIC_REPRESENTATION_CONTEXT(2) 
PARAMETRIC_REPRESENTATION_CONTEXT() REPRESENTATION_CONTEXT('2D SPACE',''
  ) );
#2079 = PCURVE('',#273,#2080);
#2080 = DEFINITIONAL_REPRESENTATION('',(#2081),#2085);
#2081 = LINE('',#2082,#2083);
#2082 = CARTESIAN_POINT('',(0.,-0.));
#2083 = VECTOR('',#2084,1.);
#2084 = DIRECTION('',(0.,1.));
#2085 = ( GEOMETRIC_REPRESENTATION_CONTEXT(2) 
PARAMETRIC_REPRESENTATION_CONTEXT() REPRESENTATION_CONTEXT('2D SPACE',''
  ) );
#2086 = ORIENTED_EDGE('',*,*,#256,.T.);
#2087 = ORIENTED_EDGE('',*,*,#2066,.T.);
#2088 = ADVANCED_FACE('',(#2089),#304,.F.);
#2089 = FACE_BOUND('',#2090,.F.);
#2090 = EDGE_LOOP('',(#2091,#2120,#2141,#2142));
#2091 = ORIENTED_EDGE('',*,*,#2092,.F.);
#2092 = EDGE_CURVE('',#2093,#2093,#2095,.T.);
#2093 = VERTEX_POINT('',#2094);
#2094 = CARTESIAN_POINT('',(-3.25,-22.9,4.95));
#2095 = SURFACE_CURVE('',#2096,(#2101,#2108),.PCURVE_S1.);
#2096 = CIRCLE('',#2097,1.7);
#2097 = AXIS2_PLACEMENT_3D('',#2098,#2099,#2100);
#2098 = CARTESIAN_POINT('',(-4.95,-22.9,4.95));
#2099 = DIRECTION('',(2.22044604925E-16,-1.,-0.));
#2100 = DIRECTION('',(1.,2.22044604925E-16,0.));
#2101 = PCURVE('',#304,#2102);
#2102 = DEFINITIONAL_REPRESENTATION('',(#2103),#2107);
#2103 = LINE('',#2104,#2105);
#2104 = CARTESIAN_POINT('',(0.,4.5));
#2105 = VECTOR('',#2106,1.);
#2106 = DIRECTION('',(1.,0.));
#2107 = ( GEOMETRIC_REPRESENTATION_CONTEXT(2) 
PARAMETRIC_REPRESENTATION_CONTEXT() REPRESENTATION_CONTEXT('2D SPACE',''
  ) );
#2108 = PCURVE('',#2109,#2114);
#2109 = PLANE('',#2110);
#2110 = AXIS2_PLACEMENT_3D('',#2111,#2112,#2113);
#2111 = CARTESIAN_POINT('',(-4.95,-22.9,4.95));
#2112 = DIRECTION('',(2.22044604925E-16,-1.,0.));
#2113 = DIRECTION('',(1.,2.22044604925E-16,0.));
#2114 = DEFINITIONAL_REPRESENTATION('',(#2115),#2119);
#2115 = CIRCLE('',#2116,1.7);
#2116 = AXIS2_PLACEMENT_2D('',#2117,#2118);
#2117 = CARTESIAN_POINT('',(0.,0.));
#2118 = DIRECTION('',(1.,0.));
#2119 = ( GEOMETRIC_REPRESENTATION_CONTEXT(2) 
PARAMETRIC_REPRESENTATION_CONTEXT() REPRESENTATION_CONTEXT('2D SPACE',''
  ) );
#2120 = ORIENTED_EDGE('',*,*,#2121,.F.);
#2121 = EDGE_CURVE('',#288,#2093,#2122,.T.);
#2122 = SEAM_CURVE('',#2123,(#2127,#2134),.PCURVE_S1.);
#2123 = LINE('',#2124,#2125);
#2124 = CARTESIAN_POINT('',(-3.25,-18.4,4.95));
#2125 = VECTOR('',#2126,1.);
#2126 = DIRECTION('',(2.22044604925E-16,-1.,0.));
#2127 = PCURVE('',#304,#2128);
#2128 = DEFINITIONAL_REPRESENTATION('',(#2129),#2133);
#2129 = LINE('',#2130,#2131);
#2130 = CARTESIAN_POINT('',(6.28318530718,-0.));
#2131 = VECTOR('',#2132,1.);
#2132 = DIRECTION('',(0.,1.));
#2133 = ( GEOMETRIC_REPRESENTATION_CONTEXT(2) 
PARAMETRIC_REPRESENTATION_CONTEXT() REPRESENTATION_CONTEXT('2D SPACE',''
  ) );
#2134 = PCURVE('',#304,#2135);
#2135 = DEFINITIONAL_REPRESENTATION('',(#2136),#2140);
#2136 = LINE('',#2137,#2138);
#2137 = CARTESIAN_POINT('',(0.,-0.));
#2138 = VECTOR('',#2139,1.);
#2139 = DIRECTION('',(0.,1.));
#2140 = ( GEOMETRIC_REPRESENTATION_CONTEXT(2) 
PARAMETRIC_REPRESENTATION_CONTEXT() REPRESENTATION_CONTEXT('2D SPACE',''
  ) );
#2141 = ORIENTED_EDGE('',*,*,#287,.T.);
#2142 = ORIENTED_EDGE('',*,*,#2121,.T.);
#2143 = ADVANCED_FACE('',(#2144),#335,.F.);
#2144 = FACE_BOUND('',#2145,.F.);
#2145 = EDGE_LOOP('',(#2146,#2175,#2196,#2197));
#2146 = ORIENTED_EDGE('',*,*,#2147,.F.);
#2147 = EDGE_CURVE('',#2148,#2148,#2150,.T.);
#2148 = VERTEX_POINT('',#2149);
#2149 = CARTESIAN_POINT('',(2.9,-21.8,-7.102951435055E-16));
#2150 = SURFACE_CURVE('',#2151,(#2156,#2163),.PCURVE_S1.);
#2151 = CIRCLE('',#2152,2.9);
#2152 = AXIS2_PLACEMENT_3D('',#2153,#2154,#2155);
#2153 = CARTESIAN_POINT('',(4.840572387366E-15,-21.8,0.));
#2154 = DIRECTION('',(2.22044604925E-16,-1.,-0.));
#2155 = DIRECTION('',(1.,2.22044604925E-16,0.));
#2156 = PCURVE('',#335,#2157);
#2157 = DEFINITIONAL_REPRESENTATION('',(#2158),#2162);
#2158 = LINE('',#2159,#2160);
#2159 = CARTESIAN_POINT('',(0.,2.4));
#2160 = VECTOR('',#2161,1.);
#2161 = DIRECTION('',(1.,0.));
#2162 = ( GEOMETRIC_REPRESENTATION_CONTEXT(2) 
PARAMETRIC_REPRESENTATION_CONTEXT() REPRESENTATION_CONTEXT('2D SPACE',''
  ) );
#2163 = PCURVE('',#2164,#2169);
#2164 = PLANE('',#2165);
#2165 = AXIS2_PLACEMENT_3D('',#2166,#2167,#2168);
#2166 = CARTESIAN_POINT('',(4.840572387366E-15,-21.8,0.));
#2167 = DIRECTION('',(2.22044604925E-16,-1.,0.));
#2168 = DIRECTION('',(1.,2.22044604925E-16,0.));
#2169 = DEFINITIONAL_REPRESENTATION('',(#2170),#2174);
#2170 = CIRCLE('',#2171,2.9);
#2171 = AXIS2_PLACEMENT_2D('',#2172,#2173);
#2172 = CARTESIAN_POINT('',(0.,0.));
#2173 = DIRECTION('',(1.,0.));
#2174 = ( GEOMETRIC_REPRESENTATION_CONTEXT(2) 
PARAMETRIC_REPRESENTATION_CONTEXT() REPRESENTATION_CONTEXT('2D SPACE',''
  ) );
#2175 = ORIENTED_EDGE('',*,*,#2176,.F.);
#2176 = EDGE_CURVE('',#319,#2148,#2177,.T.);
#2177 = SEAM_CURVE('',#2178,(#2182,#2189),.PCURVE_S1.);
#2178 = LINE('',#2179,#2180);
#2179 = CARTESIAN_POINT('',(2.9,-19.4,-7.102951435055E-16));
#2180 = VECTOR('',#2181,1.);
#2181 = DIRECTION('',(2.22044604925E-16,-1.,0.));
#2182 = PCURVE('',#335,#2183);
#2183 = DEFINITIONAL_REPRESENTATION('',(#2184),#2188);
#2184 = LINE('',#2185,#2186);
#2185 = CARTESIAN_POINT('',(6.28318530718,-0.));
#2186 = VECTOR('',#2187,1.);
#2187 = DIRECTION('',(0.,1.));
#2188 = ( GEOMETRIC_REPRESENTATION_CONTEXT(2) 
PARAMETRIC_REPRESENTATION_CONTEXT() REPRESENTATION_CONTEXT('2D SPACE',''
  ) );
#2189 = PCURVE('',#335,#2190);
#2190 = DEFINITIONAL_REPRESENTATION('',(#2191),#2195);
#2191 = LINE('',#2192,#2193);
#2192 = CARTESIAN_POINT('',(0.,-0.));
#2193 = VECTOR('',#2194,1.);
#2194 = DIRECTION('',(0.,1.));
#2195 = ( GEOMETRIC_REPRESENTATION_CONTEXT(2) 
PARAMETRIC_REPRESENTATION_CONTEXT() REPRESENTATION_CONTEXT('2D SPACE',''
  ) );
#2196 = ORIENTED_EDGE('',*,*,#318,.T.);
#2197 = ORIENTED_EDGE('',*,*,#2176,.T.);
#2198 = ADVANCED_FACE('',(#2199),#366,.F.);
#2199 = FACE_BOUND('',#2200,.F.);
#2200 = EDGE_LOOP('',(#2201,#2230,#2251,#2252));
#2201 = ORIENTED_EDGE('',*,*,#2202,.F.);
#2202 = EDGE_CURVE('',#2203,#2203,#2205,.T.);
#2203 = VERTEX_POINT('',#2204);
#2204 = CARTESIAN_POINT('',(6.65,-22.9,4.95));
#2205 = SURFACE_CURVE('',#2206,(#2211,#2218),.PCURVE_S1.);
#2206 = CIRCLE('',#2207,1.7);
#2207 = AXIS2_PLACEMENT_3D('',#2208,#2209,#2210);
#2208 = CARTESIAN_POINT('',(4.95,-22.9,4.95));
#2209 = DIRECTION('',(2.22044604925E-16,-1.,-0.));
#2210 = DIRECTION('',(1.,2.22044604925E-16,0.));
#2211 = PCURVE('',#366,#2212);
#2212 = DEFINITIONAL_REPRESENTATION('',(#2213),#2217);
#2213 = LINE('',#2214,#2215);
#2214 = CARTESIAN_POINT('',(0.,4.5));
#2215 = VECTOR('',#2216,1.);
#2216 = DIRECTION('',(1.,0.));
#2217 = ( GEOMETRIC_REPRESENTATION_CONTEXT(2) 
PARAMETRIC_REPRESENTATION_CONTEXT() REPRESENTATION_CONTEXT('2D SPACE',''
  ) );
#2218 = PCURVE('',#2219,#2224);
#2219 = PLANE('',#2220);
#2220 = AXIS2_PLACEMENT_3D('',#2221,#2222,#2223);
#2221 = CARTESIAN_POINT('',(4.95,-22.9,4.95));
#2222 = DIRECTION('',(2.22044604925E-16,-1.,0.));
#2223 = DIRECTION('',(1.,2.22044604925E-16,0.));
#2224 = DEFINITIONAL_REPRESENTATION('',(#2225),#2229);
#2225 = CIRCLE('',#2226,1.7);
#2226 = AXIS2_PLACEMENT_2D('',#2227,#2228);
#2227 = CARTESIAN_POINT('',(0.,0.));
#2228 = DIRECTION('',(1.,0.));
#2229 = ( GEOMETRIC_REPRESENTATION_CONTEXT(2) 
PARAMETRIC_REPRESENTATION_CONTEXT() REPRESENTATION_CONTEXT('2D SPACE',''
  ) );
#2230 = ORIENTED_EDGE('',*,*,#2231,.F.);
#2231 = EDGE_CURVE('',#350,#2203,#2232,.T.);
#2232 = SEAM_CURVE('',#2233,(#2237,#2244),.PCURVE_S1.);
#2233 = LINE('',#2234,#2235);
#2234 = CARTESIAN_POINT('',(6.65,-18.4,4.95));
#2235 = VECTOR('',#2236,1.);
#2236 = DIRECTION('',(2.22044604925E-16,-1.,0.));
#2237 = PCURVE('',#366,#2238);
#2238 = DEFINITIONAL_REPRESENTATION('',(#2239),#2243);
#2239 = LINE('',#2240,#2241);
#2240 = CARTESIAN_POINT('',(6.28318530718,-0.));
#2241 = VECTOR('',#2242,1.);
#2242 = DIRECTION('',(0.,1.));
#2243 = ( GEOMETRIC_REPRESENTATION_CONTEXT(2) 
PARAMETRIC_REPRESENTATION_CONTEXT() REPRESENTATION_CONTEXT('2D SPACE',''
  ) );
#2244 = PCURVE('',#366,#2245);
#2245 = DEFINITIONAL_REPRESENTATION('',(#2246),#2250);
#2246 = LINE('',#2247,#2248);
#2247 = CARTESIAN_POINT('',(0.,-0.));
#2248 = VECTOR('',#2249,1.);
#2249 = DIRECTION('',(0.,1.));
#2250 = ( GEOMETRIC_REPRESENTATION_CONTEXT(2) 
PARAMETRIC_REPRESENTATION_CONTEXT() REPRESENTATION_CONTEXT('2D SPACE',''
  ) );
#2251 = ORIENTED_EDGE('',*,*,#349,.T.);
#2252 = ORIENTED_EDGE('',*,*,#2231,.T.);
#2253 = ADVANCED_FACE('',(#2254),#399,.F.);
#2254 = FACE_BOUND('',#2255,.T.);
#2255 = EDGE_LOOP('',(#2256,#2257,#2281,#2309));
#2256 = ORIENTED_EDGE('',*,*,#381,.F.);
#2257 = ORIENTED_EDGE('',*,*,#2258,.T.);
#2258 = EDGE_CURVE('',#382,#2259,#2261,.T.);
#2259 = VERTEX_POINT('',#2260);
#2260 = CARTESIAN_POINT('',(-6.,-26.45,19.8));
#2261 = SURFACE_CURVE('',#2262,(#2267,#2274),.PCURVE_S1.);
#2262 = CIRCLE('',#2263,6.3);
#2263 = AXIS2_PLACEMENT_3D('',#2264,#2265,#2266);
#2264 = CARTESIAN_POINT('',(-6.,-20.15,19.8));
#2265 = DIRECTION('',(-1.,-2.22044604925E-16,0.));
#2266 = DIRECTION('',(-1.565200208772E-32,7.049035076985E-17,-1.));
#2267 = PCURVE('',#399,#2268);
#2268 = DEFINITIONAL_REPRESENTATION('',(#2269),#2273);
#2269 = LINE('',#2270,#2271);
#2270 = CARTESIAN_POINT('',(-5.639228061588E-16,2.));
#2271 = VECTOR('',#2272,1.);
#2272 = DIRECTION('',(-1.,0.));
#2273 = ( GEOMETRIC_REPRESENTATION_CONTEXT(2) 
PARAMETRIC_REPRESENTATION_CONTEXT() REPRESENTATION_CONTEXT('2D SPACE',''
  ) );
#2274 = PCURVE('',#475,#2275);
#2275 = DEFINITIONAL_REPRESENTATION('',(#2276),#2280);
#2276 = LINE('',#2277,#2278);
#2277 = CARTESIAN_POINT('',(0.,3.14159265359));
#2278 = VECTOR('',#2279,1.);
#2279 = DIRECTION('',(1.,0.));
#2280 = ( GEOMETRIC_REPRESENTATION_CONTEXT(2) 
PARAMETRIC_REPRESENTATION_CONTEXT() REPRESENTATION_CONTEXT('2D SPACE',''
  ) );
#2281 = ORIENTED_EDGE('',*,*,#2282,.T.);
#2282 = EDGE_CURVE('',#2259,#2283,#2285,.T.);
#2283 = VERTEX_POINT('',#2284);
#2284 = CARTESIAN_POINT('',(6.,-26.45,19.8));
#2285 = SURFACE_CURVE('',#2286,(#2290,#2297),.PCURVE_S1.);
#2286 = LINE('',#2287,#2288);
#2287 = CARTESIAN_POINT('',(-8.,-26.45,19.8));
#2288 = VECTOR('',#2289,1.);
#2289 = DIRECTION('',(1.,0.,-0.));
#2290 = PCURVE('',#399,#2291);
#2291 = DEFINITIONAL_REPRESENTATION('',(#2292),#2296);
#2292 = LINE('',#2293,#2294);
#2293 = CARTESIAN_POINT('',(-1.570796326795,0.));
#2294 = VECTOR('',#2295,1.);
#2295 = DIRECTION('',(-0.,1.));
#2296 = ( GEOMETRIC_REPRESENTATION_CONTEXT(2) 
PARAMETRIC_REPRESENTATION_CONTEXT() REPRESENTATION_CONTEXT('2D SPACE',''
  ) );
#2297 = PCURVE('',#2298,#2303);
#2298 = PLANE('',#2299);
#2299 = AXIS2_PLACEMENT_3D('',#2300,#2301,#2302);
#2300 = CARTESIAN_POINT('',(-8.,-26.45,10.5));
#2301 = DIRECTION('',(-0.,1.,0.));
#2302 = DIRECTION('',(0.,0.,1.));
#2303 = DEFINITIONAL_REPRESENTATION('',(#2304),#2308);
#2304 = LINE('',#2305,#2306);
#2305 = CARTESIAN_POINT('',(9.3,0.));
#2306 = VECTOR('',#2307,1.);
#2307 = DIRECTION('',(0.,1.));
#2308 = ( GEOMETRIC_REPRESENTATION_CONTEXT(2) 
PARAMETRIC_REPRESENTATION_CONTEXT() REPRESENTATION_CONTEXT('2D SPACE',''
  ) );
#2309 = ORIENTED_EDGE('',*,*,#2310,.F.);
#2310 = EDGE_CURVE('',#384,#2283,#2311,.T.);
#2311 = SURFACE_CURVE('',#2312,(#2317,#2324),.PCURVE_S1.);
#2312 = CIRCLE('',#2313,6.3);
#2313 = AXIS2_PLACEMENT_3D('',#2314,#2315,#2316);
#2314 = CARTESIAN_POINT('',(6.,-20.15,19.8));
#2315 = DIRECTION('',(-1.,-2.22044604925E-16,0.));
#2316 = DIRECTION('',(2.660840354912E-31,-1.198335963087E-15,-1.));
#2317 = PCURVE('',#399,#2318);
#2318 = DEFINITIONAL_REPRESENTATION('',(#2319),#2323);
#2319 = LINE('',#2320,#2321);
#2320 = CARTESIAN_POINT('',(-5.639228061588E-16,14.));
#2321 = VECTOR('',#2322,1.);
#2322 = DIRECTION('',(-1.,0.));
#2323 = ( GEOMETRIC_REPRESENTATION_CONTEXT(2) 
PARAMETRIC_REPRESENTATION_CONTEXT() REPRESENTATION_CONTEXT('2D SPACE',''
  ) );
#2324 = PCURVE('',#548,#2325);
#2325 = DEFINITIONAL_REPRESENTATION('',(#2326),#2330);
#2326 = LINE('',#2327,#2328);
#2327 = CARTESIAN_POINT('',(0.,3.14159265359));
#2328 = VECTOR('',#2329,1.);
#2329 = DIRECTION('',(1.,0.));
#2330 = ( GEOMETRIC_REPRESENTATION_CONTEXT(2) 
PARAMETRIC_REPRESENTATION_CONTEXT() REPRESENTATION_CONTEXT('2D SPACE',''
  ) );
#2331 = ADVANCED_FACE('',(#2332),#475,.T.);
#2332 = FACE_BOUND('',#2333,.T.);
#2333 = EDGE_LOOP('',(#2334,#2335,#2336,#2356));
#2334 = ORIENTED_EDGE('',*,*,#459,.F.);
#2335 = ORIENTED_EDGE('',*,*,#789,.T.);
#2336 = ORIENTED_EDGE('',*,*,#2337,.T.);
#2337 = EDGE_CURVE('',#790,#2259,#2338,.T.);
#2338 = SURFACE_CURVE('',#2339,(#2344,#2350),.PCURVE_S1.);
#2339 = CIRCLE('',#2340,2.);
#2340 = AXIS2_PLACEMENT_3D('',#2341,#2342,#2343);
#2341 = CARTESIAN_POINT('',(-6.,-28.45,19.8));
#2342 = DIRECTION('',(-1.771597325511E-31,7.978565055023E-16,-1.));
#2343 = DIRECTION('',(2.22044604925E-16,-1.,-7.978565055023E-16));
#2344 = PCURVE('',#475,#2345);
#2345 = DEFINITIONAL_REPRESENTATION('',(#2346),#2349);
#2346 = B_SPLINE_CURVE_WITH_KNOTS('',1,(#2347,#2348),.UNSPECIFIED.,.F.,
  .F.,(2,2),(1.570796326795,3.14159265359),.PIECEWISE_BEZIER_KNOTS.);
#2347 = CARTESIAN_POINT('',(1.570796326795,1.570796326795));
#2348 = CARTESIAN_POINT('',(1.570796326795,3.14159265359));
#2349 = ( GEOMETRIC_REPRESENTATION_CONTEXT(2) 
PARAMETRIC_REPRESENTATION_CONTEXT() REPRESENTATION_CONTEXT('2D SPACE',''
  ) );
#2350 = PCURVE('',#833,#2351);
#2351 = DEFINITIONAL_REPRESENTATION('',(#2352),#2355);
#2352 = B_SPLINE_CURVE_WITH_KNOTS('',1,(#2353,#2354),.UNSPECIFIED.,.F.,
  .F.,(2,2),(1.570796326795,3.14159265359),.PIECEWISE_BEZIER_KNOTS.);
#2353 = CARTESIAN_POINT('',(0.,0.));
#2354 = CARTESIAN_POINT('',(-1.570796326795,0.));
#2355 = ( GEOMETRIC_REPRESENTATION_CONTEXT(2) 
PARAMETRIC_REPRESENTATION_CONTEXT() REPRESENTATION_CONTEXT('2D SPACE',''
  ) );
#2356 = ORIENTED_EDGE('',*,*,#2258,.F.);
#2357 = ADVANCED_FACE('',(#2358),#548,.T.);
#2358 = FACE_BOUND('',#2359,.T.);
#2359 = EDGE_LOOP('',(#2360,#2361,#2362,#2382));
#2360 = ORIENTED_EDGE('',*,*,#534,.F.);
#2361 = ORIENTED_EDGE('',*,*,#2310,.T.);
#2362 = ORIENTED_EDGE('',*,*,#2363,.T.);
#2363 = EDGE_CURVE('',#2283,#1897,#2364,.T.);
#2364 = SURFACE_CURVE('',#2365,(#2370,#2376),.PCURVE_S1.);
#2365 = CIRCLE('',#2366,2.);
#2366 = AXIS2_PLACEMENT_3D('',#2367,#2368,#2369);
#2367 = CARTESIAN_POINT('',(6.,-28.45,19.8));
#2368 = DIRECTION('',(1.045763050278E-31,-4.70969808355E-16,-1.));
#2369 = DIRECTION('',(2.22044604925E-16,-1.,4.70969808355E-16));
#2370 = PCURVE('',#548,#2371);
#2371 = DEFINITIONAL_REPRESENTATION('',(#2372),#2375);
#2372 = B_SPLINE_CURVE_WITH_KNOTS('',1,(#2373,#2374),.UNSPECIFIED.,.F.,
  .F.,(2,2),(3.14159265359,4.712388980385),.PIECEWISE_BEZIER_KNOTS.);
#2373 = CARTESIAN_POINT('',(1.570796326795,3.14159265359));
#2374 = CARTESIAN_POINT('',(1.570796326795,4.712388980385));
#2375 = ( GEOMETRIC_REPRESENTATION_CONTEXT(2) 
PARAMETRIC_REPRESENTATION_CONTEXT() REPRESENTATION_CONTEXT('2D SPACE',''
  ) );
#2376 = PCURVE('',#1912,#2377);
#2377 = DEFINITIONAL_REPRESENTATION('',(#2378),#2381);
#2378 = B_SPLINE_CURVE_WITH_KNOTS('',1,(#2379,#2380),.UNSPECIFIED.,.F.,
  .F.,(2,2),(3.14159265359,4.712388980385),.PIECEWISE_BEZIER_KNOTS.);
#2379 = CARTESIAN_POINT('',(0.,0.));
#2380 = CARTESIAN_POINT('',(-1.570796326795,0.));
#2381 = ( GEOMETRIC_REPRESENTATION_CONTEXT(2) 
PARAMETRIC_REPRESENTATION_CONTEXT() REPRESENTATION_CONTEXT('2D SPACE',''
  ) );
#2382 = ORIENTED_EDGE('',*,*,#1924,.F.);
#2383 = ADVANCED_FACE('',(#2384,#3000),#581,.T.);
#2384 = FACE_BOUND('',#2385,.T.);
#2385 = EDGE_LOOP('',(#2386,#2416,#2546,#2547,#2575,#2603,#2636,#2664,
    #2697,#2725,#2758,#2786,#2819,#2847,#2869,#2870));
#2386 = ORIENTED_EDGE('',*,*,#2387,.T.);
#2387 = EDGE_CURVE('',#2388,#2390,#2392,.T.);
#2388 = VERTEX_POINT('',#2389);
#2389 = CARTESIAN_POINT('',(-6.,18.115,72.15));
#2390 = VERTEX_POINT('',#2391);
#2391 = CARTESIAN_POINT('',(6.,18.115,72.15));
#2392 = SURFACE_CURVE('',#2393,(#2397,#2404),.PCURVE_S1.);
#2393 = LINE('',#2394,#2395);
#2394 = CARTESIAN_POINT('',(-8.,18.115,72.15));
#2395 = VECTOR('',#2396,1.);
#2396 = DIRECTION('',(1.,0.,0.));
#2397 = PCURVE('',#581,#2398);
#2398 = DEFINITIONAL_REPRESENTATION('',(#2399),#2403);
#2399 = LINE('',#2400,#2401);
#2400 = CARTESIAN_POINT('',(14.45,1.5));
#2401 = VECTOR('',#2402,1.);
#2402 = DIRECTION('',(1.,0.));
#2403 = ( GEOMETRIC_REPRESENTATION_CONTEXT(2) 
PARAMETRIC_REPRESENTATION_CONTEXT() REPRESENTATION_CONTEXT('2D SPACE',''
  ) );
#2404 = PCURVE('',#2405,#2410);
#2405 = CYLINDRICAL_SURFACE('',#2406,1.5);
#2406 = AXIS2_PLACEMENT_3D('',#2407,#2408,#2409);
#2407 = CARTESIAN_POINT('',(-8.,16.615,72.15));
#2408 = DIRECTION('',(1.,0.,0.));
#2409 = DIRECTION('',(0.,1.,-2.22044604925E-16));
#2410 = DEFINITIONAL_REPRESENTATION('',(#2411),#2415);
#2411 = LINE('',#2412,#2413);
#2412 = CARTESIAN_POINT('',(-0.,0.));
#2413 = VECTOR('',#2414,1.);
#2414 = DIRECTION('',(-0.,1.));
#2415 = ( GEOMETRIC_REPRESENTATION_CONTEXT(2) 
PARAMETRIC_REPRESENTATION_CONTEXT() REPRESENTATION_CONTEXT('2D SPACE',''
  ) );
#2416 = ORIENTED_EDGE('',*,*,#2417,.F.);
#2417 = EDGE_CURVE('',#1471,#2390,#2418,.T.);
#2418 = SURFACE_CURVE('',#2419,(#2452,#2488),.PCURVE_S1.);
#2419 = B_SPLINE_CURVE_WITH_KNOTS('',7,(#2420,#2421,#2422,#2423,#2424,
    #2425,#2426,#2427,#2428,#2429,#2430,#2431,#2432,#2433,#2434,#2435,
    #2436,#2437,#2438,#2439,#2440,#2441,#2442,#2443,#2444,#2445,#2446,
    #2447,#2448,#2449,#2450,#2451),.UNSPECIFIED.,.F.,.F.,(8,6,6,6,6,8),(
    0.,0.322390725484,0.538890422041,0.853668032829,0.961548057148,1.),
  .UNSPECIFIED.);
#2420 = CARTESIAN_POINT('',(8.,18.115,68.987722339832));
#2421 = CARTESIAN_POINT('',(8.,18.115,69.171201589862));
#2422 = CARTESIAN_POINT('',(7.983969170923,18.115,69.356327718055));
#2423 = CARTESIAN_POINT('',(7.952107396599,18.115,69.540720149487));
#2424 = CARTESIAN_POINT('',(7.90532658386,18.115,69.722389051309));
#2425 = CARTESIAN_POINT('',(7.844949239396,18.115,69.899764577472));
#2426 = CARTESIAN_POINT('',(7.77261417106,18.115,70.071689762068));
#2427 = CARTESIAN_POINT('',(7.634700538383,18.115,70.348699575875));
#2428 = CARTESIAN_POINT('',(7.574687167696,18.115,70.457229403887));
#2429 = CARTESIAN_POINT('',(7.51058464163,18.115,70.56280411531));
#2430 = CARTESIAN_POINT('',(7.442921315501,18.115,70.665327739544));
#2431 = CARTESIAN_POINT('',(7.372210012617,18.115,70.764792279878));
#2432 = CARTESIAN_POINT('',(7.298927518978,18.115,70.861264520556));
#2433 = CARTESIAN_POINT('',(7.11383330766,18.115,71.09097095783));
#2434 = CARTESIAN_POINT('',(6.999651516224,18.115,71.220989942356));
#2435 = CARTESIAN_POINT('',(6.882232202454,18.115,71.345368271584));
#2436 = CARTESIAN_POINT('',(6.762644127361,18.115,71.464772356527));
#2437 = CARTESIAN_POINT('',(6.641698411446,18.115,71.579999452678));
#2438 = CARTESIAN_POINT('',(6.519960708777,18.115,71.69191749711));
#2439 = CARTESIAN_POINT('',(6.35596625787,18.115,71.838976349087));
#2440 = CARTESIAN_POINT('',(6.3140633395,18.115,71.876228725183));
#2441 = CARTESIAN_POINT('',(6.272132799311,18.115,71.913233683153));
#2442 = CARTESIAN_POINT('',(6.230190198344,18.115,71.950026848084));
#2443 = CARTESIAN_POINT('',(6.188249964994,18.115,71.986643613926));
#2444 = CARTESIAN_POINT('',(6.146325709072,18.115,72.023119103924));
#2445 = CARTESIAN_POINT('',(6.089497736064,18.115,72.072451232988));
#2446 = CARTESIAN_POINT('',(6.074568649738,18.115,72.085400793835));
#2447 = CARTESIAN_POINT('',(6.059643878349,18.115,72.098338382038));
#2448 = CARTESIAN_POINT('',(6.044724024176,18.115,72.111265555262));
#2449 = CARTESIAN_POINT('',(6.029809690313,18.115,72.124183860392));
#2450 = CARTESIAN_POINT('',(6.014901480677,18.115,72.137094833531));
#2451 = CARTESIAN_POINT('',(6.,18.115,72.15));
#2452 = PCURVE('',#581,#2453);
#2453 = DEFINITIONAL_REPRESENTATION('',(#2454),#2487);
#2454 = B_SPLINE_CURVE_WITH_KNOTS('',7,(#2455,#2456,#2457,#2458,#2459,
    #2460,#2461,#2462,#2463,#2464,#2465,#2466,#2467,#2468,#2469,#2470,
    #2471,#2472,#2473,#2474,#2475,#2476,#2477,#2478,#2479,#2480,#2481,
    #2482,#2483,#2484,#2485,#2486),.UNSPECIFIED.,.F.,.F.,(8,6,6,6,6,8),(
    0.,0.322390725484,0.538890422041,0.853668032829,0.961548057148,1.),
  .UNSPECIFIED.);
#2455 = CARTESIAN_POINT('',(30.45,-1.662277660168));
#2456 = CARTESIAN_POINT('',(30.45,-1.478798410138));
#2457 = CARTESIAN_POINT('',(30.433969170923,-1.293672281945));
#2458 = CARTESIAN_POINT('',(30.402107396599,-1.109279850513));
#2459 = CARTESIAN_POINT('',(30.35532658386,-0.927610948691));
#2460 = CARTESIAN_POINT('',(30.294949239396,-0.750235422528));
#2461 = CARTESIAN_POINT('',(30.22261417106,-0.578310237932));
#2462 = CARTESIAN_POINT('',(30.084700538383,-0.301300424125));
#2463 = CARTESIAN_POINT('',(30.024687167696,-0.192770596112));
#2464 = CARTESIAN_POINT('',(29.96058464163,-8.719588469045E-02));
#2465 = CARTESIAN_POINT('',(29.892921315501,1.532773954395E-02));
#2466 = CARTESIAN_POINT('',(29.822210012617,0.114792279878));
#2467 = CARTESIAN_POINT('',(29.748927518978,0.211264520556));
#2468 = CARTESIAN_POINT('',(29.56383330766,0.44097095783));
#2469 = CARTESIAN_POINT('',(29.449651516224,0.570989942356));
#2470 = CARTESIAN_POINT('',(29.332232202454,0.695368271584));
#2471 = CARTESIAN_POINT('',(29.212644127361,0.814772356527));
#2472 = CARTESIAN_POINT('',(29.091698411446,0.929999452678));
#2473 = CARTESIAN_POINT('',(28.969960708777,1.04191749711));
#2474 = CARTESIAN_POINT('',(28.80596625787,1.188976349087));
#2475 = CARTESIAN_POINT('',(28.7640633395,1.226228725183));
#2476 = CARTESIAN_POINT('',(28.722132799311,1.263233683153));
#2477 = CARTESIAN_POINT('',(28.680190198344,1.300026848084));
#2478 = CARTESIAN_POINT('',(28.638249964994,1.336643613926));
#2479 = CARTESIAN_POINT('',(28.596325709072,1.373119103924));
#2480 = CARTESIAN_POINT('',(28.539497736064,1.422451232988));
#2481 = CARTESIAN_POINT('',(28.524568649738,1.435400793835));
#2482 = CARTESIAN_POINT('',(28.509643878349,1.448338382038));
#2483 = CARTESIAN_POINT('',(28.494724024176,1.461265555262));
#2484 = CARTESIAN_POINT('',(28.479809690313,1.474183860392));
#2485 = CARTESIAN_POINT('',(28.464901480677,1.487094833531));
#2486 = CARTESIAN_POINT('',(28.45,1.5));
#2487 = ( GEOMETRIC_REPRESENTATION_CONTEXT(2) 
PARAMETRIC_REPRESENTATION_CONTEXT() REPRESENTATION_CONTEXT('2D SPACE',''
  ) );
#2488 = PCURVE('',#2489,#2511);
#2489 = ( BOUNDED_SURFACE() B_SPLINE_SURFACE(2,6,(
    (#2490,#2491,#2492,#2493,#2494,#2495,#2496)
    ,(#2497,#2498,#2499,#2500,#2501,#2502,#2503)
    ,(#2504,#2505,#2506,#2507,#2508,#2509,#2510
)),.UNSPECIFIED.,.F.,.F.,.F.) B_SPLINE_SURFACE_WITH_KNOTS((3,3),(7,7),(
    0.,1.691827924083),(-7.57287287375E-13,1.691827924082),
.PIECEWISE_BEZIER_KNOTS.) GEOMETRIC_REPRESENTATION_ITEM() 
RATIONAL_B_SPLINE_SURFACE((
    (1.,1.,1.,1.,1.,1.,1.)
    ,(0.707106781187,0.707106781187,0.707106781187,0.707106781187
      ,0.707106781187,0.707106781187,0.707106781187)
,(1.,1.,1.,1.,1.,1.,1.))) REPRESENTATION_ITEM('') SURFACE() );
#2490 = CARTESIAN_POINT('',(6.,18.115,72.15));
#2491 = CARTESIAN_POINT('',(6.,18.115,71.868028857697));
#2492 = CARTESIAN_POINT('',(6.,18.051394866682,71.586056013624));
#2493 = CARTESIAN_POINT('',(6.,17.924173912911,71.322010852083));
#2494 = CARTESIAN_POINT('',(6.,17.740121503694,71.093891387685));
#2495 = CARTESIAN_POINT('',(6.,17.512620298312,70.915582920912));
#2496 = CARTESIAN_POINT('',(6.,17.257857142857,70.794738145642));
#2497 = CARTESIAN_POINT('',(8.,18.115,72.150000000001));
#2498 = CARTESIAN_POINT('',(8.,18.115,71.8680288577));
#2499 = CARTESIAN_POINT('',(8.,18.051394866679,71.586056013615));
#2500 = CARTESIAN_POINT('',(8.,17.924173912919,71.322010852093));
#2501 = CARTESIAN_POINT('',(8.,17.740121503685,71.093891387679));
#2502 = CARTESIAN_POINT('',(8.,17.512620298317,70.915582920914));
#2503 = CARTESIAN_POINT('',(8.,17.257857142857,70.794738145642));
#2504 = CARTESIAN_POINT('',(8.,20.115,72.150000000005));
#2505 = CARTESIAN_POINT('',(8.,20.115000000001,71.492067334646));
#2506 = CARTESIAN_POINT('',(8.,19.966588992554,70.83413436037));
#2507 = CARTESIAN_POINT('',(8.,19.669736893929,70.218018625583));
#2508 = CARTESIAN_POINT('',(8.,19.240284424878,69.685749524922));
#2509 = CARTESIAN_POINT('',(8.,18.709447362753,69.269693482138));
#2510 = CARTESIAN_POINT('',(8.,18.115,68.987722339832));
#2511 = DEFINITIONAL_REPRESENTATION('',(#2512),#2545);
#2512 = B_SPLINE_CURVE_WITH_KNOTS('',7,(#2513,#2514,#2515,#2516,#2517,
    #2518,#2519,#2520,#2521,#2522,#2523,#2524,#2525,#2526,#2527,#2528,
    #2529,#2530,#2531,#2532,#2533,#2534,#2535,#2536,#2537,#2538,#2539,
    #2540,#2541,#2542,#2543,#2544),.UNSPECIFIED.,.F.,.F.,(8,6,6,6,6,8),(
    0.,0.322390725484,0.538890422041,0.853668032829,0.961548057148,1.),
  .UNSPECIFIED.);
#2513 = CARTESIAN_POINT('',(1.691827924083,1.691827924082));
#2514 = CARTESIAN_POINT('',(1.592669387818,1.658127632349));
#2515 = CARTESIAN_POINT('',(1.497825683956,1.620400469581));
#2516 = CARTESIAN_POINT('',(1.40686176771,1.578277259338));
#2517 = CARTESIAN_POINT('',(1.319260640403,1.531363066063));
#2518 = CARTESIAN_POINT('',(1.234601907158,1.479262807857));
#2519 = CARTESIAN_POINT('',(1.152534288008,1.421687280057));
#2520 = CARTESIAN_POINT('',(1.019218807764,1.316191113538));
#2521 = CARTESIAN_POINT('',(0.966682962517,1.271295795403));
#2522 = CARTESIAN_POINT('',(0.91506978347,1.223852603592));
#2523 = CARTESIAN_POINT('',(0.864282042116,1.173856056928));
#2524 = CARTESIAN_POINT('',(0.814225741133,1.121342748968));
#2525 = CARTESIAN_POINT('',(0.764807259976,1.066394998549));
#2526 = CARTESIAN_POINT('',(0.644861179326,0.925885643752));
#2527 = CARTESIAN_POINT('',(0.574947018456,0.83776501004));
#2528 = CARTESIAN_POINT('',(0.505859715065,0.745125330834));
#2529 = CARTESIAN_POINT('',(0.437273721357,0.648521391049));
#2530 = CARTESIAN_POINT('',(0.368840094242,0.548672925269));
#2531 = CARTESIAN_POINT('',(0.300160418652,0.44639255076));
#2532 = CARTESIAN_POINT('',(0.206973317457,0.306868032353));
#2533 = CARTESIAN_POINT('',(0.183104461451,0.271065802847));
#2534 = CARTESIAN_POINT('',(0.159133529749,0.235107295475));
#2535 = CARTESIAN_POINT('',(0.13504152158,0.199026789605));
#2536 = CARTESIAN_POINT('',(0.110808800064,0.162859103307));
#2537 = CARTESIAN_POINT('',(8.641496534215E-02,0.126639272614));
#2538 = CARTESIAN_POINT('',(5.307895878775E-02,7.748617267168E-02));
#2539 = CARTESIAN_POINT('',(4.429602691597E-02,6.456794305318E-02));
#2540 = CARTESIAN_POINT('',(3.54889742821E-02,5.164913384862E-02));
#2541 = CARTESIAN_POINT('',(2.665683164688E-02,3.873133870956E-02));
#2542 = CARTESIAN_POINT('',(1.779861834834E-02,2.581615300745E-02));
#2543 = CARTESIAN_POINT('',(8.913342301831E-03,1.290517383361E-02));
#2544 = CARTESIAN_POINT('',(0.,-7.57287287375E-13));
#2545 = ( GEOMETRIC_REPRESENTATION_CONTEXT(2) 
PARAMETRIC_REPRESENTATION_CONTEXT() REPRESENTATION_CONTEXT('2D SPACE',''
  ) );
#2546 = ORIENTED_EDGE('',*,*,#1499,.T.);
#2547 = ORIENTED_EDGE('',*,*,#2548,.T.);
#2548 = EDGE_CURVE('',#1500,#2549,#2551,.T.);
#2549 = VERTEX_POINT('',#2550);
#2550 = CARTESIAN_POINT('',(13.,18.115,70.65));
#2551 = SURFACE_CURVE('',#2552,(#2557,#2568),.PCURVE_S1.);
#2552 = CIRCLE('',#2553,5.);
#2553 = AXIS2_PLACEMENT_3D('',#2554,#2555,#2556);
#2554 = CARTESIAN_POINT('',(13.,18.115,65.65));
#2555 = DIRECTION('',(-0.,1.,0.));
#2556 = DIRECTION('',(0.,0.,-1.));
#2557 = PCURVE('',#581,#2558);
#2558 = DEFINITIONAL_REPRESENTATION('',(#2559),#2567);
#2559 = ( BOUNDED_CURVE() B_SPLINE_CURVE(2,(#2560,#2561,#2562,#2563,
#2564,#2565,#2566),.UNSPECIFIED.,.T.,.F.) B_SPLINE_CURVE_WITH_KNOTS((1,2
    ,2,2,2,1),(-2.094395102393,0.,2.094395102393,4.188790204786,
6.28318530718,8.377580409573),.UNSPECIFIED.) CURVE() 
GEOMETRIC_REPRESENTATION_ITEM() RATIONAL_B_SPLINE_CURVE((1.,0.5,1.,0.5,
1.,0.5,1.)) REPRESENTATION_ITEM('') );
#2560 = CARTESIAN_POINT('',(35.45,-10.));
#2561 = CARTESIAN_POINT('',(26.789745962156,-10.));
#2562 = CARTESIAN_POINT('',(31.119872981078,-2.5));
#2563 = CARTESIAN_POINT('',(35.45,5.));
#2564 = CARTESIAN_POINT('',(39.780127018922,-2.5));
#2565 = CARTESIAN_POINT('',(44.110254037844,-10.));
#2566 = CARTESIAN_POINT('',(35.45,-10.));
#2567 = ( GEOMETRIC_REPRESENTATION_CONTEXT(2) 
PARAMETRIC_REPRESENTATION_CONTEXT() REPRESENTATION_CONTEXT('2D SPACE',''
  ) );
#2568 = PCURVE('',#1538,#2569);
#2569 = DEFINITIONAL_REPRESENTATION('',(#2570),#2574);
#2570 = LINE('',#2571,#2572);
#2571 = CARTESIAN_POINT('',(1.570796326795,22.));
#2572 = VECTOR('',#2573,1.);
#2573 = DIRECTION('',(-1.,0.));
#2574 = ( GEOMETRIC_REPRESENTATION_CONTEXT(2) 
PARAMETRIC_REPRESENTATION_CONTEXT() REPRESENTATION_CONTEXT('2D SPACE',''
  ) );
#2575 = ORIENTED_EDGE('',*,*,#2576,.T.);
#2576 = EDGE_CURVE('',#2549,#2577,#2579,.T.);
#2577 = VERTEX_POINT('',#2578);
#2578 = CARTESIAN_POINT('',(20.45,18.115,70.65));
#2579 = SURFACE_CURVE('',#2580,(#2584,#2591),.PCURVE_S1.);
#2580 = LINE('',#2581,#2582);
#2581 = CARTESIAN_POINT('',(0.,18.115,70.65));
#2582 = VECTOR('',#2583,1.);
#2583 = DIRECTION('',(1.,0.,0.));
#2584 = PCURVE('',#581,#2585);
#2585 = DEFINITIONAL_REPRESENTATION('',(#2586),#2590);
#2586 = LINE('',#2587,#2588);
#2587 = CARTESIAN_POINT('',(22.45,2.39808173319E-13));
#2588 = VECTOR('',#2589,1.);
#2589 = DIRECTION('',(1.,0.));
#2590 = ( GEOMETRIC_REPRESENTATION_CONTEXT(2) 
PARAMETRIC_REPRESENTATION_CONTEXT() REPRESENTATION_CONTEXT('2D SPACE',''
  ) );
#2591 = PCURVE('',#2592,#2597);
#2592 = PLANE('',#2593);
#2593 = AXIS2_PLACEMENT_3D('',#2594,#2595,#2596);
#2594 = CARTESIAN_POINT('',(-20.45,40.115,70.65));
#2595 = DIRECTION('',(0.,2.22044604925E-16,1.));
#2596 = DIRECTION('',(1.,0.,0.));
#2597 = DEFINITIONAL_REPRESENTATION('',(#2598),#2602);
#2598 = LINE('',#2599,#2600);
#2599 = CARTESIAN_POINT('',(20.45,-22.));
#2600 = VECTOR('',#2601,1.);
#2601 = DIRECTION('',(1.,0.));
#2602 = ( GEOMETRIC_REPRESENTATION_CONTEXT(2) 
PARAMETRIC_REPRESENTATION_CONTEXT() REPRESENTATION_CONTEXT('2D SPACE',''
  ) );
#2603 = ORIENTED_EDGE('',*,*,#2604,.F.);
#2604 = EDGE_CURVE('',#2605,#2577,#2607,.T.);
#2605 = VERTEX_POINT('',#2606);
#2606 = CARTESIAN_POINT('',(22.45,18.115,72.65));
#2607 = SURFACE_CURVE('',#2608,(#2613,#2624),.PCURVE_S1.);
#2608 = CIRCLE('',#2609,2.);
#2609 = AXIS2_PLACEMENT_3D('',#2610,#2611,#2612);
#2610 = CARTESIAN_POINT('',(20.45,18.115,72.65));
#2611 = DIRECTION('',(0.,1.,-2.22044604925E-16));
#2612 = DIRECTION('',(-1.,0.,0.));
#2613 = PCURVE('',#581,#2614);
#2614 = DEFINITIONAL_REPRESENTATION('',(#2615),#2623);
#2615 = ( BOUNDED_CURVE() B_SPLINE_CURVE(2,(#2616,#2617,#2618,#2619,
#2620,#2621,#2622),.UNSPECIFIED.,.T.,.F.) B_SPLINE_CURVE_WITH_KNOTS((1,2
    ,2,2,2,1),(-2.094395102393,0.,2.094395102393,4.188790204786,
6.28318530718,8.377580409573),.UNSPECIFIED.) CURVE() 
GEOMETRIC_REPRESENTATION_ITEM() RATIONAL_B_SPLINE_CURVE((1.,0.5,1.,0.5,
1.,0.5,1.)) REPRESENTATION_ITEM('') );
#2616 = CARTESIAN_POINT('',(40.9,2.));
#2617 = CARTESIAN_POINT('',(40.9,5.464101615138));
#2618 = CARTESIAN_POINT('',(43.9,3.732050807569));
#2619 = CARTESIAN_POINT('',(46.9,2.));
#2620 = CARTESIAN_POINT('',(43.9,0.267949192431));
#2621 = CARTESIAN_POINT('',(40.9,-1.464101615138));
#2622 = CARTESIAN_POINT('',(40.9,2.));
#2623 = ( GEOMETRIC_REPRESENTATION_CONTEXT(2) 
PARAMETRIC_REPRESENTATION_CONTEXT() REPRESENTATION_CONTEXT('2D SPACE',''
  ) );
#2624 = PCURVE('',#2625,#2630);
#2625 = CYLINDRICAL_SURFACE('',#2626,2.);
#2626 = AXIS2_PLACEMENT_3D('',#2627,#2628,#2629);
#2627 = CARTESIAN_POINT('',(20.45,40.115,72.65));
#2628 = DIRECTION('',(0.,1.,-2.22044604925E-16));
#2629 = DIRECTION('',(-1.,0.,0.));
#2630 = DEFINITIONAL_REPRESENTATION('',(#2631),#2635);
#2631 = LINE('',#2632,#2633);
#2632 = CARTESIAN_POINT('',(0.,-22.));
#2633 = VECTOR('',#2634,1.);
#2634 = DIRECTION('',(1.,0.));
#2635 = ( GEOMETRIC_REPRESENTATION_CONTEXT(2) 
PARAMETRIC_REPRESENTATION_CONTEXT() REPRESENTATION_CONTEXT('2D SPACE',''
  ) );
#2636 = ORIENTED_EDGE('',*,*,#2637,.T.);
#2637 = EDGE_CURVE('',#2605,#2638,#2640,.T.);
#2638 = VERTEX_POINT('',#2639);
#2639 = CARTESIAN_POINT('',(22.45,18.115,97.349999997432));
#2640 = SURFACE_CURVE('',#2641,(#2645,#2652),.PCURVE_S1.);
#2641 = LINE('',#2642,#2643);
#2642 = CARTESIAN_POINT('',(22.45,18.115,85.));
#2643 = VECTOR('',#2644,1.);
#2644 = DIRECTION('',(0.,2.22044604925E-16,1.));
#2645 = PCURVE('',#581,#2646);
#2646 = DEFINITIONAL_REPRESENTATION('',(#2647),#2651);
#2647 = LINE('',#2648,#2649);
#2648 = CARTESIAN_POINT('',(44.9,14.35));
#2649 = VECTOR('',#2650,1.);
#2650 = DIRECTION('',(0.,1.));
#2651 = ( GEOMETRIC_REPRESENTATION_CONTEXT(2) 
PARAMETRIC_REPRESENTATION_CONTEXT() REPRESENTATION_CONTEXT('2D SPACE',''
  ) );
#2652 = PCURVE('',#2653,#2658);
#2653 = PLANE('',#2654);
#2654 = AXIS2_PLACEMENT_3D('',#2655,#2656,#2657);
#2655 = CARTESIAN_POINT('',(22.45,40.115,70.65));
#2656 = DIRECTION('',(1.,0.,0.));
#2657 = DIRECTION('',(0.,-1.,2.22044604925E-16));
#2658 = DEFINITIONAL_REPRESENTATION('',(#2659),#2663);
#2659 = LINE('',#2660,#2661);
#2660 = CARTESIAN_POINT('',(22.,-14.35));
#2661 = VECTOR('',#2662,1.);
#2662 = DIRECTION('',(0.,-1.));
#2663 = ( GEOMETRIC_REPRESENTATION_CONTEXT(2) 
PARAMETRIC_REPRESENTATION_CONTEXT() REPRESENTATION_CONTEXT('2D SPACE',''
  ) );
#2664 = ORIENTED_EDGE('',*,*,#2665,.F.);
#2665 = EDGE_CURVE('',#2666,#2638,#2668,.T.);
#2666 = VERTEX_POINT('',#2667);
#2667 = CARTESIAN_POINT('',(20.45,18.115,99.349999998716));
#2668 = SURFACE_CURVE('',#2669,(#2674,#2685),.PCURVE_S1.);
#2669 = CIRCLE('',#2670,2.);
#2670 = AXIS2_PLACEMENT_3D('',#2671,#2672,#2673);
#2671 = CARTESIAN_POINT('',(20.45,18.115,97.349999997432));
#2672 = DIRECTION('',(0.,1.,-2.22044604925E-16));
#2673 = DIRECTION('',(-1.,0.,0.));
#2674 = PCURVE('',#581,#2675);
#2675 = DEFINITIONAL_REPRESENTATION('',(#2676),#2684);
#2676 = ( BOUNDED_CURVE() B_SPLINE_CURVE(2,(#2677,#2678,#2679,#2680,
#2681,#2682,#2683),.UNSPECIFIED.,.T.,.F.) B_SPLINE_CURVE_WITH_KNOTS((1,2
    ,2,2,2,1),(-2.094395102393,0.,2.094395102393,4.188790204786,
6.28318530718,8.377580409573),.UNSPECIFIED.) CURVE() 
GEOMETRIC_REPRESENTATION_ITEM() RATIONAL_B_SPLINE_CURVE((1.,0.5,1.,0.5,
1.,0.5,1.)) REPRESENTATION_ITEM('') );
#2677 = CARTESIAN_POINT('',(40.9,26.699999997432));
#2678 = CARTESIAN_POINT('',(40.9,30.16410161257));
#2679 = CARTESIAN_POINT('',(43.9,28.432050805001));
#2680 = CARTESIAN_POINT('',(46.9,26.699999997432));
#2681 = CARTESIAN_POINT('',(43.9,24.967949189863));
#2682 = CARTESIAN_POINT('',(40.9,23.235898382294));
#2683 = CARTESIAN_POINT('',(40.9,26.699999997432));
#2684 = ( GEOMETRIC_REPRESENTATION_CONTEXT(2) 
PARAMETRIC_REPRESENTATION_CONTEXT() REPRESENTATION_CONTEXT('2D SPACE',''
  ) );
#2685 = PCURVE('',#2686,#2691);
#2686 = CYLINDRICAL_SURFACE('',#2687,2.);
#2687 = AXIS2_PLACEMENT_3D('',#2688,#2689,#2690);
#2688 = CARTESIAN_POINT('',(20.45,40.115,97.349999997432));
#2689 = DIRECTION('',(0.,1.,-2.22044604925E-16));
#2690 = DIRECTION('',(-1.,0.,0.));
#2691 = DEFINITIONAL_REPRESENTATION('',(#2692),#2696);
#2692 = LINE('',#2693,#2694);
#2693 = CARTESIAN_POINT('',(0.,-22.));
#2694 = VECTOR('',#2695,1.);
#2695 = DIRECTION('',(1.,0.));
#2696 = ( GEOMETRIC_REPRESENTATION_CONTEXT(2) 
PARAMETRIC_REPRESENTATION_CONTEXT() REPRESENTATION_CONTEXT('2D SPACE',''
  ) );
#2697 = ORIENTED_EDGE('',*,*,#2698,.F.);
#2698 = EDGE_CURVE('',#2699,#2666,#2701,.T.);
#2699 = VERTEX_POINT('',#2700);
#2700 = CARTESIAN_POINT('',(-20.45,18.115,99.349999998716));
#2701 = SURFACE_CURVE('',#2702,(#2706,#2713),.PCURVE_S1.);
#2702 = LINE('',#2703,#2704);
#2703 = CARTESIAN_POINT('',(0.,18.115,99.35));
#2704 = VECTOR('',#2705,1.);
#2705 = DIRECTION('',(1.,0.,0.));
#2706 = PCURVE('',#581,#2707);
#2707 = DEFINITIONAL_REPRESENTATION('',(#2708),#2712);
#2708 = LINE('',#2709,#2710);
#2709 = CARTESIAN_POINT('',(22.45,28.7));
#2710 = VECTOR('',#2711,1.);
#2711 = DIRECTION('',(1.,0.));
#2712 = ( GEOMETRIC_REPRESENTATION_CONTEXT(2) 
PARAMETRIC_REPRESENTATION_CONTEXT() REPRESENTATION_CONTEXT('2D SPACE',''
  ) );
#2713 = PCURVE('',#2714,#2719);
#2714 = PLANE('',#2715);
#2715 = AXIS2_PLACEMENT_3D('',#2716,#2717,#2718);
#2716 = CARTESIAN_POINT('',(-20.45,40.115,99.35));
#2717 = DIRECTION('',(0.,2.22044604925E-16,1.));
#2718 = DIRECTION('',(1.,0.,0.));
#2719 = DEFINITIONAL_REPRESENTATION('',(#2720),#2724);
#2720 = LINE('',#2721,#2722);
#2721 = CARTESIAN_POINT('',(20.45,-22.));
#2722 = VECTOR('',#2723,1.);
#2723 = DIRECTION('',(1.,0.));
#2724 = ( GEOMETRIC_REPRESENTATION_CONTEXT(2) 
PARAMETRIC_REPRESENTATION_CONTEXT() REPRESENTATION_CONTEXT('2D SPACE',''
  ) );
#2725 = ORIENTED_EDGE('',*,*,#2726,.F.);
#2726 = EDGE_CURVE('',#2727,#2699,#2729,.T.);
#2727 = VERTEX_POINT('',#2728);
#2728 = CARTESIAN_POINT('',(-22.45,18.115,97.349999997432));
#2729 = SURFACE_CURVE('',#2730,(#2735,#2746),.PCURVE_S1.);
#2730 = CIRCLE('',#2731,2.);
#2731 = AXIS2_PLACEMENT_3D('',#2732,#2733,#2734);
#2732 = CARTESIAN_POINT('',(-20.45,18.115,97.349999997432));
#2733 = DIRECTION('',(0.,1.,-2.22044604925E-16));
#2734 = DIRECTION('',(-1.,0.,0.));
#2735 = PCURVE('',#581,#2736);
#2736 = DEFINITIONAL_REPRESENTATION('',(#2737),#2745);
#2737 = ( BOUNDED_CURVE() B_SPLINE_CURVE(2,(#2738,#2739,#2740,#2741,
#2742,#2743,#2744),.UNSPECIFIED.,.T.,.F.) B_SPLINE_CURVE_WITH_KNOTS((1,2
    ,2,2,2,1),(-2.094395102393,0.,2.094395102393,4.188790204786,
6.28318530718,8.377580409573),.UNSPECIFIED.) CURVE() 
GEOMETRIC_REPRESENTATION_ITEM() RATIONAL_B_SPLINE_CURVE((1.,0.5,1.,0.5,
1.,0.5,1.)) REPRESENTATION_ITEM('') );
#2738 = CARTESIAN_POINT('',(0.,26.699999997432));
#2739 = CARTESIAN_POINT('',(0.,30.16410161257));
#2740 = CARTESIAN_POINT('',(3.,28.432050805001));
#2741 = CARTESIAN_POINT('',(6.,26.699999997432));
#2742 = CARTESIAN_POINT('',(3.,24.967949189863));
#2743 = CARTESIAN_POINT('',(3.10862446895E-15,23.235898382294));
#2744 = CARTESIAN_POINT('',(0.,26.699999997432));
#2745 = ( GEOMETRIC_REPRESENTATION_CONTEXT(2) 
PARAMETRIC_REPRESENTATION_CONTEXT() REPRESENTATION_CONTEXT('2D SPACE',''
  ) );
#2746 = PCURVE('',#2747,#2752);
#2747 = CYLINDRICAL_SURFACE('',#2748,2.);
#2748 = AXIS2_PLACEMENT_3D('',#2749,#2750,#2751);
#2749 = CARTESIAN_POINT('',(-20.45,40.115,97.349999997432));
#2750 = DIRECTION('',(0.,1.,-2.22044604925E-16));
#2751 = DIRECTION('',(-1.,0.,0.));
#2752 = DEFINITIONAL_REPRESENTATION('',(#2753),#2757);
#2753 = LINE('',#2754,#2755);
#2754 = CARTESIAN_POINT('',(0.,-22.));
#2755 = VECTOR('',#2756,1.);
#2756 = DIRECTION('',(1.,0.));
#2757 = ( GEOMETRIC_REPRESENTATION_CONTEXT(2) 
PARAMETRIC_REPRESENTATION_CONTEXT() REPRESENTATION_CONTEXT('2D SPACE',''
  ) );
#2758 = ORIENTED_EDGE('',*,*,#2759,.F.);
#2759 = EDGE_CURVE('',#2760,#2727,#2762,.T.);
#2760 = VERTEX_POINT('',#2761);
#2761 = CARTESIAN_POINT('',(-22.45,18.115,72.65));
#2762 = SURFACE_CURVE('',#2763,(#2767,#2774),.PCURVE_S1.);
#2763 = LINE('',#2764,#2765);
#2764 = CARTESIAN_POINT('',(-22.45,18.115,85.));
#2765 = VECTOR('',#2766,1.);
#2766 = DIRECTION('',(0.,2.22044604925E-16,1.));
#2767 = PCURVE('',#581,#2768);
#2768 = DEFINITIONAL_REPRESENTATION('',(#2769),#2773);
#2769 = LINE('',#2770,#2771);
#2770 = CARTESIAN_POINT('',(0.,14.35));
#2771 = VECTOR('',#2772,1.);
#2772 = DIRECTION('',(0.,1.));
#2773 = ( GEOMETRIC_REPRESENTATION_CONTEXT(2) 
PARAMETRIC_REPRESENTATION_CONTEXT() REPRESENTATION_CONTEXT('2D SPACE',''
  ) );
#2774 = PCURVE('',#2775,#2780);
#2775 = PLANE('',#2776);
#2776 = AXIS2_PLACEMENT_3D('',#2777,#2778,#2779);
#2777 = CARTESIAN_POINT('',(-22.45,40.115,70.65));
#2778 = DIRECTION('',(1.,0.,0.));
#2779 = DIRECTION('',(0.,-1.,2.22044604925E-16));
#2780 = DEFINITIONAL_REPRESENTATION('',(#2781),#2785);
#2781 = LINE('',#2782,#2783);
#2782 = CARTESIAN_POINT('',(22.,-14.35));
#2783 = VECTOR('',#2784,1.);
#2784 = DIRECTION('',(0.,-1.));
#2785 = ( GEOMETRIC_REPRESENTATION_CONTEXT(2) 
PARAMETRIC_REPRESENTATION_CONTEXT() REPRESENTATION_CONTEXT('2D SPACE',''
  ) );
#2786 = ORIENTED_EDGE('',*,*,#2787,.F.);
#2787 = EDGE_CURVE('',#2788,#2760,#2790,.T.);
#2788 = VERTEX_POINT('',#2789);
#2789 = CARTESIAN_POINT('',(-20.45,18.115,70.65));
#2790 = SURFACE_CURVE('',#2791,(#2796,#2807),.PCURVE_S1.);
#2791 = CIRCLE('',#2792,2.);
#2792 = AXIS2_PLACEMENT_3D('',#2793,#2794,#2795);
#2793 = CARTESIAN_POINT('',(-20.45,18.115,72.65));
#2794 = DIRECTION('',(0.,1.,-2.22044604925E-16));
#2795 = DIRECTION('',(-1.,0.,0.));
#2796 = PCURVE('',#581,#2797);
#2797 = DEFINITIONAL_REPRESENTATION('',(#2798),#2806);
#2798 = ( BOUNDED_CURVE() B_SPLINE_CURVE(2,(#2799,#2800,#2801,#2802,
#2803,#2804,#2805),.UNSPECIFIED.,.T.,.F.) B_SPLINE_CURVE_WITH_KNOTS((1,2
    ,2,2,2,1),(-2.094395102393,0.,2.094395102393,4.188790204786,
6.28318530718,8.377580409573),.UNSPECIFIED.) CURVE() 
GEOMETRIC_REPRESENTATION_ITEM() RATIONAL_B_SPLINE_CURVE((1.,0.5,1.,0.5,
1.,0.5,1.)) REPRESENTATION_ITEM('') );
#2799 = CARTESIAN_POINT('',(0.,2.));
#2800 = CARTESIAN_POINT('',(0.,5.464101615138));
#2801 = CARTESIAN_POINT('',(3.,3.732050807569));
#2802 = CARTESIAN_POINT('',(6.,2.));
#2803 = CARTESIAN_POINT('',(3.,0.267949192431));
#2804 = CARTESIAN_POINT('',(3.10862446895E-15,-1.464101615138));
#2805 = CARTESIAN_POINT('',(0.,2.));
#2806 = ( GEOMETRIC_REPRESENTATION_CONTEXT(2) 
PARAMETRIC_REPRESENTATION_CONTEXT() REPRESENTATION_CONTEXT('2D SPACE',''
  ) );
#2807 = PCURVE('',#2808,#2813);
#2808 = CYLINDRICAL_SURFACE('',#2809,2.);
#2809 = AXIS2_PLACEMENT_3D('',#2810,#2811,#2812);
#2810 = CARTESIAN_POINT('',(-20.45,40.115,72.65));
#2811 = DIRECTION('',(0.,1.,-2.22044604925E-16));
#2812 = DIRECTION('',(-1.,0.,0.));
#2813 = DEFINITIONAL_REPRESENTATION('',(#2814),#2818);
#2814 = LINE('',#2815,#2816);
#2815 = CARTESIAN_POINT('',(0.,-22.));
#2816 = VECTOR('',#2817,1.);
#2817 = DIRECTION('',(1.,0.));
#2818 = ( GEOMETRIC_REPRESENTATION_CONTEXT(2) 
PARAMETRIC_REPRESENTATION_CONTEXT() REPRESENTATION_CONTEXT('2D SPACE',''
  ) );
#2819 = ORIENTED_EDGE('',*,*,#2820,.T.);
#2820 = EDGE_CURVE('',#2788,#2821,#2823,.T.);
#2821 = VERTEX_POINT('',#2822);
#2822 = CARTESIAN_POINT('',(-13.,18.115,70.65));
#2823 = SURFACE_CURVE('',#2824,(#2828,#2835),.PCURVE_S1.);
#2824 = LINE('',#2825,#2826);
#2825 = CARTESIAN_POINT('',(0.,18.115,70.65));
#2826 = VECTOR('',#2827,1.);
#2827 = DIRECTION('',(1.,0.,0.));
#2828 = PCURVE('',#581,#2829);
#2829 = DEFINITIONAL_REPRESENTATION('',(#2830),#2834);
#2830 = LINE('',#2831,#2832);
#2831 = CARTESIAN_POINT('',(22.45,2.39808173319E-13));
#2832 = VECTOR('',#2833,1.);
#2833 = DIRECTION('',(1.,0.));
#2834 = ( GEOMETRIC_REPRESENTATION_CONTEXT(2) 
PARAMETRIC_REPRESENTATION_CONTEXT() REPRESENTATION_CONTEXT('2D SPACE',''
  ) );
#2835 = PCURVE('',#2836,#2841);
#2836 = PLANE('',#2837);
#2837 = AXIS2_PLACEMENT_3D('',#2838,#2839,#2840);
#2838 = CARTESIAN_POINT('',(-20.45,40.115,70.65));
#2839 = DIRECTION('',(0.,2.22044604925E-16,1.));
#2840 = DIRECTION('',(1.,0.,0.));
#2841 = DEFINITIONAL_REPRESENTATION('',(#2842),#2846);
#2842 = LINE('',#2843,#2844);
#2843 = CARTESIAN_POINT('',(20.45,-22.));
#2844 = VECTOR('',#2845,1.);
#2845 = DIRECTION('',(1.,0.));
#2846 = ( GEOMETRIC_REPRESENTATION_CONTEXT(2) 
PARAMETRIC_REPRESENTATION_CONTEXT() REPRESENTATION_CONTEXT('2D SPACE',''
  ) );
#2847 = ORIENTED_EDGE('',*,*,#2848,.F.);
#2848 = EDGE_CURVE('',#566,#2821,#2849,.T.);
#2849 = SURFACE_CURVE('',#2850,(#2855,#2862),.PCURVE_S1.);
#2850 = CIRCLE('',#2851,5.);
#2851 = AXIS2_PLACEMENT_3D('',#2852,#2853,#2854);
#2852 = CARTESIAN_POINT('',(-13.,18.115,65.65));
#2853 = DIRECTION('',(-0.,-1.,0.));
#2854 = DIRECTION('',(0.,-0.,1.));
#2855 = PCURVE('',#581,#2856);
#2856 = DEFINITIONAL_REPRESENTATION('',(#2857),#2861);
#2857 = CIRCLE('',#2858,5.);
#2858 = AXIS2_PLACEMENT_2D('',#2859,#2860);
#2859 = CARTESIAN_POINT('',(9.45,-5.));
#2860 = DIRECTION('',(0.,1.));
#2861 = ( GEOMETRIC_REPRESENTATION_CONTEXT(2) 
PARAMETRIC_REPRESENTATION_CONTEXT() REPRESENTATION_CONTEXT('2D SPACE',''
  ) );
#2862 = PCURVE('',#1306,#2863);
#2863 = DEFINITIONAL_REPRESENTATION('',(#2864),#2868);
#2864 = LINE('',#2865,#2866);
#2865 = CARTESIAN_POINT('',(4.712388980385,-0.));
#2866 = VECTOR('',#2867,1.);
#2867 = DIRECTION('',(-1.,0.));
#2868 = ( GEOMETRIC_REPRESENTATION_CONTEXT(2) 
PARAMETRIC_REPRESENTATION_CONTEXT() REPRESENTATION_CONTEXT('2D SPACE',''
  ) );
#2869 = ORIENTED_EDGE('',*,*,#563,.F.);
#2870 = ORIENTED_EDGE('',*,*,#2871,.T.);
#2871 = EDGE_CURVE('',#564,#2388,#2872,.T.);
#2872 = SURFACE_CURVE('',#2873,(#2906,#2942),.PCURVE_S1.);
#2873 = B_SPLINE_CURVE_WITH_KNOTS('',7,(#2874,#2875,#2876,#2877,#2878,
    #2879,#2880,#2881,#2882,#2883,#2884,#2885,#2886,#2887,#2888,#2889,
    #2890,#2891,#2892,#2893,#2894,#2895,#2896,#2897,#2898,#2899,#2900,
    #2901,#2902,#2903,#2904,#2905),.UNSPECIFIED.,.F.,.F.,(8,6,6,6,6,8),(
    0.,0.322390725409,0.538890421975,0.853668031511,0.961548056553,1.),
  .UNSPECIFIED.);
#2874 = CARTESIAN_POINT('',(-8.,18.115,68.987722339832));
#2875 = CARTESIAN_POINT('',(-8.,18.115,69.171201589819));
#2876 = CARTESIAN_POINT('',(-7.983969170931,18.115,69.356327717958));
#2877 = CARTESIAN_POINT('',(-7.952107396601,18.115,69.540720149319));
#2878 = CARTESIAN_POINT('',(-7.905326583832,18.115,69.722389051058));
#2879 = CARTESIAN_POINT('',(-7.844949239331,18.115,69.899764577142));
#2880 = CARTESIAN_POINT('',(-7.772614171001,18.115,70.0716897617));
#2881 = CARTESIAN_POINT('',(-7.634700538407,18.115,70.348699575538));
#2882 = CARTESIAN_POINT('',(-7.574687167766,18.115,70.457229403599));
#2883 = CARTESIAN_POINT('',(-7.510584641766,18.115,70.562804115093));
#2884 = CARTESIAN_POINT('',(-7.442921315717,18.115,70.665327739419));
#2885 = CARTESIAN_POINT('',(-7.372210012916,18.115,70.764792279838));
#2886 = CARTESIAN_POINT('',(-7.298927519343,18.115,70.861264520561));
#2887 = CARTESIAN_POINT('',(-7.113833308567,18.115,71.090970957244));
#2888 = CARTESIAN_POINT('',(-6.999651517622,18.115,71.220989941099));
#2889 = CARTESIAN_POINT('',(-6.882232204333,18.115,71.345368269505));
#2890 = CARTESIAN_POINT('',(-6.762644129697,18.115,71.464772353377));
#2891 = CARTESIAN_POINT('',(-6.641698414405,18.115,71.579999448597));
#2892 = CARTESIAN_POINT('',(-6.519960712718,18.115,71.691917492837));
#2893 = CARTESIAN_POINT('',(-6.35596626263,18.115,71.838976345538));
#2894 = CARTESIAN_POINT('',(-6.314063344128,18.115,71.876228722165));
#2895 = CARTESIAN_POINT('',(-6.272132803783,18.115,71.9132336807));
#2896 = CARTESIAN_POINT('',(-6.230190202612,18.115,71.950026846207));
#2897 = CARTESIAN_POINT('',(-6.188249968978,18.115,71.986643612591));
#2898 = CARTESIAN_POINT('',(-6.146325712646,18.115,72.023119103027));
#2899 = CARTESIAN_POINT('',(-6.089497738702,18.115,72.072451232525));
#2900 = CARTESIAN_POINT('',(-6.074568652011,18.115,72.085400793543));
#2901 = CARTESIAN_POINT('',(-6.059643880231,18.115,72.098338381886));
#2902 = CARTESIAN_POINT('',(-6.044724025638,18.115,72.111265555216));
#2903 = CARTESIAN_POINT('',(-6.029809691323,18.115,72.124183860411));
#2904 = CARTESIAN_POINT('',(-6.014901481201,18.115,72.137094833568));
#2905 = CARTESIAN_POINT('',(-6.,18.115,72.15));
#2906 = PCURVE('',#581,#2907);
#2907 = DEFINITIONAL_REPRESENTATION('',(#2908),#2941);
#2908 = B_SPLINE_CURVE_WITH_KNOTS('',7,(#2909,#2910,#2911,#2912,#2913,
    #2914,#2915,#2916,#2917,#2918,#2919,#2920,#2921,#2922,#2923,#2924,
    #2925,#2926,#2927,#2928,#2929,#2930,#2931,#2932,#2933,#2934,#2935,
    #2936,#2937,#2938,#2939,#2940),.UNSPECIFIED.,.F.,.F.,(8,6,6,6,6,8),(
    0.,0.322390725409,0.538890421975,0.853668031511,0.961548056553,1.),
  .UNSPECIFIED.);
#2909 = CARTESIAN_POINT('',(14.45,-1.662277660168));
#2910 = CARTESIAN_POINT('',(14.45,-1.478798410181));
#2911 = CARTESIAN_POINT('',(14.466030829069,-1.293672282042));
#2912 = CARTESIAN_POINT('',(14.497892603399,-1.109279850681));
#2913 = CARTESIAN_POINT('',(14.544673416168,-0.927610948942));
#2914 = CARTESIAN_POINT('',(14.605050760669,-0.750235422858));
#2915 = CARTESIAN_POINT('',(14.677385828999,-0.5783102383));
#2916 = CARTESIAN_POINT('',(14.815299461593,-0.301300424462));
#2917 = CARTESIAN_POINT('',(14.875312832234,-0.192770596401));
#2918 = CARTESIAN_POINT('',(14.939415358234,-8.719588490657E-02));
#2919 = CARTESIAN_POINT('',(15.007078684283,1.532773941872E-02));
#2920 = CARTESIAN_POINT('',(15.077789987084,0.114792279838));
#2921 = CARTESIAN_POINT('',(15.151072480657,0.211264520561));
#2922 = CARTESIAN_POINT('',(15.336166691433,0.440970957244));
#2923 = CARTESIAN_POINT('',(15.450348482378,0.570989941099));
#2924 = CARTESIAN_POINT('',(15.567767795667,0.695368269505));
#2925 = CARTESIAN_POINT('',(15.687355870303,0.814772353377));
#2926 = CARTESIAN_POINT('',(15.808301585595,0.929999448597));
#2927 = CARTESIAN_POINT('',(15.930039287282,1.041917492837));
#2928 = CARTESIAN_POINT('',(16.09403373737,1.188976345538));
#2929 = CARTESIAN_POINT('',(16.135936655872,1.226228722165));
#2930 = CARTESIAN_POINT('',(16.177867196217,1.2632336807));
#2931 = CARTESIAN_POINT('',(16.219809797388,1.300026846207));
#2932 = CARTESIAN_POINT('',(16.261750031022,1.336643612591));
#2933 = CARTESIAN_POINT('',(16.303674287354,1.373119103027));
#2934 = CARTESIAN_POINT('',(16.360502261298,1.422451232525));
#2935 = CARTESIAN_POINT('',(16.375431347989,1.435400793543));
#2936 = CARTESIAN_POINT('',(16.390356119769,1.448338381886));
#2937 = CARTESIAN_POINT('',(16.405275974362,1.461265555216));
#2938 = CARTESIAN_POINT('',(16.420190308677,1.474183860411));
#2939 = CARTESIAN_POINT('',(16.435098518799,1.487094833568));
#2940 = CARTESIAN_POINT('',(16.45,1.5));
#2941 = ( GEOMETRIC_REPRESENTATION_CONTEXT(2) 
PARAMETRIC_REPRESENTATION_CONTEXT() REPRESENTATION_CONTEXT('2D SPACE',''
  ) );
#2942 = PCURVE('',#2943,#2965);
#2943 = ( BOUNDED_SURFACE() B_SPLINE_SURFACE(2,6,(
    (#2944,#2945,#2946,#2947,#2948,#2949,#2950)
    ,(#2951,#2952,#2953,#2954,#2955,#2956,#2957)
    ,(#2958,#2959,#2960,#2961,#2962,#2963,#2964
)),.UNSPECIFIED.,.F.,.F.,.F.) B_SPLINE_SURFACE_WITH_KNOTS((3,3),(7,7),(
    0.,1.691827924081),(109.3209592197,111.01278714378),
.PIECEWISE_BEZIER_KNOTS.) GEOMETRIC_REPRESENTATION_ITEM() 
RATIONAL_B_SPLINE_SURFACE((
    (1.,1.,1.,1.,1.,1.,1.)
    ,(0.707106781187,0.707106781187,0.707106781187,0.707106781187
      ,0.707106781187,0.707106781187,0.707106781187)
,(1.,1.,1.,1.,1.,1.,1.))) REPRESENTATION_ITEM('') SURFACE() );
#2944 = CARTESIAN_POINT('',(-8.,18.115,68.987722339832));
#2945 = CARTESIAN_POINT('',(-8.,18.709447362732,69.269693482129));
#2946 = CARTESIAN_POINT('',(-8.,19.240284427204,69.685749520488));
#2947 = CARTESIAN_POINT('',(-8.,19.669736890982,70.218018644631));
#2948 = CARTESIAN_POINT('',(-8.,19.966588985631,70.83413432569));
#2949 = CARTESIAN_POINT('',(-8.,20.115,71.492067334635));
#2950 = CARTESIAN_POINT('',(-8.,20.115,72.15));
#2951 = CARTESIAN_POINT('',(-8.,17.257857142857,70.794738145642));
#2952 = CARTESIAN_POINT('',(-8.,17.512620298317,70.915582920914));
#2953 = CARTESIAN_POINT('',(-8.,17.740121502916,71.093891380132));
#2954 = CARTESIAN_POINT('',(-8.,17.924173915938,71.322010873047));
#2955 = CARTESIAN_POINT('',(-8.,18.051394861855,71.586055991753));
#2956 = CARTESIAN_POINT('',(-8.,18.115,71.868028857699));
#2957 = CARTESIAN_POINT('',(-8.,18.115,72.149999999999));
#2958 = CARTESIAN_POINT('',(-6.,17.257857142857,70.794738145642));
#2959 = CARTESIAN_POINT('',(-6.,17.51262029832,70.915582920915));
#2960 = CARTESIAN_POINT('',(-6.,17.740121502911,71.093891380128));
#2961 = CARTESIAN_POINT('',(-6.,17.924173915942,71.322010873054));
#2962 = CARTESIAN_POINT('',(-6.,18.051394861853,71.586055991747));
#2963 = CARTESIAN_POINT('',(-6.,18.115,71.868028857701));
#2964 = CARTESIAN_POINT('',(-6.,18.115,72.15));
#2965 = DEFINITIONAL_REPRESENTATION('',(#2966),#2999);
#2966 = B_SPLINE_CURVE_WITH_KNOTS('',7,(#2967,#2968,#2969,#2970,#2971,
    #2972,#2973,#2974,#2975,#2976,#2977,#2978,#2979,#2980,#2981,#2982,
    #2983,#2984,#2985,#2986,#2987,#2988,#2989,#2990,#2991,#2992,#2993,
    #2994,#2995,#2996,#2997,#2998),.UNSPECIFIED.,.F.,.F.,(8,6,6,6,6,8),(
    0.,0.322390725409,0.538890421975,0.853668031511,0.961548056553,1.),
  .UNSPECIFIED.);
#2967 = CARTESIAN_POINT('',(0.,109.3209592197));
#2968 = CARTESIAN_POINT('',(9.915853624112E-02,109.35465951142));
#2969 = CARTESIAN_POINT('',(0.194002240118,109.39238667418));
#2970 = CARTESIAN_POINT('',(0.284966156398,109.43450988441));
#2971 = CARTESIAN_POINT('',(0.372567283743,109.48142407768));
#2972 = CARTESIAN_POINT('',(0.457226017004,109.53352433589));
#2973 = CARTESIAN_POINT('',(0.539293636131,109.59109986367));
#2974 = CARTESIAN_POINT('',(0.672609116295,109.69659603016));
#2975 = CARTESIAN_POINT('',(0.725144961503,109.74149134828));
#2976 = CARTESIAN_POINT('',(0.776758140501,109.78893454008));
#2977 = CARTESIAN_POINT('',(0.827545881802,109.83893108674));
#2978 = CARTESIAN_POINT('',(0.877602182737,109.8914443947));
#2979 = CARTESIAN_POINT('',(0.927020663861,109.94639214517));
#2980 = CARTESIAN_POINT('',(1.046966744182,110.08690149991));
#2981 = CARTESIAN_POINT('',(1.116880904779,110.17502213354));
#2982 = CARTESIAN_POINT('',(1.185968207917,110.26766181278));
#2983 = CARTESIAN_POINT('',(1.254554201384,110.36426575282));
#2984 = CARTESIAN_POINT('',(1.322987828163,110.46411421895));
#2985 = CARTESIAN_POINT('',(1.391667503207,110.56639459354));
#2986 = CARTESIAN_POINT('',(1.484854603915,110.7059191117));
#2987 = CARTESIAN_POINT('',(1.508723459987,110.74172134136));
#2988 = CARTESIAN_POINT('',(1.532694391768,110.77767984883));
#2989 = CARTESIAN_POINT('',(1.556786400042,110.81376035471));
#2990 = CARTESIAN_POINT('',(1.581019121709,110.84992804093));
#2991 = CARTESIAN_POINT('',(1.605412956655,110.88614787146));
#2992 = CARTESIAN_POINT('',(1.638748963742,110.93530097118));
#2993 = CARTESIAN_POINT('',(1.647531895824,110.94821920081));
#2994 = CARTESIAN_POINT('',(1.656338948685,110.96113801001));
#2995 = CARTESIAN_POINT('',(1.665171091566,110.97405580515));
#2996 = CARTESIAN_POINT('',(1.674029305131,110.98697099083));
#2997 = CARTESIAN_POINT('',(1.682914581466,110.99988196998));
#2998 = CARTESIAN_POINT('',(1.691827924081,111.01278714378));
#2999 = ( GEOMETRIC_REPRESENTATION_CONTEXT(2) 
PARAMETRIC_REPRESENTATION_CONTEXT() REPRESENTATION_CONTEXT('2D SPACE',''
  ) );
#3000 = FACE_BOUND('',#3001,.T.);
#3001 = EDGE_LOOP('',(#3002,#3032,#3060,#3088,#3116,#3144,#3172,#3200,
    #3228,#3251,#3279,#3307));
#3002 = ORIENTED_EDGE('',*,*,#3003,.T.);
#3003 = EDGE_CURVE('',#3004,#3006,#3008,.T.);
#3004 = VERTEX_POINT('',#3005);
#3005 = CARTESIAN_POINT('',(-15.4,18.115,94.25));
#3006 = VERTEX_POINT('',#3007);
#3007 = CARTESIAN_POINT('',(-15.4,18.115,97.35));
#3008 = SURFACE_CURVE('',#3009,(#3013,#3020),.PCURVE_S1.);
#3009 = LINE('',#3010,#3011);
#3010 = CARTESIAN_POINT('',(-15.4,18.115,94.25));
#3011 = VECTOR('',#3012,1.);
#3012 = DIRECTION('',(0.,2.22044604925E-16,1.));
#3013 = PCURVE('',#581,#3014);
#3014 = DEFINITIONAL_REPRESENTATION('',(#3015),#3019);
#3015 = LINE('',#3016,#3017);
#3016 = CARTESIAN_POINT('',(7.05,23.6));
#3017 = VECTOR('',#3018,1.);
#3018 = DIRECTION('',(0.,1.));
#3019 = ( GEOMETRIC_REPRESENTATION_CONTEXT(2) 
PARAMETRIC_REPRESENTATION_CONTEXT() REPRESENTATION_CONTEXT('2D SPACE',''
  ) );
#3020 = PCURVE('',#3021,#3026);
#3021 = PLANE('',#3022);
#3022 = AXIS2_PLACEMENT_3D('',#3023,#3024,#3025);
#3023 = CARTESIAN_POINT('',(-15.4,35.115,70.65));
#3024 = DIRECTION('',(1.,0.,0.));
#3025 = DIRECTION('',(0.,-1.,2.22044604925E-16));
#3026 = DEFINITIONAL_REPRESENTATION('',(#3027),#3031);
#3027 = LINE('',#3028,#3029);
#3028 = CARTESIAN_POINT('',(17.,-23.6));
#3029 = VECTOR('',#3030,1.);
#3030 = DIRECTION('',(0.,-1.));
#3031 = ( GEOMETRIC_REPRESENTATION_CONTEXT(2) 
PARAMETRIC_REPRESENTATION_CONTEXT() REPRESENTATION_CONTEXT('2D SPACE',''
  ) );
#3032 = ORIENTED_EDGE('',*,*,#3033,.T.);
#3033 = EDGE_CURVE('',#3006,#3034,#3036,.T.);
#3034 = VERTEX_POINT('',#3035);
#3035 = CARTESIAN_POINT('',(16.4,18.115,97.35));
#3036 = SURFACE_CURVE('',#3037,(#3041,#3048),.PCURVE_S1.);
#3037 = LINE('',#3038,#3039);
#3038 = CARTESIAN_POINT('',(-17.45,18.115,97.35));
#3039 = VECTOR('',#3040,1.);
#3040 = DIRECTION('',(1.,0.,0.));
#3041 = PCURVE('',#581,#3042);
#3042 = DEFINITIONAL_REPRESENTATION('',(#3043),#3047);
#3043 = LINE('',#3044,#3045);
#3044 = CARTESIAN_POINT('',(5.,26.7));
#3045 = VECTOR('',#3046,1.);
#3046 = DIRECTION('',(1.,0.));
#3047 = ( GEOMETRIC_REPRESENTATION_CONTEXT(2) 
PARAMETRIC_REPRESENTATION_CONTEXT() REPRESENTATION_CONTEXT('2D SPACE',''
  ) );
#3048 = PCURVE('',#3049,#3054);
#3049 = PLANE('',#3050);
#3050 = AXIS2_PLACEMENT_3D('',#3051,#3052,#3053);
#3051 = CARTESIAN_POINT('',(-17.45,40.115,97.35));
#3052 = DIRECTION('',(0.,2.22044604925E-16,1.));
#3053 = DIRECTION('',(0.,-1.,2.22044604925E-16));
#3054 = DEFINITIONAL_REPRESENTATION('',(#3055),#3059);
#3055 = LINE('',#3056,#3057);
#3056 = CARTESIAN_POINT('',(22.,0.));
#3057 = VECTOR('',#3058,1.);
#3058 = DIRECTION('',(0.,1.));
#3059 = ( GEOMETRIC_REPRESENTATION_CONTEXT(2) 
PARAMETRIC_REPRESENTATION_CONTEXT() REPRESENTATION_CONTEXT('2D SPACE',''
  ) );
#3060 = ORIENTED_EDGE('',*,*,#3061,.F.);
#3061 = EDGE_CURVE('',#3062,#3034,#3064,.T.);
#3062 = VERTEX_POINT('',#3063);
#3063 = CARTESIAN_POINT('',(16.4,18.115,92.));
#3064 = SURFACE_CURVE('',#3065,(#3069,#3076),.PCURVE_S1.);
#3065 = LINE('',#3066,#3067);
#3066 = CARTESIAN_POINT('',(16.4,18.115,92.));
#3067 = VECTOR('',#3068,1.);
#3068 = DIRECTION('',(0.,2.22044604925E-16,1.));
#3069 = PCURVE('',#581,#3070);
#3070 = DEFINITIONAL_REPRESENTATION('',(#3071),#3075);
#3071 = LINE('',#3072,#3073);
#3072 = CARTESIAN_POINT('',(38.85,21.35));
#3073 = VECTOR('',#3074,1.);
#3074 = DIRECTION('',(0.,1.));
#3075 = ( GEOMETRIC_REPRESENTATION_CONTEXT(2) 
PARAMETRIC_REPRESENTATION_CONTEXT() REPRESENTATION_CONTEXT('2D SPACE',''
  ) );
#3076 = PCURVE('',#3077,#3082);
#3077 = PLANE('',#3078);
#3078 = AXIS2_PLACEMENT_3D('',#3079,#3080,#3081);
#3079 = CARTESIAN_POINT('',(16.4,35.115,92.));
#3080 = DIRECTION('',(1.,0.,0.));
#3081 = DIRECTION('',(0.,-1.,2.22044604925E-16));
#3082 = DEFINITIONAL_REPRESENTATION('',(#3083),#3087);
#3083 = LINE('',#3084,#3085);
#3084 = CARTESIAN_POINT('',(17.,0.));
#3085 = VECTOR('',#3086,1.);
#3086 = DIRECTION('',(0.,-1.));
#3087 = ( GEOMETRIC_REPRESENTATION_CONTEXT(2) 
PARAMETRIC_REPRESENTATION_CONTEXT() REPRESENTATION_CONTEXT('2D SPACE',''
  ) );
#3088 = ORIENTED_EDGE('',*,*,#3089,.T.);
#3089 = EDGE_CURVE('',#3062,#3090,#3092,.T.);
#3090 = VERTEX_POINT('',#3091);
#3091 = CARTESIAN_POINT('',(17.45,18.115,92.));
#3092 = SURFACE_CURVE('',#3093,(#3097,#3104),.PCURVE_S1.);
#3093 = LINE('',#3094,#3095);
#3094 = CARTESIAN_POINT('',(16.4,18.115,92.));
#3095 = VECTOR('',#3096,1.);
#3096 = DIRECTION('',(1.,0.,0.));
#3097 = PCURVE('',#581,#3098);
#3098 = DEFINITIONAL_REPRESENTATION('',(#3099),#3103);
#3099 = LINE('',#3100,#3101);
#3100 = CARTESIAN_POINT('',(38.85,21.35));
#3101 = VECTOR('',#3102,1.);
#3102 = DIRECTION('',(1.,0.));
#3103 = ( GEOMETRIC_REPRESENTATION_CONTEXT(2) 
PARAMETRIC_REPRESENTATION_CONTEXT() REPRESENTATION_CONTEXT('2D SPACE',''
  ) );
#3104 = PCURVE('',#3105,#3110);
#3105 = PLANE('',#3106);
#3106 = AXIS2_PLACEMENT_3D('',#3107,#3108,#3109);
#3107 = CARTESIAN_POINT('',(16.4,35.115,92.));
#3108 = DIRECTION('',(0.,2.22044604925E-16,1.));
#3109 = DIRECTION('',(0.,-1.,2.22044604925E-16));
#3110 = DEFINITIONAL_REPRESENTATION('',(#3111),#3115);
#3111 = LINE('',#3112,#3113);
#3112 = CARTESIAN_POINT('',(17.,0.));
#3113 = VECTOR('',#3114,1.);
#3114 = DIRECTION('',(0.,1.));
#3115 = ( GEOMETRIC_REPRESENTATION_CONTEXT(2) 
PARAMETRIC_REPRESENTATION_CONTEXT() REPRESENTATION_CONTEXT('2D SPACE',''
  ) );
#3116 = ORIENTED_EDGE('',*,*,#3117,.F.);
#3117 = EDGE_CURVE('',#3118,#3090,#3120,.T.);
#3118 = VERTEX_POINT('',#3119);
#3119 = CARTESIAN_POINT('',(17.45,18.115,78.));
#3120 = SURFACE_CURVE('',#3121,(#3125,#3132),.PCURVE_S1.);
#3121 = LINE('',#3122,#3123);
#3122 = CARTESIAN_POINT('',(17.45,18.115,70.65));
#3123 = VECTOR('',#3124,1.);
#3124 = DIRECTION('',(0.,2.22044604925E-16,1.));
#3125 = PCURVE('',#581,#3126);
#3126 = DEFINITIONAL_REPRESENTATION('',(#3127),#3131);
#3127 = LINE('',#3128,#3129);
#3128 = CARTESIAN_POINT('',(39.9,-1.42108547152E-14));
#3129 = VECTOR('',#3130,1.);
#3130 = DIRECTION('',(0.,1.));
#3131 = ( GEOMETRIC_REPRESENTATION_CONTEXT(2) 
PARAMETRIC_REPRESENTATION_CONTEXT() REPRESENTATION_CONTEXT('2D SPACE',''
  ) );
#3132 = PCURVE('',#3133,#3138);
#3133 = PLANE('',#3134);
#3134 = AXIS2_PLACEMENT_3D('',#3135,#3136,#3137);
#3135 = CARTESIAN_POINT('',(17.45,40.115,70.65));
#3136 = DIRECTION('',(1.,0.,0.));
#3137 = DIRECTION('',(0.,-1.,2.22044604925E-16));
#3138 = DEFINITIONAL_REPRESENTATION('',(#3139),#3143);
#3139 = LINE('',#3140,#3141);
#3140 = CARTESIAN_POINT('',(22.,0.));
#3141 = VECTOR('',#3142,1.);
#3142 = DIRECTION('',(0.,-1.));
#3143 = ( GEOMETRIC_REPRESENTATION_CONTEXT(2) 
PARAMETRIC_REPRESENTATION_CONTEXT() REPRESENTATION_CONTEXT('2D SPACE',''
  ) );
#3144 = ORIENTED_EDGE('',*,*,#3145,.F.);
#3145 = EDGE_CURVE('',#3146,#3118,#3148,.T.);
#3146 = VERTEX_POINT('',#3147);
#3147 = CARTESIAN_POINT('',(16.4,18.115,78.));
#3148 = SURFACE_CURVE('',#3149,(#3153,#3160),.PCURVE_S1.);
#3149 = LINE('',#3150,#3151);
#3150 = CARTESIAN_POINT('',(16.4,18.115,78.));
#3151 = VECTOR('',#3152,1.);
#3152 = DIRECTION('',(1.,0.,0.));
#3153 = PCURVE('',#581,#3154);
#3154 = DEFINITIONAL_REPRESENTATION('',(#3155),#3159);
#3155 = LINE('',#3156,#3157);
#3156 = CARTESIAN_POINT('',(38.85,7.35));
#3157 = VECTOR('',#3158,1.);
#3158 = DIRECTION('',(1.,0.));
#3159 = ( GEOMETRIC_REPRESENTATION_CONTEXT(2) 
PARAMETRIC_REPRESENTATION_CONTEXT() REPRESENTATION_CONTEXT('2D SPACE',''
  ) );
#3160 = PCURVE('',#3161,#3166);
#3161 = PLANE('',#3162);
#3162 = AXIS2_PLACEMENT_3D('',#3163,#3164,#3165);
#3163 = CARTESIAN_POINT('',(16.4,35.115,78.));
#3164 = DIRECTION('',(0.,2.22044604925E-16,1.));
#3165 = DIRECTION('',(0.,-1.,2.22044604925E-16));
#3166 = DEFINITIONAL_REPRESENTATION('',(#3167),#3171);
#3167 = LINE('',#3168,#3169);
#3168 = CARTESIAN_POINT('',(17.,0.));
#3169 = VECTOR('',#3170,1.);
#3170 = DIRECTION('',(0.,1.));
#3171 = ( GEOMETRIC_REPRESENTATION_CONTEXT(2) 
PARAMETRIC_REPRESENTATION_CONTEXT() REPRESENTATION_CONTEXT('2D SPACE',''
  ) );
#3172 = ORIENTED_EDGE('',*,*,#3173,.F.);
#3173 = EDGE_CURVE('',#3174,#3146,#3176,.T.);
#3174 = VERTEX_POINT('',#3175);
#3175 = CARTESIAN_POINT('',(16.4,18.115,72.65));
#3176 = SURFACE_CURVE('',#3177,(#3181,#3188),.PCURVE_S1.);
#3177 = LINE('',#3178,#3179);
#3178 = CARTESIAN_POINT('',(16.4,18.115,70.65));
#3179 = VECTOR('',#3180,1.);
#3180 = DIRECTION('',(0.,2.22044604925E-16,1.));
#3181 = PCURVE('',#581,#3182);
#3182 = DEFINITIONAL_REPRESENTATION('',(#3183),#3187);
#3183 = LINE('',#3184,#3185);
#3184 = CARTESIAN_POINT('',(38.85,0.));
#3185 = VECTOR('',#3186,1.);
#3186 = DIRECTION('',(0.,1.));
#3187 = ( GEOMETRIC_REPRESENTATION_CONTEXT(2) 
PARAMETRIC_REPRESENTATION_CONTEXT() REPRESENTATION_CONTEXT('2D SPACE',''
  ) );
#3188 = PCURVE('',#3189,#3194);
#3189 = PLANE('',#3190);
#3190 = AXIS2_PLACEMENT_3D('',#3191,#3192,#3193);
#3191 = CARTESIAN_POINT('',(16.4,35.115,70.65));
#3192 = DIRECTION('',(1.,0.,0.));
#3193 = DIRECTION('',(0.,-1.,2.22044604925E-16));
#3194 = DEFINITIONAL_REPRESENTATION('',(#3195),#3199);
#3195 = LINE('',#3196,#3197);
#3196 = CARTESIAN_POINT('',(17.,0.));
#3197 = VECTOR('',#3198,1.);
#3198 = DIRECTION('',(0.,-1.));
#3199 = ( GEOMETRIC_REPRESENTATION_CONTEXT(2) 
PARAMETRIC_REPRESENTATION_CONTEXT() REPRESENTATION_CONTEXT('2D SPACE',''
  ) );
#3200 = ORIENTED_EDGE('',*,*,#3201,.F.);
#3201 = EDGE_CURVE('',#3202,#3174,#3204,.T.);
#3202 = VERTEX_POINT('',#3203);
#3203 = CARTESIAN_POINT('',(-15.4,18.115,72.65));
#3204 = SURFACE_CURVE('',#3205,(#3209,#3216),.PCURVE_S1.);
#3205 = LINE('',#3206,#3207);
#3206 = CARTESIAN_POINT('',(-17.45,18.115,72.65));
#3207 = VECTOR('',#3208,1.);
#3208 = DIRECTION('',(1.,0.,0.));
#3209 = PCURVE('',#581,#3210);
#3210 = DEFINITIONAL_REPRESENTATION('',(#3211),#3215);
#3211 = LINE('',#3212,#3213);
#3212 = CARTESIAN_POINT('',(5.,2.));
#3213 = VECTOR('',#3214,1.);
#3214 = DIRECTION('',(1.,0.));
#3215 = ( GEOMETRIC_REPRESENTATION_CONTEXT(2) 
PARAMETRIC_REPRESENTATION_CONTEXT() REPRESENTATION_CONTEXT('2D SPACE',''
  ) );
#3216 = PCURVE('',#3217,#3222);
#3217 = PLANE('',#3218);
#3218 = AXIS2_PLACEMENT_3D('',#3219,#3220,#3221);
#3219 = CARTESIAN_POINT('',(-17.45,40.115,72.65));
#3220 = DIRECTION('',(0.,2.22044604925E-16,1.));
#3221 = DIRECTION('',(0.,-1.,2.22044604925E-16));
#3222 = DEFINITIONAL_REPRESENTATION('',(#3223),#3227);
#3223 = LINE('',#3224,#3225);
#3224 = CARTESIAN_POINT('',(22.,0.));
#3225 = VECTOR('',#3226,1.);
#3226 = DIRECTION('',(0.,1.));
#3227 = ( GEOMETRIC_REPRESENTATION_CONTEXT(2) 
PARAMETRIC_REPRESENTATION_CONTEXT() REPRESENTATION_CONTEXT('2D SPACE',''
  ) );
#3228 = ORIENTED_EDGE('',*,*,#3229,.T.);
#3229 = EDGE_CURVE('',#3202,#3230,#3232,.T.);
#3230 = VERTEX_POINT('',#3231);
#3231 = CARTESIAN_POINT('',(-15.4,18.115,75.75));
#3232 = SURFACE_CURVE('',#3233,(#3237,#3244),.PCURVE_S1.);
#3233 = LINE('',#3234,#3235);
#3234 = CARTESIAN_POINT('',(-15.4,18.115,70.65));
#3235 = VECTOR('',#3236,1.);
#3236 = DIRECTION('',(0.,2.22044604925E-16,1.));
#3237 = PCURVE('',#581,#3238);
#3238 = DEFINITIONAL_REPRESENTATION('',(#3239),#3243);
#3239 = LINE('',#3240,#3241);
#3240 = CARTESIAN_POINT('',(7.05,0.));
#3241 = VECTOR('',#3242,1.);
#3242 = DIRECTION('',(0.,1.));
#3243 = ( GEOMETRIC_REPRESENTATION_CONTEXT(2) 
PARAMETRIC_REPRESENTATION_CONTEXT() REPRESENTATION_CONTEXT('2D SPACE',''
  ) );
#3244 = PCURVE('',#3021,#3245);
#3245 = DEFINITIONAL_REPRESENTATION('',(#3246),#3250);
#3246 = LINE('',#3247,#3248);
#3247 = CARTESIAN_POINT('',(17.,0.));
#3248 = VECTOR('',#3249,1.);
#3249 = DIRECTION('',(0.,-1.));
#3250 = ( GEOMETRIC_REPRESENTATION_CONTEXT(2) 
PARAMETRIC_REPRESENTATION_CONTEXT() REPRESENTATION_CONTEXT('2D SPACE',''
  ) );
#3251 = ORIENTED_EDGE('',*,*,#3252,.F.);
#3252 = EDGE_CURVE('',#3253,#3230,#3255,.T.);
#3253 = VERTEX_POINT('',#3254);
#3254 = CARTESIAN_POINT('',(-17.45,18.115,75.75));
#3255 = SURFACE_CURVE('',#3256,(#3260,#3267),.PCURVE_S1.);
#3256 = LINE('',#3257,#3258);
#3257 = CARTESIAN_POINT('',(-22.45,18.115,75.75));
#3258 = VECTOR('',#3259,1.);
#3259 = DIRECTION('',(1.,0.,0.));
#3260 = PCURVE('',#581,#3261);
#3261 = DEFINITIONAL_REPRESENTATION('',(#3262),#3266);
#3262 = LINE('',#3263,#3264);
#3263 = CARTESIAN_POINT('',(0.,5.1));
#3264 = VECTOR('',#3265,1.);
#3265 = DIRECTION('',(1.,0.));
#3266 = ( GEOMETRIC_REPRESENTATION_CONTEXT(2) 
PARAMETRIC_REPRESENTATION_CONTEXT() REPRESENTATION_CONTEXT('2D SPACE',''
  ) );
#3267 = PCURVE('',#3268,#3273);
#3268 = PLANE('',#3269);
#3269 = AXIS2_PLACEMENT_3D('',#3270,#3271,#3272);
#3270 = CARTESIAN_POINT('',(-22.45,35.115,75.75));
#3271 = DIRECTION('',(0.,2.22044604925E-16,1.));
#3272 = DIRECTION('',(0.,-1.,2.22044604925E-16));
#3273 = DEFINITIONAL_REPRESENTATION('',(#3274),#3278);
#3274 = LINE('',#3275,#3276);
#3275 = CARTESIAN_POINT('',(17.,0.));
#3276 = VECTOR('',#3277,1.);
#3277 = DIRECTION('',(0.,1.));
#3278 = ( GEOMETRIC_REPRESENTATION_CONTEXT(2) 
PARAMETRIC_REPRESENTATION_CONTEXT() REPRESENTATION_CONTEXT('2D SPACE',''
  ) );
#3279 = ORIENTED_EDGE('',*,*,#3280,.T.);
#3280 = EDGE_CURVE('',#3253,#3281,#3283,.T.);
#3281 = VERTEX_POINT('',#3282);
#3282 = CARTESIAN_POINT('',(-17.45,18.115,94.25));
#3283 = SURFACE_CURVE('',#3284,(#3288,#3295),.PCURVE_S1.);
#3284 = LINE('',#3285,#3286);
#3285 = CARTESIAN_POINT('',(-17.45,18.115,70.65));
#3286 = VECTOR('',#3287,1.);
#3287 = DIRECTION('',(0.,2.22044604925E-16,1.));
#3288 = PCURVE('',#581,#3289);
#3289 = DEFINITIONAL_REPRESENTATION('',(#3290),#3294);
#3290 = LINE('',#3291,#3292);
#3291 = CARTESIAN_POINT('',(5.,-1.42108547152E-14));
#3292 = VECTOR('',#3293,1.);
#3293 = DIRECTION('',(0.,1.));
#3294 = ( GEOMETRIC_REPRESENTATION_CONTEXT(2) 
PARAMETRIC_REPRESENTATION_CONTEXT() REPRESENTATION_CONTEXT('2D SPACE',''
  ) );
#3295 = PCURVE('',#3296,#3301);
#3296 = PLANE('',#3297);
#3297 = AXIS2_PLACEMENT_3D('',#3298,#3299,#3300);
#3298 = CARTESIAN_POINT('',(-17.45,40.115,70.65));
#3299 = DIRECTION('',(1.,0.,0.));
#3300 = DIRECTION('',(0.,-1.,2.22044604925E-16));
#3301 = DEFINITIONAL_REPRESENTATION('',(#3302),#3306);
#3302 = LINE('',#3303,#3304);
#3303 = CARTESIAN_POINT('',(22.,0.));
#3304 = VECTOR('',#3305,1.);
#3305 = DIRECTION('',(0.,-1.));
#3306 = ( GEOMETRIC_REPRESENTATION_CONTEXT(2) 
PARAMETRIC_REPRESENTATION_CONTEXT() REPRESENTATION_CONTEXT('2D SPACE',''
  ) );
#3307 = ORIENTED_EDGE('',*,*,#3308,.T.);
#3308 = EDGE_CURVE('',#3281,#3004,#3309,.T.);
#3309 = SURFACE_CURVE('',#3310,(#3314,#3321),.PCURVE_S1.);
#3310 = LINE('',#3311,#3312);
#3311 = CARTESIAN_POINT('',(-22.45,18.115,94.25));
#3312 = VECTOR('',#3313,1.);
#3313 = DIRECTION('',(1.,0.,0.));
#3314 = PCURVE('',#581,#3315);
#3315 = DEFINITIONAL_REPRESENTATION('',(#3316),#3320);
#3316 = LINE('',#3317,#3318);
#3317 = CARTESIAN_POINT('',(0.,23.6));
#3318 = VECTOR('',#3319,1.);
#3319 = DIRECTION('',(1.,0.));
#3320 = ( GEOMETRIC_REPRESENTATION_CONTEXT(2) 
PARAMETRIC_REPRESENTATION_CONTEXT() REPRESENTATION_CONTEXT('2D SPACE',''
  ) );
#3321 = PCURVE('',#3322,#3327);
#3322 = PLANE('',#3323);
#3323 = AXIS2_PLACEMENT_3D('',#3324,#3325,#3326);
#3324 = CARTESIAN_POINT('',(-22.45,35.115,94.25));
#3325 = DIRECTION('',(0.,2.22044604925E-16,1.));
#3326 = DIRECTION('',(0.,-1.,2.22044604925E-16));
#3327 = DEFINITIONAL_REPRESENTATION('',(#3328),#3332);
#3328 = LINE('',#3329,#3330);
#3329 = CARTESIAN_POINT('',(17.,0.));
#3330 = VECTOR('',#3331,1.);
#3331 = DIRECTION('',(0.,1.));
#3332 = ( GEOMETRIC_REPRESENTATION_CONTEXT(2) 
PARAMETRIC_REPRESENTATION_CONTEXT() REPRESENTATION_CONTEXT('2D SPACE',''
  ) );
#3333 = ADVANCED_FACE('',(#3334),#610,.T.);
#3334 = FACE_BOUND('',#3335,.F.);
#3335 = EDGE_LOOP('',(#3336,#3365,#3389,#3409));
#3336 = ORIENTED_EDGE('',*,*,#3337,.T.);
#3337 = EDGE_CURVE('',#564,#3338,#3340,.T.);
#3338 = VERTEX_POINT('',#3339);
#3339 = CARTESIAN_POINT('',(-6.,17.257857142857,70.794738145642));
#3340 = SURFACE_CURVE('',#3341,(#3345,#3359),.PCURVE_S1.);
#3341 = ( BOUNDED_CURVE() B_SPLINE_CURVE(2,(#3342,#3343,#3344),
.UNSPECIFIED.,.F.,.F.) B_SPLINE_CURVE_WITH_KNOTS((3,3),(0.,
1.691827924081),.PIECEWISE_BEZIER_KNOTS.) CURVE() 
GEOMETRIC_REPRESENTATION_ITEM() RATIONAL_B_SPLINE_CURVE((1.,
0.707106781187,1.)) REPRESENTATION_ITEM('') );
#3342 = CARTESIAN_POINT('',(-8.,18.115,68.987722339832));
#3343 = CARTESIAN_POINT('',(-8.,17.257857142857,70.794738145642));
#3344 = CARTESIAN_POINT('',(-6.,17.257857142857,70.794738145642));
#3345 = PCURVE('',#610,#3346);
#3346 = DEFINITIONAL_REPRESENTATION('',(#3347),#3358);
#3347 = B_SPLINE_CURVE_WITH_KNOTS('',9,(#3348,#3349,#3350,#3351,#3352,
    #3353,#3354,#3355,#3356,#3357),.UNSPECIFIED.,.F.,.F.,(10,10),(0.,
    1.691827924081),.PIECEWISE_BEZIER_KNOTS.);
#3348 = CARTESIAN_POINT('',(-0.442911044074,1.570796326795));
#3349 = CARTESIAN_POINT('',(-0.442911044074,1.727931167059));
#3350 = CARTESIAN_POINT('',(-0.442911044073,1.896571508651));
#3351 = CARTESIAN_POINT('',(-0.442911044071,2.075360989726));
#3352 = CARTESIAN_POINT('',(-0.442911044089,2.261544188419));
#3353 = CARTESIAN_POINT('',(-0.442911044052,2.450844792031));
#3354 = CARTESIAN_POINT('',(-0.442911044076,2.637027990706));
#3355 = CARTESIAN_POINT('',(-0.442911044071,2.815817471735));
#3356 = CARTESIAN_POINT('',(-0.442911044074,2.984457813326));
#3357 = CARTESIAN_POINT('',(-0.442911044074,3.14159265359));
#3358 = ( GEOMETRIC_REPRESENTATION_CONTEXT(2) 
PARAMETRIC_REPRESENTATION_CONTEXT() REPRESENTATION_CONTEXT('2D SPACE',''
  ) );
#3359 = PCURVE('',#2943,#3360);
#3360 = DEFINITIONAL_REPRESENTATION('',(#3361),#3364);
#3361 = B_SPLINE_CURVE_WITH_KNOTS('',1,(#3362,#3363),.UNSPECIFIED.,.F.,
  .F.,(2,2),(0.,1.691827924081),.PIECEWISE_BEZIER_KNOTS.);
#3362 = CARTESIAN_POINT('',(0.,109.3209592197));
#3363 = CARTESIAN_POINT('',(1.691827924081,109.3209592197));
#3364 = ( GEOMETRIC_REPRESENTATION_CONTEXT(2) 
PARAMETRIC_REPRESENTATION_CONTEXT() REPRESENTATION_CONTEXT('2D SPACE',''
  ) );
#3365 = ORIENTED_EDGE('',*,*,#3366,.F.);
#3366 = EDGE_CURVE('',#3367,#3338,#3369,.T.);
#3367 = VERTEX_POINT('',#3368);
#3368 = CARTESIAN_POINT('',(-6.,16.615,70.65));
#3369 = SURFACE_CURVE('',#3370,(#3375,#3382),.PCURVE_S1.);
#3370 = CIRCLE('',#3371,1.5);
#3371 = AXIS2_PLACEMENT_3D('',#3372,#3373,#3374);
#3372 = CARTESIAN_POINT('',(-6.,16.615,72.15));
#3373 = DIRECTION('',(1.,2.22044604925E-16,0.));
#3374 = DIRECTION('',(-5.916456789158E-31,2.6645352591E-15,-1.));
#3375 = PCURVE('',#610,#3376);
#3376 = DEFINITIONAL_REPRESENTATION('',(#3377),#3381);
#3377 = LINE('',#3378,#3379);
#3378 = CARTESIAN_POINT('',(-0.,3.14159265359));
#3379 = VECTOR('',#3380,1.);
#3380 = DIRECTION('',(-1.,0.));
#3381 = ( GEOMETRIC_REPRESENTATION_CONTEXT(2) 
PARAMETRIC_REPRESENTATION_CONTEXT() REPRESENTATION_CONTEXT('2D SPACE',''
  ) );
#3382 = PCURVE('',#2405,#3383);
#3383 = DEFINITIONAL_REPRESENTATION('',(#3384),#3388);
#3384 = LINE('',#3385,#3386);
#3385 = CARTESIAN_POINT('',(-1.570796326795,2.));
#3386 = VECTOR('',#3387,1.);
#3387 = DIRECTION('',(1.,-0.));
#3388 = ( GEOMETRIC_REPRESENTATION_CONTEXT(2) 
PARAMETRIC_REPRESENTATION_CONTEXT() REPRESENTATION_CONTEXT('2D SPACE',''
  ) );
#3389 = ORIENTED_EDGE('',*,*,#3390,.F.);
#3390 = EDGE_CURVE('',#594,#3367,#3391,.T.);
#3391 = SURFACE_CURVE('',#3392,(#3397,#3403),.PCURVE_S1.);
#3392 = CIRCLE('',#3393,2.);
#3393 = AXIS2_PLACEMENT_3D('',#3394,#3395,#3396);
#3394 = CARTESIAN_POINT('',(-6.,16.615,68.65));
#3395 = DIRECTION('',(0.,1.,0.));
#3396 = DIRECTION('',(-1.,0.,0.));
#3397 = PCURVE('',#610,#3398);
#3398 = DEFINITIONAL_REPRESENTATION('',(#3399),#3402);
#3399 = B_SPLINE_CURVE_WITH_KNOTS('',1,(#3400,#3401),.UNSPECIFIED.,.F.,
  .F.,(2,2),(0.,1.570796326795),.PIECEWISE_BEZIER_KNOTS.);
#3400 = CARTESIAN_POINT('',(4.440892098501E-15,1.570796326795));
#3401 = CARTESIAN_POINT('',(4.440892098501E-15,3.14159265359));
#3402 = ( GEOMETRIC_REPRESENTATION_CONTEXT(2) 
PARAMETRIC_REPRESENTATION_CONTEXT() REPRESENTATION_CONTEXT('2D SPACE',''
  ) );
#3403 = PCURVE('',#638,#3404);
#3404 = DEFINITIONAL_REPRESENTATION('',(#3405),#3408);
#3405 = B_SPLINE_CURVE_WITH_KNOTS('',1,(#3406,#3407),.UNSPECIFIED.,.F.,
  .F.,(2,2),(0.,1.570796326795),.PIECEWISE_BEZIER_KNOTS.);
#3406 = CARTESIAN_POINT('',(0.,47.365));
#3407 = CARTESIAN_POINT('',(1.570796326795,47.365));
#3408 = ( GEOMETRIC_REPRESENTATION_CONTEXT(2) 
PARAMETRIC_REPRESENTATION_CONTEXT() REPRESENTATION_CONTEXT('2D SPACE',''
  ) );
#3409 = ORIENTED_EDGE('',*,*,#593,.T.);
#3410 = ADVANCED_FACE('',(#3411),#1306,.F.);
#3411 = FACE_BOUND('',#3412,.T.);
#3412 = EDGE_LOOP('',(#3413,#3436,#3463,#3464));
#3413 = ORIENTED_EDGE('',*,*,#3414,.T.);
#3414 = EDGE_CURVE('',#2821,#3415,#3417,.T.);
#3415 = VERTEX_POINT('',#3416);
#3416 = CARTESIAN_POINT('',(-13.,38.115,70.65));
#3417 = SURFACE_CURVE('',#3418,(#3422,#3429),.PCURVE_S1.);
#3418 = LINE('',#3419,#3420);
#3419 = CARTESIAN_POINT('',(-13.,18.115,70.65));
#3420 = VECTOR('',#3421,1.);
#3421 = DIRECTION('',(0.,1.,0.));
#3422 = PCURVE('',#1306,#3423);
#3423 = DEFINITIONAL_REPRESENTATION('',(#3424),#3428);
#3424 = LINE('',#3425,#3426);
#3425 = CARTESIAN_POINT('',(-1.570796326795,0.));
#3426 = VECTOR('',#3427,1.);
#3427 = DIRECTION('',(-0.,1.));
#3428 = ( GEOMETRIC_REPRESENTATION_CONTEXT(2) 
PARAMETRIC_REPRESENTATION_CONTEXT() REPRESENTATION_CONTEXT('2D SPACE',''
  ) );
#3429 = PCURVE('',#2836,#3430);
#3430 = DEFINITIONAL_REPRESENTATION('',(#3431),#3435);
#3431 = LINE('',#3432,#3433);
#3432 = CARTESIAN_POINT('',(7.45,-22.));
#3433 = VECTOR('',#3434,1.);
#3434 = DIRECTION('',(0.,1.));
#3435 = ( GEOMETRIC_REPRESENTATION_CONTEXT(2) 
PARAMETRIC_REPRESENTATION_CONTEXT() REPRESENTATION_CONTEXT('2D SPACE',''
  ) );
#3436 = ORIENTED_EDGE('',*,*,#3437,.T.);
#3437 = EDGE_CURVE('',#3415,#1265,#3438,.T.);
#3438 = SURFACE_CURVE('',#3439,(#3444,#3451),.PCURVE_S1.);
#3439 = CIRCLE('',#3440,5.);
#3440 = AXIS2_PLACEMENT_3D('',#3441,#3442,#3443);
#3441 = CARTESIAN_POINT('',(-13.,38.115,65.65));
#3442 = DIRECTION('',(-0.,1.,0.));
#3443 = DIRECTION('',(3.552713678801E-16,0.,1.));
#3444 = PCURVE('',#1306,#3445);
#3445 = DEFINITIONAL_REPRESENTATION('',(#3446),#3450);
#3446 = LINE('',#3447,#3448);
#3447 = CARTESIAN_POINT('',(-1.570796326795,20.));
#3448 = VECTOR('',#3449,1.);
#3449 = DIRECTION('',(1.,-0.));
#3450 = ( GEOMETRIC_REPRESENTATION_CONTEXT(2) 
PARAMETRIC_REPRESENTATION_CONTEXT() REPRESENTATION_CONTEXT('2D SPACE',''
  ) );
#3451 = PCURVE('',#3452,#3457);
#3452 = TOROIDAL_SURFACE('',#3453,7.,2.);
#3453 = AXIS2_PLACEMENT_3D('',#3454,#3455,#3456);
#3454 = CARTESIAN_POINT('',(-13.,38.115,65.65));
#3455 = DIRECTION('',(-0.,1.,0.));
#3456 = DIRECTION('',(3.552713678801E-16,0.,1.));
#3457 = DEFINITIONAL_REPRESENTATION('',(#3458),#3462);
#3458 = LINE('',#3459,#3460);
#3459 = CARTESIAN_POINT('',(0.,3.14159265359));
#3460 = VECTOR('',#3461,1.);
#3461 = DIRECTION('',(1.,0.));
#3462 = ( GEOMETRIC_REPRESENTATION_CONTEXT(2) 
PARAMETRIC_REPRESENTATION_CONTEXT() REPRESENTATION_CONTEXT('2D SPACE',''
  ) );
#3463 = ORIENTED_EDGE('',*,*,#1292,.F.);
#3464 = ORIENTED_EDGE('',*,*,#2848,.T.);
#3465 = ADVANCED_FACE('',(#3466),#638,.T.);
#3466 = FACE_BOUND('',#3467,.T.);
#3467 = EDGE_LOOP('',(#3468,#3495,#3521,#3522));
#3468 = ORIENTED_EDGE('',*,*,#3469,.T.);
#3469 = EDGE_CURVE('',#623,#3470,#3472,.T.);
#3470 = VERTEX_POINT('',#3471);
#3471 = CARTESIAN_POINT('',(-6.,-30.75,70.65));
#3472 = SURFACE_CURVE('',#3473,(#3478,#3484),.PCURVE_S1.);
#3473 = CIRCLE('',#3474,2.);
#3474 = AXIS2_PLACEMENT_3D('',#3475,#3476,#3477);
#3475 = CARTESIAN_POINT('',(-6.,-30.75,68.65));
#3476 = DIRECTION('',(-2.22044604925E-16,1.,6.123233995737E-17));
#3477 = DIRECTION('',(1.359631073447E-32,-6.123233995737E-17,1.));
#3478 = PCURVE('',#638,#3479);
#3479 = DEFINITIONAL_REPRESENTATION('',(#3480),#3483);
#3480 = B_SPLINE_CURVE_WITH_KNOTS('',1,(#3481,#3482),.UNSPECIFIED.,.F.,
  .F.,(2,2),(4.712388980385,6.28318530718),.PIECEWISE_BEZIER_KNOTS.);
#3481 = CARTESIAN_POINT('',(0.,0.));
#3482 = CARTESIAN_POINT('',(1.570796326795,0.));
#3483 = ( GEOMETRIC_REPRESENTATION_CONTEXT(2) 
PARAMETRIC_REPRESENTATION_CONTEXT() REPRESENTATION_CONTEXT('2D SPACE',''
  ) );
#3484 = PCURVE('',#3485,#3490);
#3485 = SPHERICAL_SURFACE('',#3486,2.);
#3486 = AXIS2_PLACEMENT_3D('',#3487,#3488,#3489);
#3487 = CARTESIAN_POINT('',(-6.,-30.75,68.65));
#3488 = DIRECTION('',(1.,2.22044604925E-16,-0.));
#3489 = DIRECTION('',(2.22044604925E-16,-1.,0.));
#3490 = DEFINITIONAL_REPRESENTATION('',(#3491),#3494);
#3491 = B_SPLINE_CURVE_WITH_KNOTS('',1,(#3492,#3493),.UNSPECIFIED.,.F.,
  .F.,(2,2),(4.712388980385,6.28318530718),.PIECEWISE_BEZIER_KNOTS.);
#3492 = CARTESIAN_POINT('',(-1.570796326795,-1.570796326795));
#3493 = CARTESIAN_POINT('',(-1.570796326795,0.));
#3494 = ( GEOMETRIC_REPRESENTATION_CONTEXT(2) 
PARAMETRIC_REPRESENTATION_CONTEXT() REPRESENTATION_CONTEXT('2D SPACE',''
  ) );
#3495 = ORIENTED_EDGE('',*,*,#3496,.T.);
#3496 = EDGE_CURVE('',#3470,#3367,#3497,.T.);
#3497 = SURFACE_CURVE('',#3498,(#3502,#3509),.PCURVE_S1.);
#3498 = LINE('',#3499,#3500);
#3499 = CARTESIAN_POINT('',(-6.,-30.75,70.65));
#3500 = VECTOR('',#3501,1.);
#3501 = DIRECTION('',(0.,1.,0.));
#3502 = PCURVE('',#638,#3503);
#3503 = DEFINITIONAL_REPRESENTATION('',(#3504),#3508);
#3504 = LINE('',#3505,#3506);
#3505 = CARTESIAN_POINT('',(1.570796326795,0.));
#3506 = VECTOR('',#3507,1.);
#3507 = DIRECTION('',(0.,1.));
#3508 = ( GEOMETRIC_REPRESENTATION_CONTEXT(2) 
PARAMETRIC_REPRESENTATION_CONTEXT() REPRESENTATION_CONTEXT('2D SPACE',''
  ) );
#3509 = PCURVE('',#3510,#3515);
#3510 = PLANE('',#3511);
#3511 = AXIS2_PLACEMENT_3D('',#3512,#3513,#3514);
#3512 = CARTESIAN_POINT('',(-8.,26.45,70.65));
#3513 = DIRECTION('',(0.,0.,1.));
#3514 = DIRECTION('',(1.,0.,-0.));
#3515 = DEFINITIONAL_REPRESENTATION('',(#3516),#3520);
#3516 = LINE('',#3517,#3518);
#3517 = CARTESIAN_POINT('',(2.,-57.2));
#3518 = VECTOR('',#3519,1.);
#3519 = DIRECTION('',(0.,1.));
#3520 = ( GEOMETRIC_REPRESENTATION_CONTEXT(2) 
PARAMETRIC_REPRESENTATION_CONTEXT() REPRESENTATION_CONTEXT('2D SPACE',''
  ) );
#3521 = ORIENTED_EDGE('',*,*,#3390,.F.);
#3522 = ORIENTED_EDGE('',*,*,#622,.F.);
#3523 = ADVANCED_FACE('',(#3524),#1280,.T.);
#3524 = FACE_BOUND('',#3525,.F.);
#3525 = EDGE_LOOP('',(#3526,#3556,#3576,#3577));
#3526 = ORIENTED_EDGE('',*,*,#3527,.F.);
#3527 = EDGE_CURVE('',#3528,#3530,#3532,.T.);
#3528 = VERTEX_POINT('',#3529);
#3529 = CARTESIAN_POINT('',(-6.,40.115,65.65));
#3530 = VERTEX_POINT('',#3531);
#3531 = CARTESIAN_POINT('',(-6.,40.115,27.911501248498));
#3532 = SURFACE_CURVE('',#3533,(#3537,#3544),.PCURVE_S1.);
#3533 = LINE('',#3534,#3535);
#3534 = CARTESIAN_POINT('',(-6.,40.115,65.65));
#3535 = VECTOR('',#3536,1.);
#3536 = DIRECTION('',(6.441910568995E-17,0.,-1.));
#3537 = PCURVE('',#1280,#3538);
#3538 = DEFINITIONAL_REPRESENTATION('',(#3539),#3543);
#3539 = LINE('',#3540,#3541);
#3540 = CARTESIAN_POINT('',(-0.,0.));
#3541 = VECTOR('',#3542,1.);
#3542 = DIRECTION('',(-0.,1.));
#3543 = ( GEOMETRIC_REPRESENTATION_CONTEXT(2) 
PARAMETRIC_REPRESENTATION_CONTEXT() REPRESENTATION_CONTEXT('2D SPACE',''
  ) );
#3544 = PCURVE('',#3545,#3550);
#3545 = PLANE('',#3546);
#3546 = AXIS2_PLACEMENT_3D('',#3547,#3548,#3549);
#3547 = CARTESIAN_POINT('',(-8.,40.115,60.));
#3548 = DIRECTION('',(-0.,1.,0.));
#3549 = DIRECTION('',(0.,0.,1.));
#3550 = DEFINITIONAL_REPRESENTATION('',(#3551),#3555);
#3551 = LINE('',#3552,#3553);
#3552 = CARTESIAN_POINT('',(5.65,2.));
#3553 = VECTOR('',#3554,1.);
#3554 = DIRECTION('',(-1.,6.441910568995E-17));
#3555 = ( GEOMETRIC_REPRESENTATION_CONTEXT(2) 
PARAMETRIC_REPRESENTATION_CONTEXT() REPRESENTATION_CONTEXT('2D SPACE',''
  ) );
#3556 = ORIENTED_EDGE('',*,*,#3557,.T.);
#3557 = EDGE_CURVE('',#3528,#1265,#3558,.T.);
#3558 = SURFACE_CURVE('',#3559,(#3564,#3570),.PCURVE_S1.);
#3559 = CIRCLE('',#3560,2.);
#3560 = AXIS2_PLACEMENT_3D('',#3561,#3562,#3563);
#3561 = CARTESIAN_POINT('',(-6.,38.115,65.65));
#3562 = DIRECTION('',(7.199442299765E-17,0.,1.));
#3563 = DIRECTION('',(1.,0.,-7.199442299765E-17));
#3564 = PCURVE('',#1280,#3565);
#3565 = DEFINITIONAL_REPRESENTATION('',(#3566),#3569);
#3566 = B_SPLINE_CURVE_WITH_KNOTS('',1,(#3567,#3568),.UNSPECIFIED.,.F.,
  .F.,(2,2),(1.570796326795,3.14159265359),.PIECEWISE_BEZIER_KNOTS.);
#3567 = CARTESIAN_POINT('',(0.,0.));
#3568 = CARTESIAN_POINT('',(-1.570796326795,0.));
#3569 = ( GEOMETRIC_REPRESENTATION_CONTEXT(2) 
PARAMETRIC_REPRESENTATION_CONTEXT() REPRESENTATION_CONTEXT('2D SPACE',''
  ) );
#3570 = PCURVE('',#3452,#3571);
#3571 = DEFINITIONAL_REPRESENTATION('',(#3572),#3575);
#3572 = B_SPLINE_CURVE_WITH_KNOTS('',1,(#3573,#3574),.UNSPECIFIED.,.F.,
  .F.,(2,2),(1.570796326795,3.14159265359),.PIECEWISE_BEZIER_KNOTS.);
#3573 = CARTESIAN_POINT('',(1.570796326795,1.570796326795));
#3574 = CARTESIAN_POINT('',(1.570796326795,3.14159265359));
#3575 = ( GEOMETRIC_REPRESENTATION_CONTEXT(2) 
PARAMETRIC_REPRESENTATION_CONTEXT() REPRESENTATION_CONTEXT('2D SPACE',''
  ) );
#3576 = ORIENTED_EDGE('',*,*,#1264,.T.);
#3577 = ORIENTED_EDGE('',*,*,#3578,.F.);
#3578 = EDGE_CURVE('',#3530,#1197,#3579,.T.);
#3579 = SURFACE_CURVE('',#3580,(#3660,#3730),.PCURVE_S1.);
#3580 = ( BOUNDED_CURVE() B_SPLINE_CURVE(12,(#3581,#3582,#3583,#3584,
    #3585,#3586,#3587,#3588,#3589,#3590,#3591,#3592,#3593,#3594,#3595,
    #3596,#3597,#3598,#3599,#3600,#3601,#3602,#3603,#3604,#3605,#3606,
    #3607,#3608,#3609,#3610,#3611,#3612,#3613,#3614,#3615,#3616,#3617,
    #3618,#3619,#3620,#3621,#3622,#3623,#3624,#3625,#3626,#3627,#3628,
    #3629,#3630,#3631,#3632,#3633,#3634,#3635,#3636,#3637,#3638,#3639,
    #3640,#3641,#3642,#3643,#3644,#3645,#3646,#3647,#3648,#3649,#3650,
    #3651,#3652,#3653,#3654,#3655,#3656,#3657,#3658,#3659),
.UNSPECIFIED.,.F.,.F.) B_SPLINE_CURVE_WITH_KNOTS((13,11,11,11,11,11,11,
    13),(15.174581805009,16.296025444755,16.856747264628,17.137108174564
    ,17.277288629532,17.347378857016,17.382423970758,17.4174690845),
.UNSPECIFIED.) CURVE() GEOMETRIC_REPRESENTATION_ITEM() 
RATIONAL_B_SPLINE_CURVE((1.,1.,1.000000000001,0.999999999999,
    1.000000000002,0.999999999997,1.000000000003,0.999999999998,
    1.000000000001,0.999999999999,1.,1.,1.,1.000000000001,0.999999999998
    ,1.000000000003,0.999999999995,1.000000000005,0.999999999996,
    1.000000000003,0.999999999999,1.000000000001,1.,1.,1.,1.,1.,1.,1.,1.
    ,1.,1.,1.,1.,1.,1.,1.000000000001,0.999999999999,1.000000000002,
    0.999999999998,1.000000000002,0.999999999999,1.000000000001,1.,1.,1.
    ,1.000000000001,0.999999999998,1.000000000004,0.999999999995,
    1.000000000006,0.999999999995,1.000000000003,0.999999999998,
    1.000000000001,1.,1.,0.999999999999,1.000000000001,0.999999999997,
    1.000000000003,0.999999999997,1.000000000003,0.999999999998,
    1.000000000001,1.,1.,1.,1.,1.000000000001,0.999999999998,
    1.000000000003,0.999999999996,1.000000000003,0.999999999998,
1.000000000001,1.,1.,1.)) REPRESENTATION_ITEM('') );
#3581 = CARTESIAN_POINT('',(-6.,40.115,27.911501248498));
#3582 = CARTESIAN_POINT('',(-6.074676307942,40.115,27.911501248498));
#3583 = CARTESIAN_POINT('',(-6.14933753242,40.11196791504,
    27.910751936176));
#3584 = CARTESIAN_POINT('',(-6.224388374444,40.105888403716,
    27.909267667718));
#3585 = CARTESIAN_POINT('',(-6.300206337872,40.096661177725,
    27.907028810497));
#3586 = CARTESIAN_POINT('',(-6.37713065767,40.084099770619,
    27.903992299266));
#3587 = CARTESIAN_POINT('',(-6.455451228161,40.067930306595,
    27.900102192395));
#3588 = CARTESIAN_POINT('',(-6.535397531304,40.047790269237,
    27.895300228046));
#3589 = CARTESIAN_POINT('',(-6.617127564927,40.023227270314,
    27.889536380427));
#3590 = CARTESIAN_POINT('',(-6.70071677101,39.993697818522,
    27.882779415961));
#3591 = CARTESIAN_POINT('',(-6.786146963924,39.958566088271,
    27.875027449531));
#3592 = CARTESIAN_POINT('',(-6.873295258708,39.917102688445,
    27.866318500667));
#3593 = CARTESIAN_POINT('',(-7.006236869612,39.844173802537,
    27.851952324323));
#3594 = CARTESIAN_POINT('',(-7.050924963202,39.81807996654,
    27.846944608382));
#3595 = CARTESIAN_POINT('',(-7.095958816894,39.790075548132,
    27.84173739608));
#3596 = CARTESIAN_POINT('',(-7.141305511556,39.760039689341,
    27.836348877195));
#3597 = CARTESIAN_POINT('',(-7.186926921163,39.727848572965,
    27.830799234781));
#3598 = CARTESIAN_POINT('',(-7.232778961861,39.693366946249,
    27.825113942784));
#3599 = CARTESIAN_POINT('',(-7.278810841024,39.65643964458,
    27.819327063669));
#3600 = CARTESIAN_POINT('',(-7.324964306309,39.616883115161,
    27.813484546043));
#3601 = CARTESIAN_POINT('',(-7.371172894723,39.574476940702,
    27.807647522279));
#3602 = CARTESIAN_POINT('',(-7.41736118167,39.528955363101,
    27.80189560614));
#3603 = CARTESIAN_POINT('',(-7.46344403002,39.479998807132,27.7963301904
    ));
#3604 = CARTESIAN_POINT('',(-7.532266743734,39.400838702624,
    27.788451521502));
#3605 = CARTESIAN_POINT('',(-7.555157500721,39.373500635869,
    27.785902380479));
#3606 = CARTESIAN_POINT('',(-7.577984913335,39.345147282317,
    27.783452395242));
#3607 = CARTESIAN_POINT('',(-7.600735635777,39.315718522505,
    27.781122182173));
#3608 = CARTESIAN_POINT('',(-7.623395714206,39.285152061187,
    27.778933219349));
#3609 = CARTESIAN_POINT('',(-7.645950127755,39.253377449483,
    27.776910165676));
#3610 = CARTESIAN_POINT('',(-7.668382329463,39.220310107017,
    27.775083180067));
#3611 = CARTESIAN_POINT('',(-7.690673787314,39.185845344063,
    27.773490240556));
#3612 = CARTESIAN_POINT('',(-7.712803525164,39.149852383688,
    27.772179463486));
#3613 = CARTESIAN_POINT('',(-7.73474766377,39.112168383889,
    27.77121142263));
#3614 = CARTESIAN_POINT('',(-7.75647896174,39.072592459746,
    27.770661468362));
#3615 = CARTESIAN_POINT('',(-7.788710053926,39.010023328457,
    27.770602336009));
#3616 = CARTESIAN_POINT('',(-7.799392854474,38.988634665612,
    27.770709484266));
#3617 = CARTESIAN_POINT('',(-7.810010212788,38.966672085631,
    27.770959396656));
#3618 = CARTESIAN_POINT('',(-7.820557629173,38.944096430887,
    27.771366971615));
#3619 = CARTESIAN_POINT('',(-7.831030403066,38.920866938218,
    27.771947710611));
#3620 = CARTESIAN_POINT('',(-7.841423386484,38.89693715964,
    27.772719327832));
#3621 = CARTESIAN_POINT('',(-7.851730737472,38.872250883052,
    27.773703359875));
#3622 = CARTESIAN_POINT('',(-7.861945673545,38.846738052948,
    27.774926775434));
#3623 = CARTESIAN_POINT('',(-7.872060225138,38.820310691127,
    27.776423584992));
#3624 = CARTESIAN_POINT('',(-7.882064989046,38.792858817399,
    27.778236450505));
#3625 = CARTESIAN_POINT('',(-7.891948881875,38.764246370294,
    27.780418295094));
#3626 = CARTESIAN_POINT('',(-7.906573899291,38.719337506518,
    27.784341721551));
#3627 = CARTESIAN_POINT('',(-7.911415486361,38.704037409691,
    27.785757480532));
#3628 = CARTESIAN_POINT('',(-7.916221647778,38.688378727266,
    27.787292210608));
#3629 = CARTESIAN_POINT('',(-7.92099042473,38.672334897051,
    27.788956302154));
#3630 = CARTESIAN_POINT('',(-7.925719764885,38.655878185575,
    27.790760598247));
#3631 = CARTESIAN_POINT('',(-7.93040738078,38.638976968983,
    27.792717477942));
#3632 = CARTESIAN_POINT('',(-7.935050608177,38.621593013912,
    27.794841939523));
#3633 = CARTESIAN_POINT('',(-7.93964626447,38.603678758395,
    27.797152683786));
#3634 = CARTESIAN_POINT('',(-7.944190507031,38.585174592728,
    27.799673197292));
#3635 = CARTESIAN_POINT('',(-7.948678691613,38.566006140379,
    27.802432835641));
#3636 = CARTESIAN_POINT('',(-7.953105230713,38.54608153886,
    27.805467906733));
#3637 = CARTESIAN_POINT('',(-7.959642562573,38.5148923115,
    27.810500177688));
#3638 = CARTESIAN_POINT('',(-7.961804127109,38.504269203125,
    27.812261405362));
#3639 = CARTESIAN_POINT('',(-7.963947685047,38.493413164584,
    27.814108866037));
#3640 = CARTESIAN_POINT('',(-7.96607247519,38.482311916285,
    27.816047405544));
#3641 = CARTESIAN_POINT('',(-7.968177435663,38.47094712996,
    27.818084286575));
#3642 = CARTESIAN_POINT('',(-7.970261203897,38.459294428654,
    27.820229188672));
#3643 = CARTESIAN_POINT('',(-7.972322116655,38.447323386741,
    27.822494208241));
#3644 = CARTESIAN_POINT('',(-7.974358209999,38.434997529905,
    27.824893858537));
#3645 = CARTESIAN_POINT('',(-7.976367219325,38.42227433516,
    27.827445069678));
#3646 = CARTESIAN_POINT('',(-7.978346579334,38.409105230832,
    27.830167188634));
#3647 = CARTESIAN_POINT('',(-7.980293424049,38.395435596573,
    27.833081979232));
#3648 = CARTESIAN_POINT('',(-7.98411574957,38.366973930129,
    27.839345265083));
#3649 = CARTESIAN_POINT('',(-7.985980712333,38.351943962729,
    27.842789495915));
#3650 = CARTESIAN_POINT('',(-7.987890809859,38.338203586223,
    27.845705398532));
#3651 = CARTESIAN_POINT('',(-7.989392569746,38.315461073408,
    27.852234740923));
#3652 = CARTESIAN_POINT('',(-7.991833934615,38.314368211129,
    27.850040842848));
#3653 = CARTESIAN_POINT('',(-7.992285508002,38.268372108818,
    27.865908484052));
#3654 = CARTESIAN_POINT('',(-7.99547746587,38.284987566016,
    27.856566332922));
#3655 = CARTESIAN_POINT('',(-7.995420554141,38.228157239084,
    27.876771508452));
#3656 = CARTESIAN_POINT('',(-7.998051423898,38.232792271056,
    27.872227126151));
#3657 = CARTESIAN_POINT('',(-7.998503798729,38.188428102788,
    27.887388416514));
#3658 = CARTESIAN_POINT('',(-8.,38.168288907862,27.892785398034));
#3659 = CARTESIAN_POINT('',(-8.,38.115,27.911501248498));
#3660 = PCURVE('',#1280,#3661);
#3661 = DEFINITIONAL_REPRESENTATION('',(#3662),#3729);
#3662 = B_SPLINE_CURVE_WITH_KNOTS('',9,(#3663,#3664,#3665,#3666,#3667,
    #3668,#3669,#3670,#3671,#3672,#3673,#3674,#3675,#3676,#3677,#3678,
    #3679,#3680,#3681,#3682,#3683,#3684,#3685,#3686,#3687,#3688,#3689,
    #3690,#3691,#3692,#3693,#3694,#3695,#3696,#3697,#3698,#3699,#3700,
    #3701,#3702,#3703,#3704,#3705,#3706,#3707,#3708,#3709,#3710,#3711,
    #3712,#3713,#3714,#3715,#3716,#3717,#3718,#3719,#3720,#3721,#3722,
    #3723,#3724,#3725,#3726,#3727,#3728),.UNSPECIFIED.,.F.,.F.,(10,8,8,8
    ,8,8,8,8,10),(15.174581805009,16.296025444755,16.856747264628,
    17.137108174564,17.277288629532,17.347378857016,17.382423970758,
    17.399946527629,17.4174690845),.UNSPECIFIED.);
#3663 = CARTESIAN_POINT('',(-1.583029048566E-17,37.738498751502));
#3664 = CARTESIAN_POINT('',(-4.97842052945E-02,37.738498751495));
#3665 = CARTESIAN_POINT('',(-9.955543085176E-02,37.739873491793));
#3666 = CARTESIAN_POINT('',(-0.15001715359,37.742582471456));
#3667 = CARTESIAN_POINT('',(-0.201832872903,37.746723180498));
#3668 = CARTESIAN_POINT('',(-0.255613055808,37.752460473172));
#3669 = CARTESIAN_POINT('',(-0.311922921352,37.759958128581));
#3670 = CARTESIAN_POINT('',(-0.371311064283,37.769312598484));
#3671 = CARTESIAN_POINT('',(-0.434358917994,37.780488942454));
#3672 = CARTESIAN_POINT('',(-0.535447126085,37.799643954114));
#3673 = CARTESIAN_POINT('',(-0.570225334756,37.806430431038));
#3674 = CARTESIAN_POINT('',(-0.606200846539,37.813567296291));
#3675 = CARTESIAN_POINT('',(-0.643473663731,37.821008624811));
#3676 = CARTESIAN_POINT('',(-0.682155643851,37.8286929069));
#3677 = CARTESIAN_POINT('',(-0.722397516374,37.836522304512));
#3678 = CARTESIAN_POINT('',(-0.764415899459,37.844341906829));
#3679 = CARTESIAN_POINT('',(-0.80852031668,37.851918986529));
#3680 = CARTESIAN_POINT('',(-0.878450162299,37.862423890032));
#3681 = CARTESIAN_POINT('',(-0.90238649495,37.86578422777));
#3682 = CARTESIAN_POINT('',(-0.927023417899,37.868945416399));
#3683 = CARTESIAN_POINT('',(-0.952427947312,37.871855364521));
#3684 = CARTESIAN_POINT('',(-0.978678267766,37.874453149485));
#3685 = CARTESIAN_POINT('',(-1.005882090696,37.876654425349));
#3686 = CARTESIAN_POINT('',(-1.03419501284,37.878336830638));
#3687 = CARTESIAN_POINT('',(-1.063838874675,37.879325396301));
#3688 = CARTESIAN_POINT('',(-1.110760740959,37.879404232123));
#3689 = CARTESIAN_POINT('',(-1.126808974098,37.879197931848));
#3690 = CARTESIAN_POINT('',(-1.143317454787,37.878717409128));
#3691 = CARTESIAN_POINT('',(-1.160333977024,37.877924961867));
#3692 = CARTESIAN_POINT('',(-1.177914164541,37.876776717403));
#3693 = CARTESIAN_POINT('',(-1.19613414305,37.875212520623));
#3694 = CARTESIAN_POINT('',(-1.215103212485,37.873145821882));
#3695 = CARTESIAN_POINT('',(-1.234976519244,37.870453565131));
#3696 = CARTESIAN_POINT('',(-1.266463333025,37.865222331228));
#3697 = CARTESIAN_POINT('',(-1.277237312557,37.863280680357));
#3698 = CARTESIAN_POINT('',(-1.288325966403,37.86111225909));
#3699 = CARTESIAN_POINT('',(-1.299762532773,37.858690679016));
#3700 = CARTESIAN_POINT('',(-1.311585696698,37.855985218964));
#3701 = CARTESIAN_POINT('',(-1.323848098019,37.852954016958));
#3702 = CARTESIAN_POINT('',(-1.336624839372,37.849537261577));
#3703 = CARTESIAN_POINT('',(-1.350021994181,37.845650383918));
#3704 = CARTESIAN_POINT('',(-1.371266674868,37.838940681656));
#3705 = CARTESIAN_POINT('',(-1.378548551934,37.83655047279));
#3706 = CARTESIAN_POINT('',(-1.386038772845,37.834000261471));
#3707 = CARTESIAN_POINT('',(-1.393757213586,37.831274191772));
#3708 = CARTESIAN_POINT('',(-1.401735599116,37.828346912746));
#3709 = CARTESIAN_POINT('',(-1.410017503373,37.825183578567));
#3710 = CARTESIAN_POINT('',(-1.418658349266,37.821739848382));
#3711 = CARTESIAN_POINT('',(-1.427725408685,37.817961886426));
#3712 = CARTESIAN_POINT('',(-1.442083999396,37.811698599728));
#3713 = CARTESIAN_POINT('',(-1.447017038274,37.809494957945));
#3714 = CARTESIAN_POINT('',(-1.452011490928,37.807244190915));
#3715 = CARTESIAN_POINT('',(-1.457305141522,37.804755097689));
#3716 = CARTESIAN_POINT('',(-1.462693648414,37.802192086684));
#3717 = CARTESIAN_POINT('',(-1.4682062926,37.799531671617));
#3718 = CARTESIAN_POINT('',(-1.474098803598,37.796568243944));
#3719 = CARTESIAN_POINT('',(-1.480176725985,37.793458294314));
#3720 = CARTESIAN_POINT('',(-1.493023798637,37.786687878105));
#3721 = CARTESIAN_POINT('',(-1.499760269296,37.783053695482));
#3722 = CARTESIAN_POINT('',(-1.507027604788,37.778995373454));
#3723 = CARTESIAN_POINT('',(-1.514324059349,37.774916596379));
#3724 = CARTESIAN_POINT('',(-1.523360143567,37.769441798422));
#3725 = CARTESIAN_POINT('',(-1.531031598226,37.765067913087));
#3726 = CARTESIAN_POINT('',(-1.542844217762,37.757367038808));
#3727 = CARTESIAN_POINT('',(-1.553033357508,37.750975985146));
#3728 = CARTESIAN_POINT('',(-1.570796326795,37.738498751502));
#3729 = ( GEOMETRIC_REPRESENTATION_CONTEXT(2) 
PARAMETRIC_REPRESENTATION_CONTEXT() REPRESENTATION_CONTEXT('2D SPACE',''
  ) );
#3730 = PCURVE('',#3731,#3969);
#3731 = ( BOUNDED_SURFACE() B_SPLINE_SURFACE(2,12,(
    (#3732,#3733,#3734,#3735,#3736,#3737,#3738,#3739,#3740,#3741,#3742
      ,#3743,#3744,#3745,#3746,#3747,#3748,#3749,#3750,#3751,#3752,#3753
      ,#3754,#3755,#3756,#3757,#3758,#3759,#3760,#3761,#3762,#3763,#3764
      ,#3765,#3766,#3767,#3768,#3769,#3770,#3771,#3772,#3773,#3774,#3775
      ,#3776,#3777,#3778,#3779,#3780,#3781,#3782,#3783,#3784,#3785,#3786
      ,#3787,#3788,#3789,#3790,#3791,#3792,#3793,#3794,#3795,#3796,#3797
      ,#3798,#3799,#3800,#3801,#3802,#3803,#3804,#3805,#3806,#3807,#3808
      ,#3809,#3810)
    ,(#3811,#3812,#3813,#3814,#3815,#3816,#3817,#3818,#3819,#3820,#3821
      ,#3822,#3823,#3824,#3825,#3826,#3827,#3828,#3829,#3830,#3831,#3832
      ,#3833,#3834,#3835,#3836,#3837,#3838,#3839,#3840,#3841,#3842,#3843
      ,#3844,#3845,#3846,#3847,#3848,#3849,#3850,#3851,#3852,#3853,#3854
      ,#3855,#3856,#3857,#3858,#3859,#3860,#3861,#3862,#3863,#3864,#3865
      ,#3866,#3867,#3868,#3869,#3870,#3871,#3872,#3873,#3874,#3875,#3876
      ,#3877,#3878,#3879,#3880,#3881,#3882,#3883,#3884,#3885,#3886,#3887
      ,#3888,#3889)
    ,(#3890,#3891,#3892,#3893,#3894,#3895,#3896,#3897,#3898,#3899,#3900
      ,#3901,#3902,#3903,#3904,#3905,#3906,#3907,#3908,#3909,#3910,#3911
      ,#3912,#3913,#3914,#3915,#3916,#3917,#3918,#3919,#3920,#3921,#3922
      ,#3923,#3924,#3925,#3926,#3927,#3928,#3929,#3930,#3931,#3932,#3933
      ,#3934,#3935,#3936,#3937,#3938,#3939,#3940,#3941,#3942,#3943,#3944
      ,#3945,#3946,#3947,#3948,#3949,#3950,#3951,#3952,#3953,#3954,#3955
      ,#3956,#3957,#3958,#3959,#3960,#3961,#3962,#3963,#3964,#3965,#3966
      ,#3967,#3968
)),.UNSPECIFIED.,.F.,.F.,.F.) B_SPLINE_SURFACE_WITH_KNOTS((3,3),(13,11,
    11,11,11,11,11,13),(0.,2.242887279491),(15.174581805009,
    16.296025444755,16.856747264628,17.137108174564,17.277288629532,
    17.347378857016,17.382423970758,17.4174690845),.UNSPECIFIED.) 
GEOMETRIC_REPRESENTATION_ITEM() RATIONAL_B_SPLINE_SURFACE((
    (1.,1.,1.000000000001,0.999999999999,1.000000000002,0.999999999997
      ,1.000000000003,0.999999999998,1.000000000001,0.999999999999,1.,1.
      ,1.,1.000000000001,0.999999999998,1.000000000003,0.999999999995
      ,1.000000000005,0.999999999996,1.000000000003,0.999999999999
      ,1.000000000001,1.,1.,1.,1.,1.,1.,1.,1.,1.,1.,1.,1.,1.,1.
      ,1.000000000001,0.999999999999,1.000000000002,0.999999999998
      ,1.000000000002,0.999999999999,1.000000000001,1.,1.,1.
      ,1.000000000001,0.999999999998,1.000000000004,0.999999999995
      ,1.000000000006,0.999999999995,1.000000000003,0.999999999998
      ,1.000000000001,1.,1.,0.999999999999,1.000000000001,0.999999999997
      ,1.000000000003,0.999999999997,1.000000000003,0.999999999998
      ,1.000000000001,1.,1.,1.,1.,1.000000000001,0.999999999998
      ,1.000000000003,0.999999999996,1.000000000003,0.999999999998
      ,1.000000000001,1.,1.,1.)
    ,(0.979482519399,0.979482519399,0.979165626703,0.978527744866
      ,0.977557475589,0.976234763,0.974529538,0.972400362513
      ,0.96979307386,0.966639429001,0.96285574889,0.958341562754
      ,0.950296597236,0.947403511404,0.944279743211,0.940907056181
      ,0.937266609419,0.933337338063,0.929094333572,0.924507224234
      ,0.919538555434,0.914142170138,0.908261589216,0.898611793187
      ,0.895257596682,0.891754156661,0.888090561402,0.884255490193
      ,0.88023607037,0.876016734362,0.871578076737,0.866895711238
      ,0.861939127834,0.856670549757,0.848230410942,0.84532786107
      ,0.842328241434,0.839224138595,0.83600783815,0.832670537673
      ,0.829201559708,0.8255875647,0.821811763986,0.817853132738
      ,0.813685622939,0.807073253039,0.804809184375,0.802479765739
      ,0.800079896559,0.797604252862,0.795046759954,0.792400064903
      ,0.789655009283,0.786800101638,0.783820990197,0.780699935395
      ,0.775772956092,0.774087854604,0.772358783987,0.770583375009
      ,0.768758083306,0.766878189342,0.764937798458,0.762929840824
      ,0.760846071478,0.758677070301,0.756412242029,0.751667390466
      ,0.749140957449,0.746868064126,0.742841070051,0.743039670019
      ,0.734480776036,0.738138592267,0.72747124476,0.728797300255
      ,0.720568020969,0.717067999534,0.707106781186)
    ,(1.,1.,1.000000000001,0.999999999999,1.000000000002,0.999999999997
      ,1.000000000003,0.999999999998,1.000000000001,0.999999999999,1.,1.
      ,1.,1.000000000001,0.999999999998,1.000000000003,0.999999999995
      ,1.000000000005,0.999999999996,1.000000000003,0.999999999999
      ,1.000000000001,1.,1.,1.,1.,1.,1.,1.,1.,1.,1.,1.,1.,1.,1.
      ,1.000000000001,0.999999999999,1.000000000002,0.999999999998
      ,1.000000000002,0.999999999999,1.000000000001,1.,1.,1.
      ,1.000000000001,0.999999999998,1.000000000004,0.999999999995
      ,1.000000000006,0.999999999995,1.000000000003,0.999999999998
      ,1.000000000001,1.,1.,0.999999999999,1.000000000001,0.999999999997
      ,1.000000000003,0.999999999997,1.000000000003,0.999999999998
      ,1.000000000001,1.,1.,1.,1.,1.000000000001,0.999999999998
      ,1.000000000003,0.999999999996,1.000000000003,0.999999999998
,1.000000000001,1.,1.,1.))) REPRESENTATION_ITEM('') SURFACE() );
#3732 = CARTESIAN_POINT('',(-6.,40.115,27.911501248498));
#3733 = CARTESIAN_POINT('',(-6.074676307942,40.115,27.911501248498));
#3734 = CARTESIAN_POINT('',(-6.14933753242,40.11196791504,
    27.910751936176));
#3735 = CARTESIAN_POINT('',(-6.224388374444,40.105888403716,
    27.909267667718));
#3736 = CARTESIAN_POINT('',(-6.300206337872,40.096661177725,
    27.907028810497));
#3737 = CARTESIAN_POINT('',(-6.37713065767,40.084099770619,
    27.903992299266));
#3738 = CARTESIAN_POINT('',(-6.455451228161,40.067930306595,
    27.900102192395));
#3739 = CARTESIAN_POINT('',(-6.535397531304,40.047790269237,
    27.895300228046));
#3740 = CARTESIAN_POINT('',(-6.617127564927,40.023227270314,
    27.889536380427));
#3741 = CARTESIAN_POINT('',(-6.70071677101,39.993697818522,
    27.882779415961));
#3742 = CARTESIAN_POINT('',(-6.786146963924,39.958566088271,
    27.875027449531));
#3743 = CARTESIAN_POINT('',(-6.873295258708,39.917102688445,
    27.866318500667));
#3744 = CARTESIAN_POINT('',(-7.006236869612,39.844173802537,
    27.851952324323));
#3745 = CARTESIAN_POINT('',(-7.050924963202,39.81807996654,
    27.846944608382));
#3746 = CARTESIAN_POINT('',(-7.095958816894,39.790075548132,
    27.84173739608));
#3747 = CARTESIAN_POINT('',(-7.141305511556,39.760039689341,
    27.836348877195));
#3748 = CARTESIAN_POINT('',(-7.186926921163,39.727848572965,
    27.830799234781));
#3749 = CARTESIAN_POINT('',(-7.232778961861,39.693366946249,
    27.825113942784));
#3750 = CARTESIAN_POINT('',(-7.278810841024,39.65643964458,
    27.819327063669));
#3751 = CARTESIAN_POINT('',(-7.324964306309,39.616883115161,
    27.813484546043));
#3752 = CARTESIAN_POINT('',(-7.371172894723,39.574476940702,
    27.807647522279));
#3753 = CARTESIAN_POINT('',(-7.41736118167,39.528955363101,
    27.80189560614));
#3754 = CARTESIAN_POINT('',(-7.46344403002,39.479998807132,27.7963301904
    ));
#3755 = CARTESIAN_POINT('',(-7.532266743734,39.400838702624,
    27.788451521502));
#3756 = CARTESIAN_POINT('',(-7.555157500721,39.373500635869,
    27.785902380479));
#3757 = CARTESIAN_POINT('',(-7.577984913335,39.345147282317,
    27.783452395242));
#3758 = CARTESIAN_POINT('',(-7.600735635777,39.315718522505,
    27.781122182173));
#3759 = CARTESIAN_POINT('',(-7.623395714206,39.285152061187,
    27.778933219349));
#3760 = CARTESIAN_POINT('',(-7.645950127755,39.253377449483,
    27.776910165676));
#3761 = CARTESIAN_POINT('',(-7.668382329463,39.220310107017,
    27.775083180067));
#3762 = CARTESIAN_POINT('',(-7.690673787314,39.185845344063,
    27.773490240556));
#3763 = CARTESIAN_POINT('',(-7.712803525164,39.149852383688,
    27.772179463486));
#3764 = CARTESIAN_POINT('',(-7.73474766377,39.112168383889,
    27.77121142263));
#3765 = CARTESIAN_POINT('',(-7.75647896174,39.072592459746,
    27.770661468362));
#3766 = CARTESIAN_POINT('',(-7.788710053926,39.010023328457,
    27.770602336009));
#3767 = CARTESIAN_POINT('',(-7.799392854474,38.988634665612,
    27.770709484266));
#3768 = CARTESIAN_POINT('',(-7.810010212788,38.966672085631,
    27.770959396656));
#3769 = CARTESIAN_POINT('',(-7.820557629173,38.944096430887,
    27.771366971615));
#3770 = CARTESIAN_POINT('',(-7.831030403066,38.920866938218,
    27.771947710611));
#3771 = CARTESIAN_POINT('',(-7.841423386484,38.89693715964,
    27.772719327832));
#3772 = CARTESIAN_POINT('',(-7.851730737472,38.872250883052,
    27.773703359875));
#3773 = CARTESIAN_POINT('',(-7.861945673545,38.846738052948,
    27.774926775434));
#3774 = CARTESIAN_POINT('',(-7.872060225138,38.820310691127,
    27.776423584992));
#3775 = CARTESIAN_POINT('',(-7.882064989046,38.792858817399,
    27.778236450505));
#3776 = CARTESIAN_POINT('',(-7.891948881875,38.764246370294,
    27.780418295094));
#3777 = CARTESIAN_POINT('',(-7.906573899291,38.719337506518,
    27.784341721551));
#3778 = CARTESIAN_POINT('',(-7.911415486361,38.704037409691,
    27.785757480532));
#3779 = CARTESIAN_POINT('',(-7.916221647778,38.688378727266,
    27.787292210608));
#3780 = CARTESIAN_POINT('',(-7.92099042473,38.672334897051,
    27.788956302154));
#3781 = CARTESIAN_POINT('',(-7.925719764885,38.655878185575,
    27.790760598247));
#3782 = CARTESIAN_POINT('',(-7.93040738078,38.638976968983,
    27.792717477942));
#3783 = CARTESIAN_POINT('',(-7.935050608177,38.621593013912,
    27.794841939523));
#3784 = CARTESIAN_POINT('',(-7.93964626447,38.603678758395,
    27.797152683786));
#3785 = CARTESIAN_POINT('',(-7.944190507031,38.585174592728,
    27.799673197292));
#3786 = CARTESIAN_POINT('',(-7.948678691613,38.566006140379,
    27.802432835641));
#3787 = CARTESIAN_POINT('',(-7.953105230713,38.54608153886,
    27.805467906733));
#3788 = CARTESIAN_POINT('',(-7.959642562573,38.5148923115,
    27.810500177688));
#3789 = CARTESIAN_POINT('',(-7.961804127109,38.504269203125,
    27.812261405362));
#3790 = CARTESIAN_POINT('',(-7.963947685047,38.493413164584,
    27.814108866037));
#3791 = CARTESIAN_POINT('',(-7.96607247519,38.482311916285,
    27.816047405544));
#3792 = CARTESIAN_POINT('',(-7.968177435663,38.47094712996,
    27.818084286575));
#3793 = CARTESIAN_POINT('',(-7.970261203897,38.459294428654,
    27.820229188672));
#3794 = CARTESIAN_POINT('',(-7.972322116655,38.447323386741,
    27.822494208241));
#3795 = CARTESIAN_POINT('',(-7.974358209999,38.434997529905,
    27.824893858537));
#3796 = CARTESIAN_POINT('',(-7.976367219325,38.42227433516,
    27.827445069678));
#3797 = CARTESIAN_POINT('',(-7.978346579334,38.409105230832,
    27.830167188634));
#3798 = CARTESIAN_POINT('',(-7.980293424049,38.395435596573,
    27.833081979232));
#3799 = CARTESIAN_POINT('',(-7.98411574957,38.366973930129,
    27.839345265083));
#3800 = CARTESIAN_POINT('',(-7.985980712333,38.351943962729,
    27.842789495915));
#3801 = CARTESIAN_POINT('',(-7.987890809859,38.338203586223,
    27.845705398532));
#3802 = CARTESIAN_POINT('',(-7.989392569746,38.315461073408,
    27.852234740923));
#3803 = CARTESIAN_POINT('',(-7.991833934615,38.314368211129,
    27.850040842848));
#3804 = CARTESIAN_POINT('',(-7.992285508002,38.268372108818,
    27.865908484052));
#3805 = CARTESIAN_POINT('',(-7.99547746587,38.284987566016,
    27.856566332922));
#3806 = CARTESIAN_POINT('',(-7.995420554141,38.228157239084,
    27.876771508452));
#3807 = CARTESIAN_POINT('',(-7.998051423898,38.232792271056,
    27.872227126151));
#3808 = CARTESIAN_POINT('',(-7.998503798729,38.188428102788,
    27.887388416514));
#3809 = CARTESIAN_POINT('',(-8.,38.168288907862,27.892785398034));
#3810 = CARTESIAN_POINT('',(-8.,38.115,27.911501248498));
#3811 = CARTESIAN_POINT('',(-6.,40.115,27.5));
#3812 = CARTESIAN_POINT('',(-6.0504967706,40.115,27.5));
#3813 = CARTESIAN_POINT('',(-6.101020617675,40.113923594054,
    27.497494933216));
#3814 = CARTESIAN_POINT('',(-6.151715771442,40.111776125215,
    27.492497234273));
#3815 = CARTESIAN_POINT('',(-6.202721408662,40.108558727015,
    27.485009541182));
#3816 = CARTESIAN_POINT('',(-6.254174298998,40.104271338496,
    27.475031712086));
#3817 = CARTESIAN_POINT('',(-6.306211964064,40.098915563522,
    27.462567479568));
#3818 = CARTESIAN_POINT('',(-6.358976433545,40.092497363946,
    27.447630718367));
#3819 = CARTESIAN_POINT('',(-6.412618706525,40.085029579901,
    27.430251310688));
#3820 = CARTESIAN_POINT('',(-6.467304059502,40.076534277755,
    27.410480610509));
#3821 = CARTESIAN_POINT('',(-6.523218389722,40.067044938172,
    27.388396535741));
#3822 = CARTESIAN_POINT('',(-6.580575850377,40.056608513743,
    27.36410835684));
#3823 = CARTESIAN_POINT('',(-6.66940423314,40.039578935825,
    27.324476255076));
#3824 = CARTESIAN_POINT('',(-6.699651240202,40.033637399449,
    27.310648808768));
#3825 = CARTESIAN_POINT('',(-6.730418339452,40.027473330986,
    27.296303474446));
#3826 = CARTESIAN_POINT('',(-6.761754615822,40.021096227496,
    27.281462354146));
#3827 = CARTESIAN_POINT('',(-6.793712879598,40.01451608937,27.2661487213
    ));
#3828 = CARTESIAN_POINT('',(-6.826353938592,40.00774492879,
    27.250390531254));
#3829 = CARTESIAN_POINT('',(-6.859751381211,40.000798251162,
    27.234223868994));
#3830 = CARTESIAN_POINT('',(-6.8939969551,39.993696514836,
    27.217696346221));
#3831 = CARTESIAN_POINT('',(-6.9292066523,39.986466578768,27.20087047048
    ));
#3832 = CARTESIAN_POINT('',(-6.965527648897,39.979143154705,
    27.183827024711));
#3833 = CARTESIAN_POINT('',(-7.003146300437,39.971770290003,
    27.166668518165));
#3834 = CARTESIAN_POINT('',(-7.062083269112,39.960679679352,
    27.140857883745));
#3835 = CARTESIAN_POINT('',(-7.082278430938,39.956953654079,
    27.132186487806));
#3836 = CARTESIAN_POINT('',(-7.10292487801,39.953234244786,
    27.123530488912));
#3837 = CARTESIAN_POINT('',(-7.124064534661,39.949530259451,
    27.114910385438));
#3838 = CARTESIAN_POINT('',(-7.145742617505,39.945850932884,
    27.106347669114));
#3839 = CARTESIAN_POINT('',(-7.168011192796,39.942206944705,
    27.097867194076));
#3840 = CARTESIAN_POINT('',(-7.190933041676,39.938611442422,
    27.089499557898));
#3841 = CARTESIAN_POINT('',(-7.21458588455,39.935081077156,
    27.081283511896));
#3842 = CARTESIAN_POINT('',(-7.239067030474,39.9316370621,
    27.073268424511));
#3843 = CARTESIAN_POINT('',(-7.2644985381,39.928306268081,
    27.065516830891));
#3844 = CARTESIAN_POINT('',(-7.291033003998,39.925122376106,
    27.058107115197));
#3845 = CARTESIAN_POINT('',(-7.33291214531,39.920614582719,
    27.047616348655));
#3846 = CARTESIAN_POINT('',(-7.347302245716,39.919148757259,
    27.044205004929));
#3847 = CARTESIAN_POINT('',(-7.362063413126,39.917736849388,
    27.040919140963));
#3848 = CARTESIAN_POINT('',(-7.377228269423,39.916385744056,
    27.037774779765));
#3849 = CARTESIAN_POINT('',(-7.392831718908,39.915102701813,
    27.034788818457));
#3850 = CARTESIAN_POINT('',(-7.408913741114,39.913896070155,
    27.031980683758));
#3851 = CARTESIAN_POINT('',(-7.425522362138,39.912776008877,
    27.02937402006));
#3852 = CARTESIAN_POINT('',(-7.442716832577,39.911755234549,
    27.026998422014));
#3853 = CARTESIAN_POINT('',(-7.460571047961,39.910849790805,
    27.02489122718));
#3854 = CARTESIAN_POINT('',(-7.479177258094,39.910079853319,
    27.023099389417));
#3855 = CARTESIAN_POINT('',(-7.498650126835,39.909470581494,
    27.021681460971));
#3856 = CARTESIAN_POINT('',(-7.529455674571,39.908842548576,
    27.020219870751));
#3857 = CARTESIAN_POINT('',(-7.540040461509,39.908680454819,
    27.019842637897));
#3858 = CARTESIAN_POINT('',(-7.550909790915,39.908572065849,
    27.019590389561));
#3859 = CARTESIAN_POINT('',(-7.562087445919,39.908522507887,
    27.019475055749));
#3860 = CARTESIAN_POINT('',(-7.573598759641,39.908537202887,
    27.019509254697));
#3861 = CARTESIAN_POINT('',(-7.585472673416,39.908622361628,
    27.019707440465));
#3862 = CARTESIAN_POINT('',(-7.597743892461,39.908785488842,
    27.020087078427));
#3863 = CARTESIAN_POINT('',(-7.610455153243,39.909035903128,
    27.020669855322));
#3864 = CARTESIAN_POINT('',(-7.623659620543,39.909385275435,
    27.02148293236));
#3865 = CARTESIAN_POINT('',(-7.637423437288,39.909848190739,
    27.022560252453));
#3866 = CARTESIAN_POINT('',(-7.651828457412,39.910442739314,
    27.023943916201));
#3867 = CARTESIAN_POINT('',(-7.674596672861,39.911567725799,
    27.026562042094));
#3868 = CARTESIAN_POINT('',(-7.682415969806,39.911985139642,
    27.027533468865));
#3869 = CARTESIAN_POINT('',(-7.690440410433,39.912444863397,
    27.028603361421));
#3870 = CARTESIAN_POINT('',(-7.698682211224,39.912949511323,
    27.029777803798));
#3871 = CARTESIAN_POINT('',(-7.707158617594,39.913502855217,
    27.031065573909));
#3872 = CARTESIAN_POINT('',(-7.715892046735,39.914109846254,
    27.032478194396));
#3873 = CARTESIAN_POINT('',(-7.72491024528,39.914776639944,
    27.034029990655));
#3874 = CARTESIAN_POINT('',(-7.734246464456,39.915510624736,
    27.035738157477));
#3875 = CARTESIAN_POINT('',(-7.743939656471,39.916320455146,
    27.037622836085));
#3876 = CARTESIAN_POINT('',(-7.754034696316,39.917216090266,
    27.039707203791));
#3877 = CARTESIAN_POINT('',(-7.764582634411,39.918208838861,
    27.042017578923));
#3878 = CARTESIAN_POINT('',(-7.786769143205,39.920420945787,
    27.047165706916));
#3879 = CARTESIAN_POINT('',(-7.798618958219,39.921687821002,
    27.050114043492));
#3880 = CARTESIAN_POINT('',(-7.809454191721,39.922713397556,
    27.052500817521));
#3881 = CARTESIAN_POINT('',(-7.827947436782,39.925481956962,
    27.058943950101));
#3882 = CARTESIAN_POINT('',(-7.828188423052,39.924071134246,
    27.055660611544));
#3883 = CARTESIAN_POINT('',(-7.866883816729,39.931419162807,
    27.072761318182));
#3884 = CARTESIAN_POINT('',(-7.851805894765,39.926513563341,
    27.061344757032));
#3885 = CARTESIAN_POINT('',(-7.900555007348,39.936101142246,
    27.083657459374));
#3886 = CARTESIAN_POINT('',(-7.895651741358,39.933502395861,
    27.07760952432));
#3887 = CARTESIAN_POINT('',(-7.934359791087,39.940763716965,
    27.094508440917));
#3888 = CARTESIAN_POINT('',(-7.951719780386,39.943180322112,
    27.100132487596));
#3889 = CARTESIAN_POINT('',(-8.,39.952544023234,27.121924170135));
#3890 = CARTESIAN_POINT('',(-6.,39.952544023234,27.121924170134));
#3891 = CARTESIAN_POINT('',(-6.024179537341,39.952544023234,
    27.121924170134));
#3892 = CARTESIAN_POINT('',(-6.048373364429,39.950892799699,
    27.118081358558));
#3893 = CARTESIAN_POINT('',(-6.072316147288,39.947590100441,
    27.110395148498));
#3894 = CARTESIAN_POINT('',(-6.095769441854,39.942650292633,
    27.098898975975));
#3895 = CARTESIAN_POINT('',(-6.118520161726,39.936099461119,
    27.083653546965));
#3896 = CARTESIAN_POINT('',(-6.140379045921,39.927972506711,
    27.064740084421));
#3897 = CARTESIAN_POINT('',(-6.161179126627,39.918310244505,
    27.042253575304));
#3898 = CARTESIAN_POINT('',(-6.18077419695,39.907156502167,
    27.016296017607));
#3899 = CARTESIAN_POINT('',(-6.199037278679,39.894555218259,
    26.98696966738));
#3900 = CARTESIAN_POINT('',(-6.215859090026,39.880547540526,
    26.954370285759));
#3901 = CARTESIAN_POINT('',(-6.231146513386,39.865168924211,
    26.918580385988));
#3902 = CARTESIAN_POINT('',(-6.251658337941,39.840084883424,
    26.860203527681));
#3903 = CARTESIAN_POINT('',(-6.258089875569,39.831388025643,
    26.839963756955));
#3904 = CARTESIAN_POINT('',(-6.26410261559,39.822359365354,
    26.81895179852));
#3905 = CARTESIAN_POINT('',(-6.269683840714,39.813002406027,
    26.79717580583));
#3906 = CARTESIAN_POINT('',(-6.274820622051,39.803320390305,
    26.77464332533));
#3907 = CARTESIAN_POINT('',(-6.279499264427,39.79331624406,
    26.751361166252));
#3908 = CARTESIAN_POINT('',(-6.283704751688,39.78299252043,
    26.727335270401));
#3909 = CARTESIAN_POINT('',(-6.287420192017,39.772351343889,
    26.702570581947));
#3910 = CARTESIAN_POINT('',(-6.290626263237,39.761394354274,
    26.677070917217));
#3911 = CARTESIAN_POINT('',(-6.293300658132,39.750122650858,
    26.650838834483));
#3912 = CARTESIAN_POINT('',(-6.295417529744,39.738536736381,
    26.623875503752));
#3913 = CARTESIAN_POINT('',(-6.297711640173,39.720686323475,
    26.582333112964));
#3914 = CARTESIAN_POINT('',(-6.298329487685,39.71465759969,
    26.568302759672));
#3915 = CARTESIAN_POINT('',(-6.29879630943,39.708550190429,
    26.554089285534));
#3916 = CARTESIAN_POINT('',(-6.299107829256,39.702363985436,
    26.53969243395));
#3917 = CARTESIAN_POINT('',(-6.299259497478,39.696098833315,
    26.525111852586));
#3918 = CARTESIAN_POINT('',(-6.299246323667,39.689754511323,
    26.51034702306));
#3919 = CARTESIAN_POINT('',(-6.299062709477,39.683330695166,
    26.495397190665));
#3920 = CARTESIAN_POINT('',(-6.298702281428,39.676826928793,
    26.48026129405));
#3921 = CARTESIAN_POINT('',(-6.29815772373,39.670242594189,
    26.464937894941));
#3922 = CARTESIAN_POINT('',(-6.297420611076,39.663576881167,
    26.449425107832));
#3923 = CARTESIAN_POINT('',(-6.296481241454,39.656828757168,
    26.433720529695));
#3924 = CARTESIAN_POINT('',(-6.294752082699,39.646581026987,
    26.409871489666));
#3925 = CARTESIAN_POINT('',(-6.294122343582,39.643144193099,
    26.40187311466));
#3926 = CARTESIAN_POINT('',(-6.293437702971,39.639686243222,
    26.393825597447));
#3927 = CARTESIAN_POINT('',(-6.292696571952,39.63620698006,
    26.38572847887));
#3928 = CARTESIAN_POINT('',(-6.291897262566,39.632706189321,
    26.377581260221));
#3929 = CARTESIAN_POINT('',(-6.291037929042,39.629183627854,
    26.369383375622));
#3930 = CARTESIAN_POINT('',(-6.290116509047,39.625639011787,
    26.361134164434));
#3931 = CARTESIAN_POINT('',(-6.289130664914,39.62207200466,
    26.352832843629));
#3932 = CARTESIAN_POINT('',(-6.288077724888,39.61848220557,
    26.344478480208));
#3933 = CARTESIAN_POINT('',(-6.286954624363,39.614869137302,
    26.336069963568));
#3934 = CARTESIAN_POINT('',(-6.285757847123,39.611232234467,
    26.327605977911));
#3935 = CARTESIAN_POINT('',(-6.283846126304,39.605740130232,
    26.31482447299));
#3936 = CARTESIAN_POINT('',(-6.283189458885,39.603903303672,
    26.310549716593));
#3937 = CARTESIAN_POINT('',(-6.282512807746,39.60206025746,
    26.306260485503));
#3938 = CARTESIAN_POINT('',(-6.281815601062,39.600210894484,
    26.301956553719));
#3939 = CARTESIAN_POINT('',(-6.281097231614,39.59835511075,
    26.29763767922));
#3940 = CARTESIAN_POINT('',(-6.280357036646,39.596492791101,
    26.293303594007));
#3941 = CARTESIAN_POINT('',(-6.279594277718,39.59462380494,
    26.288953994147));
#3942 = CARTESIAN_POINT('',(-6.278808120564,39.59274800195,
    26.284588529815));
#3943 = CARTESIAN_POINT('',(-6.277997614944,39.590865207815,
    26.280206795334));
#3944 = CARTESIAN_POINT('',(-6.277161674506,39.588975219944,
    26.275808319224));
#3945 = CARTESIAN_POINT('',(-6.276299056636,39.587077803189,
    26.271392554237));
#3946 = CARTESIAN_POINT('',(-6.274962985155,39.584220126761,
    26.264742023989));
#3947 = CARTESIAN_POINT('',(-6.27451056354,39.583265633959,
    26.26252067969));
#3948 = CARTESIAN_POINT('',(-6.2740509302,39.582309179731,
    26.260294770657));
#3949 = CARTESIAN_POINT('',(-6.273583905635,39.581350729736,
    26.258064216976));
#3950 = CARTESIAN_POINT('',(-6.273109278111,39.580390242724,
    26.255828922639));
#3951 = CARTESIAN_POINT('',(-6.272626803668,39.579427670538,
    26.25358877559));
#3952 = CARTESIAN_POINT('',(-6.27213620611,39.578462958115,
    26.25134364766));
#3953 = CARTESIAN_POINT('',(-6.271637177013,39.577496043483,
    26.249093394648));
#3954 = CARTESIAN_POINT('',(-6.271129375722,39.576526857764,
    26.246837856237));
#3955 = CARTESIAN_POINT('',(-6.27061242935,39.57555532517,
    26.244576856065));
#3956 = CARTESIAN_POINT('',(-6.270085932778,39.574581363009,
    26.242310201677));
#3957 = CARTESIAN_POINT('',(-6.269012964541,39.572628400348,
    26.237765167426));
#3958 = CARTESIAN_POINT('',(-6.268466391976,39.571649377499,
    26.235486735549));
#3959 = CARTESIAN_POINT('',(-6.267909741192,39.570667824269,
    26.233202414842));
#3960 = CARTESIAN_POINT('',(-6.267340009384,39.569683076658,
    26.230910660006));
#3961 = CARTESIAN_POINT('',(-6.266763869527,39.568696641189,
    26.228614977103));
#3962 = CARTESIAN_POINT('',(-6.266164506298,39.567704757839,
    26.226306615609));
#3963 = CARTESIAN_POINT('',(-6.265567170071,39.566713100787,
    26.223998780776));
#3964 = CARTESIAN_POINT('',(-6.264936946815,39.56571385396,
    26.22167328262));
#3965 = CARTESIAN_POINT('',(-6.264306581563,39.564714374422,
    26.219347242898));
#3966 = CARTESIAN_POINT('',(-6.263644421588,39.563707582443,
    26.217004185284));
#3967 = CARTESIAN_POINT('',(-6.262968419293,39.562697522642,
    26.214653522631));
#3968 = CARTESIAN_POINT('',(-6.262250696197,39.561677976765,
    26.212280783498));
#3969 = DEFINITIONAL_REPRESENTATION('',(#3970),#3974);
#3970 = LINE('',#3971,#3972);
#3971 = CARTESIAN_POINT('',(0.,0.));
#3972 = VECTOR('',#3973,1.);
#3973 = DIRECTION('',(0.,1.));
#3974 = ( GEOMETRIC_REPRESENTATION_CONTEXT(2) 
PARAMETRIC_REPRESENTATION_CONTEXT() REPRESENTATION_CONTEXT('2D SPACE',''
  ) );
#3975 = ADVANCED_FACE('',(#3976),#666,.T.);
#3976 = FACE_BOUND('',#3977,.T.);
#3977 = EDGE_LOOP('',(#3978,#4002,#4030,#4050));
#3978 = ORIENTED_EDGE('',*,*,#3979,.T.);
#3979 = EDGE_CURVE('',#651,#3980,#3982,.T.);
#3980 = VERTEX_POINT('',#3981);
#3981 = CARTESIAN_POINT('',(-6.,-32.75,10.5));
#3982 = SURFACE_CURVE('',#3983,(#3988,#3995),.PCURVE_S1.);
#3983 = CIRCLE('',#3984,2.);
#3984 = AXIS2_PLACEMENT_3D('',#3985,#3986,#3987);
#3985 = CARTESIAN_POINT('',(-6.,-30.75,10.5));
#3986 = DIRECTION('',(0.,0.,1.));
#3987 = DIRECTION('',(0.,-1.,0.));
#3988 = PCURVE('',#666,#3989);
#3989 = DEFINITIONAL_REPRESENTATION('',(#3990),#3994);
#3990 = LINE('',#3991,#3992);
#3991 = CARTESIAN_POINT('',(-4.712388980385,0.));
#3992 = VECTOR('',#3993,1.);
#3993 = DIRECTION('',(1.,0.));
#3994 = ( GEOMETRIC_REPRESENTATION_CONTEXT(2) 
PARAMETRIC_REPRESENTATION_CONTEXT() REPRESENTATION_CONTEXT('2D SPACE',''
  ) );
#3995 = PCURVE('',#694,#3996);
#3996 = DEFINITIONAL_REPRESENTATION('',(#3997),#4001);
#3997 = CIRCLE('',#3998,2.);
#3998 = AXIS2_PLACEMENT_2D('',#3999,#4000);
#3999 = CARTESIAN_POINT('',(2.,2.));
#4000 = DIRECTION('',(0.,-1.));
#4001 = ( GEOMETRIC_REPRESENTATION_CONTEXT(2) 
PARAMETRIC_REPRESENTATION_CONTEXT() REPRESENTATION_CONTEXT('2D SPACE',''
  ) );
#4002 = ORIENTED_EDGE('',*,*,#4003,.T.);
#4003 = EDGE_CURVE('',#3980,#4004,#4006,.T.);
#4004 = VERTEX_POINT('',#4005);
#4005 = CARTESIAN_POINT('',(-6.,-32.75,68.65));
#4006 = SURFACE_CURVE('',#4007,(#4011,#4018),.PCURVE_S1.);
#4007 = LINE('',#4008,#4009);
#4008 = CARTESIAN_POINT('',(-6.,-32.75,10.5));
#4009 = VECTOR('',#4010,1.);
#4010 = DIRECTION('',(0.,0.,1.));
#4011 = PCURVE('',#666,#4012);
#4012 = DEFINITIONAL_REPRESENTATION('',(#4013),#4017);
#4013 = LINE('',#4014,#4015);
#4014 = CARTESIAN_POINT('',(1.570796326795,0.));
#4015 = VECTOR('',#4016,1.);
#4016 = DIRECTION('',(0.,1.));
#4017 = ( GEOMETRIC_REPRESENTATION_CONTEXT(2) 
PARAMETRIC_REPRESENTATION_CONTEXT() REPRESENTATION_CONTEXT('2D SPACE',''
  ) );
#4018 = PCURVE('',#4019,#4024);
#4019 = PLANE('',#4020);
#4020 = AXIS2_PLACEMENT_3D('',#4021,#4022,#4023);
#4021 = CARTESIAN_POINT('',(-8.,-32.75,10.5));
#4022 = DIRECTION('',(-0.,1.,0.));
#4023 = DIRECTION('',(0.,0.,1.));
#4024 = DEFINITIONAL_REPRESENTATION('',(#4025),#4029);
#4025 = LINE('',#4026,#4027);
#4026 = CARTESIAN_POINT('',(0.,2.));
#4027 = VECTOR('',#4028,1.);
#4028 = DIRECTION('',(1.,0.));
#4029 = ( GEOMETRIC_REPRESENTATION_CONTEXT(2) 
PARAMETRIC_REPRESENTATION_CONTEXT() REPRESENTATION_CONTEXT('2D SPACE',''
  ) );
#4030 = ORIENTED_EDGE('',*,*,#4031,.F.);
#4031 = EDGE_CURVE('',#623,#4004,#4032,.T.);
#4032 = SURFACE_CURVE('',#4033,(#4038,#4044),.PCURVE_S1.);
#4033 = CIRCLE('',#4034,2.);
#4034 = AXIS2_PLACEMENT_3D('',#4035,#4036,#4037);
#4035 = CARTESIAN_POINT('',(-6.,-30.75,68.65));
#4036 = DIRECTION('',(0.,0.,1.));
#4037 = DIRECTION('',(-1.,-2.22044604925E-16,0.));
#4038 = PCURVE('',#666,#4039);
#4039 = DEFINITIONAL_REPRESENTATION('',(#4040),#4043);
#4040 = B_SPLINE_CURVE_WITH_KNOTS('',1,(#4041,#4042),.UNSPECIFIED.,.F.,
  .F.,(2,2),(0.,1.570796326795),.PIECEWISE_BEZIER_KNOTS.);
#4041 = CARTESIAN_POINT('',(0.,58.15));
#4042 = CARTESIAN_POINT('',(1.570796326795,58.15));
#4043 = ( GEOMETRIC_REPRESENTATION_CONTEXT(2) 
PARAMETRIC_REPRESENTATION_CONTEXT() REPRESENTATION_CONTEXT('2D SPACE',''
  ) );
#4044 = PCURVE('',#3485,#4045);
#4045 = DEFINITIONAL_REPRESENTATION('',(#4046),#4049);
#4046 = B_SPLINE_CURVE_WITH_KNOTS('',1,(#4047,#4048),.UNSPECIFIED.,.F.,
  .F.,(2,2),(0.,1.570796326795),.PIECEWISE_BEZIER_KNOTS.);
#4047 = CARTESIAN_POINT('',(0.,-1.570796326795));
#4048 = CARTESIAN_POINT('',(0.,-2.22044604925E-16));
#4049 = ( GEOMETRIC_REPRESENTATION_CONTEXT(2) 
PARAMETRIC_REPRESENTATION_CONTEXT() REPRESENTATION_CONTEXT('2D SPACE',''
  ) );
#4050 = ORIENTED_EDGE('',*,*,#650,.F.);
#4051 = ADVANCED_FACE('',(#4052),#1226,.T.);
#4052 = FACE_BOUND('',#4053,.T.);
#4053 = EDGE_LOOP('',(#4054,#4075,#4117,#4144));
#4054 = ORIENTED_EDGE('',*,*,#4055,.T.);
#4055 = EDGE_CURVE('',#1197,#4056,#4058,.T.);
#4056 = VERTEX_POINT('',#4057);
#4057 = CARTESIAN_POINT('',(-6.262250696197,39.561677976765,
    26.212280783498));
#4058 = SURFACE_CURVE('',#4059,(#4063,#4069),.PCURVE_S1.);
#4059 = ( BOUNDED_CURVE() B_SPLINE_CURVE(2,(#4060,#4061,#4062),
.UNSPECIFIED.,.F.,.F.) B_SPLINE_CURVE_WITH_KNOTS((3,3),(0.,
2.242887279491),.PIECEWISE_BEZIER_KNOTS.) CURVE() 
GEOMETRIC_REPRESENTATION_ITEM() RATIONAL_B_SPLINE_CURVE((1.,
0.707106781186,1.)) REPRESENTATION_ITEM('') );
#4060 = CARTESIAN_POINT('',(-8.,38.115,27.911501248498));
#4061 = CARTESIAN_POINT('',(-8.,39.952544023234,27.121924170135));
#4062 = CARTESIAN_POINT('',(-6.262250696197,39.561677976765,
    26.212280783498));
#4063 = PCURVE('',#1226,#4064);
#4064 = DEFINITIONAL_REPRESENTATION('',(#4065),#4068);
#4065 = B_SPLINE_CURVE_WITH_KNOTS('',1,(#4066,#4067),.UNSPECIFIED.,.F.,
  .F.,(2,2),(0.,2.242887279491),.PIECEWISE_BEZIER_KNOTS.);
#4066 = CARTESIAN_POINT('',(0.,17.4174690845));
#4067 = CARTESIAN_POINT('',(3.571185795194,17.4174690845));
#4068 = ( GEOMETRIC_REPRESENTATION_CONTEXT(2) 
PARAMETRIC_REPRESENTATION_CONTEXT() REPRESENTATION_CONTEXT('2D SPACE',''
  ) );
#4069 = PCURVE('',#3731,#4070);
#4070 = DEFINITIONAL_REPRESENTATION('',(#4071),#4074);
#4071 = B_SPLINE_CURVE_WITH_KNOTS('',1,(#4072,#4073),.UNSPECIFIED.,.F.,
  .F.,(2,2),(0.,2.242887279491),.PIECEWISE_BEZIER_KNOTS.);
#4072 = CARTESIAN_POINT('',(0.,17.4174690845));
#4073 = CARTESIAN_POINT('',(2.242887279491,17.4174690845));
#4074 = ( GEOMETRIC_REPRESENTATION_CONTEXT(2) 
PARAMETRIC_REPRESENTATION_CONTEXT() REPRESENTATION_CONTEXT('2D SPACE',''
  ) );
#4075 = ORIENTED_EDGE('',*,*,#4076,.T.);
#4076 = EDGE_CURVE('',#4056,#4077,#4079,.T.);
#4077 = VERTEX_POINT('',#4078);
#4078 = CARTESIAN_POINT('',(-6.,38.115,22.845498055639));
#4079 = SURFACE_CURVE('',#4080,(#4091,#4098),.PCURVE_S1.);
#4080 = ( BOUNDED_CURVE() B_SPLINE_CURVE(9,(#4081,#4082,#4083,#4084,
    #4085,#4086,#4087,#4088,#4089,#4090),.UNSPECIFIED.,.F.,.F.) 
B_SPLINE_CURVE_WITH_KNOTS((10,10),(17.4174690845,20.988654879694),
.PIECEWISE_BEZIER_KNOTS.) CURVE() GEOMETRIC_REPRESENTATION_ITEM() 
RATIONAL_B_SPLINE_CURVE((1.,1.,1.,1.,1.,1.,1.,1.,1.,1.)) 
REPRESENTATION_ITEM('') );
#4081 = CARTESIAN_POINT('',(-6.262250696197,39.561677976765,
    26.212280783498));
#4082 = CARTESIAN_POINT('',(-6.164733629385,39.423152236102,
    25.889896618868));
#4083 = CARTESIAN_POINT('',(-6.107822721363,39.291776573648,
    25.584152480701));
#4084 = CARTESIAN_POINT('',(-6.069656360716,39.146709266883,
    25.246544450001));
#4085 = CARTESIAN_POINT('',(-6.043217215747,38.993204963992,
    24.889301411862));
#4086 = CARTESIAN_POINT('',(-6.024796652955,38.827667479236,
    24.504054139532));
#4087 = CARTESIAN_POINT('',(-6.012079125739,38.655336466328,
    24.102996622205));
#4088 = CARTESIAN_POINT('',(-6.00403263755,38.476957481442,
    23.687863956212));
#4089 = CARTESIAN_POINT('',(-6.,38.29598927836,23.266705529657));
#4090 = CARTESIAN_POINT('',(-6.,38.115,22.845498055639));
#4091 = PCURVE('',#1226,#4092);
#4092 = DEFINITIONAL_REPRESENTATION('',(#4093),#4097);
#4093 = LINE('',#4094,#4095);
#4094 = CARTESIAN_POINT('',(3.571185795194,0.));
#4095 = VECTOR('',#4096,1.);
#4096 = DIRECTION('',(0.,1.));
#4097 = ( GEOMETRIC_REPRESENTATION_CONTEXT(2) 
PARAMETRIC_REPRESENTATION_CONTEXT() REPRESENTATION_CONTEXT('2D SPACE',''
  ) );
#4098 = PCURVE('',#4099,#4104);
#4099 = PLANE('',#4100);
#4100 = AXIS2_PLACEMENT_3D('',#4101,#4102,#4103);
#4101 = CARTESIAN_POINT('',(0.,23.4,-11.4));
#4102 = DIRECTION('',(0.,-0.918772011617,0.394788539182));
#4103 = DIRECTION('',(0.,0.394788539182,0.918772011617));
#4104 = DEFINITIONAL_REPRESENTATION('',(#4105),#4116);
#4105 = B_SPLINE_CURVE_WITH_KNOTS('',9,(#4106,#4107,#4108,#4109,#4110,
    #4111,#4112,#4113,#4114,#4115),.UNSPECIFIED.,.F.,.F.,(10,10),(
    17.4174690845,20.988654879694),.PIECEWISE_BEZIER_KNOTS.);
#4106 = CARTESIAN_POINT('',(40.937556116131,6.262250696197));
#4107 = CARTESIAN_POINT('',(40.586670193885,6.164733629385));
#4108 = CARTESIAN_POINT('',(40.253895431158,6.107822721363));
#4109 = CARTESIAN_POINT('',(39.886439711529,6.069656360716));
#4110 = CARTESIAN_POINT('',(39.497613067252,6.043217215747));
#4111 = CARTESIAN_POINT('',(39.078306354088,6.024796652954));
#4112 = CARTESIAN_POINT('',(38.641791623286,6.012079125739));
#4113 = CARTESIAN_POINT('',(38.189957369795,6.00403263755));
#4114 = CARTESIAN_POINT('',(37.731564622488,6.));
#4115 = CARTESIAN_POINT('',(37.273118491464,6.));
#4116 = ( GEOMETRIC_REPRESENTATION_CONTEXT(2) 
PARAMETRIC_REPRESENTATION_CONTEXT() REPRESENTATION_CONTEXT('2D SPACE',''
  ) );
#4117 = ORIENTED_EDGE('',*,*,#4118,.F.);
#4118 = EDGE_CURVE('',#1169,#4077,#4119,.T.);
#4119 = SURFACE_CURVE('',#4120,(#4124,#4130),.PCURVE_S1.);
#4120 = ( BOUNDED_CURVE() B_SPLINE_CURVE(2,(#4121,#4122,#4123),
.UNSPECIFIED.,.F.,.F.) B_SPLINE_CURVE_WITH_KNOTS((3,3),(0.,
3.571185795194),.PIECEWISE_BEZIER_KNOTS.) CURVE() 
GEOMETRIC_REPRESENTATION_ITEM() RATIONAL_B_SPLINE_CURVE((1.,
0.707106781187,1.)) REPRESENTATION_ITEM('') );
#4121 = CARTESIAN_POINT('',(-8.,36.277455976766,23.635075134002));
#4122 = CARTESIAN_POINT('',(-8.,38.115,22.845498055639));
#4123 = CARTESIAN_POINT('',(-6.,38.115,22.845498055639));
#4124 = PCURVE('',#1226,#4125);
#4125 = DEFINITIONAL_REPRESENTATION('',(#4126),#4129);
#4126 = B_SPLINE_CURVE_WITH_KNOTS('',1,(#4127,#4128),.UNSPECIFIED.,.F.,
  .F.,(2,2),(0.,3.571185795194),.PIECEWISE_BEZIER_KNOTS.);
#4127 = CARTESIAN_POINT('',(0.,20.988654879694));
#4128 = CARTESIAN_POINT('',(3.571185795194,20.988654879694));
#4129 = ( GEOMETRIC_REPRESENTATION_CONTEXT(2) 
PARAMETRIC_REPRESENTATION_CONTEXT() REPRESENTATION_CONTEXT('2D SPACE',''
  ) );
#4130 = PCURVE('',#1184,#4131);
#4131 = DEFINITIONAL_REPRESENTATION('',(#4132),#4143);
#4132 = B_SPLINE_CURVE_WITH_KNOTS('',9,(#4133,#4134,#4135,#4136,#4137,
    #4138,#4139,#4140,#4141,#4142),.UNSPECIFIED.,.F.,.F.,(10,10),(0.,
    3.571185795194),.PIECEWISE_BEZIER_KNOTS.);
#4133 = CARTESIAN_POINT('',(-2.22044604925E-16,0.));
#4134 = CARTESIAN_POINT('',(0.157134840264,0.));
#4135 = CARTESIAN_POINT('',(0.325774716821,0.));
#4136 = CARTESIAN_POINT('',(0.50456638687,0.));
#4137 = CARTESIAN_POINT('',(0.690744851612,0.));
#4138 = CARTESIAN_POINT('',(0.880051475183,0.));
#4139 = CARTESIAN_POINT('',(1.066229939925,0.));
#4140 = CARTESIAN_POINT('',(1.245021609974,0.));
#4141 = CARTESIAN_POINT('',(1.413661486531,0.));
#4142 = CARTESIAN_POINT('',(1.570796326795,0.));
#4143 = ( GEOMETRIC_REPRESENTATION_CONTEXT(2) 
PARAMETRIC_REPRESENTATION_CONTEXT() REPRESENTATION_CONTEXT('2D SPACE',''
  ) );
#4144 = ORIENTED_EDGE('',*,*,#1196,.F.);
#4145 = ADVANCED_FACE('',(#4146),#694,.F.);
#4146 = FACE_BOUND('',#4147,.F.);
#4147 = EDGE_LOOP('',(#4148,#4171,#4197,#4198,#4219,#4220));
#4148 = ORIENTED_EDGE('',*,*,#4149,.T.);
#4149 = EDGE_CURVE('',#3980,#4150,#4152,.T.);
#4150 = VERTEX_POINT('',#4151);
#4151 = CARTESIAN_POINT('',(6.,-32.75,10.5));
#4152 = SURFACE_CURVE('',#4153,(#4157,#4164),.PCURVE_S1.);
#4153 = LINE('',#4154,#4155);
#4154 = CARTESIAN_POINT('',(-8.,-32.75,10.5));
#4155 = VECTOR('',#4156,1.);
#4156 = DIRECTION('',(1.,0.,-0.));
#4157 = PCURVE('',#694,#4158);
#4158 = DEFINITIONAL_REPRESENTATION('',(#4159),#4163);
#4159 = LINE('',#4160,#4161);
#4160 = CARTESIAN_POINT('',(0.,0.));
#4161 = VECTOR('',#4162,1.);
#4162 = DIRECTION('',(1.,0.));
#4163 = ( GEOMETRIC_REPRESENTATION_CONTEXT(2) 
PARAMETRIC_REPRESENTATION_CONTEXT() REPRESENTATION_CONTEXT('2D SPACE',''
  ) );
#4164 = PCURVE('',#4019,#4165);
#4165 = DEFINITIONAL_REPRESENTATION('',(#4166),#4170);
#4166 = LINE('',#4167,#4168);
#4167 = CARTESIAN_POINT('',(0.,0.));
#4168 = VECTOR('',#4169,1.);
#4169 = DIRECTION('',(0.,1.));
#4170 = ( GEOMETRIC_REPRESENTATION_CONTEXT(2) 
PARAMETRIC_REPRESENTATION_CONTEXT() REPRESENTATION_CONTEXT('2D SPACE',''
  ) );
#4171 = ORIENTED_EDGE('',*,*,#4172,.F.);
#4172 = EDGE_CURVE('',#1392,#4150,#4173,.T.);
#4173 = SURFACE_CURVE('',#4174,(#4179,#4190),.PCURVE_S1.);
#4174 = CIRCLE('',#4175,2.);
#4175 = AXIS2_PLACEMENT_3D('',#4176,#4177,#4178);
#4176 = CARTESIAN_POINT('',(6.,-30.75,10.5));
#4177 = DIRECTION('',(0.,0.,-1.));
#4178 = DIRECTION('',(0.,1.,0.));
#4179 = PCURVE('',#694,#4180);
#4180 = DEFINITIONAL_REPRESENTATION('',(#4181),#4189);
#4181 = ( BOUNDED_CURVE() B_SPLINE_CURVE(2,(#4182,#4183,#4184,#4185,
#4186,#4187,#4188),.UNSPECIFIED.,.T.,.F.) B_SPLINE_CURVE_WITH_KNOTS((1,2
    ,2,2,2,1),(-2.094395102393,0.,2.094395102393,4.188790204786,
6.28318530718,8.377580409573),.UNSPECIFIED.) CURVE() 
GEOMETRIC_REPRESENTATION_ITEM() RATIONAL_B_SPLINE_CURVE((1.,0.5,1.,0.5,
1.,0.5,1.)) REPRESENTATION_ITEM('') );
#4182 = CARTESIAN_POINT('',(14.,4.));
#4183 = CARTESIAN_POINT('',(17.464101615138,4.));
#4184 = CARTESIAN_POINT('',(15.732050807569,1.));
#4185 = CARTESIAN_POINT('',(14.,-2.));
#4186 = CARTESIAN_POINT('',(12.267949192431,1.));
#4187 = CARTESIAN_POINT('',(10.535898384862,4.));
#4188 = CARTESIAN_POINT('',(14.,4.));
#4189 = ( GEOMETRIC_REPRESENTATION_CONTEXT(2) 
PARAMETRIC_REPRESENTATION_CONTEXT() REPRESENTATION_CONTEXT('2D SPACE',''
  ) );
#4190 = PCURVE('',#1430,#4191);
#4191 = DEFINITIONAL_REPRESENTATION('',(#4192),#4196);
#4192 = LINE('',#4193,#4194);
#4193 = CARTESIAN_POINT('',(-1.570796326795,58.15));
#4194 = VECTOR('',#4195,1.);
#4195 = DIRECTION('',(1.,0.));
#4196 = ( GEOMETRIC_REPRESENTATION_CONTEXT(2) 
PARAMETRIC_REPRESENTATION_CONTEXT() REPRESENTATION_CONTEXT('2D SPACE',''
  ) );
#4197 = ORIENTED_EDGE('',*,*,#1391,.F.);
#4198 = ORIENTED_EDGE('',*,*,#4199,.T.);
#4199 = EDGE_CURVE('',#1368,#679,#4200,.T.);
#4200 = SURFACE_CURVE('',#4201,(#4205,#4212),.PCURVE_S1.);
#4201 = LINE('',#4202,#4203);
#4202 = CARTESIAN_POINT('',(8.,-27.2,10.5));
#4203 = VECTOR('',#4204,1.);
#4204 = DIRECTION('',(-1.,-2.22044604925E-16,0.));
#4205 = PCURVE('',#694,#4206);
#4206 = DEFINITIONAL_REPRESENTATION('',(#4207),#4211);
#4207 = LINE('',#4208,#4209);
#4208 = CARTESIAN_POINT('',(16.,5.55));
#4209 = VECTOR('',#4210,1.);
#4210 = DIRECTION('',(-1.,-2.22044604925E-16));
#4211 = ( GEOMETRIC_REPRESENTATION_CONTEXT(2) 
PARAMETRIC_REPRESENTATION_CONTEXT() REPRESENTATION_CONTEXT('2D SPACE',''
  ) );
#4212 = PCURVE('',#727,#4213);
#4213 = DEFINITIONAL_REPRESENTATION('',(#4214),#4218);
#4214 = LINE('',#4215,#4216);
#4215 = CARTESIAN_POINT('',(0.,0.));
#4216 = VECTOR('',#4217,1.);
#4217 = DIRECTION('',(0.,1.));
#4218 = ( GEOMETRIC_REPRESENTATION_CONTEXT(2) 
PARAMETRIC_REPRESENTATION_CONTEXT() REPRESENTATION_CONTEXT('2D SPACE',''
  ) );
#4219 = ORIENTED_EDGE('',*,*,#678,.T.);
#4220 = ORIENTED_EDGE('',*,*,#3979,.T.);
#4221 = ADVANCED_FACE('',(#4222),#1184,.T.);
#4222 = FACE_BOUND('',#4223,.T.);
#4223 = EDGE_LOOP('',(#4224,#4225,#4248,#4277));
#4224 = ORIENTED_EDGE('',*,*,#4118,.T.);
#4225 = ORIENTED_EDGE('',*,*,#4226,.T.);
#4226 = EDGE_CURVE('',#4077,#4227,#4229,.T.);
#4227 = VERTEX_POINT('',#4228);
#4228 = CARTESIAN_POINT('',(-6.,32.810244215938,10.5));
#4229 = SURFACE_CURVE('',#4230,(#4234,#4241),.PCURVE_S1.);
#4230 = LINE('',#4231,#4232);
#4231 = CARTESIAN_POINT('',(-6.,38.115,22.845498055639));
#4232 = VECTOR('',#4233,1.);
#4233 = DIRECTION('',(8.766066521158E-17,-0.394788539182,-0.918772011617
    ));
#4234 = PCURVE('',#1184,#4235);
#4235 = DEFINITIONAL_REPRESENTATION('',(#4236),#4240);
#4236 = LINE('',#4237,#4238);
#4237 = CARTESIAN_POINT('',(1.570796326795,0.));
#4238 = VECTOR('',#4239,1.);
#4239 = DIRECTION('',(0.,1.));
#4240 = ( GEOMETRIC_REPRESENTATION_CONTEXT(2) 
PARAMETRIC_REPRESENTATION_CONTEXT() REPRESENTATION_CONTEXT('2D SPACE',''
  ) );
#4241 = PCURVE('',#4099,#4242);
#4242 = DEFINITIONAL_REPRESENTATION('',(#4243),#4247);
#4243 = LINE('',#4244,#4245);
#4244 = CARTESIAN_POINT('',(37.273118491464,6.));
#4245 = VECTOR('',#4246,1.);
#4246 = DIRECTION('',(-1.,-8.766066521158E-17));
#4247 = ( GEOMETRIC_REPRESENTATION_CONTEXT(2) 
PARAMETRIC_REPRESENTATION_CONTEXT() REPRESENTATION_CONTEXT('2D SPACE',''
  ) );
#4248 = ORIENTED_EDGE('',*,*,#4249,.F.);
#4249 = EDGE_CURVE('',#1141,#4227,#4250,.T.);
#4250 = SURFACE_CURVE('',#4251,(#4256,#4266),.PCURVE_S1.);
#4251 = ELLIPSE('',#4252,2.176818595595,2.);
#4252 = AXIS2_PLACEMENT_3D('',#4253,#4254,#4255);
#4253 = CARTESIAN_POINT('',(-6.,30.633425620343,10.5));
#4254 = DIRECTION('',(0.,-0.,-1.));
#4255 = DIRECTION('',(2.22044604925E-16,-1.,0.));
#4256 = PCURVE('',#1184,#4257);
#4257 = DEFINITIONAL_REPRESENTATION('',(#4258),#4265);
#4258 = B_SPLINE_CURVE_WITH_KNOTS('',5,(#4259,#4260,#4261,#4262,#4263,
    #4264),.UNSPECIFIED.,.F.,.F.,(6,6),(1.570796326795,3.14159265359),
  .PIECEWISE_BEZIER_KNOTS.);
#4259 = CARTESIAN_POINT('',(0.,14.296337903117));
#4260 = CARTESIAN_POINT('',(0.314159265359,14.026354760677));
#4261 = CARTESIAN_POINT('',(0.628316693373,13.756129924829));
#4262 = CARTESIAN_POINT('',(0.942482766594,13.542680556261));
#4263 = CARTESIAN_POINT('',(1.256637061436,13.436954869698));
#4264 = CARTESIAN_POINT('',(1.570796326795,13.436954869698));
#4265 = ( GEOMETRIC_REPRESENTATION_CONTEXT(2) 
PARAMETRIC_REPRESENTATION_CONTEXT() REPRESENTATION_CONTEXT('2D SPACE',''
  ) );
#4266 = PCURVE('',#1156,#4267);
#4267 = DEFINITIONAL_REPRESENTATION('',(#4268),#4276);
#4268 = ( BOUNDED_CURVE() B_SPLINE_CURVE(2,(#4269,#4270,#4271,#4272,
#4273,#4274,#4275),.UNSPECIFIED.,.T.,.F.) B_SPLINE_CURVE_WITH_KNOTS((1,2
    ,2,2,2,1),(-2.094395102393,0.,2.094395102393,4.188790204786,
6.28318530718,8.377580409573),.UNSPECIFIED.) CURVE() 
GEOMETRIC_REPRESENTATION_ITEM() RATIONAL_B_SPLINE_CURVE((1.,0.5,1.,0.5,
1.,0.5,1.)) REPRESENTATION_ITEM('') );
#4269 = CARTESIAN_POINT('',(2.,2.006607024748));
#4270 = CARTESIAN_POINT('',(-1.464101615138,2.006607024748));
#4271 = CARTESIAN_POINT('',(0.267949192431,5.271834918141));
#4272 = CARTESIAN_POINT('',(2.,8.537062811533));
#4273 = CARTESIAN_POINT('',(3.732050807569,5.271834918141));
#4274 = CARTESIAN_POINT('',(5.464101615138,2.006607024748));
#4275 = CARTESIAN_POINT('',(2.,2.006607024748));
#4276 = ( GEOMETRIC_REPRESENTATION_CONTEXT(2) 
PARAMETRIC_REPRESENTATION_CONTEXT() REPRESENTATION_CONTEXT('2D SPACE',''
  ) );
#4277 = ORIENTED_EDGE('',*,*,#1168,.F.);
#4278 = ADVANCED_FACE('',(#4279),#727,.F.);
#4279 = FACE_BOUND('',#4280,.F.);
#4280 = EDGE_LOOP('',(#4281,#4282,#4303,#4304));
#4281 = ORIENTED_EDGE('',*,*,#1367,.T.);
#4282 = ORIENTED_EDGE('',*,*,#4283,.T.);
#4283 = EDGE_CURVE('',#1345,#707,#4284,.T.);
#4284 = SURFACE_CURVE('',#4285,(#4289,#4296),.PCURVE_S1.);
#4285 = LINE('',#4286,#4287);
#4286 = CARTESIAN_POINT('',(8.,-25.7,9.));
#4287 = VECTOR('',#4288,1.);
#4288 = DIRECTION('',(-1.,-2.22044604925E-16,0.));
#4289 = PCURVE('',#727,#4290);
#4290 = DEFINITIONAL_REPRESENTATION('',(#4291),#4295);
#4291 = LINE('',#4292,#4293);
#4292 = CARTESIAN_POINT('',(1.570796326795,0.));
#4293 = VECTOR('',#4294,1.);
#4294 = DIRECTION('',(0.,1.));
#4295 = ( GEOMETRIC_REPRESENTATION_CONTEXT(2) 
PARAMETRIC_REPRESENTATION_CONTEXT() REPRESENTATION_CONTEXT('2D SPACE',''
  ) );
#4296 = PCURVE('',#755,#4297);
#4297 = DEFINITIONAL_REPRESENTATION('',(#4298),#4302);
#4298 = LINE('',#4299,#4300);
#4299 = CARTESIAN_POINT('',(8.,9.));
#4300 = VECTOR('',#4301,1.);
#4301 = DIRECTION('',(-1.,0.));
#4302 = ( GEOMETRIC_REPRESENTATION_CONTEXT(2) 
PARAMETRIC_REPRESENTATION_CONTEXT() REPRESENTATION_CONTEXT('2D SPACE',''
  ) );
#4303 = ORIENTED_EDGE('',*,*,#706,.F.);
#4304 = ORIENTED_EDGE('',*,*,#4199,.F.);
#4305 = ADVANCED_FACE('',(#4306),#1156,.F.);
#4306 = FACE_BOUND('',#4307,.F.);
#4307 = EDGE_LOOP('',(#4308,#4329,#4330,#4331,#4352,#4353));
#4308 = ORIENTED_EDGE('',*,*,#4309,.F.);
#4309 = EDGE_CURVE('',#4227,#4310,#4312,.T.);
#4310 = VERTEX_POINT('',#4311);
#4311 = CARTESIAN_POINT('',(6.,32.810244215938,10.5));
#4312 = SURFACE_CURVE('',#4313,(#4317,#4323),.PCURVE_S1.);
#4313 = LINE('',#4314,#4315);
#4314 = CARTESIAN_POINT('',(-4.,32.810244215938,10.5));
#4315 = VECTOR('',#4316,1.);
#4316 = DIRECTION('',(1.,0.,-0.));
#4317 = PCURVE('',#1156,#4318);
#4318 = DEFINITIONAL_REPRESENTATION('',(#4319),#4322);
#4319 = B_SPLINE_CURVE_WITH_KNOTS('',1,(#4320,#4321),.UNSPECIFIED.,.F.,
  .F.,(2,2),(-4.,12.),.PIECEWISE_BEZIER_KNOTS.);
#4320 = CARTESIAN_POINT('',(-5.329070518201E-15,6.360244215938));
#4321 = CARTESIAN_POINT('',(16.,6.360244215938));
#4322 = ( GEOMETRIC_REPRESENTATION_CONTEXT(2) 
PARAMETRIC_REPRESENTATION_CONTEXT() REPRESENTATION_CONTEXT('2D SPACE',''
  ) );
#4323 = PCURVE('',#4099,#4324);
#4324 = DEFINITIONAL_REPRESENTATION('',(#4325),#4328);
#4325 = B_SPLINE_CURVE_WITH_KNOTS('',1,(#4326,#4327),.UNSPECIFIED.,.F.,
  .F.,(2,2),(-4.,12.),.PIECEWISE_BEZIER_KNOTS.);
#4326 = CARTESIAN_POINT('',(23.836163621766,8.));
#4327 = CARTESIAN_POINT('',(23.836163621766,-8.));
#4328 = ( GEOMETRIC_REPRESENTATION_CONTEXT(2) 
PARAMETRIC_REPRESENTATION_CONTEXT() REPRESENTATION_CONTEXT('2D SPACE',''
  ) );
#4329 = ORIENTED_EDGE('',*,*,#4249,.F.);
#4330 = ORIENTED_EDGE('',*,*,#1140,.T.);
#4331 = ORIENTED_EDGE('',*,*,#4332,.T.);
#4332 = EDGE_CURVE('',#1112,#1607,#4333,.T.);
#4333 = SURFACE_CURVE('',#4334,(#4338,#4345),.PCURVE_S1.);
#4334 = LINE('',#4335,#4336);
#4335 = CARTESIAN_POINT('',(-8.,24.8,10.5));
#4336 = VECTOR('',#4337,1.);
#4337 = DIRECTION('',(1.,2.22044604925E-16,-0.));
#4338 = PCURVE('',#1156,#4339);
#4339 = DEFINITIONAL_REPRESENTATION('',(#4340),#4344);
#4340 = LINE('',#4341,#4342);
#4341 = CARTESIAN_POINT('',(0.,-1.65));
#4342 = VECTOR('',#4343,1.);
#4343 = DIRECTION('',(1.,2.22044604925E-16));
#4344 = ( GEOMETRIC_REPRESENTATION_CONTEXT(2) 
PARAMETRIC_REPRESENTATION_CONTEXT() REPRESENTATION_CONTEXT('2D SPACE',''
  ) );
#4345 = PCURVE('',#1128,#4346);
#4346 = DEFINITIONAL_REPRESENTATION('',(#4347),#4351);
#4347 = LINE('',#4348,#4349);
#4348 = CARTESIAN_POINT('',(0.,0.));
#4349 = VECTOR('',#4350,1.);
#4350 = DIRECTION('',(0.,1.));
#4351 = ( GEOMETRIC_REPRESENTATION_CONTEXT(2) 
PARAMETRIC_REPRESENTATION_CONTEXT() REPRESENTATION_CONTEXT('2D SPACE',''
  ) );
#4352 = ORIENTED_EDGE('',*,*,#1606,.F.);
#4353 = ORIENTED_EDGE('',*,*,#4354,.F.);
#4354 = EDGE_CURVE('',#4310,#1579,#4355,.T.);
#4355 = SURFACE_CURVE('',#4356,(#4361,#4372),.PCURVE_S1.);
#4356 = ELLIPSE('',#4357,2.176818595595,2.);
#4357 = AXIS2_PLACEMENT_3D('',#4358,#4359,#4360);
#4358 = CARTESIAN_POINT('',(6.,30.633425620343,10.5));
#4359 = DIRECTION('',(-0.,0.,-1.));
#4360 = DIRECTION('',(-2.22044604925E-16,1.,0.));
#4361 = PCURVE('',#1156,#4362);
#4362 = DEFINITIONAL_REPRESENTATION('',(#4363),#4371);
#4363 = ( BOUNDED_CURVE() B_SPLINE_CURVE(2,(#4364,#4365,#4366,#4367,
#4368,#4369,#4370),.UNSPECIFIED.,.T.,.F.) B_SPLINE_CURVE_WITH_KNOTS((1,2
    ,2,2,2,1),(-2.094395102393,0.,2.094395102393,4.188790204786,
6.28318530718,8.377580409573),.UNSPECIFIED.) CURVE() 
GEOMETRIC_REPRESENTATION_ITEM() RATIONAL_B_SPLINE_CURVE((1.,0.5,1.,0.5,
1.,0.5,1.)) REPRESENTATION_ITEM('') );
#4364 = CARTESIAN_POINT('',(14.,6.360244215938));
#4365 = CARTESIAN_POINT('',(17.464101615138,6.360244215938));
#4366 = CARTESIAN_POINT('',(15.732050807569,3.095016322546));
#4367 = CARTESIAN_POINT('',(14.,-0.170211570847));
#4368 = CARTESIAN_POINT('',(12.267949192431,3.095016322546));
#4369 = CARTESIAN_POINT('',(10.535898384862,6.360244215938));
#4370 = CARTESIAN_POINT('',(14.,6.360244215938));
#4371 = ( GEOMETRIC_REPRESENTATION_CONTEXT(2) 
PARAMETRIC_REPRESENTATION_CONTEXT() REPRESENTATION_CONTEXT('2D SPACE',''
  ) );
#4372 = PCURVE('',#1594,#4373);
#4373 = DEFINITIONAL_REPRESENTATION('',(#4374),#4381);
#4374 = B_SPLINE_CURVE_WITH_KNOTS('',5,(#4375,#4376,#4377,#4378,#4379,
    #4380),.UNSPECIFIED.,.F.,.F.,(6,6),(0.,1.570796326795),
  .PIECEWISE_BEZIER_KNOTS.);
#4375 = CARTESIAN_POINT('',(0.,-1.110223024625E-16));
#4376 = CARTESIAN_POINT('',(-0.314159265359,2.03287907341E-16));
#4377 = CARTESIAN_POINT('',(-0.628313560201,-0.105725686562));
#4378 = CARTESIAN_POINT('',(-0.942479633422,-0.319175055131));
#4379 = CARTESIAN_POINT('',(-1.256637061436,-0.589399890978));
#4380 = CARTESIAN_POINT('',(-1.570796326795,-0.859383033419));
#4381 = ( GEOMETRIC_REPRESENTATION_CONTEXT(2) 
PARAMETRIC_REPRESENTATION_CONTEXT() REPRESENTATION_CONTEXT('2D SPACE',''
  ) );
#4382 = ADVANCED_FACE('',(#4383,#4389,#4420,#4451,#4482,#4513),#755,.T.
  );
#4383 = FACE_BOUND('',#4384,.T.);
#4384 = EDGE_LOOP('',(#4385,#4386,#4387,#4388));
#4385 = ORIENTED_EDGE('',*,*,#739,.T.);
#4386 = ORIENTED_EDGE('',*,*,#1952,.F.);
#4387 = ORIENTED_EDGE('',*,*,#1344,.T.);
#4388 = ORIENTED_EDGE('',*,*,#4283,.T.);
#4389 = FACE_BOUND('',#4390,.T.);
#4390 = EDGE_LOOP('',(#4391));
#4391 = ORIENTED_EDGE('',*,*,#4392,.F.);
#4392 = EDGE_CURVE('',#4393,#4393,#4395,.T.);
#4393 = VERTEX_POINT('',#4394);
#4394 = CARTESIAN_POINT('',(-1.75,-25.7,-4.95));
#4395 = SURFACE_CURVE('',#4396,(#4401,#4408),.PCURVE_S1.);
#4396 = CIRCLE('',#4397,3.2);
#4397 = AXIS2_PLACEMENT_3D('',#4398,#4399,#4400);
#4398 = CARTESIAN_POINT('',(-4.95,-25.7,-4.95));
#4399 = DIRECTION('',(2.22044604925E-16,-1.,-0.));
#4400 = DIRECTION('',(1.,2.22044604925E-16,0.));
#4401 = PCURVE('',#755,#4402);
#4402 = DEFINITIONAL_REPRESENTATION('',(#4403),#4407);
#4403 = CIRCLE('',#4404,3.2);
#4404 = AXIS2_PLACEMENT_2D('',#4405,#4406);
#4405 = CARTESIAN_POINT('',(-4.95,-4.95));
#4406 = DIRECTION('',(1.,0.));
#4407 = ( GEOMETRIC_REPRESENTATION_CONTEXT(2) 
PARAMETRIC_REPRESENTATION_CONTEXT() REPRESENTATION_CONTEXT('2D SPACE',''
  ) );
#4408 = PCURVE('',#4409,#4414);
#4409 = CYLINDRICAL_SURFACE('',#4410,3.2);
#4410 = AXIS2_PLACEMENT_3D('',#4411,#4412,#4413);
#4411 = CARTESIAN_POINT('',(-4.95,-22.9,-4.95));
#4412 = DIRECTION('',(2.22044604925E-16,-1.,0.));
#4413 = DIRECTION('',(1.,2.22044604925E-16,0.));
#4414 = DEFINITIONAL_REPRESENTATION('',(#4415),#4419);
#4415 = LINE('',#4416,#4417);
#4416 = CARTESIAN_POINT('',(0.,2.8));
#4417 = VECTOR('',#4418,1.);
#4418 = DIRECTION('',(1.,0.));
#4419 = ( GEOMETRIC_REPRESENTATION_CONTEXT(2) 
PARAMETRIC_REPRESENTATION_CONTEXT() REPRESENTATION_CONTEXT('2D SPACE',''
  ) );
#4420 = FACE_BOUND('',#4421,.T.);
#4421 = EDGE_LOOP('',(#4422));
#4422 = ORIENTED_EDGE('',*,*,#4423,.F.);
#4423 = EDGE_CURVE('',#4424,#4424,#4426,.T.);
#4424 = VERTEX_POINT('',#4425);
#4425 = CARTESIAN_POINT('',(8.15,-25.7,-4.95));
#4426 = SURFACE_CURVE('',#4427,(#4432,#4439),.PCURVE_S1.);
#4427 = CIRCLE('',#4428,3.2);
#4428 = AXIS2_PLACEMENT_3D('',#4429,#4430,#4431);
#4429 = CARTESIAN_POINT('',(4.95,-25.7,-4.95));
#4430 = DIRECTION('',(2.22044604925E-16,-1.,-0.));
#4431 = DIRECTION('',(1.,2.22044604925E-16,0.));
#4432 = PCURVE('',#755,#4433);
#4433 = DEFINITIONAL_REPRESENTATION('',(#4434),#4438);
#4434 = CIRCLE('',#4435,3.2);
#4435 = AXIS2_PLACEMENT_2D('',#4436,#4437);
#4436 = CARTESIAN_POINT('',(4.95,-4.95));
#4437 = DIRECTION('',(1.,0.));
#4438 = ( GEOMETRIC_REPRESENTATION_CONTEXT(2) 
PARAMETRIC_REPRESENTATION_CONTEXT() REPRESENTATION_CONTEXT('2D SPACE',''
  ) );
#4439 = PCURVE('',#4440,#4445);
#4440 = CYLINDRICAL_SURFACE('',#4441,3.2);
#4441 = AXIS2_PLACEMENT_3D('',#4442,#4443,#4444);
#4442 = CARTESIAN_POINT('',(4.95,-22.9,-4.95));
#4443 = DIRECTION('',(2.22044604925E-16,-1.,0.));
#4444 = DIRECTION('',(1.,2.22044604925E-16,0.));
#4445 = DEFINITIONAL_REPRESENTATION('',(#4446),#4450);
#4446 = LINE('',#4447,#4448);
#4447 = CARTESIAN_POINT('',(0.,2.8));
#4448 = VECTOR('',#4449,1.);
#4449 = DIRECTION('',(1.,0.));
#4450 = ( GEOMETRIC_REPRESENTATION_CONTEXT(2) 
PARAMETRIC_REPRESENTATION_CONTEXT() REPRESENTATION_CONTEXT('2D SPACE',''
  ) );
#4451 = FACE_BOUND('',#4452,.T.);
#4452 = EDGE_LOOP('',(#4453));
#4453 = ORIENTED_EDGE('',*,*,#4454,.F.);
#4454 = EDGE_CURVE('',#4455,#4455,#4457,.T.);
#4455 = VERTEX_POINT('',#4456);
#4456 = CARTESIAN_POINT('',(-1.75,-25.7,4.95));
#4457 = SURFACE_CURVE('',#4458,(#4463,#4470),.PCURVE_S1.);
#4458 = CIRCLE('',#4459,3.2);
#4459 = AXIS2_PLACEMENT_3D('',#4460,#4461,#4462);
#4460 = CARTESIAN_POINT('',(-4.95,-25.7,4.95));
#4461 = DIRECTION('',(2.22044604925E-16,-1.,-0.));
#4462 = DIRECTION('',(1.,2.22044604925E-16,0.));
#4463 = PCURVE('',#755,#4464);
#4464 = DEFINITIONAL_REPRESENTATION('',(#4465),#4469);
#4465 = CIRCLE('',#4466,3.2);
#4466 = AXIS2_PLACEMENT_2D('',#4467,#4468);
#4467 = CARTESIAN_POINT('',(-4.95,4.95));
#4468 = DIRECTION('',(1.,0.));
#4469 = ( GEOMETRIC_REPRESENTATION_CONTEXT(2) 
PARAMETRIC_REPRESENTATION_CONTEXT() REPRESENTATION_CONTEXT('2D SPACE',''
  ) );
#4470 = PCURVE('',#4471,#4476);
#4471 = CYLINDRICAL_SURFACE('',#4472,3.2);
#4472 = AXIS2_PLACEMENT_3D('',#4473,#4474,#4475);
#4473 = CARTESIAN_POINT('',(-4.95,-22.9,4.95));
#4474 = DIRECTION('',(2.22044604925E-16,-1.,0.));
#4475 = DIRECTION('',(1.,2.22044604925E-16,0.));
#4476 = DEFINITIONAL_REPRESENTATION('',(#4477),#4481);
#4477 = LINE('',#4478,#4479);
#4478 = CARTESIAN_POINT('',(0.,2.8));
#4479 = VECTOR('',#4480,1.);
#4480 = DIRECTION('',(1.,0.));
#4481 = ( GEOMETRIC_REPRESENTATION_CONTEXT(2) 
PARAMETRIC_REPRESENTATION_CONTEXT() REPRESENTATION_CONTEXT('2D SPACE',''
  ) );
#4482 = FACE_BOUND('',#4483,.T.);
#4483 = EDGE_LOOP('',(#4484));
#4484 = ORIENTED_EDGE('',*,*,#4485,.F.);
#4485 = EDGE_CURVE('',#4486,#4486,#4488,.T.);
#4486 = VERTEX_POINT('',#4487);
#4487 = CARTESIAN_POINT('',(1.6,-25.7,-3.918869757272E-16));
#4488 = SURFACE_CURVE('',#4489,(#4494,#4501),.PCURVE_S1.);
#4489 = CIRCLE('',#4490,1.6);
#4490 = AXIS2_PLACEMENT_3D('',#4491,#4492,#4493);
#4491 = CARTESIAN_POINT('',(5.706546346573E-15,-25.7,0.));
#4492 = DIRECTION('',(2.22044604925E-16,-1.,-0.));
#4493 = DIRECTION('',(1.,2.22044604925E-16,0.));
#4494 = PCURVE('',#755,#4495);
#4495 = DEFINITIONAL_REPRESENTATION('',(#4496),#4500);
#4496 = CIRCLE('',#4497,1.6);
#4497 = AXIS2_PLACEMENT_2D('',#4498,#4499);
#4498 = CARTESIAN_POINT('',(0.,0.));
#4499 = DIRECTION('',(1.,0.));
#4500 = ( GEOMETRIC_REPRESENTATION_CONTEXT(2) 
PARAMETRIC_REPRESENTATION_CONTEXT() REPRESENTATION_CONTEXT('2D SPACE',''
  ) );
#4501 = PCURVE('',#4502,#4507);
#4502 = CYLINDRICAL_SURFACE('',#4503,1.6);
#4503 = AXIS2_PLACEMENT_3D('',#4504,#4505,#4506);
#4504 = CARTESIAN_POINT('',(4.307665335546E-15,-19.4,0.));
#4505 = DIRECTION('',(2.22044604925E-16,-1.,0.));
#4506 = DIRECTION('',(1.,2.22044604925E-16,0.));
#4507 = DEFINITIONAL_REPRESENTATION('',(#4508),#4512);
#4508 = LINE('',#4509,#4510);
#4509 = CARTESIAN_POINT('',(0.,6.3));
#4510 = VECTOR('',#4511,1.);
#4511 = DIRECTION('',(1.,0.));
#4512 = ( GEOMETRIC_REPRESENTATION_CONTEXT(2) 
PARAMETRIC_REPRESENTATION_CONTEXT() REPRESENTATION_CONTEXT('2D SPACE',''
  ) );
#4513 = FACE_BOUND('',#4514,.T.);
#4514 = EDGE_LOOP('',(#4515));
#4515 = ORIENTED_EDGE('',*,*,#4516,.F.);
#4516 = EDGE_CURVE('',#4517,#4517,#4519,.T.);
#4517 = VERTEX_POINT('',#4518);
#4518 = CARTESIAN_POINT('',(8.15,-25.7,4.95));
#4519 = SURFACE_CURVE('',#4520,(#4525,#4532),.PCURVE_S1.);
#4520 = CIRCLE('',#4521,3.2);
#4521 = AXIS2_PLACEMENT_3D('',#4522,#4523,#4524);
#4522 = CARTESIAN_POINT('',(4.95,-25.7,4.95));
#4523 = DIRECTION('',(2.22044604925E-16,-1.,-0.));
#4524 = DIRECTION('',(1.,2.22044604925E-16,0.));
#4525 = PCURVE('',#755,#4526);
#4526 = DEFINITIONAL_REPRESENTATION('',(#4527),#4531);
#4527 = CIRCLE('',#4528,3.2);
#4528 = AXIS2_PLACEMENT_2D('',#4529,#4530);
#4529 = CARTESIAN_POINT('',(4.95,4.95));
#4530 = DIRECTION('',(1.,0.));
#4531 = ( GEOMETRIC_REPRESENTATION_CONTEXT(2) 
PARAMETRIC_REPRESENTATION_CONTEXT() REPRESENTATION_CONTEXT('2D SPACE',''
  ) );
#4532 = PCURVE('',#4533,#4538);
#4533 = CYLINDRICAL_SURFACE('',#4534,3.2);
#4534 = AXIS2_PLACEMENT_3D('',#4535,#4536,#4537);
#4535 = CARTESIAN_POINT('',(4.95,-22.9,4.95));
#4536 = DIRECTION('',(2.22044604925E-16,-1.,0.));
#4537 = DIRECTION('',(1.,2.22044604925E-16,0.));
#4538 = DEFINITIONAL_REPRESENTATION('',(#4539),#4543);
#4539 = LINE('',#4540,#4541);
#4540 = CARTESIAN_POINT('',(0.,2.8));
#4541 = VECTOR('',#4542,1.);
#4542 = DIRECTION('',(1.,0.));
#4543 = ( GEOMETRIC_REPRESENTATION_CONTEXT(2) 
PARAMETRIC_REPRESENTATION_CONTEXT() REPRESENTATION_CONTEXT('2D SPACE',''
  ) );
#4544 = ADVANCED_FACE('',(#4545),#1128,.F.);
#4545 = FACE_BOUND('',#4546,.F.);
#4546 = EDGE_LOOP('',(#4547,#4548,#4569,#4570));
#4547 = ORIENTED_EDGE('',*,*,#1111,.T.);
#4548 = ORIENTED_EDGE('',*,*,#4549,.T.);
#4549 = EDGE_CURVE('',#1084,#1630,#4550,.T.);
#4550 = SURFACE_CURVE('',#4551,(#4555,#4562),.PCURVE_S1.);
#4551 = LINE('',#4552,#4553);
#4552 = CARTESIAN_POINT('',(-8.,23.3,9.));
#4553 = VECTOR('',#4554,1.);
#4554 = DIRECTION('',(1.,2.22044604925E-16,-0.));
#4555 = PCURVE('',#1128,#4556);
#4556 = DEFINITIONAL_REPRESENTATION('',(#4557),#4561);
#4557 = LINE('',#4558,#4559);
#4558 = CARTESIAN_POINT('',(1.570796326795,0.));
#4559 = VECTOR('',#4560,1.);
#4560 = DIRECTION('',(0.,1.));
#4561 = ( GEOMETRIC_REPRESENTATION_CONTEXT(2) 
PARAMETRIC_REPRESENTATION_CONTEXT() REPRESENTATION_CONTEXT('2D SPACE',''
  ) );
#4562 = PCURVE('',#1099,#4563);
#4563 = DEFINITIONAL_REPRESENTATION('',(#4564),#4568);
#4564 = LINE('',#4565,#4566);
#4565 = CARTESIAN_POINT('',(8.,9.));
#4566 = VECTOR('',#4567,1.);
#4567 = DIRECTION('',(-1.,0.));
#4568 = ( GEOMETRIC_REPRESENTATION_CONTEXT(2) 
PARAMETRIC_REPRESENTATION_CONTEXT() REPRESENTATION_CONTEXT('2D SPACE',''
  ) );
#4569 = ORIENTED_EDGE('',*,*,#1629,.F.);
#4570 = ORIENTED_EDGE('',*,*,#4332,.F.);
#4571 = ADVANCED_FACE('',(#4572,#4603,#4634,#4665,#4696),#1099,.T.);
#4572 = FACE_BOUND('',#4573,.T.);
#4573 = EDGE_LOOP('',(#4574,#4575,#4601,#4602));
#4574 = ORIENTED_EDGE('',*,*,#1657,.T.);
#4575 = ORIENTED_EDGE('',*,*,#4576,.F.);
#4576 = EDGE_CURVE('',#1057,#1658,#4577,.T.);
#4577 = SURFACE_CURVE('',#4578,(#4583,#4594),.PCURVE_S1.);
#4578 = CIRCLE('',#4579,10.4);
#4579 = AXIS2_PLACEMENT_3D('',#4580,#4581,#4582);
#4580 = CARTESIAN_POINT('',(-5.173639294753E-15,23.3,0.));
#4581 = DIRECTION('',(2.22044604925E-16,-1.,0.));
#4582 = DIRECTION('',(-0.769230769231,-1.7080354225E-16,0.638971066378)
  );
#4583 = PCURVE('',#1099,#4584);
#4584 = DEFINITIONAL_REPRESENTATION('',(#4585),#4593);
#4585 = ( BOUNDED_CURVE() B_SPLINE_CURVE(2,(#4586,#4587,#4588,#4589,
#4590,#4591,#4592),.UNSPECIFIED.,.T.,.F.) B_SPLINE_CURVE_WITH_KNOTS((1,2
    ,2,2,2,1),(-2.094395102393,0.,2.094395102393,4.188790204786,
6.28318530718,8.377580409573),.UNSPECIFIED.) CURVE() 
GEOMETRIC_REPRESENTATION_ITEM() RATIONAL_B_SPLINE_CURVE((1.,0.5,1.,0.5,
1.,0.5,1.)) REPRESENTATION_ITEM('') );
#4586 = CARTESIAN_POINT('',(8.,6.645299090335));
#4587 = CARTESIAN_POINT('',(19.509995655951,-7.211107370216));
#4588 = CARTESIAN_POINT('',(1.754997827975,-10.25085277544));
#4589 = CARTESIAN_POINT('',(-16.,-13.29059818066));
#4590 = CARTESIAN_POINT('',(-9.754997827975,3.605553685108));
#4591 = CARTESIAN_POINT('',(-3.509995655951,20.501705550885));
#4592 = CARTESIAN_POINT('',(8.,6.645299090335));
#4593 = ( GEOMETRIC_REPRESENTATION_CONTEXT(2) 
PARAMETRIC_REPRESENTATION_CONTEXT() REPRESENTATION_CONTEXT('2D SPACE',''
  ) );
#4594 = PCURVE('',#1072,#4595);
#4595 = DEFINITIONAL_REPRESENTATION('',(#4596),#4600);
#4596 = LINE('',#4597,#4598);
#4597 = CARTESIAN_POINT('',(6.976345214756,6.3));
#4598 = VECTOR('',#4599,1.);
#4599 = DIRECTION('',(-1.,-0.));
#4600 = ( GEOMETRIC_REPRESENTATION_CONTEXT(2) 
PARAMETRIC_REPRESENTATION_CONTEXT() REPRESENTATION_CONTEXT('2D SPACE',''
  ) );
#4601 = ORIENTED_EDGE('',*,*,#1083,.T.);
#4602 = ORIENTED_EDGE('',*,*,#4549,.T.);
#4603 = FACE_BOUND('',#4604,.T.);
#4604 = EDGE_LOOP('',(#4605));
#4605 = ORIENTED_EDGE('',*,*,#4606,.F.);
#4606 = EDGE_CURVE('',#4607,#4607,#4609,.T.);
#4607 = VERTEX_POINT('',#4608);
#4608 = CARTESIAN_POINT('',(1.75,23.3,-4.95));
#4609 = SURFACE_CURVE('',#4610,(#4615,#4622),.PCURVE_S1.);
#4610 = CIRCLE('',#4611,3.2);
#4611 = AXIS2_PLACEMENT_3D('',#4612,#4613,#4614);
#4612 = CARTESIAN_POINT('',(4.95,23.3,-4.95));
#4613 = DIRECTION('',(-2.22044604925E-16,1.,0.));
#4614 = DIRECTION('',(-1.,-2.22044604925E-16,0.));
#4615 = PCURVE('',#1099,#4616);
#4616 = DEFINITIONAL_REPRESENTATION('',(#4617),#4621);
#4617 = CIRCLE('',#4618,3.2);
#4618 = AXIS2_PLACEMENT_2D('',#4619,#4620);
#4619 = CARTESIAN_POINT('',(-4.95,-4.95));
#4620 = DIRECTION('',(1.,0.));
#4621 = ( GEOMETRIC_REPRESENTATION_CONTEXT(2) 
PARAMETRIC_REPRESENTATION_CONTEXT() REPRESENTATION_CONTEXT('2D SPACE',''
  ) );
#4622 = PCURVE('',#4623,#4628);
#4623 = CYLINDRICAL_SURFACE('',#4624,3.2);
#4624 = AXIS2_PLACEMENT_3D('',#4625,#4626,#4627);
#4625 = CARTESIAN_POINT('',(4.95,20.5,-4.95));
#4626 = DIRECTION('',(-2.22044604925E-16,1.,0.));
#4627 = DIRECTION('',(-1.,-2.22044604925E-16,0.));
#4628 = DEFINITIONAL_REPRESENTATION('',(#4629),#4633);
#4629 = LINE('',#4630,#4631);
#4630 = CARTESIAN_POINT('',(0.,2.8));
#4631 = VECTOR('',#4632,1.);
#4632 = DIRECTION('',(1.,0.));
#4633 = ( GEOMETRIC_REPRESENTATION_CONTEXT(2) 
PARAMETRIC_REPRESENTATION_CONTEXT() REPRESENTATION_CONTEXT('2D SPACE',''
  ) );
#4634 = FACE_BOUND('',#4635,.T.);
#4635 = EDGE_LOOP('',(#4636));
#4636 = ORIENTED_EDGE('',*,*,#4637,.F.);
#4637 = EDGE_CURVE('',#4638,#4638,#4640,.T.);
#4638 = VERTEX_POINT('',#4639);
#4639 = CARTESIAN_POINT('',(-8.15,23.3,-4.95));
#4640 = SURFACE_CURVE('',#4641,(#4646,#4653),.PCURVE_S1.);
#4641 = CIRCLE('',#4642,3.2);
#4642 = AXIS2_PLACEMENT_3D('',#4643,#4644,#4645);
#4643 = CARTESIAN_POINT('',(-4.95,23.3,-4.95));
#4644 = DIRECTION('',(-2.22044604925E-16,1.,0.));
#4645 = DIRECTION('',(-1.,-2.22044604925E-16,0.));
#4646 = PCURVE('',#1099,#4647);
#4647 = DEFINITIONAL_REPRESENTATION('',(#4648),#4652);
#4648 = CIRCLE('',#4649,3.2);
#4649 = AXIS2_PLACEMENT_2D('',#4650,#4651);
#4650 = CARTESIAN_POINT('',(4.95,-4.95));
#4651 = DIRECTION('',(1.,0.));
#4652 = ( GEOMETRIC_REPRESENTATION_CONTEXT(2) 
PARAMETRIC_REPRESENTATION_CONTEXT() REPRESENTATION_CONTEXT('2D SPACE',''
  ) );
#4653 = PCURVE('',#4654,#4659);
#4654 = CYLINDRICAL_SURFACE('',#4655,3.2);
#4655 = AXIS2_PLACEMENT_3D('',#4656,#4657,#4658);
#4656 = CARTESIAN_POINT('',(-4.95,20.5,-4.95));
#4657 = DIRECTION('',(-2.22044604925E-16,1.,0.));
#4658 = DIRECTION('',(-1.,-2.22044604925E-16,0.));
#4659 = DEFINITIONAL_REPRESENTATION('',(#4660),#4664);
#4660 = LINE('',#4661,#4662);
#4661 = CARTESIAN_POINT('',(0.,2.8));
#4662 = VECTOR('',#4663,1.);
#4663 = DIRECTION('',(1.,0.));
#4664 = ( GEOMETRIC_REPRESENTATION_CONTEXT(2) 
PARAMETRIC_REPRESENTATION_CONTEXT() REPRESENTATION_CONTEXT('2D SPACE',''
  ) );
#4665 = FACE_BOUND('',#4666,.T.);
#4666 = EDGE_LOOP('',(#4667));
#4667 = ORIENTED_EDGE('',*,*,#4668,.F.);
#4668 = EDGE_CURVE('',#4669,#4669,#4671,.T.);
#4669 = VERTEX_POINT('',#4670);
#4670 = CARTESIAN_POINT('',(1.75,23.3,4.95));
#4671 = SURFACE_CURVE('',#4672,(#4677,#4684),.PCURVE_S1.);
#4672 = CIRCLE('',#4673,3.2);
#4673 = AXIS2_PLACEMENT_3D('',#4674,#4675,#4676);
#4674 = CARTESIAN_POINT('',(4.95,23.3,4.95));
#4675 = DIRECTION('',(-2.22044604925E-16,1.,0.));
#4676 = DIRECTION('',(-1.,-2.22044604925E-16,0.));
#4677 = PCURVE('',#1099,#4678);
#4678 = DEFINITIONAL_REPRESENTATION('',(#4679),#4683);
#4679 = CIRCLE('',#4680,3.2);
#4680 = AXIS2_PLACEMENT_2D('',#4681,#4682);
#4681 = CARTESIAN_POINT('',(-4.95,4.95));
#4682 = DIRECTION('',(1.,0.));
#4683 = ( GEOMETRIC_REPRESENTATION_CONTEXT(2) 
PARAMETRIC_REPRESENTATION_CONTEXT() REPRESENTATION_CONTEXT('2D SPACE',''
  ) );
#4684 = PCURVE('',#4685,#4690);
#4685 = CYLINDRICAL_SURFACE('',#4686,3.2);
#4686 = AXIS2_PLACEMENT_3D('',#4687,#4688,#4689);
#4687 = CARTESIAN_POINT('',(4.95,20.5,4.95));
#4688 = DIRECTION('',(-2.22044604925E-16,1.,0.));
#4689 = DIRECTION('',(-1.,-2.22044604925E-16,0.));
#4690 = DEFINITIONAL_REPRESENTATION('',(#4691),#4695);
#4691 = LINE('',#4692,#4693);
#4692 = CARTESIAN_POINT('',(0.,2.8));
#4693 = VECTOR('',#4694,1.);
#4694 = DIRECTION('',(1.,0.));
#4695 = ( GEOMETRIC_REPRESENTATION_CONTEXT(2) 
PARAMETRIC_REPRESENTATION_CONTEXT() REPRESENTATION_CONTEXT('2D SPACE',''
  ) );
#4696 = FACE_BOUND('',#4697,.T.);
#4697 = EDGE_LOOP('',(#4698));
#4698 = ORIENTED_EDGE('',*,*,#4699,.F.);
#4699 = EDGE_CURVE('',#4700,#4700,#4702,.T.);
#4700 = VERTEX_POINT('',#4701);
#4701 = CARTESIAN_POINT('',(-8.15,23.3,4.95));
#4702 = SURFACE_CURVE('',#4703,(#4708,#4715),.PCURVE_S1.);
#4703 = CIRCLE('',#4704,3.2);
#4704 = AXIS2_PLACEMENT_3D('',#4705,#4706,#4707);
#4705 = CARTESIAN_POINT('',(-4.95,23.3,4.95));
#4706 = DIRECTION('',(-2.22044604925E-16,1.,0.));
#4707 = DIRECTION('',(-1.,-2.22044604925E-16,0.));
#4708 = PCURVE('',#1099,#4709);
#4709 = DEFINITIONAL_REPRESENTATION('',(#4710),#4714);
#4710 = CIRCLE('',#4711,3.2);
#4711 = AXIS2_PLACEMENT_2D('',#4712,#4713);
#4712 = CARTESIAN_POINT('',(4.95,4.95));
#4713 = DIRECTION('',(1.,0.));
#4714 = ( GEOMETRIC_REPRESENTATION_CONTEXT(2) 
PARAMETRIC_REPRESENTATION_CONTEXT() REPRESENTATION_CONTEXT('2D SPACE',''
  ) );
#4715 = PCURVE('',#4716,#4721);
#4716 = CYLINDRICAL_SURFACE('',#4717,3.2);
#4717 = AXIS2_PLACEMENT_3D('',#4718,#4719,#4720);
#4718 = CARTESIAN_POINT('',(-4.95,20.5,4.95));
#4719 = DIRECTION('',(-2.22044604925E-16,1.,0.));
#4720 = DIRECTION('',(-1.,-2.22044604925E-16,0.));
#4721 = DEFINITIONAL_REPRESENTATION('',(#4722),#4726);
#4722 = LINE('',#4723,#4724);
#4723 = CARTESIAN_POINT('',(0.,2.8));
#4724 = VECTOR('',#4725,1.);
#4725 = DIRECTION('',(1.,0.));
#4726 = ( GEOMETRIC_REPRESENTATION_CONTEXT(2) 
PARAMETRIC_REPRESENTATION_CONTEXT() REPRESENTATION_CONTEXT('2D SPACE',''
  ) );
#4727 = ADVANCED_FACE('',(#4728),#1072,.T.);
#4728 = FACE_BOUND('',#4729,.T.);
#4729 = EDGE_LOOP('',(#4730,#4752,#4753,#4754));
#4730 = ORIENTED_EDGE('',*,*,#4731,.T.);
#4731 = EDGE_CURVE('',#1681,#1029,#4732,.T.);
#4732 = SURFACE_CURVE('',#4733,(#4738,#4745),.PCURVE_S1.);
#4733 = CIRCLE('',#4734,10.4);
#4734 = AXIS2_PLACEMENT_3D('',#4735,#4736,#4737);
#4735 = CARTESIAN_POINT('',(-3.774758283726E-15,17.,0.));
#4736 = DIRECTION('',(-2.22044604925E-16,1.,0.));
#4737 = DIRECTION('',(0.769230769231,1.7080354225E-16,0.638971066378));
#4738 = PCURVE('',#1072,#4739);
#4739 = DEFINITIONAL_REPRESENTATION('',(#4740),#4744);
#4740 = LINE('',#4741,#4742);
#4741 = CARTESIAN_POINT('',(2.448432746013,0.));
#4742 = VECTOR('',#4743,1.);
#4743 = DIRECTION('',(1.,0.));
#4744 = ( GEOMETRIC_REPRESENTATION_CONTEXT(2) 
PARAMETRIC_REPRESENTATION_CONTEXT() REPRESENTATION_CONTEXT('2D SPACE',''
  ) );
#4745 = PCURVE('',#1044,#4746);
#4746 = DEFINITIONAL_REPRESENTATION('',(#4747),#4751);
#4747 = CIRCLE('',#4748,10.4);
#4748 = AXIS2_PLACEMENT_2D('',#4749,#4750);
#4749 = CARTESIAN_POINT('',(0.,0.));
#4750 = DIRECTION('',(-0.769230769231,0.638971066378));
#4751 = ( GEOMETRIC_REPRESENTATION_CONTEXT(2) 
PARAMETRIC_REPRESENTATION_CONTEXT() REPRESENTATION_CONTEXT('2D SPACE',''
  ) );
#4752 = ORIENTED_EDGE('',*,*,#1056,.T.);
#4753 = ORIENTED_EDGE('',*,*,#4576,.T.);
#4754 = ORIENTED_EDGE('',*,*,#1680,.F.);
#4755 = ADVANCED_FACE('',(#4756,#4835,#4866,#4897,#4928,#4959),#1044,.F.
  );
#4756 = FACE_BOUND('',#4757,.F.);
#4757 = EDGE_LOOP('',(#4758,#4788,#4810,#4811,#4812,#4813));
#4758 = ORIENTED_EDGE('',*,*,#4759,.T.);
#4759 = EDGE_CURVE('',#4760,#4762,#4764,.T.);
#4760 = VERTEX_POINT('',#4761);
#4761 = CARTESIAN_POINT('',(-6.,17.,13.5));
#4762 = VERTEX_POINT('',#4763);
#4763 = CARTESIAN_POINT('',(6.,17.,13.5));
#4764 = SURFACE_CURVE('',#4765,(#4769,#4776),.PCURVE_S1.);
#4765 = LINE('',#4766,#4767);
#4766 = CARTESIAN_POINT('',(-15.,17.,13.5));
#4767 = VECTOR('',#4768,1.);
#4768 = DIRECTION('',(1.,2.22044604925E-16,-0.));
#4769 = PCURVE('',#1044,#4770);
#4770 = DEFINITIONAL_REPRESENTATION('',(#4771),#4775);
#4771 = LINE('',#4772,#4773);
#4772 = CARTESIAN_POINT('',(15.,13.5));
#4773 = VECTOR('',#4774,1.);
#4774 = DIRECTION('',(-1.,0.));
#4775 = ( GEOMETRIC_REPRESENTATION_CONTEXT(2) 
PARAMETRIC_REPRESENTATION_CONTEXT() REPRESENTATION_CONTEXT('2D SPACE',''
  ) );
#4776 = PCURVE('',#4777,#4782);
#4777 = PLANE('',#4778);
#4778 = AXIS2_PLACEMENT_3D('',#4779,#4780,#4781);
#4779 = CARTESIAN_POINT('',(-30.,-40.,13.5));
#4780 = DIRECTION('',(0.,0.,1.));
#4781 = DIRECTION('',(1.,0.,-0.));
#4782 = DEFINITIONAL_REPRESENTATION('',(#4783),#4787);
#4783 = LINE('',#4784,#4785);
#4784 = CARTESIAN_POINT('',(15.,57.));
#4785 = VECTOR('',#4786,1.);
#4786 = DIRECTION('',(1.,2.22044604925E-16));
#4787 = ( GEOMETRIC_REPRESENTATION_CONTEXT(2) 
PARAMETRIC_REPRESENTATION_CONTEXT() REPRESENTATION_CONTEXT('2D SPACE',''
  ) );
#4788 = ORIENTED_EDGE('',*,*,#4789,.T.);
#4789 = EDGE_CURVE('',#4762,#1703,#4790,.T.);
#4790 = SURFACE_CURVE('',#4791,(#4796,#4803),.PCURVE_S1.);
#4791 = CIRCLE('',#4792,2.);
#4792 = AXIS2_PLACEMENT_3D('',#4793,#4794,#4795);
#4793 = CARTESIAN_POINT('',(6.,17.,11.5));
#4794 = DIRECTION('',(3.759485374392E-16,1.,1.879742687196E-16));
#4795 = DIRECTION('',(1.,-3.759485374392E-16,0.));
#4796 = PCURVE('',#1044,#4797);
#4797 = DEFINITIONAL_REPRESENTATION('',(#4798),#4802);
#4798 = CIRCLE('',#4799,2.);
#4799 = AXIS2_PLACEMENT_2D('',#4800,#4801);
#4800 = CARTESIAN_POINT('',(-6.,11.5));
#4801 = DIRECTION('',(-1.,0.));
#4802 = ( GEOMETRIC_REPRESENTATION_CONTEXT(2) 
PARAMETRIC_REPRESENTATION_CONTEXT() REPRESENTATION_CONTEXT('2D SPACE',''
  ) );
#4803 = PCURVE('',#1741,#4804);
#4804 = DEFINITIONAL_REPRESENTATION('',(#4805),#4809);
#4805 = LINE('',#4806,#4807);
#4806 = CARTESIAN_POINT('',(4.712388980385,3.15));
#4807 = VECTOR('',#4808,1.);
#4808 = DIRECTION('',(-1.,0.));
#4809 = ( GEOMETRIC_REPRESENTATION_CONTEXT(2) 
PARAMETRIC_REPRESENTATION_CONTEXT() REPRESENTATION_CONTEXT('2D SPACE',''
  ) );
#4810 = ORIENTED_EDGE('',*,*,#1702,.F.);
#4811 = ORIENTED_EDGE('',*,*,#4731,.T.);
#4812 = ORIENTED_EDGE('',*,*,#1028,.F.);
#4813 = ORIENTED_EDGE('',*,*,#4814,.T.);
#4814 = EDGE_CURVE('',#1001,#4760,#4815,.T.);
#4815 = SURFACE_CURVE('',#4816,(#4821,#4828),.PCURVE_S1.);
#4816 = CIRCLE('',#4817,2.);
#4817 = AXIS2_PLACEMENT_3D('',#4818,#4819,#4820);
#4818 = CARTESIAN_POINT('',(-6.,17.,11.5));
#4819 = DIRECTION('',(3.759485374392E-16,1.,1.879742687196E-16));
#4820 = DIRECTION('',(1.,-3.759485374392E-16,0.));
#4821 = PCURVE('',#1044,#4822);
#4822 = DEFINITIONAL_REPRESENTATION('',(#4823),#4827);
#4823 = CIRCLE('',#4824,2.);
#4824 = AXIS2_PLACEMENT_2D('',#4825,#4826);
#4825 = CARTESIAN_POINT('',(6.,11.5));
#4826 = DIRECTION('',(-1.,0.));
#4827 = ( GEOMETRIC_REPRESENTATION_CONTEXT(2) 
PARAMETRIC_REPRESENTATION_CONTEXT() REPRESENTATION_CONTEXT('2D SPACE',''
  ) );
#4828 = PCURVE('',#1016,#4829);
#4829 = DEFINITIONAL_REPRESENTATION('',(#4830),#4834);
#4830 = LINE('',#4831,#4832);
#4831 = CARTESIAN_POINT('',(3.14159265359,3.15));
#4832 = VECTOR('',#4833,1.);
#4833 = DIRECTION('',(-1.,0.));
#4834 = ( GEOMETRIC_REPRESENTATION_CONTEXT(2) 
PARAMETRIC_REPRESENTATION_CONTEXT() REPRESENTATION_CONTEXT('2D SPACE',''
  ) );
#4835 = FACE_BOUND('',#4836,.F.);
#4836 = EDGE_LOOP('',(#4837));
#4837 = ORIENTED_EDGE('',*,*,#4838,.F.);
#4838 = EDGE_CURVE('',#4839,#4839,#4841,.T.);
#4839 = VERTEX_POINT('',#4840);
#4840 = CARTESIAN_POINT('',(3.25,17.,-4.95));
#4841 = SURFACE_CURVE('',#4842,(#4847,#4854),.PCURVE_S1.);
#4842 = CIRCLE('',#4843,1.7);
#4843 = AXIS2_PLACEMENT_3D('',#4844,#4845,#4846);
#4844 = CARTESIAN_POINT('',(4.95,17.,-4.95));
#4845 = DIRECTION('',(-2.22044604925E-16,1.,0.));
#4846 = DIRECTION('',(-1.,-2.22044604925E-16,0.));
#4847 = PCURVE('',#1044,#4848);
#4848 = DEFINITIONAL_REPRESENTATION('',(#4849),#4853);
#4849 = CIRCLE('',#4850,1.7);
#4850 = AXIS2_PLACEMENT_2D('',#4851,#4852);
#4851 = CARTESIAN_POINT('',(-4.95,-4.95));
#4852 = DIRECTION('',(1.,0.));
#4853 = ( GEOMETRIC_REPRESENTATION_CONTEXT(2) 
PARAMETRIC_REPRESENTATION_CONTEXT() REPRESENTATION_CONTEXT('2D SPACE',''
  ) );
#4854 = PCURVE('',#4855,#4860);
#4855 = CYLINDRICAL_SURFACE('',#4856,1.7);
#4856 = AXIS2_PLACEMENT_3D('',#4857,#4858,#4859);
#4857 = CARTESIAN_POINT('',(4.95,16.,-4.95));
#4858 = DIRECTION('',(-2.22044604925E-16,1.,0.));
#4859 = DIRECTION('',(-1.,-2.22044604925E-16,0.));
#4860 = DEFINITIONAL_REPRESENTATION('',(#4861),#4865);
#4861 = LINE('',#4862,#4863);
#4862 = CARTESIAN_POINT('',(0.,1.));
#4863 = VECTOR('',#4864,1.);
#4864 = DIRECTION('',(1.,0.));
#4865 = ( GEOMETRIC_REPRESENTATION_CONTEXT(2) 
PARAMETRIC_REPRESENTATION_CONTEXT() REPRESENTATION_CONTEXT('2D SPACE',''
  ) );
#4866 = FACE_BOUND('',#4867,.F.);
#4867 = EDGE_LOOP('',(#4868));
#4868 = ORIENTED_EDGE('',*,*,#4869,.F.);
#4869 = EDGE_CURVE('',#4870,#4870,#4872,.T.);
#4870 = VERTEX_POINT('',#4871);
#4871 = CARTESIAN_POINT('',(-6.65,17.,-4.95));
#4872 = SURFACE_CURVE('',#4873,(#4878,#4885),.PCURVE_S1.);
#4873 = CIRCLE('',#4874,1.7);
#4874 = AXIS2_PLACEMENT_3D('',#4875,#4876,#4877);
#4875 = CARTESIAN_POINT('',(-4.95,17.,-4.95));
#4876 = DIRECTION('',(-2.22044604925E-16,1.,0.));
#4877 = DIRECTION('',(-1.,-2.22044604925E-16,0.));
#4878 = PCURVE('',#1044,#4879);
#4879 = DEFINITIONAL_REPRESENTATION('',(#4880),#4884);
#4880 = CIRCLE('',#4881,1.7);
#4881 = AXIS2_PLACEMENT_2D('',#4882,#4883);
#4882 = CARTESIAN_POINT('',(4.95,-4.95));
#4883 = DIRECTION('',(1.,0.));
#4884 = ( GEOMETRIC_REPRESENTATION_CONTEXT(2) 
PARAMETRIC_REPRESENTATION_CONTEXT() REPRESENTATION_CONTEXT('2D SPACE',''
  ) );
#4885 = PCURVE('',#4886,#4891);
#4886 = CYLINDRICAL_SURFACE('',#4887,1.7);
#4887 = AXIS2_PLACEMENT_3D('',#4888,#4889,#4890);
#4888 = CARTESIAN_POINT('',(-4.95,16.,-4.95));
#4889 = DIRECTION('',(-2.22044604925E-16,1.,0.));
#4890 = DIRECTION('',(-1.,-2.22044604925E-16,0.));
#4891 = DEFINITIONAL_REPRESENTATION('',(#4892),#4896);
#4892 = LINE('',#4893,#4894);
#4893 = CARTESIAN_POINT('',(0.,1.));
#4894 = VECTOR('',#4895,1.);
#4895 = DIRECTION('',(1.,0.));
#4896 = ( GEOMETRIC_REPRESENTATION_CONTEXT(2) 
PARAMETRIC_REPRESENTATION_CONTEXT() REPRESENTATION_CONTEXT('2D SPACE',''
  ) );
#4897 = FACE_BOUND('',#4898,.F.);
#4898 = EDGE_LOOP('',(#4899));
#4899 = ORIENTED_EDGE('',*,*,#4900,.F.);
#4900 = EDGE_CURVE('',#4901,#4901,#4903,.T.);
#4901 = VERTEX_POINT('',#4902);
#4902 = CARTESIAN_POINT('',(3.25,17.,4.95));
#4903 = SURFACE_CURVE('',#4904,(#4909,#4916),.PCURVE_S1.);
#4904 = CIRCLE('',#4905,1.7);
#4905 = AXIS2_PLACEMENT_3D('',#4906,#4907,#4908);
#4906 = CARTESIAN_POINT('',(4.95,17.,4.95));
#4907 = DIRECTION('',(-2.22044604925E-16,1.,0.));
#4908 = DIRECTION('',(-1.,-2.22044604925E-16,0.));
#4909 = PCURVE('',#1044,#4910);
#4910 = DEFINITIONAL_REPRESENTATION('',(#4911),#4915);
#4911 = CIRCLE('',#4912,1.7);
#4912 = AXIS2_PLACEMENT_2D('',#4913,#4914);
#4913 = CARTESIAN_POINT('',(-4.95,4.95));
#4914 = DIRECTION('',(1.,0.));
#4915 = ( GEOMETRIC_REPRESENTATION_CONTEXT(2) 
PARAMETRIC_REPRESENTATION_CONTEXT() REPRESENTATION_CONTEXT('2D SPACE',''
  ) );
#4916 = PCURVE('',#4917,#4922);
#4917 = CYLINDRICAL_SURFACE('',#4918,1.7);
#4918 = AXIS2_PLACEMENT_3D('',#4919,#4920,#4921);
#4919 = CARTESIAN_POINT('',(4.95,16.,4.95));
#4920 = DIRECTION('',(-2.22044604925E-16,1.,0.));
#4921 = DIRECTION('',(-1.,-2.22044604925E-16,0.));
#4922 = DEFINITIONAL_REPRESENTATION('',(#4923),#4927);
#4923 = LINE('',#4924,#4925);
#4924 = CARTESIAN_POINT('',(0.,1.));
#4925 = VECTOR('',#4926,1.);
#4926 = DIRECTION('',(1.,0.));
#4927 = ( GEOMETRIC_REPRESENTATION_CONTEXT(2) 
PARAMETRIC_REPRESENTATION_CONTEXT() REPRESENTATION_CONTEXT('2D SPACE',''
  ) );
#4928 = FACE_BOUND('',#4929,.F.);
#4929 = EDGE_LOOP('',(#4930));
#4930 = ORIENTED_EDGE('',*,*,#4931,.F.);
#4931 = EDGE_CURVE('',#4932,#4932,#4934,.T.);
#4932 = VERTEX_POINT('',#4933);
#4933 = CARTESIAN_POINT('',(-4.3,17.,-1.053196247267E-15));
#4934 = SURFACE_CURVE('',#4935,(#4940,#4947),.PCURVE_S1.);
#4935 = CIRCLE('',#4936,4.3);
#4936 = AXIS2_PLACEMENT_3D('',#4937,#4938,#4939);
#4937 = CARTESIAN_POINT('',(-3.774758283726E-15,17.,0.));
#4938 = DIRECTION('',(-2.22044604925E-16,1.,0.));
#4939 = DIRECTION('',(-1.,-2.22044604925E-16,0.));
#4940 = PCURVE('',#1044,#4941);
#4941 = DEFINITIONAL_REPRESENTATION('',(#4942),#4946);
#4942 = CIRCLE('',#4943,4.3);
#4943 = AXIS2_PLACEMENT_2D('',#4944,#4945);
#4944 = CARTESIAN_POINT('',(0.,0.));
#4945 = DIRECTION('',(1.,0.));
#4946 = ( GEOMETRIC_REPRESENTATION_CONTEXT(2) 
PARAMETRIC_REPRESENTATION_CONTEXT() REPRESENTATION_CONTEXT('2D SPACE',''
  ) );
#4947 = PCURVE('',#4948,#4953);
#4948 = CYLINDRICAL_SURFACE('',#4949,4.3);
#4949 = AXIS2_PLACEMENT_3D('',#4950,#4951,#4952);
#4950 = CARTESIAN_POINT('',(-3.774758283726E-15,17.,0.));
#4951 = DIRECTION('',(-2.22044604925E-16,1.,0.));
#4952 = DIRECTION('',(-1.,-2.22044604925E-16,0.));
#4953 = DEFINITIONAL_REPRESENTATION('',(#4954),#4958);
#4954 = LINE('',#4955,#4956);
#4955 = CARTESIAN_POINT('',(0.,0.));
#4956 = VECTOR('',#4957,1.);
#4957 = DIRECTION('',(1.,0.));
#4958 = ( GEOMETRIC_REPRESENTATION_CONTEXT(2) 
PARAMETRIC_REPRESENTATION_CONTEXT() REPRESENTATION_CONTEXT('2D SPACE',''
  ) );
#4959 = FACE_BOUND('',#4960,.F.);
#4960 = EDGE_LOOP('',(#4961));
#4961 = ORIENTED_EDGE('',*,*,#4962,.F.);
#4962 = EDGE_CURVE('',#4963,#4963,#4965,.T.);
#4963 = VERTEX_POINT('',#4964);
#4964 = CARTESIAN_POINT('',(-6.65,17.,4.95));
#4965 = SURFACE_CURVE('',#4966,(#4971,#4978),.PCURVE_S1.);
#4966 = CIRCLE('',#4967,1.7);
#4967 = AXIS2_PLACEMENT_3D('',#4968,#4969,#4970);
#4968 = CARTESIAN_POINT('',(-4.95,17.,4.95));
#4969 = DIRECTION('',(-2.22044604925E-16,1.,0.));
#4970 = DIRECTION('',(-1.,-2.22044604925E-16,0.));
#4971 = PCURVE('',#1044,#4972);
#4972 = DEFINITIONAL_REPRESENTATION('',(#4973),#4977);
#4973 = CIRCLE('',#4974,1.7);
#4974 = AXIS2_PLACEMENT_2D('',#4975,#4976);
#4975 = CARTESIAN_POINT('',(4.95,4.95));
#4976 = DIRECTION('',(1.,0.));
#4977 = ( GEOMETRIC_REPRESENTATION_CONTEXT(2) 
PARAMETRIC_REPRESENTATION_CONTEXT() REPRESENTATION_CONTEXT('2D SPACE',''
  ) );
#4978 = PCURVE('',#4979,#4984);
#4979 = CYLINDRICAL_SURFACE('',#4980,1.7);
#4980 = AXIS2_PLACEMENT_3D('',#4981,#4982,#4983);
#4981 = CARTESIAN_POINT('',(-4.95,16.,4.95));
#4982 = DIRECTION('',(-2.22044604925E-16,1.,0.));
#4983 = DIRECTION('',(-1.,-2.22044604925E-16,0.));
#4984 = DEFINITIONAL_REPRESENTATION('',(#4985),#4989);
#4985 = LINE('',#4986,#4987);
#4986 = CARTESIAN_POINT('',(0.,1.));
#4987 = VECTOR('',#4988,1.);
#4988 = DIRECTION('',(1.,0.));
#4989 = ( GEOMETRIC_REPRESENTATION_CONTEXT(2) 
PARAMETRIC_REPRESENTATION_CONTEXT() REPRESENTATION_CONTEXT('2D SPACE',''
  ) );
#4990 = ADVANCED_FACE('',(#4991),#1016,.T.);
#4991 = FACE_BOUND('',#4992,.F.);
#4992 = EDGE_LOOP('',(#4993,#5015,#5036,#5037));
#4993 = ORIENTED_EDGE('',*,*,#4994,.T.);
#4994 = EDGE_CURVE('',#968,#4995,#4997,.T.);
#4995 = VERTEX_POINT('',#4996);
#4996 = CARTESIAN_POINT('',(-6.,20.15,13.5));
#4997 = SURFACE_CURVE('',#4998,(#5003,#5009),.PCURVE_S1.);
#4998 = CIRCLE('',#4999,2.);
#4999 = AXIS2_PLACEMENT_3D('',#5000,#5001,#5002);
#5000 = CARTESIAN_POINT('',(-6.,20.15,11.5));
#5001 = DIRECTION('',(-2.22044604925E-16,1.,6.123233995737E-17));
#5002 = DIRECTION('',(-1.359631073447E-32,6.123233995737E-17,-1.));
#5003 = PCURVE('',#1016,#5004);
#5004 = DEFINITIONAL_REPRESENTATION('',(#5005),#5008);
#5005 = B_SPLINE_CURVE_WITH_KNOTS('',1,(#5006,#5007),.UNSPECIFIED.,.F.,
  .F.,(2,2),(1.570796326795,3.14159265359),.PIECEWISE_BEZIER_KNOTS.);
#5006 = CARTESIAN_POINT('',(0.,0.));
#5007 = CARTESIAN_POINT('',(-1.570796326795,0.));
#5008 = ( GEOMETRIC_REPRESENTATION_CONTEXT(2) 
PARAMETRIC_REPRESENTATION_CONTEXT() REPRESENTATION_CONTEXT('2D SPACE',''
  ) );
#5009 = PCURVE('',#988,#5010);
#5010 = DEFINITIONAL_REPRESENTATION('',(#5011),#5014);
#5011 = B_SPLINE_CURVE_WITH_KNOTS('',1,(#5012,#5013),.UNSPECIFIED.,.F.,
  .F.,(2,2),(1.570796326795,3.14159265359),.PIECEWISE_BEZIER_KNOTS.);
#5012 = CARTESIAN_POINT('',(1.570796326795,1.570796326795));
#5013 = CARTESIAN_POINT('',(1.570796326795,3.14159265359));
#5014 = ( GEOMETRIC_REPRESENTATION_CONTEXT(2) 
PARAMETRIC_REPRESENTATION_CONTEXT() REPRESENTATION_CONTEXT('2D SPACE',''
  ) );
#5015 = ORIENTED_EDGE('',*,*,#5016,.T.);
#5016 = EDGE_CURVE('',#4995,#4760,#5017,.T.);
#5017 = SURFACE_CURVE('',#5018,(#5022,#5029),.PCURVE_S1.);
#5018 = LINE('',#5019,#5020);
#5019 = CARTESIAN_POINT('',(-6.,20.15,13.5));
#5020 = VECTOR('',#5021,1.);
#5021 = DIRECTION('',(-3.759485374392E-16,-1.,-1.879742687196E-16));
#5022 = PCURVE('',#1016,#5023);
#5023 = DEFINITIONAL_REPRESENTATION('',(#5024),#5028);
#5024 = LINE('',#5025,#5026);
#5025 = CARTESIAN_POINT('',(-1.570796326795,0.));
#5026 = VECTOR('',#5027,1.);
#5027 = DIRECTION('',(-0.,1.));
#5028 = ( GEOMETRIC_REPRESENTATION_CONTEXT(2) 
PARAMETRIC_REPRESENTATION_CONTEXT() REPRESENTATION_CONTEXT('2D SPACE',''
  ) );
#5029 = PCURVE('',#4777,#5030);
#5030 = DEFINITIONAL_REPRESENTATION('',(#5031),#5035);
#5031 = LINE('',#5032,#5033);
#5032 = CARTESIAN_POINT('',(24.,60.15));
#5033 = VECTOR('',#5034,1.);
#5034 = DIRECTION('',(-3.759485374392E-16,-1.));
#5035 = ( GEOMETRIC_REPRESENTATION_CONTEXT(2) 
PARAMETRIC_REPRESENTATION_CONTEXT() REPRESENTATION_CONTEXT('2D SPACE',''
  ) );
#5036 = ORIENTED_EDGE('',*,*,#4814,.F.);
#5037 = ORIENTED_EDGE('',*,*,#1000,.F.);
#5038 = ADVANCED_FACE('',(#5039),#833,.T.);
#5039 = FACE_BOUND('',#5040,.F.);
#5040 = EDGE_LOOP('',(#5041,#5042,#5065,#5085));
#5041 = ORIENTED_EDGE('',*,*,#2337,.T.);
#5042 = ORIENTED_EDGE('',*,*,#5043,.T.);
#5043 = EDGE_CURVE('',#2259,#5044,#5046,.T.);
#5044 = VERTEX_POINT('',#5045);
#5045 = CARTESIAN_POINT('',(-6.,-26.45,53.7));
#5046 = SURFACE_CURVE('',#5047,(#5051,#5058),.PCURVE_S1.);
#5047 = LINE('',#5048,#5049);
#5048 = CARTESIAN_POINT('',(-6.,-26.45,19.8));
#5049 = VECTOR('',#5050,1.);
#5050 = DIRECTION('',(0.,0.,1.));
#5051 = PCURVE('',#833,#5052);
#5052 = DEFINITIONAL_REPRESENTATION('',(#5053),#5057);
#5053 = LINE('',#5054,#5055);
#5054 = CARTESIAN_POINT('',(-1.570796326795,0.));
#5055 = VECTOR('',#5056,1.);
#5056 = DIRECTION('',(-0.,1.));
#5057 = ( GEOMETRIC_REPRESENTATION_CONTEXT(2) 
PARAMETRIC_REPRESENTATION_CONTEXT() REPRESENTATION_CONTEXT('2D SPACE',''
  ) );
#5058 = PCURVE('',#2298,#5059);
#5059 = DEFINITIONAL_REPRESENTATION('',(#5060),#5064);
#5060 = LINE('',#5061,#5062);
#5061 = CARTESIAN_POINT('',(9.3,2.));
#5062 = VECTOR('',#5063,1.);
#5063 = DIRECTION('',(1.,0.));
#5064 = ( GEOMETRIC_REPRESENTATION_CONTEXT(2) 
PARAMETRIC_REPRESENTATION_CONTEXT() REPRESENTATION_CONTEXT('2D SPACE',''
  ) );
#5065 = ORIENTED_EDGE('',*,*,#5066,.F.);
#5066 = EDGE_CURVE('',#818,#5044,#5067,.T.);
#5067 = SURFACE_CURVE('',#5068,(#5073,#5079),.PCURVE_S1.);
#5068 = CIRCLE('',#5069,2.);
#5069 = AXIS2_PLACEMENT_3D('',#5070,#5071,#5072);
#5070 = CARTESIAN_POINT('',(-6.,-28.45,53.7));
#5071 = DIRECTION('',(-0.,0.,-1.));
#5072 = DIRECTION('',(-1.,-2.22044604925E-16,0.));
#5073 = PCURVE('',#833,#5074);
#5074 = DEFINITIONAL_REPRESENTATION('',(#5075),#5078);
#5075 = B_SPLINE_CURVE_WITH_KNOTS('',1,(#5076,#5077),.UNSPECIFIED.,.F.,
  .F.,(2,2),(0.,1.570796326795),.PIECEWISE_BEZIER_KNOTS.);
#5076 = CARTESIAN_POINT('',(0.,33.9));
#5077 = CARTESIAN_POINT('',(-1.570796326795,33.9));
#5078 = ( GEOMETRIC_REPRESENTATION_CONTEXT(2) 
PARAMETRIC_REPRESENTATION_CONTEXT() REPRESENTATION_CONTEXT('2D SPACE',''
  ) );
#5079 = PCURVE('',#866,#5080);
#5080 = DEFINITIONAL_REPRESENTATION('',(#5081),#5084);
#5081 = B_SPLINE_CURVE_WITH_KNOTS('',1,(#5082,#5083),.UNSPECIFIED.,.F.,
  .F.,(2,2),(0.,1.570796326795),.PIECEWISE_BEZIER_KNOTS.);
#5082 = CARTESIAN_POINT('',(0.,1.570796326795));
#5083 = CARTESIAN_POINT('',(0.,3.14159265359));
#5084 = ( GEOMETRIC_REPRESENTATION_CONTEXT(2) 
PARAMETRIC_REPRESENTATION_CONTEXT() REPRESENTATION_CONTEXT('2D SPACE',''
  ) );
#5085 = ORIENTED_EDGE('',*,*,#817,.F.);
#5086 = ADVANCED_FACE('',(#5087),#988,.T.);
#5087 = FACE_BOUND('',#5088,.T.);
#5088 = EDGE_LOOP('',(#5089,#5111,#5112,#5113));
#5089 = ORIENTED_EDGE('',*,*,#5090,.F.);
#5090 = EDGE_CURVE('',#940,#5091,#5093,.T.);
#5091 = VERTEX_POINT('',#5092);
#5092 = CARTESIAN_POINT('',(-6.,26.45,19.8));
#5093 = SURFACE_CURVE('',#5094,(#5099,#5105),.PCURVE_S1.);
#5094 = CIRCLE('',#5095,2.);
#5095 = AXIS2_PLACEMENT_3D('',#5096,#5097,#5098);
#5096 = CARTESIAN_POINT('',(-6.,28.45,19.8));
#5097 = DIRECTION('',(0.,0.,1.));
#5098 = DIRECTION('',(-1.,-2.22044604925E-16,0.));
#5099 = PCURVE('',#988,#5100);
#5100 = DEFINITIONAL_REPRESENTATION('',(#5101),#5104);
#5101 = B_SPLINE_CURVE_WITH_KNOTS('',1,(#5102,#5103),.UNSPECIFIED.,.F.,
  .F.,(2,2),(0.,1.570796326795),.PIECEWISE_BEZIER_KNOTS.);
#5102 = CARTESIAN_POINT('',(0.,1.570796326795));
#5103 = CARTESIAN_POINT('',(0.,3.14159265359));
#5104 = ( GEOMETRIC_REPRESENTATION_CONTEXT(2) 
PARAMETRIC_REPRESENTATION_CONTEXT() REPRESENTATION_CONTEXT('2D SPACE',''
  ) );
#5105 = PCURVE('',#955,#5106);
#5106 = DEFINITIONAL_REPRESENTATION('',(#5107),#5110);
#5107 = B_SPLINE_CURVE_WITH_KNOTS('',1,(#5108,#5109),.UNSPECIFIED.,.F.,
  .F.,(2,2),(0.,1.570796326795),.PIECEWISE_BEZIER_KNOTS.);
#5108 = CARTESIAN_POINT('',(0.,33.9));
#5109 = CARTESIAN_POINT('',(-1.570796326795,33.9));
#5110 = ( GEOMETRIC_REPRESENTATION_CONTEXT(2) 
PARAMETRIC_REPRESENTATION_CONTEXT() REPRESENTATION_CONTEXT('2D SPACE',''
  ) );
#5111 = ORIENTED_EDGE('',*,*,#967,.T.);
#5112 = ORIENTED_EDGE('',*,*,#4994,.T.);
#5113 = ORIENTED_EDGE('',*,*,#5114,.F.);
#5114 = EDGE_CURVE('',#5091,#4995,#5115,.T.);
#5115 = SURFACE_CURVE('',#5116,(#5121,#5128),.PCURVE_S1.);
#5116 = CIRCLE('',#5117,6.3);
#5117 = AXIS2_PLACEMENT_3D('',#5118,#5119,#5120);
#5118 = CARTESIAN_POINT('',(-6.,20.15,19.8));
#5119 = DIRECTION('',(-1.,-2.22044604925E-16,0.));
#5120 = DIRECTION('',(-2.22044604925E-16,1.,0.));
#5121 = PCURVE('',#988,#5122);
#5122 = DEFINITIONAL_REPRESENTATION('',(#5123),#5127);
#5123 = LINE('',#5124,#5125);
#5124 = CARTESIAN_POINT('',(0.,3.14159265359));
#5125 = VECTOR('',#5126,1.);
#5126 = DIRECTION('',(1.,0.));
#5127 = ( GEOMETRIC_REPRESENTATION_CONTEXT(2) 
PARAMETRIC_REPRESENTATION_CONTEXT() REPRESENTATION_CONTEXT('2D SPACE',''
  ) );
#5128 = PCURVE('',#5129,#5134);
#5129 = CYLINDRICAL_SURFACE('',#5130,6.3);
#5130 = AXIS2_PLACEMENT_3D('',#5131,#5132,#5133);
#5131 = CARTESIAN_POINT('',(-8.,20.15,19.8));
#5132 = DIRECTION('',(1.,0.,-0.));
#5133 = DIRECTION('',(0.,-0.,-1.));
#5134 = DEFINITIONAL_REPRESENTATION('',(#5135),#5139);
#5135 = LINE('',#5136,#5137);
#5136 = CARTESIAN_POINT('',(1.570796326795,2.));
#5137 = VECTOR('',#5138,1.);
#5138 = DIRECTION('',(-1.,-0.));
#5139 = ( GEOMETRIC_REPRESENTATION_CONTEXT(2) 
PARAMETRIC_REPRESENTATION_CONTEXT() REPRESENTATION_CONTEXT('2D SPACE',''
  ) );
#5140 = ADVANCED_FACE('',(#5141),#866,.T.);
#5141 = FACE_BOUND('',#5142,.T.);
#5142 = EDGE_LOOP('',(#5143,#5144,#5145,#5167));
#5143 = ORIENTED_EDGE('',*,*,#5066,.F.);
#5144 = ORIENTED_EDGE('',*,*,#845,.T.);
#5145 = ORIENTED_EDGE('',*,*,#5146,.T.);
#5146 = EDGE_CURVE('',#846,#5147,#5149,.T.);
#5147 = VERTEX_POINT('',#5148);
#5148 = CARTESIAN_POINT('',(-6.,-20.15,60.));
#5149 = SURFACE_CURVE('',#5150,(#5155,#5161),.PCURVE_S1.);
#5150 = CIRCLE('',#5151,2.);
#5151 = AXIS2_PLACEMENT_3D('',#5152,#5153,#5154);
#5152 = CARTESIAN_POINT('',(-6.,-20.15,62.));
#5153 = DIRECTION('',(2.22044604925E-16,-1.,-6.123233995737E-17));
#5154 = DIRECTION('',(1.359631073447E-32,-6.123233995737E-17,1.));
#5155 = PCURVE('',#866,#5156);
#5156 = DEFINITIONAL_REPRESENTATION('',(#5157),#5160);
#5157 = B_SPLINE_CURVE_WITH_KNOTS('',1,(#5158,#5159),.UNSPECIFIED.,.F.,
  .F.,(2,2),(1.570796326795,3.14159265359),.PIECEWISE_BEZIER_KNOTS.);
#5158 = CARTESIAN_POINT('',(1.570796326795,1.570796326795));
#5159 = CARTESIAN_POINT('',(1.570796326795,3.14159265359));
#5160 = ( GEOMETRIC_REPRESENTATION_CONTEXT(2) 
PARAMETRIC_REPRESENTATION_CONTEXT() REPRESENTATION_CONTEXT('2D SPACE',''
  ) );
#5161 = PCURVE('',#894,#5162);
#5162 = DEFINITIONAL_REPRESENTATION('',(#5163),#5166);
#5163 = B_SPLINE_CURVE_WITH_KNOTS('',1,(#5164,#5165),.UNSPECIFIED.,.F.,
  .F.,(2,2),(1.570796326795,3.14159265359),.PIECEWISE_BEZIER_KNOTS.);
#5164 = CARTESIAN_POINT('',(0.,0.));
#5165 = CARTESIAN_POINT('',(-1.570796326795,0.));
#5166 = ( GEOMETRIC_REPRESENTATION_CONTEXT(2) 
PARAMETRIC_REPRESENTATION_CONTEXT() REPRESENTATION_CONTEXT('2D SPACE',''
  ) );
#5167 = ORIENTED_EDGE('',*,*,#5168,.F.);
#5168 = EDGE_CURVE('',#5044,#5147,#5169,.T.);
#5169 = SURFACE_CURVE('',#5170,(#5175,#5182),.PCURVE_S1.);
#5170 = CIRCLE('',#5171,6.3);
#5171 = AXIS2_PLACEMENT_3D('',#5172,#5173,#5174);
#5172 = CARTESIAN_POINT('',(-6.,-20.15,53.7));
#5173 = DIRECTION('',(-1.,-2.22044604925E-16,0.));
#5174 = DIRECTION('',(2.22044604925E-16,-1.,0.));
#5175 = PCURVE('',#866,#5176);
#5176 = DEFINITIONAL_REPRESENTATION('',(#5177),#5181);
#5177 = LINE('',#5178,#5179);
#5178 = CARTESIAN_POINT('',(0.,3.14159265359));
#5179 = VECTOR('',#5180,1.);
#5180 = DIRECTION('',(1.,0.));
#5181 = ( GEOMETRIC_REPRESENTATION_CONTEXT(2) 
PARAMETRIC_REPRESENTATION_CONTEXT() REPRESENTATION_CONTEXT('2D SPACE',''
  ) );
#5182 = PCURVE('',#5183,#5188);
#5183 = CYLINDRICAL_SURFACE('',#5184,6.3);
#5184 = AXIS2_PLACEMENT_3D('',#5185,#5186,#5187);
#5185 = CARTESIAN_POINT('',(-8.,-20.15,53.7));
#5186 = DIRECTION('',(1.,0.,-0.));
#5187 = DIRECTION('',(0.,-1.,0.));
#5188 = DEFINITIONAL_REPRESENTATION('',(#5189),#5193);
#5189 = LINE('',#5190,#5191);
#5190 = CARTESIAN_POINT('',(-0.,2.));
#5191 = VECTOR('',#5192,1.);
#5192 = DIRECTION('',(-1.,0.));
#5193 = ( GEOMETRIC_REPRESENTATION_CONTEXT(2) 
PARAMETRIC_REPRESENTATION_CONTEXT() REPRESENTATION_CONTEXT('2D SPACE',''
  ) );
#5194 = ADVANCED_FACE('',(#5195),#955,.T.);
#5195 = FACE_BOUND('',#5196,.F.);
#5196 = EDGE_LOOP('',(#5197,#5219,#5245,#5246));
#5197 = ORIENTED_EDGE('',*,*,#5198,.T.);
#5198 = EDGE_CURVE('',#907,#5199,#5201,.T.);
#5199 = VERTEX_POINT('',#5200);
#5200 = CARTESIAN_POINT('',(-6.,26.45,53.7));
#5201 = SURFACE_CURVE('',#5202,(#5207,#5213),.PCURVE_S1.);
#5202 = CIRCLE('',#5203,2.);
#5203 = AXIS2_PLACEMENT_3D('',#5204,#5205,#5206);
#5204 = CARTESIAN_POINT('',(-6.,28.45,53.7));
#5205 = DIRECTION('',(-1.27271708055E-31,5.731808169713E-16,1.));
#5206 = DIRECTION('',(-2.22044604925E-16,1.,-5.731808169713E-16));
#5207 = PCURVE('',#955,#5208);
#5208 = DEFINITIONAL_REPRESENTATION('',(#5209),#5212);
#5209 = B_SPLINE_CURVE_WITH_KNOTS('',1,(#5210,#5211),.UNSPECIFIED.,.F.,
  .F.,(2,2),(1.570796326795,3.14159265359),.PIECEWISE_BEZIER_KNOTS.);
#5210 = CARTESIAN_POINT('',(0.,0.));
#5211 = CARTESIAN_POINT('',(-1.570796326795,0.));
#5212 = ( GEOMETRIC_REPRESENTATION_CONTEXT(2) 
PARAMETRIC_REPRESENTATION_CONTEXT() REPRESENTATION_CONTEXT('2D SPACE',''
  ) );
#5213 = PCURVE('',#927,#5214);
#5214 = DEFINITIONAL_REPRESENTATION('',(#5215),#5218);
#5215 = B_SPLINE_CURVE_WITH_KNOTS('',1,(#5216,#5217),.UNSPECIFIED.,.F.,
  .F.,(2,2),(1.570796326795,3.14159265359),.PIECEWISE_BEZIER_KNOTS.);
#5216 = CARTESIAN_POINT('',(1.570796326795,1.570796326795));
#5217 = CARTESIAN_POINT('',(1.570796326795,3.14159265359));
#5218 = ( GEOMETRIC_REPRESENTATION_CONTEXT(2) 
PARAMETRIC_REPRESENTATION_CONTEXT() REPRESENTATION_CONTEXT('2D SPACE',''
  ) );
#5219 = ORIENTED_EDGE('',*,*,#5220,.T.);
#5220 = EDGE_CURVE('',#5199,#5091,#5221,.T.);
#5221 = SURFACE_CURVE('',#5222,(#5226,#5233),.PCURVE_S1.);
#5222 = LINE('',#5223,#5224);
#5223 = CARTESIAN_POINT('',(-6.,26.45,53.7));
#5224 = VECTOR('',#5225,1.);
#5225 = DIRECTION('',(-0.,-0.,-1.));
#5226 = PCURVE('',#955,#5227);
#5227 = DEFINITIONAL_REPRESENTATION('',(#5228),#5232);
#5228 = LINE('',#5229,#5230);
#5229 = CARTESIAN_POINT('',(-1.570796326795,0.));
#5230 = VECTOR('',#5231,1.);
#5231 = DIRECTION('',(-0.,1.));
#5232 = ( GEOMETRIC_REPRESENTATION_CONTEXT(2) 
PARAMETRIC_REPRESENTATION_CONTEXT() REPRESENTATION_CONTEXT('2D SPACE',''
  ) );
#5233 = PCURVE('',#5234,#5239);
#5234 = PLANE('',#5235);
#5235 = AXIS2_PLACEMENT_3D('',#5236,#5237,#5238);
#5236 = CARTESIAN_POINT('',(-8.,26.45,10.5));
#5237 = DIRECTION('',(-0.,1.,0.));
#5238 = DIRECTION('',(0.,0.,1.));
#5239 = DEFINITIONAL_REPRESENTATION('',(#5240),#5244);
#5240 = LINE('',#5241,#5242);
#5241 = CARTESIAN_POINT('',(43.2,2.));
#5242 = VECTOR('',#5243,1.);
#5243 = DIRECTION('',(-1.,0.));
#5244 = ( GEOMETRIC_REPRESENTATION_CONTEXT(2) 
PARAMETRIC_REPRESENTATION_CONTEXT() REPRESENTATION_CONTEXT('2D SPACE',''
  ) );
#5245 = ORIENTED_EDGE('',*,*,#5090,.F.);
#5246 = ORIENTED_EDGE('',*,*,#939,.F.);
#5247 = ADVANCED_FACE('',(#5248),#894,.T.);
#5248 = FACE_BOUND('',#5249,.F.);
#5249 = EDGE_LOOP('',(#5250,#5251,#5279,#5299));
#5250 = ORIENTED_EDGE('',*,*,#5146,.T.);
#5251 = ORIENTED_EDGE('',*,*,#5252,.T.);
#5252 = EDGE_CURVE('',#5147,#5253,#5255,.T.);
#5253 = VERTEX_POINT('',#5254);
#5254 = CARTESIAN_POINT('',(-6.,20.15,60.));
#5255 = SURFACE_CURVE('',#5256,(#5260,#5267),.PCURVE_S1.);
#5256 = LINE('',#5257,#5258);
#5257 = CARTESIAN_POINT('',(-6.,-20.15,60.));
#5258 = VECTOR('',#5259,1.);
#5259 = DIRECTION('',(-0.,1.,0.));
#5260 = PCURVE('',#894,#5261);
#5261 = DEFINITIONAL_REPRESENTATION('',(#5262),#5266);
#5262 = LINE('',#5263,#5264);
#5263 = CARTESIAN_POINT('',(-1.570796326795,0.));
#5264 = VECTOR('',#5265,1.);
#5265 = DIRECTION('',(-0.,1.));
#5266 = ( GEOMETRIC_REPRESENTATION_CONTEXT(2) 
PARAMETRIC_REPRESENTATION_CONTEXT() REPRESENTATION_CONTEXT('2D SPACE',''
  ) );
#5267 = PCURVE('',#5268,#5273);
#5268 = PLANE('',#5269);
#5269 = AXIS2_PLACEMENT_3D('',#5270,#5271,#5272);
#5270 = CARTESIAN_POINT('',(-8.,-32.75,60.));
#5271 = DIRECTION('',(0.,0.,1.));
#5272 = DIRECTION('',(1.,0.,-0.));
#5273 = DEFINITIONAL_REPRESENTATION('',(#5274),#5278);
#5274 = LINE('',#5275,#5276);
#5275 = CARTESIAN_POINT('',(2.,12.6));
#5276 = VECTOR('',#5277,1.);
#5277 = DIRECTION('',(0.,1.));
#5278 = ( GEOMETRIC_REPRESENTATION_CONTEXT(2) 
PARAMETRIC_REPRESENTATION_CONTEXT() REPRESENTATION_CONTEXT('2D SPACE',''
  ) );
#5279 = ORIENTED_EDGE('',*,*,#5280,.F.);
#5280 = EDGE_CURVE('',#879,#5253,#5281,.T.);
#5281 = SURFACE_CURVE('',#5282,(#5287,#5293),.PCURVE_S1.);
#5282 = CIRCLE('',#5283,2.);
#5283 = AXIS2_PLACEMENT_3D('',#5284,#5285,#5286);
#5284 = CARTESIAN_POINT('',(-6.,20.15,62.));
#5285 = DIRECTION('',(0.,-1.,-0.));
#5286 = DIRECTION('',(-1.,-0.,0.));
#5287 = PCURVE('',#894,#5288);
#5288 = DEFINITIONAL_REPRESENTATION('',(#5289),#5292);
#5289 = B_SPLINE_CURVE_WITH_KNOTS('',1,(#5290,#5291),.UNSPECIFIED.,.F.,
  .F.,(2,2),(0.,1.570796326795),.PIECEWISE_BEZIER_KNOTS.);
#5290 = CARTESIAN_POINT('',(0.,40.3));
#5291 = CARTESIAN_POINT('',(-1.570796326795,40.3));
#5292 = ( GEOMETRIC_REPRESENTATION_CONTEXT(2) 
PARAMETRIC_REPRESENTATION_CONTEXT() REPRESENTATION_CONTEXT('2D SPACE',''
  ) );
#5293 = PCURVE('',#927,#5294);
#5294 = DEFINITIONAL_REPRESENTATION('',(#5295),#5298);
#5295 = B_SPLINE_CURVE_WITH_KNOTS('',1,(#5296,#5297),.UNSPECIFIED.,.F.,
  .F.,(2,2),(0.,1.570796326795),.PIECEWISE_BEZIER_KNOTS.);
#5296 = CARTESIAN_POINT('',(0.,1.570796326795));
#5297 = CARTESIAN_POINT('',(0.,3.14159265359));
#5298 = ( GEOMETRIC_REPRESENTATION_CONTEXT(2) 
PARAMETRIC_REPRESENTATION_CONTEXT() REPRESENTATION_CONTEXT('2D SPACE',''
  ) );
#5299 = ORIENTED_EDGE('',*,*,#878,.F.);
#5300 = ADVANCED_FACE('',(#5301),#927,.T.);
#5301 = FACE_BOUND('',#5302,.T.);
#5302 = EDGE_LOOP('',(#5303,#5304,#5305,#5306));
#5303 = ORIENTED_EDGE('',*,*,#5280,.F.);
#5304 = ORIENTED_EDGE('',*,*,#906,.T.);
#5305 = ORIENTED_EDGE('',*,*,#5198,.T.);
#5306 = ORIENTED_EDGE('',*,*,#5307,.F.);
#5307 = EDGE_CURVE('',#5253,#5199,#5308,.T.);
#5308 = SURFACE_CURVE('',#5309,(#5314,#5321),.PCURVE_S1.);
#5309 = CIRCLE('',#5310,6.3);
#5310 = AXIS2_PLACEMENT_3D('',#5311,#5312,#5313);
#5311 = CARTESIAN_POINT('',(-6.,20.15,53.7));
#5312 = DIRECTION('',(-1.,-2.22044604925E-16,0.));
#5313 = DIRECTION('',(-1.408680187895E-31,6.344131569287E-16,1.));
#5314 = PCURVE('',#927,#5315);
#5315 = DEFINITIONAL_REPRESENTATION('',(#5316),#5320);
#5316 = LINE('',#5317,#5318);
#5317 = CARTESIAN_POINT('',(0.,3.14159265359));
#5318 = VECTOR('',#5319,1.);
#5319 = DIRECTION('',(1.,0.));
#5320 = ( GEOMETRIC_REPRESENTATION_CONTEXT(2) 
PARAMETRIC_REPRESENTATION_CONTEXT() REPRESENTATION_CONTEXT('2D SPACE',''
  ) );
#5321 = PCURVE('',#5322,#5327);
#5322 = CYLINDRICAL_SURFACE('',#5323,6.3);
#5323 = AXIS2_PLACEMENT_3D('',#5324,#5325,#5326);
#5324 = CARTESIAN_POINT('',(-8.,20.15,53.7));
#5325 = DIRECTION('',(1.,0.,-0.));
#5326 = DIRECTION('',(0.,0.,1.));
#5327 = DEFINITIONAL_REPRESENTATION('',(#5328),#5332);
#5328 = LINE('',#5329,#5330);
#5329 = CARTESIAN_POINT('',(-0.,2.));
#5330 = VECTOR('',#5331,1.);
#5331 = DIRECTION('',(-1.,0.));
#5332 = ( GEOMETRIC_REPRESENTATION_CONTEXT(2) 
PARAMETRIC_REPRESENTATION_CONTEXT() REPRESENTATION_CONTEXT('2D SPACE',''
  ) );
#5333 = ADVANCED_FACE('',(#5334),#1912,.T.);
#5334 = FACE_BOUND('',#5335,.F.);
#5335 = EDGE_LOOP('',(#5336,#5337,#5338,#5360));
#5336 = ORIENTED_EDGE('',*,*,#2363,.T.);
#5337 = ORIENTED_EDGE('',*,*,#1896,.T.);
#5338 = ORIENTED_EDGE('',*,*,#5339,.F.);
#5339 = EDGE_CURVE('',#5340,#1868,#5342,.T.);
#5340 = VERTEX_POINT('',#5341);
#5341 = CARTESIAN_POINT('',(6.,-26.45,53.7));
#5342 = SURFACE_CURVE('',#5343,(#5348,#5354),.PCURVE_S1.);
#5343 = CIRCLE('',#5344,2.);
#5344 = AXIS2_PLACEMENT_3D('',#5345,#5346,#5347);
#5345 = CARTESIAN_POINT('',(6.,-28.45,53.7));
#5346 = DIRECTION('',(-0.,0.,-1.));
#5347 = DIRECTION('',(-0.,1.,0.));
#5348 = PCURVE('',#1912,#5349);
#5349 = DEFINITIONAL_REPRESENTATION('',(#5350),#5353);
#5350 = B_SPLINE_CURVE_WITH_KNOTS('',1,(#5351,#5352),.UNSPECIFIED.,.F.,
  .F.,(2,2),(0.,1.570796326795),.PIECEWISE_BEZIER_KNOTS.);
#5351 = CARTESIAN_POINT('',(0.,33.9));
#5352 = CARTESIAN_POINT('',(-1.570796326795,33.9));
#5353 = ( GEOMETRIC_REPRESENTATION_CONTEXT(2) 
PARAMETRIC_REPRESENTATION_CONTEXT() REPRESENTATION_CONTEXT('2D SPACE',''
  ) );
#5354 = PCURVE('',#1884,#5355);
#5355 = DEFINITIONAL_REPRESENTATION('',(#5356),#5359);
#5356 = B_SPLINE_CURVE_WITH_KNOTS('',1,(#5357,#5358),.UNSPECIFIED.,.F.,
  .F.,(2,2),(0.,1.570796326795),.PIECEWISE_BEZIER_KNOTS.);
#5357 = CARTESIAN_POINT('',(0.,3.14159265359));
#5358 = CARTESIAN_POINT('',(0.,4.712388980385));
#5359 = ( GEOMETRIC_REPRESENTATION_CONTEXT(2) 
PARAMETRIC_REPRESENTATION_CONTEXT() REPRESENTATION_CONTEXT('2D SPACE',''
  ) );
#5360 = ORIENTED_EDGE('',*,*,#5361,.F.);
#5361 = EDGE_CURVE('',#2283,#5340,#5362,.T.);
#5362 = SURFACE_CURVE('',#5363,(#5367,#5374),.PCURVE_S1.);
#5363 = LINE('',#5364,#5365);
#5364 = CARTESIAN_POINT('',(6.,-26.45,19.8));
#5365 = VECTOR('',#5366,1.);
#5366 = DIRECTION('',(0.,0.,1.));
#5367 = PCURVE('',#1912,#5368);
#5368 = DEFINITIONAL_REPRESENTATION('',(#5369),#5373);
#5369 = LINE('',#5370,#5371);
#5370 = CARTESIAN_POINT('',(-0.,0.));
#5371 = VECTOR('',#5372,1.);
#5372 = DIRECTION('',(-0.,1.));
#5373 = ( GEOMETRIC_REPRESENTATION_CONTEXT(2) 
PARAMETRIC_REPRESENTATION_CONTEXT() REPRESENTATION_CONTEXT('2D SPACE',''
  ) );
#5374 = PCURVE('',#2298,#5375);
#5375 = DEFINITIONAL_REPRESENTATION('',(#5376),#5380);
#5376 = LINE('',#5377,#5378);
#5377 = CARTESIAN_POINT('',(9.3,14.));
#5378 = VECTOR('',#5379,1.);
#5379 = DIRECTION('',(1.,0.));
#5380 = ( GEOMETRIC_REPRESENTATION_CONTEXT(2) 
PARAMETRIC_REPRESENTATION_CONTEXT() REPRESENTATION_CONTEXT('2D SPACE',''
  ) );
#5381 = ADVANCED_FACE('',(#5382),#1884,.T.);
#5382 = FACE_BOUND('',#5383,.T.);
#5383 = EDGE_LOOP('',(#5384,#5385,#5409,#5429));
#5384 = ORIENTED_EDGE('',*,*,#5339,.F.);
#5385 = ORIENTED_EDGE('',*,*,#5386,.T.);
#5386 = EDGE_CURVE('',#5340,#5387,#5389,.T.);
#5387 = VERTEX_POINT('',#5388);
#5388 = CARTESIAN_POINT('',(6.,-20.15,60.));
#5389 = SURFACE_CURVE('',#5390,(#5395,#5402),.PCURVE_S1.);
#5390 = CIRCLE('',#5391,6.3);
#5391 = AXIS2_PLACEMENT_3D('',#5392,#5393,#5394);
#5392 = CARTESIAN_POINT('',(6.,-20.15,53.7));
#5393 = DIRECTION('',(-1.,-2.22044604925E-16,0.));
#5394 = DIRECTION('',(2.22044604925E-16,-1.,0.));
#5395 = PCURVE('',#1884,#5396);
#5396 = DEFINITIONAL_REPRESENTATION('',(#5397),#5401);
#5397 = LINE('',#5398,#5399);
#5398 = CARTESIAN_POINT('',(0.,3.14159265359));
#5399 = VECTOR('',#5400,1.);
#5400 = DIRECTION('',(1.,0.));
#5401 = ( GEOMETRIC_REPRESENTATION_CONTEXT(2) 
PARAMETRIC_REPRESENTATION_CONTEXT() REPRESENTATION_CONTEXT('2D SPACE',''
  ) );
#5402 = PCURVE('',#5183,#5403);
#5403 = DEFINITIONAL_REPRESENTATION('',(#5404),#5408);
#5404 = LINE('',#5405,#5406);
#5405 = CARTESIAN_POINT('',(-0.,14.));
#5406 = VECTOR('',#5407,1.);
#5407 = DIRECTION('',(-1.,0.));
#5408 = ( GEOMETRIC_REPRESENTATION_CONTEXT(2) 
PARAMETRIC_REPRESENTATION_CONTEXT() REPRESENTATION_CONTEXT('2D SPACE',''
  ) );
#5409 = ORIENTED_EDGE('',*,*,#5410,.T.);
#5410 = EDGE_CURVE('',#5387,#1840,#5411,.T.);
#5411 = SURFACE_CURVE('',#5412,(#5417,#5423),.PCURVE_S1.);
#5412 = CIRCLE('',#5413,2.);
#5413 = AXIS2_PLACEMENT_3D('',#5414,#5415,#5416);
#5414 = CARTESIAN_POINT('',(6.,-20.15,62.));
#5415 = DIRECTION('',(2.22044604925E-16,-1.,-6.123233995737E-17));
#5416 = DIRECTION('',(1.359631073447E-32,-6.123233995737E-17,1.));
#5417 = PCURVE('',#1884,#5418);
#5418 = DEFINITIONAL_REPRESENTATION('',(#5419),#5422);
#5419 = B_SPLINE_CURVE_WITH_KNOTS('',1,(#5420,#5421),.UNSPECIFIED.,.F.,
  .F.,(2,2),(3.14159265359,4.712388980385),.PIECEWISE_BEZIER_KNOTS.);
#5420 = CARTESIAN_POINT('',(1.570796326795,3.14159265359));
#5421 = CARTESIAN_POINT('',(1.570796326795,4.712388980385));
#5422 = ( GEOMETRIC_REPRESENTATION_CONTEXT(2) 
PARAMETRIC_REPRESENTATION_CONTEXT() REPRESENTATION_CONTEXT('2D SPACE',''
  ) );
#5423 = PCURVE('',#1855,#5424);
#5424 = DEFINITIONAL_REPRESENTATION('',(#5425),#5428);
#5425 = B_SPLINE_CURVE_WITH_KNOTS('',1,(#5426,#5427),.UNSPECIFIED.,.F.,
  .F.,(2,2),(3.14159265359,4.712388980385),.PIECEWISE_BEZIER_KNOTS.);
#5426 = CARTESIAN_POINT('',(0.,0.));
#5427 = CARTESIAN_POINT('',(-1.570796326795,0.));
#5428 = ( GEOMETRIC_REPRESENTATION_CONTEXT(2) 
PARAMETRIC_REPRESENTATION_CONTEXT() REPRESENTATION_CONTEXT('2D SPACE',''
  ) );
#5429 = ORIENTED_EDGE('',*,*,#1867,.F.);
#5430 = ADVANCED_FACE('',(#5431),#1855,.T.);
#5431 = FACE_BOUND('',#5432,.F.);
#5432 = EDGE_LOOP('',(#5433,#5434,#5435,#5457));
#5433 = ORIENTED_EDGE('',*,*,#5410,.T.);
#5434 = ORIENTED_EDGE('',*,*,#1839,.T.);
#5435 = ORIENTED_EDGE('',*,*,#5436,.F.);
#5436 = EDGE_CURVE('',#5437,#1811,#5439,.T.);
#5437 = VERTEX_POINT('',#5438);
#5438 = CARTESIAN_POINT('',(6.,20.15,60.));
#5439 = SURFACE_CURVE('',#5440,(#5445,#5451),.PCURVE_S1.);
#5440 = CIRCLE('',#5441,2.);
#5441 = AXIS2_PLACEMENT_3D('',#5442,#5443,#5444);
#5442 = CARTESIAN_POINT('',(6.,20.15,62.));
#5443 = DIRECTION('',(0.,-1.,-0.));
#5444 = DIRECTION('',(-0.,0.,-1.));
#5445 = PCURVE('',#1855,#5446);
#5446 = DEFINITIONAL_REPRESENTATION('',(#5447),#5450);
#5447 = B_SPLINE_CURVE_WITH_KNOTS('',1,(#5448,#5449),.UNSPECIFIED.,.F.,
  .F.,(2,2),(0.,1.570796326795),.PIECEWISE_BEZIER_KNOTS.);
#5448 = CARTESIAN_POINT('',(0.,40.3));
#5449 = CARTESIAN_POINT('',(-1.570796326795,40.3));
#5450 = ( GEOMETRIC_REPRESENTATION_CONTEXT(2) 
PARAMETRIC_REPRESENTATION_CONTEXT() REPRESENTATION_CONTEXT('2D SPACE',''
  ) );
#5451 = PCURVE('',#1827,#5452);
#5452 = DEFINITIONAL_REPRESENTATION('',(#5453),#5456);
#5453 = B_SPLINE_CURVE_WITH_KNOTS('',1,(#5454,#5455),.UNSPECIFIED.,.F.,
  .F.,(2,2),(0.,1.570796326795),.PIECEWISE_BEZIER_KNOTS.);
#5454 = CARTESIAN_POINT('',(0.,3.14159265359));
#5455 = CARTESIAN_POINT('',(0.,4.712388980385));
#5456 = ( GEOMETRIC_REPRESENTATION_CONTEXT(2) 
PARAMETRIC_REPRESENTATION_CONTEXT() REPRESENTATION_CONTEXT('2D SPACE',''
  ) );
#5457 = ORIENTED_EDGE('',*,*,#5458,.F.);
#5458 = EDGE_CURVE('',#5387,#5437,#5459,.T.);
#5459 = SURFACE_CURVE('',#5460,(#5464,#5471),.PCURVE_S1.);
#5460 = LINE('',#5461,#5462);
#5461 = CARTESIAN_POINT('',(6.,-20.15,60.));
#5462 = VECTOR('',#5463,1.);
#5463 = DIRECTION('',(-0.,1.,0.));
#5464 = PCURVE('',#1855,#5465);
#5465 = DEFINITIONAL_REPRESENTATION('',(#5466),#5470);
#5466 = LINE('',#5467,#5468);
#5467 = CARTESIAN_POINT('',(-0.,0.));
#5468 = VECTOR('',#5469,1.);
#5469 = DIRECTION('',(-0.,1.));
#5470 = ( GEOMETRIC_REPRESENTATION_CONTEXT(2) 
PARAMETRIC_REPRESENTATION_CONTEXT() REPRESENTATION_CONTEXT('2D SPACE',''
  ) );
#5471 = PCURVE('',#5268,#5472);
#5472 = DEFINITIONAL_REPRESENTATION('',(#5473),#5477);
#5473 = LINE('',#5474,#5475);
#5474 = CARTESIAN_POINT('',(14.,12.6));
#5475 = VECTOR('',#5476,1.);
#5476 = DIRECTION('',(0.,1.));
#5477 = ( GEOMETRIC_REPRESENTATION_CONTEXT(2) 
PARAMETRIC_REPRESENTATION_CONTEXT() REPRESENTATION_CONTEXT('2D SPACE',''
  ) );
#5478 = ADVANCED_FACE('',(#5479),#1430,.T.);
#5479 = FACE_BOUND('',#5480,.T.);
#5480 = EDGE_LOOP('',(#5481,#5508,#5529,#5530));
#5481 = ORIENTED_EDGE('',*,*,#5482,.T.);
#5482 = EDGE_CURVE('',#1415,#5483,#5485,.T.);
#5483 = VERTEX_POINT('',#5484);
#5484 = CARTESIAN_POINT('',(6.,-32.75,68.65));
#5485 = SURFACE_CURVE('',#5486,(#5491,#5497),.PCURVE_S1.);
#5486 = CIRCLE('',#5487,2.);
#5487 = AXIS2_PLACEMENT_3D('',#5488,#5489,#5490);
#5488 = CARTESIAN_POINT('',(6.,-30.75,68.65));
#5489 = DIRECTION('',(6.123233995737E-17,0.,-1.));
#5490 = DIRECTION('',(1.,0.,6.123233995737E-17));
#5491 = PCURVE('',#1430,#5492);
#5492 = DEFINITIONAL_REPRESENTATION('',(#5493),#5496);
#5493 = B_SPLINE_CURVE_WITH_KNOTS('',1,(#5494,#5495),.UNSPECIFIED.,.F.,
  .F.,(2,2),(0.,1.570796326795),.PIECEWISE_BEZIER_KNOTS.);
#5494 = CARTESIAN_POINT('',(0.,0.));
#5495 = CARTESIAN_POINT('',(1.570796326795,0.));
#5496 = ( GEOMETRIC_REPRESENTATION_CONTEXT(2) 
PARAMETRIC_REPRESENTATION_CONTEXT() REPRESENTATION_CONTEXT('2D SPACE',''
  ) );
#5497 = PCURVE('',#5498,#5503);
#5498 = SPHERICAL_SURFACE('',#5499,2.);
#5499 = AXIS2_PLACEMENT_3D('',#5500,#5501,#5502);
#5500 = CARTESIAN_POINT('',(6.,-30.75,68.65));
#5501 = DIRECTION('',(0.,-1.,-0.));
#5502 = DIRECTION('',(0.,0.,1.));
#5503 = DEFINITIONAL_REPRESENTATION('',(#5504),#5507);
#5504 = B_SPLINE_CURVE_WITH_KNOTS('',1,(#5505,#5506),.UNSPECIFIED.,.F.,
  .F.,(2,2),(0.,1.570796326795),.PIECEWISE_BEZIER_KNOTS.);
#5505 = CARTESIAN_POINT('',(-1.570796326795,0.));
#5506 = CARTESIAN_POINT('',(-1.570796326795,1.570796326795));
#5507 = ( GEOMETRIC_REPRESENTATION_CONTEXT(2) 
PARAMETRIC_REPRESENTATION_CONTEXT() REPRESENTATION_CONTEXT('2D SPACE',''
  ) );
#5508 = ORIENTED_EDGE('',*,*,#5509,.T.);
#5509 = EDGE_CURVE('',#5483,#4150,#5510,.T.);
#5510 = SURFACE_CURVE('',#5511,(#5515,#5522),.PCURVE_S1.);
#5511 = LINE('',#5512,#5513);
#5512 = CARTESIAN_POINT('',(6.,-32.75,68.65));
#5513 = VECTOR('',#5514,1.);
#5514 = DIRECTION('',(0.,0.,-1.));
#5515 = PCURVE('',#1430,#5516);
#5516 = DEFINITIONAL_REPRESENTATION('',(#5517),#5521);
#5517 = LINE('',#5518,#5519);
#5518 = CARTESIAN_POINT('',(1.570796326795,0.));
#5519 = VECTOR('',#5520,1.);
#5520 = DIRECTION('',(0.,1.));
#5521 = ( GEOMETRIC_REPRESENTATION_CONTEXT(2) 
PARAMETRIC_REPRESENTATION_CONTEXT() REPRESENTATION_CONTEXT('2D SPACE',''
  ) );
#5522 = PCURVE('',#4019,#5523);
#5523 = DEFINITIONAL_REPRESENTATION('',(#5524),#5528);
#5524 = LINE('',#5525,#5526);
#5525 = CARTESIAN_POINT('',(58.15,14.));
#5526 = VECTOR('',#5527,1.);
#5527 = DIRECTION('',(-1.,0.));
#5528 = ( GEOMETRIC_REPRESENTATION_CONTEXT(2) 
PARAMETRIC_REPRESENTATION_CONTEXT() REPRESENTATION_CONTEXT('2D SPACE',''
  ) );
#5529 = ORIENTED_EDGE('',*,*,#4172,.F.);
#5530 = ORIENTED_EDGE('',*,*,#1414,.F.);
#5531 = ADVANCED_FACE('',(#5532),#1827,.T.);
#5532 = FACE_BOUND('',#5533,.T.);
#5533 = EDGE_LOOP('',(#5534,#5535,#5559,#5579));
#5534 = ORIENTED_EDGE('',*,*,#5436,.F.);
#5535 = ORIENTED_EDGE('',*,*,#5536,.T.);
#5536 = EDGE_CURVE('',#5437,#5537,#5539,.T.);
#5537 = VERTEX_POINT('',#5538);
#5538 = CARTESIAN_POINT('',(6.,26.45,53.7));
#5539 = SURFACE_CURVE('',#5540,(#5545,#5552),.PCURVE_S1.);
#5540 = CIRCLE('',#5541,6.3);
#5541 = AXIS2_PLACEMENT_3D('',#5542,#5543,#5544);
#5542 = CARTESIAN_POINT('',(6.,20.15,53.7));
#5543 = DIRECTION('',(-1.,-2.22044604925E-16,0.));
#5544 = DIRECTION('',(1.565200208772E-32,-7.049035076985E-17,1.));
#5545 = PCURVE('',#1827,#5546);
#5546 = DEFINITIONAL_REPRESENTATION('',(#5547),#5551);
#5547 = LINE('',#5548,#5549);
#5548 = CARTESIAN_POINT('',(0.,3.14159265359));
#5549 = VECTOR('',#5550,1.);
#5550 = DIRECTION('',(1.,0.));
#5551 = ( GEOMETRIC_REPRESENTATION_CONTEXT(2) 
PARAMETRIC_REPRESENTATION_CONTEXT() REPRESENTATION_CONTEXT('2D SPACE',''
  ) );
#5552 = PCURVE('',#5322,#5553);
#5553 = DEFINITIONAL_REPRESENTATION('',(#5554),#5558);
#5554 = LINE('',#5555,#5556);
#5555 = CARTESIAN_POINT('',(-0.,14.));
#5556 = VECTOR('',#5557,1.);
#5557 = DIRECTION('',(-1.,0.));
#5558 = ( GEOMETRIC_REPRESENTATION_CONTEXT(2) 
PARAMETRIC_REPRESENTATION_CONTEXT() REPRESENTATION_CONTEXT('2D SPACE',''
  ) );
#5559 = ORIENTED_EDGE('',*,*,#5560,.T.);
#5560 = EDGE_CURVE('',#5537,#1783,#5561,.T.);
#5561 = SURFACE_CURVE('',#5562,(#5567,#5573),.PCURVE_S1.);
#5562 = CIRCLE('',#5563,2.);
#5563 = AXIS2_PLACEMENT_3D('',#5564,#5565,#5566);
#5564 = CARTESIAN_POINT('',(6.,28.45,53.7));
#5565 = DIRECTION('',(2.924831282219E-32,-1.317226907272E-16,1.));
#5566 = DIRECTION('',(-2.22044604925E-16,1.,1.317226907272E-16));
#5567 = PCURVE('',#1827,#5568);
#5568 = DEFINITIONAL_REPRESENTATION('',(#5569),#5572);
#5569 = B_SPLINE_CURVE_WITH_KNOTS('',1,(#5570,#5571),.UNSPECIFIED.,.F.,
  .F.,(2,2),(3.14159265359,4.712388980385),.PIECEWISE_BEZIER_KNOTS.);
#5570 = CARTESIAN_POINT('',(1.570796326795,3.14159265359));
#5571 = CARTESIAN_POINT('',(1.570796326795,4.712388980385));
#5572 = ( GEOMETRIC_REPRESENTATION_CONTEXT(2) 
PARAMETRIC_REPRESENTATION_CONTEXT() REPRESENTATION_CONTEXT('2D SPACE',''
  ) );
#5573 = PCURVE('',#1798,#5574);
#5574 = DEFINITIONAL_REPRESENTATION('',(#5575),#5578);
#5575 = B_SPLINE_CURVE_WITH_KNOTS('',1,(#5576,#5577),.UNSPECIFIED.,.F.,
  .F.,(2,2),(3.14159265359,4.712388980385),.PIECEWISE_BEZIER_KNOTS.);
#5576 = CARTESIAN_POINT('',(0.,0.));
#5577 = CARTESIAN_POINT('',(-1.570796326795,0.));
#5578 = ( GEOMETRIC_REPRESENTATION_CONTEXT(2) 
PARAMETRIC_REPRESENTATION_CONTEXT() REPRESENTATION_CONTEXT('2D SPACE',''
  ) );
#5579 = ORIENTED_EDGE('',*,*,#1810,.F.);
#5580 = ADVANCED_FACE('',(#5581),#1458,.T.);
#5581 = FACE_BOUND('',#5582,.F.);
#5582 = EDGE_LOOP('',(#5583,#5608,#5628,#5629));
#5583 = ORIENTED_EDGE('',*,*,#5584,.F.);
#5584 = EDGE_CURVE('',#5585,#5587,#5589,.T.);
#5585 = VERTEX_POINT('',#5586);
#5586 = CARTESIAN_POINT('',(6.,16.615,70.65));
#5587 = VERTEX_POINT('',#5588);
#5588 = CARTESIAN_POINT('',(6.,-30.75,70.65));
#5589 = SURFACE_CURVE('',#5590,(#5594,#5601),.PCURVE_S1.);
#5590 = LINE('',#5591,#5592);
#5591 = CARTESIAN_POINT('',(6.,16.615,70.65));
#5592 = VECTOR('',#5593,1.);
#5593 = DIRECTION('',(0.,-1.,0.));
#5594 = PCURVE('',#1458,#5595);
#5595 = DEFINITIONAL_REPRESENTATION('',(#5596),#5600);
#5596 = LINE('',#5597,#5598);
#5597 = CARTESIAN_POINT('',(-0.,0.));
#5598 = VECTOR('',#5599,1.);
#5599 = DIRECTION('',(-0.,1.));
#5600 = ( GEOMETRIC_REPRESENTATION_CONTEXT(2) 
PARAMETRIC_REPRESENTATION_CONTEXT() REPRESENTATION_CONTEXT('2D SPACE',''
  ) );
#5601 = PCURVE('',#3510,#5602);
#5602 = DEFINITIONAL_REPRESENTATION('',(#5603),#5607);
#5603 = LINE('',#5604,#5605);
#5604 = CARTESIAN_POINT('',(14.,-9.835));
#5605 = VECTOR('',#5606,1.);
#5606 = DIRECTION('',(0.,-1.));
#5607 = ( GEOMETRIC_REPRESENTATION_CONTEXT(2) 
PARAMETRIC_REPRESENTATION_CONTEXT() REPRESENTATION_CONTEXT('2D SPACE',''
  ) );
#5608 = ORIENTED_EDGE('',*,*,#5609,.T.);
#5609 = EDGE_CURVE('',#5585,#1443,#5610,.T.);
#5610 = SURFACE_CURVE('',#5611,(#5616,#5622),.PCURVE_S1.);
#5611 = CIRCLE('',#5612,2.);
#5612 = AXIS2_PLACEMENT_3D('',#5613,#5614,#5615);
#5613 = CARTESIAN_POINT('',(6.,16.615,68.65));
#5614 = DIRECTION('',(-2.22044604925E-16,1.,2.832769448824E-16));
#5615 = DIRECTION('',(-6.290011731078E-32,2.832769448824E-16,-1.));
#5616 = PCURVE('',#1458,#5617);
#5617 = DEFINITIONAL_REPRESENTATION('',(#5618),#5621);
#5618 = B_SPLINE_CURVE_WITH_KNOTS('',1,(#5619,#5620),.UNSPECIFIED.,.F.,
  .F.,(2,2),(3.14159265359,4.712388980385),.PIECEWISE_BEZIER_KNOTS.);
#5619 = CARTESIAN_POINT('',(0.,0.));
#5620 = CARTESIAN_POINT('',(-1.570796326795,0.));
#5621 = ( GEOMETRIC_REPRESENTATION_CONTEXT(2) 
PARAMETRIC_REPRESENTATION_CONTEXT() REPRESENTATION_CONTEXT('2D SPACE',''
  ) );
#5622 = PCURVE('',#1487,#5623);
#5623 = DEFINITIONAL_REPRESENTATION('',(#5624),#5627);
#5624 = B_SPLINE_CURVE_WITH_KNOTS('',1,(#5625,#5626),.UNSPECIFIED.,.F.,
  .F.,(2,2),(3.14159265359,4.712388980385),.PIECEWISE_BEZIER_KNOTS.);
#5625 = CARTESIAN_POINT('',(1.570796326795,3.14159265359));
#5626 = CARTESIAN_POINT('',(1.570796326795,4.712388980385));
#5627 = ( GEOMETRIC_REPRESENTATION_CONTEXT(2) 
PARAMETRIC_REPRESENTATION_CONTEXT() REPRESENTATION_CONTEXT('2D SPACE',''
  ) );
#5628 = ORIENTED_EDGE('',*,*,#1442,.T.);
#5629 = ORIENTED_EDGE('',*,*,#5630,.F.);
#5630 = EDGE_CURVE('',#5587,#1415,#5631,.T.);
#5631 = SURFACE_CURVE('',#5632,(#5637,#5644),.PCURVE_S1.);
#5632 = CIRCLE('',#5633,2.);
#5633 = AXIS2_PLACEMENT_3D('',#5634,#5635,#5636);
#5634 = CARTESIAN_POINT('',(6.,-30.75,68.65));
#5635 = DIRECTION('',(-0.,1.,0.));
#5636 = DIRECTION('',(0.,0.,1.));
#5637 = PCURVE('',#1458,#5638);
#5638 = DEFINITIONAL_REPRESENTATION('',(#5639),#5643);
#5639 = LINE('',#5640,#5641);
#5640 = CARTESIAN_POINT('',(-0.,47.365));
#5641 = VECTOR('',#5642,1.);
#5642 = DIRECTION('',(-1.,0.));
#5643 = ( GEOMETRIC_REPRESENTATION_CONTEXT(2) 
PARAMETRIC_REPRESENTATION_CONTEXT() REPRESENTATION_CONTEXT('2D SPACE',''
  ) );
#5644 = PCURVE('',#5498,#5645);
#5645 = DEFINITIONAL_REPRESENTATION('',(#5646),#5650);
#5646 = LINE('',#5647,#5648);
#5647 = CARTESIAN_POINT('',(-0.,0.));
#5648 = VECTOR('',#5649,1.);
#5649 = DIRECTION('',(-1.,0.));
#5650 = ( GEOMETRIC_REPRESENTATION_CONTEXT(2) 
PARAMETRIC_REPRESENTATION_CONTEXT() REPRESENTATION_CONTEXT('2D SPACE',''
  ) );
#5651 = ADVANCED_FACE('',(#5652),#1798,.T.);
#5652 = FACE_BOUND('',#5653,.F.);
#5653 = EDGE_LOOP('',(#5654,#5655,#5656,#5678));
#5654 = ORIENTED_EDGE('',*,*,#5560,.T.);
#5655 = ORIENTED_EDGE('',*,*,#1782,.T.);
#5656 = ORIENTED_EDGE('',*,*,#5657,.F.);
#5657 = EDGE_CURVE('',#5658,#1754,#5660,.T.);
#5658 = VERTEX_POINT('',#5659);
#5659 = CARTESIAN_POINT('',(6.,26.45,19.8));
#5660 = SURFACE_CURVE('',#5661,(#5666,#5672),.PCURVE_S1.);
#5661 = CIRCLE('',#5662,2.);
#5662 = AXIS2_PLACEMENT_3D('',#5663,#5664,#5665);
#5663 = CARTESIAN_POINT('',(6.,28.45,19.8));
#5664 = DIRECTION('',(0.,0.,1.));
#5665 = DIRECTION('',(0.,-1.,0.));
#5666 = PCURVE('',#1798,#5667);
#5667 = DEFINITIONAL_REPRESENTATION('',(#5668),#5671);
#5668 = B_SPLINE_CURVE_WITH_KNOTS('',1,(#5669,#5670),.UNSPECIFIED.,.F.,
  .F.,(2,2),(0.,1.570796326795),.PIECEWISE_BEZIER_KNOTS.);
#5669 = CARTESIAN_POINT('',(0.,33.9));
#5670 = CARTESIAN_POINT('',(-1.570796326795,33.9));
#5671 = ( GEOMETRIC_REPRESENTATION_CONTEXT(2) 
PARAMETRIC_REPRESENTATION_CONTEXT() REPRESENTATION_CONTEXT('2D SPACE',''
  ) );
#5672 = PCURVE('',#1770,#5673);
#5673 = DEFINITIONAL_REPRESENTATION('',(#5674),#5677);
#5674 = B_SPLINE_CURVE_WITH_KNOTS('',1,(#5675,#5676),.UNSPECIFIED.,.F.,
  .F.,(2,2),(0.,1.570796326795),.PIECEWISE_BEZIER_KNOTS.);
#5675 = CARTESIAN_POINT('',(0.,3.14159265359));
#5676 = CARTESIAN_POINT('',(0.,4.712388980385));
#5677 = ( GEOMETRIC_REPRESENTATION_CONTEXT(2) 
PARAMETRIC_REPRESENTATION_CONTEXT() REPRESENTATION_CONTEXT('2D SPACE',''
  ) );
#5678 = ORIENTED_EDGE('',*,*,#5679,.F.);
#5679 = EDGE_CURVE('',#5537,#5658,#5680,.T.);
#5680 = SURFACE_CURVE('',#5681,(#5685,#5692),.PCURVE_S1.);
#5681 = LINE('',#5682,#5683);
#5682 = CARTESIAN_POINT('',(6.,26.45,53.7));
#5683 = VECTOR('',#5684,1.);
#5684 = DIRECTION('',(-0.,-0.,-1.));
#5685 = PCURVE('',#1798,#5686);
#5686 = DEFINITIONAL_REPRESENTATION('',(#5687),#5691);
#5687 = LINE('',#5688,#5689);
#5688 = CARTESIAN_POINT('',(-0.,0.));
#5689 = VECTOR('',#5690,1.);
#5690 = DIRECTION('',(-0.,1.));
#5691 = ( GEOMETRIC_REPRESENTATION_CONTEXT(2) 
PARAMETRIC_REPRESENTATION_CONTEXT() REPRESENTATION_CONTEXT('2D SPACE',''
  ) );
#5692 = PCURVE('',#5234,#5693);
#5693 = DEFINITIONAL_REPRESENTATION('',(#5694),#5698);
#5694 = LINE('',#5695,#5696);
#5695 = CARTESIAN_POINT('',(43.2,14.));
#5696 = VECTOR('',#5697,1.);
#5697 = DIRECTION('',(-1.,0.));
#5698 = ( GEOMETRIC_REPRESENTATION_CONTEXT(2) 
PARAMETRIC_REPRESENTATION_CONTEXT() REPRESENTATION_CONTEXT('2D SPACE',''
  ) );
#5699 = ADVANCED_FACE('',(#5700),#1487,.T.);
#5700 = FACE_BOUND('',#5701,.T.);
#5701 = EDGE_LOOP('',(#5702,#5731,#5753,#5754));
#5702 = ORIENTED_EDGE('',*,*,#5703,.F.);
#5703 = EDGE_CURVE('',#5704,#1471,#5706,.T.);
#5704 = VERTEX_POINT('',#5705);
#5705 = CARTESIAN_POINT('',(6.,17.257857142857,70.794738145642));
#5706 = SURFACE_CURVE('',#5707,(#5711,#5725),.PCURVE_S1.);
#5707 = ( BOUNDED_CURVE() B_SPLINE_CURVE(2,(#5708,#5709,#5710),
.UNSPECIFIED.,.F.,.F.) B_SPLINE_CURVE_WITH_KNOTS((3,3),(0.,
1.691827924083),.PIECEWISE_BEZIER_KNOTS.) CURVE() 
GEOMETRIC_REPRESENTATION_ITEM() RATIONAL_B_SPLINE_CURVE((1.,
0.707106781187,1.)) REPRESENTATION_ITEM('') );
#5708 = CARTESIAN_POINT('',(6.,17.257857142857,70.794738145642));
#5709 = CARTESIAN_POINT('',(8.,17.257857142857,70.794738145642));
#5710 = CARTESIAN_POINT('',(8.,18.115,68.987722339832));
#5711 = PCURVE('',#1487,#5712);
#5712 = DEFINITIONAL_REPRESENTATION('',(#5713),#5724);
#5713 = B_SPLINE_CURVE_WITH_KNOTS('',9,(#5714,#5715,#5716,#5717,#5718,
    #5719,#5720,#5721,#5722,#5723),.UNSPECIFIED.,.F.,.F.,(10,10),(0.,
    1.691827924083),.PIECEWISE_BEZIER_KNOTS.);
#5714 = CARTESIAN_POINT('',(1.127885282721,3.14159265359));
#5715 = CARTESIAN_POINT('',(1.127885282721,3.298727493853));
#5716 = CARTESIAN_POINT('',(1.127885282716,3.467367835428));
#5717 = CARTESIAN_POINT('',(1.127885282733,3.646157316609));
#5718 = CARTESIAN_POINT('',(1.127885282669,3.832340515306));
#5719 = CARTESIAN_POINT('',(1.127885282713,4.021641118656));
#5720 = CARTESIAN_POINT('',(1.1278852827,4.20782431744));
#5721 = CARTESIAN_POINT('',(1.127885282726,4.386613798519));
#5722 = CARTESIAN_POINT('',(1.127885282721,4.555254140121));
#5723 = CARTESIAN_POINT('',(1.127885282721,4.712388980385));
#5724 = ( GEOMETRIC_REPRESENTATION_CONTEXT(2) 
PARAMETRIC_REPRESENTATION_CONTEXT() REPRESENTATION_CONTEXT('2D SPACE',''
  ) );
#5725 = PCURVE('',#2489,#5726);
#5726 = DEFINITIONAL_REPRESENTATION('',(#5727),#5730);
#5727 = B_SPLINE_CURVE_WITH_KNOTS('',1,(#5728,#5729),.UNSPECIFIED.,.F.,
  .F.,(2,2),(0.,1.691827924083),.PIECEWISE_BEZIER_KNOTS.);
#5728 = CARTESIAN_POINT('',(0.,1.691827924082));
#5729 = CARTESIAN_POINT('',(1.691827924083,1.691827924082));
#5730 = ( GEOMETRIC_REPRESENTATION_CONTEXT(2) 
PARAMETRIC_REPRESENTATION_CONTEXT() REPRESENTATION_CONTEXT('2D SPACE',''
  ) );
#5731 = ORIENTED_EDGE('',*,*,#5732,.T.);
#5732 = EDGE_CURVE('',#5704,#5585,#5733,.T.);
#5733 = SURFACE_CURVE('',#5734,(#5739,#5746),.PCURVE_S1.);
#5734 = CIRCLE('',#5735,1.5);
#5735 = AXIS2_PLACEMENT_3D('',#5736,#5737,#5738);
#5736 = CARTESIAN_POINT('',(6.,16.615,72.15));
#5737 = DIRECTION('',(-1.,-2.22044604925E-16,0.));
#5738 = DIRECTION('',(-2.22044604925E-16,1.,0.));
#5739 = PCURVE('',#1487,#5740);
#5740 = DEFINITIONAL_REPRESENTATION('',(#5741),#5745);
#5741 = LINE('',#5742,#5743);
#5742 = CARTESIAN_POINT('',(0.,3.14159265359));
#5743 = VECTOR('',#5744,1.);
#5744 = DIRECTION('',(1.,0.));
#5745 = ( GEOMETRIC_REPRESENTATION_CONTEXT(2) 
PARAMETRIC_REPRESENTATION_CONTEXT() REPRESENTATION_CONTEXT('2D SPACE',''
  ) );
#5746 = PCURVE('',#2405,#5747);
#5747 = DEFINITIONAL_REPRESENTATION('',(#5748),#5752);
#5748 = LINE('',#5749,#5750);
#5749 = CARTESIAN_POINT('',(-0.,14.));
#5750 = VECTOR('',#5751,1.);
#5751 = DIRECTION('',(-1.,0.));
#5752 = ( GEOMETRIC_REPRESENTATION_CONTEXT(2) 
PARAMETRIC_REPRESENTATION_CONTEXT() REPRESENTATION_CONTEXT('2D SPACE',''
  ) );
#5753 = ORIENTED_EDGE('',*,*,#5609,.T.);
#5754 = ORIENTED_EDGE('',*,*,#1470,.F.);
#5755 = ADVANCED_FACE('',(#5756),#1770,.T.);
#5756 = FACE_BOUND('',#5757,.T.);
#5757 = EDGE_LOOP('',(#5758,#5759,#5783,#5803));
#5758 = ORIENTED_EDGE('',*,*,#5657,.F.);
#5759 = ORIENTED_EDGE('',*,*,#5760,.T.);
#5760 = EDGE_CURVE('',#5658,#5761,#5763,.T.);
#5761 = VERTEX_POINT('',#5762);
#5762 = CARTESIAN_POINT('',(6.,20.15,13.5));
#5763 = SURFACE_CURVE('',#5764,(#5769,#5776),.PCURVE_S1.);
#5764 = CIRCLE('',#5765,6.3);
#5765 = AXIS2_PLACEMENT_3D('',#5766,#5767,#5768);
#5766 = CARTESIAN_POINT('',(6.,20.15,19.8));
#5767 = DIRECTION('',(-1.,-2.22044604925E-16,0.));
#5768 = DIRECTION('',(-2.22044604925E-16,1.,0.));
#5769 = PCURVE('',#1770,#5770);
#5770 = DEFINITIONAL_REPRESENTATION('',(#5771),#5775);
#5771 = LINE('',#5772,#5773);
#5772 = CARTESIAN_POINT('',(0.,3.14159265359));
#5773 = VECTOR('',#5774,1.);
#5774 = DIRECTION('',(1.,0.));
#5775 = ( GEOMETRIC_REPRESENTATION_CONTEXT(2) 
PARAMETRIC_REPRESENTATION_CONTEXT() REPRESENTATION_CONTEXT('2D SPACE',''
  ) );
#5776 = PCURVE('',#5129,#5777);
#5777 = DEFINITIONAL_REPRESENTATION('',(#5778),#5782);
#5778 = LINE('',#5779,#5780);
#5779 = CARTESIAN_POINT('',(1.570796326795,14.));
#5780 = VECTOR('',#5781,1.);
#5781 = DIRECTION('',(-1.,-0.));
#5782 = ( GEOMETRIC_REPRESENTATION_CONTEXT(2) 
PARAMETRIC_REPRESENTATION_CONTEXT() REPRESENTATION_CONTEXT('2D SPACE',''
  ) );
#5783 = ORIENTED_EDGE('',*,*,#5784,.T.);
#5784 = EDGE_CURVE('',#5761,#1726,#5785,.T.);
#5785 = SURFACE_CURVE('',#5786,(#5791,#5797),.PCURVE_S1.);
#5786 = CIRCLE('',#5787,2.);
#5787 = AXIS2_PLACEMENT_3D('',#5788,#5789,#5790);
#5788 = CARTESIAN_POINT('',(6.,20.15,11.5));
#5789 = DIRECTION('',(-2.22044604925E-16,1.,6.123233995737E-17));
#5790 = DIRECTION('',(-1.359631073447E-32,6.123233995737E-17,-1.));
#5791 = PCURVE('',#1770,#5792);
#5792 = DEFINITIONAL_REPRESENTATION('',(#5793),#5796);
#5793 = B_SPLINE_CURVE_WITH_KNOTS('',1,(#5794,#5795),.UNSPECIFIED.,.F.,
  .F.,(2,2),(3.14159265359,4.712388980385),.PIECEWISE_BEZIER_KNOTS.);
#5794 = CARTESIAN_POINT('',(1.570796326795,3.14159265359));
#5795 = CARTESIAN_POINT('',(1.570796326795,4.712388980385));
#5796 = ( GEOMETRIC_REPRESENTATION_CONTEXT(2) 
PARAMETRIC_REPRESENTATION_CONTEXT() REPRESENTATION_CONTEXT('2D SPACE',''
  ) );
#5797 = PCURVE('',#1741,#5798);
#5798 = DEFINITIONAL_REPRESENTATION('',(#5799),#5802);
#5799 = B_SPLINE_CURVE_WITH_KNOTS('',1,(#5800,#5801),.UNSPECIFIED.,.F.,
  .F.,(2,2),(3.14159265359,4.712388980385),.PIECEWISE_BEZIER_KNOTS.);
#5800 = CARTESIAN_POINT('',(0.,0.));
#5801 = CARTESIAN_POINT('',(-1.570796326795,0.));
#5802 = ( GEOMETRIC_REPRESENTATION_CONTEXT(2) 
PARAMETRIC_REPRESENTATION_CONTEXT() REPRESENTATION_CONTEXT('2D SPACE',''
  ) );
#5803 = ORIENTED_EDGE('',*,*,#1753,.F.);
#5804 = ADVANCED_FACE('',(#5805),#1741,.T.);
#5805 = FACE_BOUND('',#5806,.F.);
#5806 = EDGE_LOOP('',(#5807,#5808,#5809,#5810));
#5807 = ORIENTED_EDGE('',*,*,#5784,.T.);
#5808 = ORIENTED_EDGE('',*,*,#1725,.T.);
#5809 = ORIENTED_EDGE('',*,*,#4789,.F.);
#5810 = ORIENTED_EDGE('',*,*,#5811,.F.);
#5811 = EDGE_CURVE('',#5761,#4762,#5812,.T.);
#5812 = SURFACE_CURVE('',#5813,(#5817,#5824),.PCURVE_S1.);
#5813 = LINE('',#5814,#5815);
#5814 = CARTESIAN_POINT('',(6.,20.15,13.5));
#5815 = VECTOR('',#5816,1.);
#5816 = DIRECTION('',(-3.759485374392E-16,-1.,-1.879742687196E-16));
#5817 = PCURVE('',#1741,#5818);
#5818 = DEFINITIONAL_REPRESENTATION('',(#5819),#5823);
#5819 = LINE('',#5820,#5821);
#5820 = CARTESIAN_POINT('',(-0.,0.));
#5821 = VECTOR('',#5822,1.);
#5822 = DIRECTION('',(-0.,1.));
#5823 = ( GEOMETRIC_REPRESENTATION_CONTEXT(2) 
PARAMETRIC_REPRESENTATION_CONTEXT() REPRESENTATION_CONTEXT('2D SPACE',''
  ) );
#5824 = PCURVE('',#4777,#5825);
#5825 = DEFINITIONAL_REPRESENTATION('',(#5826),#5830);
#5826 = LINE('',#5827,#5828);
#5827 = CARTESIAN_POINT('',(36.,60.15));
#5828 = VECTOR('',#5829,1.);
#5829 = DIRECTION('',(-3.759485374392E-16,-1.));
#5830 = ( GEOMETRIC_REPRESENTATION_CONTEXT(2) 
PARAMETRIC_REPRESENTATION_CONTEXT() REPRESENTATION_CONTEXT('2D SPACE',''
  ) );
#5831 = ADVANCED_FACE('',(#5832),#1538,.F.);
#5832 = FACE_BOUND('',#5833,.T.);
#5833 = EDGE_LOOP('',(#5834,#5857,#5858,#5859));
#5834 = ORIENTED_EDGE('',*,*,#5835,.T.);
#5835 = EDGE_CURVE('',#5836,#2549,#5838,.T.);
#5836 = VERTEX_POINT('',#5837);
#5837 = CARTESIAN_POINT('',(13.,38.115,70.65));
#5838 = SURFACE_CURVE('',#5839,(#5843,#5850),.PCURVE_S1.);
#5839 = LINE('',#5840,#5841);
#5840 = CARTESIAN_POINT('',(13.,40.115,70.65));
#5841 = VECTOR('',#5842,1.);
#5842 = DIRECTION('',(0.,-1.,0.));
#5843 = PCURVE('',#1538,#5844);
#5844 = DEFINITIONAL_REPRESENTATION('',(#5845),#5849);
#5845 = LINE('',#5846,#5847);
#5846 = CARTESIAN_POINT('',(-1.570796326795,0.));
#5847 = VECTOR('',#5848,1.);
#5848 = DIRECTION('',(-0.,1.));
#5849 = ( GEOMETRIC_REPRESENTATION_CONTEXT(2) 
PARAMETRIC_REPRESENTATION_CONTEXT() REPRESENTATION_CONTEXT('2D SPACE',''
  ) );
#5850 = PCURVE('',#2592,#5851);
#5851 = DEFINITIONAL_REPRESENTATION('',(#5852),#5856);
#5852 = LINE('',#5853,#5854);
#5853 = CARTESIAN_POINT('',(33.45,0.));
#5854 = VECTOR('',#5855,1.);
#5855 = DIRECTION('',(0.,-1.));
#5856 = ( GEOMETRIC_REPRESENTATION_CONTEXT(2) 
PARAMETRIC_REPRESENTATION_CONTEXT() REPRESENTATION_CONTEXT('2D SPACE',''
  ) );
#5857 = ORIENTED_EDGE('',*,*,#2548,.F.);
#5858 = ORIENTED_EDGE('',*,*,#1522,.F.);
#5859 = ORIENTED_EDGE('',*,*,#5860,.T.);
#5860 = EDGE_CURVE('',#1523,#5836,#5861,.T.);
#5861 = SURFACE_CURVE('',#5862,(#5867,#5874),.PCURVE_S1.);
#5862 = CIRCLE('',#5863,5.);
#5863 = AXIS2_PLACEMENT_3D('',#5864,#5865,#5866);
#5864 = CARTESIAN_POINT('',(13.,38.115,65.65));
#5865 = DIRECTION('',(-0.,1.,0.));
#5866 = DIRECTION('',(-1.,-0.,0.));
#5867 = PCURVE('',#1538,#5868);
#5868 = DEFINITIONAL_REPRESENTATION('',(#5869),#5873);
#5869 = LINE('',#5870,#5871);
#5870 = CARTESIAN_POINT('',(-0.,2.));
#5871 = VECTOR('',#5872,1.);
#5872 = DIRECTION('',(-1.,0.));
#5873 = ( GEOMETRIC_REPRESENTATION_CONTEXT(2) 
PARAMETRIC_REPRESENTATION_CONTEXT() REPRESENTATION_CONTEXT('2D SPACE',''
  ) );
#5874 = PCURVE('',#5875,#5880);
#5875 = TOROIDAL_SURFACE('',#5876,7.,2.);
#5876 = AXIS2_PLACEMENT_3D('',#5877,#5878,#5879);
#5877 = CARTESIAN_POINT('',(13.,38.115,65.65));
#5878 = DIRECTION('',(-0.,1.,0.));
#5879 = DIRECTION('',(-1.,-0.,0.));
#5880 = DEFINITIONAL_REPRESENTATION('',(#5881),#5885);
#5881 = LINE('',#5882,#5883);
#5882 = CARTESIAN_POINT('',(0.,3.14159265359));
#5883 = VECTOR('',#5884,1.);
#5884 = DIRECTION('',(1.,0.));
#5885 = ( GEOMETRIC_REPRESENTATION_CONTEXT(2) 
PARAMETRIC_REPRESENTATION_CONTEXT() REPRESENTATION_CONTEXT('2D SPACE',''
  ) );
#5886 = ADVANCED_FACE('',(#5887),#1566,.T.);
#5887 = FACE_BOUND('',#5888,.F.);
#5888 = EDGE_LOOP('',(#5889,#5914,#5971,#5972));
#5889 = ORIENTED_EDGE('',*,*,#5890,.F.);
#5890 = EDGE_CURVE('',#5891,#5893,#5895,.T.);
#5891 = VERTEX_POINT('',#5892);
#5892 = CARTESIAN_POINT('',(6.,40.115,27.911501248498));
#5893 = VERTEX_POINT('',#5894);
#5894 = CARTESIAN_POINT('',(6.,40.115,65.65));
#5895 = SURFACE_CURVE('',#5896,(#5900,#5907),.PCURVE_S1.);
#5896 = LINE('',#5897,#5898);
#5897 = CARTESIAN_POINT('',(6.,40.115,27.5));
#5898 = VECTOR('',#5899,1.);
#5899 = DIRECTION('',(-1.932573170698E-16,0.,1.));
#5900 = PCURVE('',#1566,#5901);
#5901 = DEFINITIONAL_REPRESENTATION('',(#5902),#5906);
#5902 = LINE('',#5903,#5904);
#5903 = CARTESIAN_POINT('',(-0.,0.));
#5904 = VECTOR('',#5905,1.);
#5905 = DIRECTION('',(-0.,1.));
#5906 = ( GEOMETRIC_REPRESENTATION_CONTEXT(2) 
PARAMETRIC_REPRESENTATION_CONTEXT() REPRESENTATION_CONTEXT('2D SPACE',''
  ) );
#5907 = PCURVE('',#3545,#5908);
#5908 = DEFINITIONAL_REPRESENTATION('',(#5909),#5913);
#5909 = LINE('',#5910,#5911);
#5910 = CARTESIAN_POINT('',(-32.5,14.));
#5911 = VECTOR('',#5912,1.);
#5912 = DIRECTION('',(1.,-1.932573170698E-16));
#5913 = ( GEOMETRIC_REPRESENTATION_CONTEXT(2) 
PARAMETRIC_REPRESENTATION_CONTEXT() REPRESENTATION_CONTEXT('2D SPACE',''
  ) );
#5914 = ORIENTED_EDGE('',*,*,#5915,.F.);
#5915 = EDGE_CURVE('',#1551,#5891,#5916,.T.);
#5916 = SURFACE_CURVE('',#5917,(#5926,#5939),.PCURVE_S1.);
#5917 = ( BOUNDED_CURVE() B_SPLINE_CURVE(7,(#5918,#5919,#5920,#5921,
    #5922,#5923,#5924,#5925),.UNSPECIFIED.,.F.,.F.) 
B_SPLINE_CURVE_WITH_KNOTS((8,8),(0.,3.174581805009),
.PIECEWISE_BEZIER_KNOTS.) CURVE() GEOMETRIC_REPRESENTATION_ITEM() 
RATIONAL_B_SPLINE_CURVE((1.,1.,1.,1.,1.,1.,1.,1.)) REPRESENTATION_ITEM(
  '') );
#5918 = CARTESIAN_POINT('',(8.,38.115,27.911501248498));
#5919 = CARTESIAN_POINT('',(8.,38.582795958305,27.911501248498));
#5920 = CARTESIAN_POINT('',(7.872491696896,39.05045052923,
    27.911497311009));
#5921 = CARTESIAN_POINT('',(7.616472090291,39.471076775737,
    27.911552941496));
#5922 = CARTESIAN_POINT('',(7.262404183178,39.791954143835,
    27.911668520011));
#5923 = CARTESIAN_POINT('',(6.859785047856,40.007171633773,
    27.911536367063));
#5924 = CARTESIAN_POINT('',(6.429797833638,40.115,27.911501248498));
#5925 = CARTESIAN_POINT('',(6.,40.115,27.911501248498));
#5926 = PCURVE('',#1566,#5927);
#5927 = DEFINITIONAL_REPRESENTATION('',(#5928),#5938);
#5928 = B_SPLINE_CURVE_WITH_KNOTS('',8,(#5929,#5930,#5931,#5932,#5933,
    #5934,#5935,#5936,#5937),.UNSPECIFIED.,.F.,.F.,(9,9),(0.,
    3.174581805009),.PIECEWISE_BEZIER_KNOTS.);
#5929 = CARTESIAN_POINT('',(-1.570796326795,0.411501248498));
#5930 = CARTESIAN_POINT('',(-1.366135595037,0.411501248498));
#5931 = CARTESIAN_POINT('',(-1.161537805088,0.411498295315));
#5932 = CARTESIAN_POINT('',(-0.958544523853,0.411532079681));
#5933 = CARTESIAN_POINT('',(-0.760254989278,0.411610734876));
#5934 = CARTESIAN_POINT('',(-0.565835477987,0.41161895601));
#5935 = CARTESIAN_POINT('',(-0.37614711779,0.411527590456));
#5936 = CARTESIAN_POINT('',(-0.188036552217,0.411501248498));
#5937 = CARTESIAN_POINT('',(7.771561172376E-16,0.411501248498));
#5938 = ( GEOMETRIC_REPRESENTATION_CONTEXT(2) 
PARAMETRIC_REPRESENTATION_CONTEXT() REPRESENTATION_CONTEXT('2D SPACE',''
  ) );
#5939 = PCURVE('',#5940,#5965);
#5940 = ( BOUNDED_SURFACE() B_SPLINE_SURFACE(2,7,(
    (#5941,#5942,#5943,#5944,#5945,#5946,#5947,#5948)
    ,(#5949,#5950,#5951,#5952,#5953,#5954,#5955,#5956)
    ,(#5957,#5958,#5959,#5960,#5961,#5962,#5963,#5964
)),.UNSPECIFIED.,.F.,.F.,.F.) B_SPLINE_SURFACE_WITH_KNOTS((3,3),(8,8),(
    0.,3.174581805009),(0.,3.174581805009),.PIECEWISE_BEZIER_KNOTS.) 
GEOMETRIC_REPRESENTATION_ITEM() RATIONAL_B_SPLINE_SURFACE((
    (1.,1.,1.,1.,1.,1.,1.,1.)
    ,(1.,1.,0.997422012963,0.992165354552,0.986107703144,0.981727411177
      ,0.979482519399,0.979482519399)
,(1.,1.,1.,1.,1.,1.,1.,1.))) REPRESENTATION_ITEM('') SURFACE() );
#5941 = CARTESIAN_POINT('',(8.,38.115,27.911501248498));
#5942 = CARTESIAN_POINT('',(8.,38.582795958305,27.911501248498));
#5943 = CARTESIAN_POINT('',(7.872491696896,39.05045052923,
    27.911497311009));
#5944 = CARTESIAN_POINT('',(7.616472090291,39.471076775737,
    27.911552941496));
#5945 = CARTESIAN_POINT('',(7.262404183178,39.791954143835,
    27.911668520011));
#5946 = CARTESIAN_POINT('',(6.859785047856,40.007171633773,
    27.911536367063));
#5947 = CARTESIAN_POINT('',(6.429797833638,40.115,27.911501248498));
#5948 = CARTESIAN_POINT('',(6.,40.115,27.911501248498));
#5949 = CARTESIAN_POINT('',(8.,38.115,27.911501248498));
#5950 = CARTESIAN_POINT('',(8.,38.563796895971,27.819161006991));
#5951 = CARTESIAN_POINT('',(7.882460859843,39.014856660922,
    27.726355178779));
#5952 = CARTESIAN_POINT('',(7.645172480185,39.430416941889,
    27.640853391557));
#5953 = CARTESIAN_POINT('',(7.304763704986,39.765708395005,
    27.571866965772));
#5954 = CARTESIAN_POINT('',(6.895637499665,39.997928475719,
    27.524087539203));
#5955 = CARTESIAN_POINT('',(6.448796895971,40.115,27.5));
#5956 = CARTESIAN_POINT('',(6.,40.115,27.5));
#5957 = CARTESIAN_POINT('',(8.,38.115,27.911501248498));
#5958 = CARTESIAN_POINT('',(8.,38.544797833638,27.726820765484));
#5959 = CARTESIAN_POINT('',(7.872491696896,38.974467318984,
    27.542199718241));
#5960 = CARTESIAN_POINT('',(7.616472090291,39.360904979348,
    27.376090185108));
#5961 = CARTESIAN_POINT('',(7.262404183178,39.655672495244,
    27.249305287394));
#5962 = CARTESIAN_POINT('',(6.859785047856,39.853460473879,
    27.164461307365));
#5963 = CARTESIAN_POINT('',(6.429797833638,39.952544023234,
    27.121924170134));
#5964 = CARTESIAN_POINT('',(6.,39.952544023234,27.121924170134));
#5965 = DEFINITIONAL_REPRESENTATION('',(#5966),#5970);
#5966 = LINE('',#5967,#5968);
#5967 = CARTESIAN_POINT('',(0.,0.));
#5968 = VECTOR('',#5969,1.);
#5969 = DIRECTION('',(0.,1.));
#5970 = ( GEOMETRIC_REPRESENTATION_CONTEXT(2) 
PARAMETRIC_REPRESENTATION_CONTEXT() REPRESENTATION_CONTEXT('2D SPACE',''
  ) );
#5971 = ORIENTED_EDGE('',*,*,#1550,.T.);
#5972 = ORIENTED_EDGE('',*,*,#5973,.F.);
#5973 = EDGE_CURVE('',#5893,#1523,#5974,.T.);
#5974 = SURFACE_CURVE('',#5975,(#5980,#5986),.PCURVE_S1.);
#5975 = CIRCLE('',#5976,2.);
#5976 = AXIS2_PLACEMENT_3D('',#5977,#5978,#5979);
#5977 = CARTESIAN_POINT('',(6.,38.115,65.65));
#5978 = DIRECTION('',(1.932573170698E-16,0.,-1.));
#5979 = DIRECTION('',(0.,1.,0.));
#5980 = PCURVE('',#1566,#5981);
#5981 = DEFINITIONAL_REPRESENTATION('',(#5982),#5985);
#5982 = B_SPLINE_CURVE_WITH_KNOTS('',1,(#5983,#5984),.UNSPECIFIED.,.F.,
  .F.,(2,2),(0.,1.570796326795),.PIECEWISE_BEZIER_KNOTS.);
#5983 = CARTESIAN_POINT('',(0.,38.15));
#5984 = CARTESIAN_POINT('',(-1.570796326795,38.15));
#5985 = ( GEOMETRIC_REPRESENTATION_CONTEXT(2) 
PARAMETRIC_REPRESENTATION_CONTEXT() REPRESENTATION_CONTEXT('2D SPACE',''
  ) );
#5986 = PCURVE('',#5875,#5987);
#5987 = DEFINITIONAL_REPRESENTATION('',(#5988),#5991);
#5988 = B_SPLINE_CURVE_WITH_KNOTS('',1,(#5989,#5990),.UNSPECIFIED.,.F.,
  .F.,(2,2),(0.,1.570796326795),.PIECEWISE_BEZIER_KNOTS.);
#5989 = CARTESIAN_POINT('',(0.,1.570796326795));
#5990 = CARTESIAN_POINT('',(0.,3.14159265359));
#5991 = ( GEOMETRIC_REPRESENTATION_CONTEXT(2) 
PARAMETRIC_REPRESENTATION_CONTEXT() REPRESENTATION_CONTEXT('2D SPACE',''
  ) );
#5992 = ADVANCED_FACE('',(#5993),#1594,.T.);
#5993 = FACE_BOUND('',#5994,.F.);
#5994 = EDGE_LOOP('',(#5995,#6018,#6019,#6020));
#5995 = ORIENTED_EDGE('',*,*,#5996,.F.);
#5996 = EDGE_CURVE('',#4310,#5997,#5999,.T.);
#5997 = VERTEX_POINT('',#5998);
#5998 = CARTESIAN_POINT('',(6.,39.952544023234,27.121924170134));
#5999 = SURFACE_CURVE('',#6000,(#6004,#6011),.PCURVE_S1.);
#6000 = LINE('',#6001,#6002);
#6001 = CARTESIAN_POINT('',(6.,32.810244215938,10.5));
#6002 = VECTOR('',#6003,1.);
#6003 = DIRECTION('',(-8.766066521158E-17,0.394788539182,0.918772011617)
  );
#6004 = PCURVE('',#1594,#6005);
#6005 = DEFINITIONAL_REPRESENTATION('',(#6006),#6010);
#6006 = LINE('',#6007,#6008);
#6007 = CARTESIAN_POINT('',(-0.,0.));
#6008 = VECTOR('',#6009,1.);
#6009 = DIRECTION('',(-0.,1.));
#6010 = ( GEOMETRIC_REPRESENTATION_CONTEXT(2) 
PARAMETRIC_REPRESENTATION_CONTEXT() REPRESENTATION_CONTEXT('2D SPACE',''
  ) );
#6011 = PCURVE('',#4099,#6012);
#6012 = DEFINITIONAL_REPRESENTATION('',(#6013),#6017);
#6013 = LINE('',#6014,#6015);
#6014 = CARTESIAN_POINT('',(23.836163621766,-6.));
#6015 = VECTOR('',#6016,1.);
#6016 = DIRECTION('',(1.,8.766066521158E-17));
#6017 = ( GEOMETRIC_REPRESENTATION_CONTEXT(2) 
PARAMETRIC_REPRESENTATION_CONTEXT() REPRESENTATION_CONTEXT('2D SPACE',''
  ) );
#6018 = ORIENTED_EDGE('',*,*,#4354,.T.);
#6019 = ORIENTED_EDGE('',*,*,#1578,.T.);
#6020 = ORIENTED_EDGE('',*,*,#6021,.T.);
#6021 = EDGE_CURVE('',#1551,#5997,#6022,.T.);
#6022 = SURFACE_CURVE('',#6023,(#6032,#6045),.PCURVE_S1.);
#6023 = ( BOUNDED_CURVE() B_SPLINE_CURVE(7,(#6024,#6025,#6026,#6027,
    #6028,#6029,#6030,#6031),.UNSPECIFIED.,.F.,.F.) 
B_SPLINE_CURVE_WITH_KNOTS((8,8),(0.,3.174581805009),
.PIECEWISE_BEZIER_KNOTS.) CURVE() GEOMETRIC_REPRESENTATION_ITEM() 
RATIONAL_B_SPLINE_CURVE((1.,1.,1.,1.,1.,1.,1.,1.)) REPRESENTATION_ITEM(
  '') );
#6024 = CARTESIAN_POINT('',(8.,38.115,27.911501248498));
#6025 = CARTESIAN_POINT('',(8.,38.544797833638,27.726820765484));
#6026 = CARTESIAN_POINT('',(7.872491696896,38.974467318984,
    27.542199718241));
#6027 = CARTESIAN_POINT('',(7.616472090291,39.360904979348,
    27.376090185108));
#6028 = CARTESIAN_POINT('',(7.262404183178,39.655672495244,
    27.249305287394));
#6029 = CARTESIAN_POINT('',(6.859785047856,39.853460473879,
    27.164461307365));
#6030 = CARTESIAN_POINT('',(6.429797833638,39.952544023234,
    27.121924170134));
#6031 = CARTESIAN_POINT('',(6.,39.952544023234,27.121924170134));
#6032 = PCURVE('',#1594,#6033);
#6033 = DEFINITIONAL_REPRESENTATION('',(#6034),#6044);
#6034 = B_SPLINE_CURVE_WITH_KNOTS('',8,(#6035,#6036,#6037,#6038,#6039,
    #6040,#6041,#6042,#6043),.UNSPECIFIED.,.F.,.F.,(9,9),(0.,
    3.174581805009),.PIECEWISE_BEZIER_KNOTS.);
#6035 = CARTESIAN_POINT('',(-1.570796326795,18.09145681406));
#6036 = CARTESIAN_POINT('',(-1.366135595037,18.09145681406));
#6037 = CARTESIAN_POINT('',(-1.161537805088,18.091459767243));
#6038 = CARTESIAN_POINT('',(-0.958544523853,18.091425982877));
#6039 = CARTESIAN_POINT('',(-0.760254989278,18.091347327682));
#6040 = CARTESIAN_POINT('',(-0.565835477987,18.091339106548));
#6041 = CARTESIAN_POINT('',(-0.37614711779,18.091430472102));
#6042 = CARTESIAN_POINT('',(-0.188036552217,18.09145681406));
#6043 = CARTESIAN_POINT('',(-2.22044604925E-16,18.09145681406));
#6044 = ( GEOMETRIC_REPRESENTATION_CONTEXT(2) 
PARAMETRIC_REPRESENTATION_CONTEXT() REPRESENTATION_CONTEXT('2D SPACE',''
  ) );
#6045 = PCURVE('',#5940,#6046);
#6046 = DEFINITIONAL_REPRESENTATION('',(#6047),#6051);
#6047 = LINE('',#6048,#6049);
#6048 = CARTESIAN_POINT('',(3.174581805009,0.));
#6049 = VECTOR('',#6050,1.);
#6050 = DIRECTION('',(0.,1.));
#6051 = ( GEOMETRIC_REPRESENTATION_CONTEXT(2) 
PARAMETRIC_REPRESENTATION_CONTEXT() REPRESENTATION_CONTEXT('2D SPACE',''
  ) );
#6052 = ADVANCED_FACE('',(#6053,#6079),#1999,.T.);
#6053 = FACE_BOUND('',#6054,.T.);
#6054 = EDGE_LOOP('',(#6055));
#6055 = ORIENTED_EDGE('',*,*,#6056,.T.);
#6056 = EDGE_CURVE('',#6057,#6057,#6059,.T.);
#6057 = VERTEX_POINT('',#6058);
#6058 = CARTESIAN_POINT('',(-1.75,-22.9,-4.95));
#6059 = SURFACE_CURVE('',#6060,(#6065,#6072),.PCURVE_S1.);
#6060 = CIRCLE('',#6061,3.2);
#6061 = AXIS2_PLACEMENT_3D('',#6062,#6063,#6064);
#6062 = CARTESIAN_POINT('',(-4.95,-22.9,-4.95));
#6063 = DIRECTION('',(2.22044604925E-16,-1.,-0.));
#6064 = DIRECTION('',(1.,2.22044604925E-16,0.));
#6065 = PCURVE('',#1999,#6066);
#6066 = DEFINITIONAL_REPRESENTATION('',(#6067),#6071);
#6067 = CIRCLE('',#6068,3.2);
#6068 = AXIS2_PLACEMENT_2D('',#6069,#6070);
#6069 = CARTESIAN_POINT('',(0.,0.));
#6070 = DIRECTION('',(1.,0.));
#6071 = ( GEOMETRIC_REPRESENTATION_CONTEXT(2) 
PARAMETRIC_REPRESENTATION_CONTEXT() REPRESENTATION_CONTEXT('2D SPACE',''
  ) );
#6072 = PCURVE('',#4409,#6073);
#6073 = DEFINITIONAL_REPRESENTATION('',(#6074),#6078);
#6074 = LINE('',#6075,#6076);
#6075 = CARTESIAN_POINT('',(0.,0.));
#6076 = VECTOR('',#6077,1.);
#6077 = DIRECTION('',(1.,0.));
#6078 = ( GEOMETRIC_REPRESENTATION_CONTEXT(2) 
PARAMETRIC_REPRESENTATION_CONTEXT() REPRESENTATION_CONTEXT('2D SPACE',''
  ) );
#6079 = FACE_BOUND('',#6080,.T.);
#6080 = EDGE_LOOP('',(#6081));
#6081 = ORIENTED_EDGE('',*,*,#1982,.F.);
#6082 = ADVANCED_FACE('',(#6083,#6109),#2054,.T.);
#6083 = FACE_BOUND('',#6084,.T.);
#6084 = EDGE_LOOP('',(#6085));
#6085 = ORIENTED_EDGE('',*,*,#6086,.T.);
#6086 = EDGE_CURVE('',#6087,#6087,#6089,.T.);
#6087 = VERTEX_POINT('',#6088);
#6088 = CARTESIAN_POINT('',(8.15,-22.9,-4.95));
#6089 = SURFACE_CURVE('',#6090,(#6095,#6102),.PCURVE_S1.);
#6090 = CIRCLE('',#6091,3.2);
#6091 = AXIS2_PLACEMENT_3D('',#6092,#6093,#6094);
#6092 = CARTESIAN_POINT('',(4.95,-22.9,-4.95));
#6093 = DIRECTION('',(2.22044604925E-16,-1.,-0.));
#6094 = DIRECTION('',(1.,2.22044604925E-16,0.));
#6095 = PCURVE('',#2054,#6096);
#6096 = DEFINITIONAL_REPRESENTATION('',(#6097),#6101);
#6097 = CIRCLE('',#6098,3.2);
#6098 = AXIS2_PLACEMENT_2D('',#6099,#6100);
#6099 = CARTESIAN_POINT('',(0.,0.));
#6100 = DIRECTION('',(1.,0.));
#6101 = ( GEOMETRIC_REPRESENTATION_CONTEXT(2) 
PARAMETRIC_REPRESENTATION_CONTEXT() REPRESENTATION_CONTEXT('2D SPACE',''
  ) );
#6102 = PCURVE('',#4440,#6103);
#6103 = DEFINITIONAL_REPRESENTATION('',(#6104),#6108);
#6104 = LINE('',#6105,#6106);
#6105 = CARTESIAN_POINT('',(0.,0.));
#6106 = VECTOR('',#6107,1.);
#6107 = DIRECTION('',(1.,0.));
#6108 = ( GEOMETRIC_REPRESENTATION_CONTEXT(2) 
PARAMETRIC_REPRESENTATION_CONTEXT() REPRESENTATION_CONTEXT('2D SPACE',''
  ) );
#6109 = FACE_BOUND('',#6110,.T.);
#6110 = EDGE_LOOP('',(#6111));
#6111 = ORIENTED_EDGE('',*,*,#2037,.F.);
#6112 = ADVANCED_FACE('',(#6113,#6139),#2109,.T.);
#6113 = FACE_BOUND('',#6114,.T.);
#6114 = EDGE_LOOP('',(#6115));
#6115 = ORIENTED_EDGE('',*,*,#6116,.T.);
#6116 = EDGE_CURVE('',#6117,#6117,#6119,.T.);
#6117 = VERTEX_POINT('',#6118);
#6118 = CARTESIAN_POINT('',(-1.75,-22.9,4.95));
#6119 = SURFACE_CURVE('',#6120,(#6125,#6132),.PCURVE_S1.);
#6120 = CIRCLE('',#6121,3.2);
#6121 = AXIS2_PLACEMENT_3D('',#6122,#6123,#6124);
#6122 = CARTESIAN_POINT('',(-4.95,-22.9,4.95));
#6123 = DIRECTION('',(2.22044604925E-16,-1.,-0.));
#6124 = DIRECTION('',(1.,2.22044604925E-16,0.));
#6125 = PCURVE('',#2109,#6126);
#6126 = DEFINITIONAL_REPRESENTATION('',(#6127),#6131);
#6127 = CIRCLE('',#6128,3.2);
#6128 = AXIS2_PLACEMENT_2D('',#6129,#6130);
#6129 = CARTESIAN_POINT('',(0.,0.));
#6130 = DIRECTION('',(1.,0.));
#6131 = ( GEOMETRIC_REPRESENTATION_CONTEXT(2) 
PARAMETRIC_REPRESENTATION_CONTEXT() REPRESENTATION_CONTEXT('2D SPACE',''
  ) );
#6132 = PCURVE('',#4471,#6133);
#6133 = DEFINITIONAL_REPRESENTATION('',(#6134),#6138);
#6134 = LINE('',#6135,#6136);
#6135 = CARTESIAN_POINT('',(0.,0.));
#6136 = VECTOR('',#6137,1.);
#6137 = DIRECTION('',(1.,0.));
#6138 = ( GEOMETRIC_REPRESENTATION_CONTEXT(2) 
PARAMETRIC_REPRESENTATION_CONTEXT() REPRESENTATION_CONTEXT('2D SPACE',''
  ) );
#6139 = FACE_BOUND('',#6140,.T.);
#6140 = EDGE_LOOP('',(#6141));
#6141 = ORIENTED_EDGE('',*,*,#2092,.F.);
#6142 = ADVANCED_FACE('',(#6143,#6146),#2164,.F.);
#6143 = FACE_BOUND('',#6144,.F.);
#6144 = EDGE_LOOP('',(#6145));
#6145 = ORIENTED_EDGE('',*,*,#2147,.T.);
#6146 = FACE_BOUND('',#6147,.F.);
#6147 = EDGE_LOOP('',(#6148));
#6148 = ORIENTED_EDGE('',*,*,#6149,.F.);
#6149 = EDGE_CURVE('',#6150,#6150,#6152,.T.);
#6150 = VERTEX_POINT('',#6151);
#6151 = CARTESIAN_POINT('',(1.6,-21.8,-3.918869757272E-16));
#6152 = SURFACE_CURVE('',#6153,(#6158,#6165),.PCURVE_S1.);
#6153 = CIRCLE('',#6154,1.6);
#6154 = AXIS2_PLACEMENT_3D('',#6155,#6156,#6157);
#6155 = CARTESIAN_POINT('',(4.840572387366E-15,-21.8,0.));
#6156 = DIRECTION('',(2.22044604925E-16,-1.,-0.));
#6157 = DIRECTION('',(1.,2.22044604925E-16,0.));
#6158 = PCURVE('',#2164,#6159);
#6159 = DEFINITIONAL_REPRESENTATION('',(#6160),#6164);
#6160 = CIRCLE('',#6161,1.6);
#6161 = AXIS2_PLACEMENT_2D('',#6162,#6163);
#6162 = CARTESIAN_POINT('',(0.,0.));
#6163 = DIRECTION('',(1.,0.));
#6164 = ( GEOMETRIC_REPRESENTATION_CONTEXT(2) 
PARAMETRIC_REPRESENTATION_CONTEXT() REPRESENTATION_CONTEXT('2D SPACE',''
  ) );
#6165 = PCURVE('',#4502,#6166);
#6166 = DEFINITIONAL_REPRESENTATION('',(#6167),#6171);
#6167 = LINE('',#6168,#6169);
#6168 = CARTESIAN_POINT('',(0.,2.4));
#6169 = VECTOR('',#6170,1.);
#6170 = DIRECTION('',(1.,0.));
#6171 = ( GEOMETRIC_REPRESENTATION_CONTEXT(2) 
PARAMETRIC_REPRESENTATION_CONTEXT() REPRESENTATION_CONTEXT('2D SPACE',''
  ) );
#6172 = ADVANCED_FACE('',(#6173,#6199),#2219,.T.);
#6173 = FACE_BOUND('',#6174,.T.);
#6174 = EDGE_LOOP('',(#6175));
#6175 = ORIENTED_EDGE('',*,*,#6176,.T.);
#6176 = EDGE_CURVE('',#6177,#6177,#6179,.T.);
#6177 = VERTEX_POINT('',#6178);
#6178 = CARTESIAN_POINT('',(8.15,-22.9,4.95));
#6179 = SURFACE_CURVE('',#6180,(#6185,#6192),.PCURVE_S1.);
#6180 = CIRCLE('',#6181,3.2);
#6181 = AXIS2_PLACEMENT_3D('',#6182,#6183,#6184);
#6182 = CARTESIAN_POINT('',(4.95,-22.9,4.95));
#6183 = DIRECTION('',(2.22044604925E-16,-1.,-0.));
#6184 = DIRECTION('',(1.,2.22044604925E-16,0.));
#6185 = PCURVE('',#2219,#6186);
#6186 = DEFINITIONAL_REPRESENTATION('',(#6187),#6191);
#6187 = CIRCLE('',#6188,3.2);
#6188 = AXIS2_PLACEMENT_2D('',#6189,#6190);
#6189 = CARTESIAN_POINT('',(0.,0.));
#6190 = DIRECTION('',(1.,0.));
#6191 = ( GEOMETRIC_REPRESENTATION_CONTEXT(2) 
PARAMETRIC_REPRESENTATION_CONTEXT() REPRESENTATION_CONTEXT('2D SPACE',''
  ) );
#6192 = PCURVE('',#4533,#6193);
#6193 = DEFINITIONAL_REPRESENTATION('',(#6194),#6198);
#6194 = LINE('',#6195,#6196);
#6195 = CARTESIAN_POINT('',(0.,0.));
#6196 = VECTOR('',#6197,1.);
#6197 = DIRECTION('',(1.,0.));
#6198 = ( GEOMETRIC_REPRESENTATION_CONTEXT(2) 
PARAMETRIC_REPRESENTATION_CONTEXT() REPRESENTATION_CONTEXT('2D SPACE',''
  ) );
#6199 = FACE_BOUND('',#6200,.T.);
#6200 = EDGE_LOOP('',(#6201));
#6201 = ORIENTED_EDGE('',*,*,#2202,.F.);
#6202 = ADVANCED_FACE('',(#6203),#2298,.T.);
#6203 = FACE_BOUND('',#6204,.T.);
#6204 = EDGE_LOOP('',(#6205,#6226,#6227,#6228));
#6205 = ORIENTED_EDGE('',*,*,#6206,.T.);
#6206 = EDGE_CURVE('',#5044,#5340,#6207,.T.);
#6207 = SURFACE_CURVE('',#6208,(#6212,#6219),.PCURVE_S1.);
#6208 = LINE('',#6209,#6210);
#6209 = CARTESIAN_POINT('',(-8.,-26.45,53.7));
#6210 = VECTOR('',#6211,1.);
#6211 = DIRECTION('',(1.,0.,-0.));
#6212 = PCURVE('',#2298,#6213);
#6213 = DEFINITIONAL_REPRESENTATION('',(#6214),#6218);
#6214 = LINE('',#6215,#6216);
#6215 = CARTESIAN_POINT('',(43.2,0.));
#6216 = VECTOR('',#6217,1.);
#6217 = DIRECTION('',(0.,1.));
#6218 = ( GEOMETRIC_REPRESENTATION_CONTEXT(2) 
PARAMETRIC_REPRESENTATION_CONTEXT() REPRESENTATION_CONTEXT('2D SPACE',''
  ) );
#6219 = PCURVE('',#5183,#6220);
#6220 = DEFINITIONAL_REPRESENTATION('',(#6221),#6225);
#6221 = LINE('',#6222,#6223);
#6222 = CARTESIAN_POINT('',(-0.,0.));
#6223 = VECTOR('',#6224,1.);
#6224 = DIRECTION('',(-0.,1.));
#6225 = ( GEOMETRIC_REPRESENTATION_CONTEXT(2) 
PARAMETRIC_REPRESENTATION_CONTEXT() REPRESENTATION_CONTEXT('2D SPACE',''
  ) );
#6226 = ORIENTED_EDGE('',*,*,#5361,.F.);
#6227 = ORIENTED_EDGE('',*,*,#2282,.F.);
#6228 = ORIENTED_EDGE('',*,*,#5043,.T.);
#6229 = ADVANCED_FACE('',(#6230),#2405,.F.);
#6230 = FACE_BOUND('',#6231,.T.);
#6231 = EDGE_LOOP('',(#6232,#6233,#6263,#6264,#6285,#6286));
#6232 = ORIENTED_EDGE('',*,*,#2387,.F.);
#6233 = ORIENTED_EDGE('',*,*,#6234,.F.);
#6234 = EDGE_CURVE('',#3338,#2388,#6235,.T.);
#6235 = SURFACE_CURVE('',#6236,(#6244,#6256),.PCURVE_S1.);
#6236 = ( BOUNDED_CURVE() B_SPLINE_CURVE(6,(#6237,#6238,#6239,#6240,
#6241,#6242,#6243),.UNSPECIFIED.,.F.,.F.) B_SPLINE_CURVE_WITH_KNOTS((7,7
),(109.3209592197,111.01278714378),.PIECEWISE_BEZIER_KNOTS.) CURVE() 
GEOMETRIC_REPRESENTATION_ITEM() RATIONAL_B_SPLINE_CURVE((1.,1.,1.,1.,1.,
1.,1.)) REPRESENTATION_ITEM('') );
#6237 = CARTESIAN_POINT('',(-6.,17.257857142857,70.794738145642));
#6238 = CARTESIAN_POINT('',(-6.,17.51262029832,70.915582920915));
#6239 = CARTESIAN_POINT('',(-6.,17.740121502911,71.093891380128));
#6240 = CARTESIAN_POINT('',(-6.,17.924173915942,71.322010873054));
#6241 = CARTESIAN_POINT('',(-6.,18.051394861853,71.586055991747));
#6242 = CARTESIAN_POINT('',(-6.,18.115,71.868028857701));
#6243 = CARTESIAN_POINT('',(-6.,18.115,72.15));
#6244 = PCURVE('',#2405,#6245);
#6245 = DEFINITIONAL_REPRESENTATION('',(#6246),#6255);
#6246 = B_SPLINE_CURVE_WITH_KNOTS('',7,(#6247,#6248,#6249,#6250,#6251,
    #6252,#6253,#6254),.UNSPECIFIED.,.F.,.F.,(8,8),(109.3209592197,
    111.01278714378),.PIECEWISE_BEZIER_KNOTS.);
#6247 = CARTESIAN_POINT('',(-1.127885282722,2.));
#6248 = CARTESIAN_POINT('',(-0.966758915691,2.));
#6249 = CARTESIAN_POINT('',(-0.805634759473,2.));
#6250 = CARTESIAN_POINT('',(-0.644500146773,2.));
#6251 = CARTESIAN_POINT('',(-0.483383545461,2.));
#6252 = CARTESIAN_POINT('',(-0.322253644856,2.));
#6253 = CARTESIAN_POINT('',(-0.161126367028,2.));
#6254 = CARTESIAN_POINT('',(-1.479713826372E-14,2.));
#6255 = ( GEOMETRIC_REPRESENTATION_CONTEXT(2) 
PARAMETRIC_REPRESENTATION_CONTEXT() REPRESENTATION_CONTEXT('2D SPACE',''
  ) );
#6256 = PCURVE('',#2943,#6257);
#6257 = DEFINITIONAL_REPRESENTATION('',(#6258),#6262);
#6258 = LINE('',#6259,#6260);
#6259 = CARTESIAN_POINT('',(1.691827924081,0.));
#6260 = VECTOR('',#6261,1.);
#6261 = DIRECTION('',(0.,1.));
#6262 = ( GEOMETRIC_REPRESENTATION_CONTEXT(2) 
PARAMETRIC_REPRESENTATION_CONTEXT() REPRESENTATION_CONTEXT('2D SPACE',''
  ) );
#6263 = ORIENTED_EDGE('',*,*,#3366,.F.);
#6264 = ORIENTED_EDGE('',*,*,#6265,.T.);
#6265 = EDGE_CURVE('',#3367,#5585,#6266,.T.);
#6266 = SURFACE_CURVE('',#6267,(#6271,#6278),.PCURVE_S1.);
#6267 = LINE('',#6268,#6269);
#6268 = CARTESIAN_POINT('',(-8.,16.615,70.65));
#6269 = VECTOR('',#6270,1.);
#6270 = DIRECTION('',(1.,0.,0.));
#6271 = PCURVE('',#2405,#6272);
#6272 = DEFINITIONAL_REPRESENTATION('',(#6273),#6277);
#6273 = LINE('',#6274,#6275);
#6274 = CARTESIAN_POINT('',(-1.570796326795,0.));
#6275 = VECTOR('',#6276,1.);
#6276 = DIRECTION('',(-0.,1.));
#6277 = ( GEOMETRIC_REPRESENTATION_CONTEXT(2) 
PARAMETRIC_REPRESENTATION_CONTEXT() REPRESENTATION_CONTEXT('2D SPACE',''
  ) );
#6278 = PCURVE('',#3510,#6279);
#6279 = DEFINITIONAL_REPRESENTATION('',(#6280),#6284);
#6280 = LINE('',#6281,#6282);
#6281 = CARTESIAN_POINT('',(0.,-9.835));
#6282 = VECTOR('',#6283,1.);
#6283 = DIRECTION('',(1.,0.));
#6284 = ( GEOMETRIC_REPRESENTATION_CONTEXT(2) 
PARAMETRIC_REPRESENTATION_CONTEXT() REPRESENTATION_CONTEXT('2D SPACE',''
  ) );
#6285 = ORIENTED_EDGE('',*,*,#5732,.F.);
#6286 = ORIENTED_EDGE('',*,*,#6287,.F.);
#6287 = EDGE_CURVE('',#2390,#5704,#6288,.T.);
#6288 = SURFACE_CURVE('',#6289,(#6297,#6309),.PCURVE_S1.);
#6289 = ( BOUNDED_CURVE() B_SPLINE_CURVE(6,(#6290,#6291,#6292,#6293,
#6294,#6295,#6296),.UNSPECIFIED.,.F.,.F.) B_SPLINE_CURVE_WITH_KNOTS((7,7
    ),(-7.57287287375E-13,1.691827924082),.PIECEWISE_BEZIER_KNOTS.) 
CURVE() GEOMETRIC_REPRESENTATION_ITEM() RATIONAL_B_SPLINE_CURVE((1.,1.,
1.,1.,1.,1.,1.)) REPRESENTATION_ITEM('') );
#6290 = CARTESIAN_POINT('',(6.,18.115,72.15));
#6291 = CARTESIAN_POINT('',(6.,18.115,71.868028857697));
#6292 = CARTESIAN_POINT('',(6.,18.051394866682,71.586056013624));
#6293 = CARTESIAN_POINT('',(6.,17.924173912911,71.322010852083));
#6294 = CARTESIAN_POINT('',(6.,17.740121503694,71.093891387685));
#6295 = CARTESIAN_POINT('',(6.,17.512620298312,70.915582920912));
#6296 = CARTESIAN_POINT('',(6.,17.257857142857,70.794738145642));
#6297 = PCURVE('',#2405,#6298);
#6298 = DEFINITIONAL_REPRESENTATION('',(#6299),#6308);
#6299 = B_SPLINE_CURVE_WITH_KNOTS('',7,(#6300,#6301,#6302,#6303,#6304,
    #6305,#6306,#6307),.UNSPECIFIED.,.F.,.F.,(8,8),(-7.57287287375E-13,
    1.691827924082),.PIECEWISE_BEZIER_KNOTS.);
#6300 = CARTESIAN_POINT('',(-8.104628079764E-15,14.));
#6301 = CARTESIAN_POINT('',(-0.16112636703,14.));
#6302 = CARTESIAN_POINT('',(-0.322253633774,14.));
#6303 = CARTESIAN_POINT('',(-0.483383548552,14.));
#6304 = CARTESIAN_POINT('',(-0.644500150555,14.));
#6305 = CARTESIAN_POINT('',(-0.805634756984,14.));
#6306 = CARTESIAN_POINT('',(-0.966758915695,14.));
#6307 = CARTESIAN_POINT('',(-1.127885282721,14.));
#6308 = ( GEOMETRIC_REPRESENTATION_CONTEXT(2) 
PARAMETRIC_REPRESENTATION_CONTEXT() REPRESENTATION_CONTEXT('2D SPACE',''
  ) );
#6309 = PCURVE('',#2489,#6310);
#6310 = DEFINITIONAL_REPRESENTATION('',(#6311),#6315);
#6311 = LINE('',#6312,#6313);
#6312 = CARTESIAN_POINT('',(0.,0.));
#6313 = VECTOR('',#6314,1.);
#6314 = DIRECTION('',(0.,1.));
#6315 = ( GEOMETRIC_REPRESENTATION_CONTEXT(2) 
PARAMETRIC_REPRESENTATION_CONTEXT() REPRESENTATION_CONTEXT('2D SPACE',''
  ) );
#6316 = ADVANCED_FACE('',(#6317),#2943,.T.);
#6317 = FACE_BOUND('',#6318,.T.);
#6318 = EDGE_LOOP('',(#6319,#6320,#6321));
#6319 = ORIENTED_EDGE('',*,*,#3337,.T.);
#6320 = ORIENTED_EDGE('',*,*,#6234,.T.);
#6321 = ORIENTED_EDGE('',*,*,#2871,.F.);
#6322 = ADVANCED_FACE('',(#6323),#2489,.F.);
#6323 = FACE_BOUND('',#6324,.F.);
#6324 = EDGE_LOOP('',(#6325,#6326,#6327));
#6325 = ORIENTED_EDGE('',*,*,#5703,.F.);
#6326 = ORIENTED_EDGE('',*,*,#6287,.F.);
#6327 = ORIENTED_EDGE('',*,*,#2417,.F.);
#6328 = ADVANCED_FACE('',(#6329),#2836,.F.);
#6329 = FACE_BOUND('',#6330,.F.);
#6330 = EDGE_LOOP('',(#6331,#6332,#6360,#6381));
#6331 = ORIENTED_EDGE('',*,*,#3414,.T.);
#6332 = ORIENTED_EDGE('',*,*,#6333,.F.);
#6333 = EDGE_CURVE('',#6334,#3415,#6336,.T.);
#6334 = VERTEX_POINT('',#6335);
#6335 = CARTESIAN_POINT('',(-20.45,38.115,70.65));
#6336 = SURFACE_CURVE('',#6337,(#6341,#6348),.PCURVE_S1.);
#6337 = LINE('',#6338,#6339);
#6338 = CARTESIAN_POINT('',(-20.45,38.115,70.65));
#6339 = VECTOR('',#6340,1.);
#6340 = DIRECTION('',(1.,0.,0.));
#6341 = PCURVE('',#2836,#6342);
#6342 = DEFINITIONAL_REPRESENTATION('',(#6343),#6347);
#6343 = LINE('',#6344,#6345);
#6344 = CARTESIAN_POINT('',(0.,-2.));
#6345 = VECTOR('',#6346,1.);
#6346 = DIRECTION('',(1.,0.));
#6347 = ( GEOMETRIC_REPRESENTATION_CONTEXT(2) 
PARAMETRIC_REPRESENTATION_CONTEXT() REPRESENTATION_CONTEXT('2D SPACE',''
  ) );
#6348 = PCURVE('',#6349,#6354);
#6349 = CYLINDRICAL_SURFACE('',#6350,2.);
#6350 = AXIS2_PLACEMENT_3D('',#6351,#6352,#6353);
#6351 = CARTESIAN_POINT('',(-20.45,38.115,72.65));
#6352 = DIRECTION('',(1.,0.,0.));
#6353 = DIRECTION('',(-0.,1.,0.));
#6354 = DEFINITIONAL_REPRESENTATION('',(#6355),#6359);
#6355 = LINE('',#6356,#6357);
#6356 = CARTESIAN_POINT('',(-1.570796326795,0.));
#6357 = VECTOR('',#6358,1.);
#6358 = DIRECTION('',(-0.,1.));
#6359 = ( GEOMETRIC_REPRESENTATION_CONTEXT(2) 
PARAMETRIC_REPRESENTATION_CONTEXT() REPRESENTATION_CONTEXT('2D SPACE',''
  ) );
#6360 = ORIENTED_EDGE('',*,*,#6361,.T.);
#6361 = EDGE_CURVE('',#6334,#2788,#6362,.T.);
#6362 = SURFACE_CURVE('',#6363,(#6367,#6374),.PCURVE_S1.);
#6363 = LINE('',#6364,#6365);
#6364 = CARTESIAN_POINT('',(-20.45,40.115,70.65));
#6365 = VECTOR('',#6366,1.);
#6366 = DIRECTION('',(0.,-1.,2.22044604925E-16));
#6367 = PCURVE('',#2836,#6368);
#6368 = DEFINITIONAL_REPRESENTATION('',(#6369),#6373);
#6369 = LINE('',#6370,#6371);
#6370 = CARTESIAN_POINT('',(0.,0.));
#6371 = VECTOR('',#6372,1.);
#6372 = DIRECTION('',(0.,-1.));
#6373 = ( GEOMETRIC_REPRESENTATION_CONTEXT(2) 
PARAMETRIC_REPRESENTATION_CONTEXT() REPRESENTATION_CONTEXT('2D SPACE',''
  ) );
#6374 = PCURVE('',#2808,#6375);
#6375 = DEFINITIONAL_REPRESENTATION('',(#6376),#6380);
#6376 = LINE('',#6377,#6378);
#6377 = CARTESIAN_POINT('',(4.712388980385,0.));
#6378 = VECTOR('',#6379,1.);
#6379 = DIRECTION('',(0.,-1.));
#6380 = ( GEOMETRIC_REPRESENTATION_CONTEXT(2) 
PARAMETRIC_REPRESENTATION_CONTEXT() REPRESENTATION_CONTEXT('2D SPACE',''
  ) );
#6381 = ORIENTED_EDGE('',*,*,#2820,.T.);
#6382 = ADVANCED_FACE('',(#6383),#2592,.F.);
#6383 = FACE_BOUND('',#6384,.F.);
#6384 = EDGE_LOOP('',(#6385,#6386,#6387,#6410));
#6385 = ORIENTED_EDGE('',*,*,#5835,.T.);
#6386 = ORIENTED_EDGE('',*,*,#2576,.T.);
#6387 = ORIENTED_EDGE('',*,*,#6388,.F.);
#6388 = EDGE_CURVE('',#6389,#2577,#6391,.T.);
#6389 = VERTEX_POINT('',#6390);
#6390 = CARTESIAN_POINT('',(20.45,38.115,70.65));
#6391 = SURFACE_CURVE('',#6392,(#6396,#6403),.PCURVE_S1.);
#6392 = LINE('',#6393,#6394);
#6393 = CARTESIAN_POINT('',(20.45,40.115,70.65));
#6394 = VECTOR('',#6395,1.);
#6395 = DIRECTION('',(0.,-1.,2.22044604925E-16));
#6396 = PCURVE('',#2592,#6397);
#6397 = DEFINITIONAL_REPRESENTATION('',(#6398),#6402);
#6398 = LINE('',#6399,#6400);
#6399 = CARTESIAN_POINT('',(40.9,0.));
#6400 = VECTOR('',#6401,1.);
#6401 = DIRECTION('',(0.,-1.));
#6402 = ( GEOMETRIC_REPRESENTATION_CONTEXT(2) 
PARAMETRIC_REPRESENTATION_CONTEXT() REPRESENTATION_CONTEXT('2D SPACE',''
  ) );
#6403 = PCURVE('',#2625,#6404);
#6404 = DEFINITIONAL_REPRESENTATION('',(#6405),#6409);
#6405 = LINE('',#6406,#6407);
#6406 = CARTESIAN_POINT('',(4.712388980385,0.));
#6407 = VECTOR('',#6408,1.);
#6408 = DIRECTION('',(0.,-1.));
#6409 = ( GEOMETRIC_REPRESENTATION_CONTEXT(2) 
PARAMETRIC_REPRESENTATION_CONTEXT() REPRESENTATION_CONTEXT('2D SPACE',''
  ) );
#6410 = ORIENTED_EDGE('',*,*,#6411,.F.);
#6411 = EDGE_CURVE('',#5836,#6389,#6412,.T.);
#6412 = SURFACE_CURVE('',#6413,(#6417,#6424),.PCURVE_S1.);
#6413 = LINE('',#6414,#6415);
#6414 = CARTESIAN_POINT('',(13.,38.115,70.65));
#6415 = VECTOR('',#6416,1.);
#6416 = DIRECTION('',(1.,0.,0.));
#6417 = PCURVE('',#2592,#6418);
#6418 = DEFINITIONAL_REPRESENTATION('',(#6419),#6423);
#6419 = LINE('',#6420,#6421);
#6420 = CARTESIAN_POINT('',(33.45,-2.));
#6421 = VECTOR('',#6422,1.);
#6422 = DIRECTION('',(1.,0.));
#6423 = ( GEOMETRIC_REPRESENTATION_CONTEXT(2) 
PARAMETRIC_REPRESENTATION_CONTEXT() REPRESENTATION_CONTEXT('2D SPACE',''
  ) );
#6424 = PCURVE('',#6425,#6430);
#6425 = CYLINDRICAL_SURFACE('',#6426,2.);
#6426 = AXIS2_PLACEMENT_3D('',#6427,#6428,#6429);
#6427 = CARTESIAN_POINT('',(13.,38.115,72.65));
#6428 = DIRECTION('',(1.,0.,0.));
#6429 = DIRECTION('',(-0.,1.,0.));
#6430 = DEFINITIONAL_REPRESENTATION('',(#6431),#6435);
#6431 = LINE('',#6432,#6433);
#6432 = CARTESIAN_POINT('',(-1.570796326795,0.));
#6433 = VECTOR('',#6434,1.);
#6434 = DIRECTION('',(-0.,1.));
#6435 = ( GEOMETRIC_REPRESENTATION_CONTEXT(2) 
PARAMETRIC_REPRESENTATION_CONTEXT() REPRESENTATION_CONTEXT('2D SPACE',''
  ) );
#6436 = ADVANCED_FACE('',(#6437),#2808,.T.);
#6437 = FACE_BOUND('',#6438,.T.);
#6438 = EDGE_LOOP('',(#6439,#6440,#6441,#6464));
#6439 = ORIENTED_EDGE('',*,*,#6361,.T.);
#6440 = ORIENTED_EDGE('',*,*,#2787,.T.);
#6441 = ORIENTED_EDGE('',*,*,#6442,.F.);
#6442 = EDGE_CURVE('',#6443,#2760,#6445,.T.);
#6443 = VERTEX_POINT('',#6444);
#6444 = CARTESIAN_POINT('',(-22.45,38.115,72.65));
#6445 = SURFACE_CURVE('',#6446,(#6450,#6457),.PCURVE_S1.);
#6446 = LINE('',#6447,#6448);
#6447 = CARTESIAN_POINT('',(-22.45,40.115,72.65));
#6448 = VECTOR('',#6449,1.);
#6449 = DIRECTION('',(0.,-1.,2.22044604925E-16));
#6450 = PCURVE('',#2808,#6451);
#6451 = DEFINITIONAL_REPRESENTATION('',(#6452),#6456);
#6452 = LINE('',#6453,#6454);
#6453 = CARTESIAN_POINT('',(6.28318530718,0.));
#6454 = VECTOR('',#6455,1.);
#6455 = DIRECTION('',(0.,-1.));
#6456 = ( GEOMETRIC_REPRESENTATION_CONTEXT(2) 
PARAMETRIC_REPRESENTATION_CONTEXT() REPRESENTATION_CONTEXT('2D SPACE',''
  ) );
#6457 = PCURVE('',#2775,#6458);
#6458 = DEFINITIONAL_REPRESENTATION('',(#6459),#6463);
#6459 = LINE('',#6460,#6461);
#6460 = CARTESIAN_POINT('',(0.,-2.));
#6461 = VECTOR('',#6462,1.);
#6462 = DIRECTION('',(1.,0.));
#6463 = ( GEOMETRIC_REPRESENTATION_CONTEXT(2) 
PARAMETRIC_REPRESENTATION_CONTEXT() REPRESENTATION_CONTEXT('2D SPACE',''
  ) );
#6464 = ORIENTED_EDGE('',*,*,#6465,.T.);
#6465 = EDGE_CURVE('',#6443,#6334,#6466,.T.);
#6466 = SURFACE_CURVE('',#6467,(#6472,#6479),.PCURVE_S1.);
#6467 = CIRCLE('',#6468,2.);
#6468 = AXIS2_PLACEMENT_3D('',#6469,#6470,#6471);
#6469 = CARTESIAN_POINT('',(-20.45,38.115,72.65));
#6470 = DIRECTION('',(0.,-1.,-0.));
#6471 = DIRECTION('',(-1.,-0.,0.));
#6472 = PCURVE('',#2808,#6473);
#6473 = DEFINITIONAL_REPRESENTATION('',(#6474),#6478);
#6474 = LINE('',#6475,#6476);
#6475 = CARTESIAN_POINT('',(6.28318530718,-2.));
#6476 = VECTOR('',#6477,1.);
#6477 = DIRECTION('',(-1.,-0.));
#6478 = ( GEOMETRIC_REPRESENTATION_CONTEXT(2) 
PARAMETRIC_REPRESENTATION_CONTEXT() REPRESENTATION_CONTEXT('2D SPACE',''
  ) );
#6479 = PCURVE('',#6480,#6485);
#6480 = SPHERICAL_SURFACE('',#6481,2.);
#6481 = AXIS2_PLACEMENT_3D('',#6482,#6483,#6484);
#6482 = CARTESIAN_POINT('',(-20.45,38.115,72.65));
#6483 = DIRECTION('',(0.,-1.,-0.));
#6484 = DIRECTION('',(-1.,-0.,0.));
#6485 = DEFINITIONAL_REPRESENTATION('',(#6486),#6490);
#6486 = LINE('',#6487,#6488);
#6487 = CARTESIAN_POINT('',(0.,0.));
#6488 = VECTOR('',#6489,1.);
#6489 = DIRECTION('',(1.,0.));
#6490 = ( GEOMETRIC_REPRESENTATION_CONTEXT(2) 
PARAMETRIC_REPRESENTATION_CONTEXT() REPRESENTATION_CONTEXT('2D SPACE',''
  ) );
#6491 = ADVANCED_FACE('',(#6492),#2625,.T.);
#6492 = FACE_BOUND('',#6493,.T.);
#6493 = EDGE_LOOP('',(#6494,#6517,#6518,#6519));
#6494 = ORIENTED_EDGE('',*,*,#6495,.T.);
#6495 = EDGE_CURVE('',#6496,#2605,#6498,.T.);
#6496 = VERTEX_POINT('',#6497);
#6497 = CARTESIAN_POINT('',(22.45,38.115,72.65));
#6498 = SURFACE_CURVE('',#6499,(#6503,#6510),.PCURVE_S1.);
#6499 = LINE('',#6500,#6501);
#6500 = CARTESIAN_POINT('',(22.45,40.115,72.65));
#6501 = VECTOR('',#6502,1.);
#6502 = DIRECTION('',(0.,-1.,2.22044604925E-16));
#6503 = PCURVE('',#2625,#6504);
#6504 = DEFINITIONAL_REPRESENTATION('',(#6505),#6509);
#6505 = LINE('',#6506,#6507);
#6506 = CARTESIAN_POINT('',(3.14159265359,0.));
#6507 = VECTOR('',#6508,1.);
#6508 = DIRECTION('',(0.,-1.));
#6509 = ( GEOMETRIC_REPRESENTATION_CONTEXT(2) 
PARAMETRIC_REPRESENTATION_CONTEXT() REPRESENTATION_CONTEXT('2D SPACE',''
  ) );
#6510 = PCURVE('',#2653,#6511);
#6511 = DEFINITIONAL_REPRESENTATION('',(#6512),#6516);
#6512 = LINE('',#6513,#6514);
#6513 = CARTESIAN_POINT('',(0.,-2.));
#6514 = VECTOR('',#6515,1.);
#6515 = DIRECTION('',(1.,0.));
#6516 = ( GEOMETRIC_REPRESENTATION_CONTEXT(2) 
PARAMETRIC_REPRESENTATION_CONTEXT() REPRESENTATION_CONTEXT('2D SPACE',''
  ) );
#6517 = ORIENTED_EDGE('',*,*,#2604,.T.);
#6518 = ORIENTED_EDGE('',*,*,#6388,.F.);
#6519 = ORIENTED_EDGE('',*,*,#6520,.T.);
#6520 = EDGE_CURVE('',#6389,#6496,#6521,.T.);
#6521 = SURFACE_CURVE('',#6522,(#6527,#6534),.PCURVE_S1.);
#6522 = CIRCLE('',#6523,2.);
#6523 = AXIS2_PLACEMENT_3D('',#6524,#6525,#6526);
#6524 = CARTESIAN_POINT('',(20.45,38.115,72.65));
#6525 = DIRECTION('',(0.,-1.,0.));
#6526 = DIRECTION('',(0.,0.,-1.));
#6527 = PCURVE('',#2625,#6528);
#6528 = DEFINITIONAL_REPRESENTATION('',(#6529),#6533);
#6529 = LINE('',#6530,#6531);
#6530 = CARTESIAN_POINT('',(4.712388980385,-2.));
#6531 = VECTOR('',#6532,1.);
#6532 = DIRECTION('',(-1.,-0.));
#6533 = ( GEOMETRIC_REPRESENTATION_CONTEXT(2) 
PARAMETRIC_REPRESENTATION_CONTEXT() REPRESENTATION_CONTEXT('2D SPACE',''
  ) );
#6534 = PCURVE('',#6535,#6540);
#6535 = SPHERICAL_SURFACE('',#6536,2.);
#6536 = AXIS2_PLACEMENT_3D('',#6537,#6538,#6539);
#6537 = CARTESIAN_POINT('',(20.45,38.115,72.65));
#6538 = DIRECTION('',(0.,-1.,-0.));
#6539 = DIRECTION('',(0.,0.,-1.));
#6540 = DEFINITIONAL_REPRESENTATION('',(#6541),#6545);
#6541 = LINE('',#6542,#6543);
#6542 = CARTESIAN_POINT('',(0.,0.));
#6543 = VECTOR('',#6544,1.);
#6544 = DIRECTION('',(1.,0.));
#6545 = ( GEOMETRIC_REPRESENTATION_CONTEXT(2) 
PARAMETRIC_REPRESENTATION_CONTEXT() REPRESENTATION_CONTEXT('2D SPACE',''
  ) );
#6546 = ADVANCED_FACE('',(#6547,#6600,#6631),#2775,.F.);
#6547 = FACE_BOUND('',#6548,.F.);
#6548 = EDGE_LOOP('',(#6549,#6550,#6578,#6599));
#6549 = ORIENTED_EDGE('',*,*,#6442,.F.);
#6550 = ORIENTED_EDGE('',*,*,#6551,.F.);
#6551 = EDGE_CURVE('',#6552,#6443,#6554,.T.);
#6552 = VERTEX_POINT('',#6553);
#6553 = CARTESIAN_POINT('',(-22.45,38.115,97.349999997432));
#6554 = SURFACE_CURVE('',#6555,(#6559,#6566),.PCURVE_S1.);
#6555 = LINE('',#6556,#6557);
#6556 = CARTESIAN_POINT('',(-22.45,38.115,97.349999997432));
#6557 = VECTOR('',#6558,1.);
#6558 = DIRECTION('',(-0.,-2.22044604925E-16,-1.));
#6559 = PCURVE('',#2775,#6560);
#6560 = DEFINITIONAL_REPRESENTATION('',(#6561),#6565);
#6561 = LINE('',#6562,#6563);
#6562 = CARTESIAN_POINT('',(2.,-26.69999999743));
#6563 = VECTOR('',#6564,1.);
#6564 = DIRECTION('',(0.,1.));
#6565 = ( GEOMETRIC_REPRESENTATION_CONTEXT(2) 
PARAMETRIC_REPRESENTATION_CONTEXT() REPRESENTATION_CONTEXT('2D SPACE',''
  ) );
#6566 = PCURVE('',#6567,#6572);
#6567 = CYLINDRICAL_SURFACE('',#6568,2.);
#6568 = AXIS2_PLACEMENT_3D('',#6569,#6570,#6571);
#6569 = CARTESIAN_POINT('',(-20.45,38.115,97.349999997432));
#6570 = DIRECTION('',(-0.,-2.22044604925E-16,-1.));
#6571 = DIRECTION('',(-0.,1.,-2.22044604925E-16));
#6572 = DEFINITIONAL_REPRESENTATION('',(#6573),#6577);
#6573 = LINE('',#6574,#6575);
#6574 = CARTESIAN_POINT('',(-1.570796326795,0.));
#6575 = VECTOR('',#6576,1.);
#6576 = DIRECTION('',(-0.,1.));
#6577 = ( GEOMETRIC_REPRESENTATION_CONTEXT(2) 
PARAMETRIC_REPRESENTATION_CONTEXT() REPRESENTATION_CONTEXT('2D SPACE',''
  ) );
#6578 = ORIENTED_EDGE('',*,*,#6579,.T.);
#6579 = EDGE_CURVE('',#6552,#2727,#6580,.T.);
#6580 = SURFACE_CURVE('',#6581,(#6585,#6592),.PCURVE_S1.);
#6581 = LINE('',#6582,#6583);
#6582 = CARTESIAN_POINT('',(-22.45,40.115,97.349999997432));
#6583 = VECTOR('',#6584,1.);
#6584 = DIRECTION('',(0.,-1.,2.22044604925E-16));
#6585 = PCURVE('',#2775,#6586);
#6586 = DEFINITIONAL_REPRESENTATION('',(#6587),#6591);
#6587 = LINE('',#6588,#6589);
#6588 = CARTESIAN_POINT('',(0.,-26.69999999743));
#6589 = VECTOR('',#6590,1.);
#6590 = DIRECTION('',(1.,0.));
#6591 = ( GEOMETRIC_REPRESENTATION_CONTEXT(2) 
PARAMETRIC_REPRESENTATION_CONTEXT() REPRESENTATION_CONTEXT('2D SPACE',''
  ) );
#6592 = PCURVE('',#2747,#6593);
#6593 = DEFINITIONAL_REPRESENTATION('',(#6594),#6598);
#6594 = LINE('',#6595,#6596);
#6595 = CARTESIAN_POINT('',(0.,0.));
#6596 = VECTOR('',#6597,1.);
#6597 = DIRECTION('',(0.,-1.));
#6598 = ( GEOMETRIC_REPRESENTATION_CONTEXT(2) 
PARAMETRIC_REPRESENTATION_CONTEXT() REPRESENTATION_CONTEXT('2D SPACE',''
  ) );
#6599 = ORIENTED_EDGE('',*,*,#2759,.F.);
#6600 = FACE_BOUND('',#6601,.F.);
#6601 = EDGE_LOOP('',(#6602));
#6602 = ORIENTED_EDGE('',*,*,#6603,.F.);
#6603 = EDGE_CURVE('',#6604,#6604,#6606,.T.);
#6604 = VERTEX_POINT('',#6605);
#6605 = CARTESIAN_POINT('',(-22.45,34.865,95.25));
#6606 = SURFACE_CURVE('',#6607,(#6612,#6619),.PCURVE_S1.);
#6607 = CIRCLE('',#6608,2.);
#6608 = AXIS2_PLACEMENT_3D('',#6609,#6610,#6611);
#6609 = CARTESIAN_POINT('',(-22.45,32.865,95.25));
#6610 = DIRECTION('',(1.,-2.22044604925E-16,4.930380657631E-32));
#6611 = DIRECTION('',(2.22044604925E-16,1.,-2.22044604925E-16));
#6612 = PCURVE('',#2775,#6613);
#6613 = DEFINITIONAL_REPRESENTATION('',(#6614),#6618);
#6614 = CIRCLE('',#6615,2.);
#6615 = AXIS2_PLACEMENT_2D('',#6616,#6617);
#6616 = CARTESIAN_POINT('',(7.25,-24.6));
#6617 = DIRECTION('',(-1.,0.));
#6618 = ( GEOMETRIC_REPRESENTATION_CONTEXT(2) 
PARAMETRIC_REPRESENTATION_CONTEXT() REPRESENTATION_CONTEXT('2D SPACE',''
  ) );
#6619 = PCURVE('',#6620,#6625);
#6620 = CYLINDRICAL_SURFACE('',#6621,2.);
#6621 = AXIS2_PLACEMENT_3D('',#6622,#6623,#6624);
#6622 = CARTESIAN_POINT('',(-30.,32.865,95.25));
#6623 = DIRECTION('',(1.,-2.22044604925E-16,4.930380657631E-32));
#6624 = DIRECTION('',(2.22044604925E-16,1.,-2.22044604925E-16));
#6625 = DEFINITIONAL_REPRESENTATION('',(#6626),#6630);
#6626 = LINE('',#6627,#6628);
#6627 = CARTESIAN_POINT('',(0.,7.55));
#6628 = VECTOR('',#6629,1.);
#6629 = DIRECTION('',(1.,0.));
#6630 = ( GEOMETRIC_REPRESENTATION_CONTEXT(2) 
PARAMETRIC_REPRESENTATION_CONTEXT() REPRESENTATION_CONTEXT('2D SPACE',''
  ) );
#6631 = FACE_BOUND('',#6632,.F.);
#6632 = EDGE_LOOP('',(#6633));
#6633 = ORIENTED_EDGE('',*,*,#6634,.F.);
#6634 = EDGE_CURVE('',#6635,#6635,#6637,.T.);
#6635 = VERTEX_POINT('',#6636);
#6636 = CARTESIAN_POINT('',(-22.45,34.865,74.75));
#6637 = SURFACE_CURVE('',#6638,(#6643,#6650),.PCURVE_S1.);
#6638 = CIRCLE('',#6639,2.);
#6639 = AXIS2_PLACEMENT_3D('',#6640,#6641,#6642);
#6640 = CARTESIAN_POINT('',(-22.45,32.865,74.75));
#6641 = DIRECTION('',(1.,-2.22044604925E-16,4.930380657631E-32));
#6642 = DIRECTION('',(2.22044604925E-16,1.,-2.22044604925E-16));
#6643 = PCURVE('',#2775,#6644);
#6644 = DEFINITIONAL_REPRESENTATION('',(#6645),#6649);
#6645 = CIRCLE('',#6646,2.);
#6646 = AXIS2_PLACEMENT_2D('',#6647,#6648);
#6647 = CARTESIAN_POINT('',(7.25,-4.1));
#6648 = DIRECTION('',(-1.,0.));
#6649 = ( GEOMETRIC_REPRESENTATION_CONTEXT(2) 
PARAMETRIC_REPRESENTATION_CONTEXT() REPRESENTATION_CONTEXT('2D SPACE',''
  ) );
#6650 = PCURVE('',#6651,#6656);
#6651 = CYLINDRICAL_SURFACE('',#6652,2.);
#6652 = AXIS2_PLACEMENT_3D('',#6653,#6654,#6655);
#6653 = CARTESIAN_POINT('',(-30.,32.865,74.75));
#6654 = DIRECTION('',(1.,-2.22044604925E-16,4.930380657631E-32));
#6655 = DIRECTION('',(2.22044604925E-16,1.,-2.22044604925E-16));
#6656 = DEFINITIONAL_REPRESENTATION('',(#6657),#6661);
#6657 = LINE('',#6658,#6659);
#6658 = CARTESIAN_POINT('',(0.,7.55));
#6659 = VECTOR('',#6660,1.);
#6660 = DIRECTION('',(1.,0.));
#6661 = ( GEOMETRIC_REPRESENTATION_CONTEXT(2) 
PARAMETRIC_REPRESENTATION_CONTEXT() REPRESENTATION_CONTEXT('2D SPACE',''
  ) );
#6662 = ADVANCED_FACE('',(#6663,#6716,#6747),#2653,.T.);
#6663 = FACE_BOUND('',#6664,.T.);
#6664 = EDGE_LOOP('',(#6665,#6666,#6694,#6715));
#6665 = ORIENTED_EDGE('',*,*,#6495,.F.);
#6666 = ORIENTED_EDGE('',*,*,#6667,.T.);
#6667 = EDGE_CURVE('',#6496,#6668,#6670,.T.);
#6668 = VERTEX_POINT('',#6669);
#6669 = CARTESIAN_POINT('',(22.45,38.115,97.349999997432));
#6670 = SURFACE_CURVE('',#6671,(#6675,#6682),.PCURVE_S1.);
#6671 = LINE('',#6672,#6673);
#6672 = CARTESIAN_POINT('',(22.45,38.115,72.65));
#6673 = VECTOR('',#6674,1.);
#6674 = DIRECTION('',(0.,2.22044604925E-16,1.));
#6675 = PCURVE('',#2653,#6676);
#6676 = DEFINITIONAL_REPRESENTATION('',(#6677),#6681);
#6677 = LINE('',#6678,#6679);
#6678 = CARTESIAN_POINT('',(2.,-2.));
#6679 = VECTOR('',#6680,1.);
#6680 = DIRECTION('',(0.,-1.));
#6681 = ( GEOMETRIC_REPRESENTATION_CONTEXT(2) 
PARAMETRIC_REPRESENTATION_CONTEXT() REPRESENTATION_CONTEXT('2D SPACE',''
  ) );
#6682 = PCURVE('',#6683,#6688);
#6683 = CYLINDRICAL_SURFACE('',#6684,2.);
#6684 = AXIS2_PLACEMENT_3D('',#6685,#6686,#6687);
#6685 = CARTESIAN_POINT('',(20.45,38.115,72.65));
#6686 = DIRECTION('',(0.,2.22044604925E-16,1.));
#6687 = DIRECTION('',(-0.,1.,-2.22044604925E-16));
#6688 = DEFINITIONAL_REPRESENTATION('',(#6689),#6693);
#6689 = LINE('',#6690,#6691);
#6690 = CARTESIAN_POINT('',(-1.570796326795,0.));
#6691 = VECTOR('',#6692,1.);
#6692 = DIRECTION('',(-0.,1.));
#6693 = ( GEOMETRIC_REPRESENTATION_CONTEXT(2) 
PARAMETRIC_REPRESENTATION_CONTEXT() REPRESENTATION_CONTEXT('2D SPACE',''
  ) );
#6694 = ORIENTED_EDGE('',*,*,#6695,.T.);
#6695 = EDGE_CURVE('',#6668,#2638,#6696,.T.);
#6696 = SURFACE_CURVE('',#6697,(#6701,#6708),.PCURVE_S1.);
#6697 = LINE('',#6698,#6699);
#6698 = CARTESIAN_POINT('',(22.45,40.115,97.349999997432));
#6699 = VECTOR('',#6700,1.);
#6700 = DIRECTION('',(0.,-1.,2.22044604925E-16));
#6701 = PCURVE('',#2653,#6702);
#6702 = DEFINITIONAL_REPRESENTATION('',(#6703),#6707);
#6703 = LINE('',#6704,#6705);
#6704 = CARTESIAN_POINT('',(0.,-26.69999999743));
#6705 = VECTOR('',#6706,1.);
#6706 = DIRECTION('',(1.,0.));
#6707 = ( GEOMETRIC_REPRESENTATION_CONTEXT(2) 
PARAMETRIC_REPRESENTATION_CONTEXT() REPRESENTATION_CONTEXT('2D SPACE',''
  ) );
#6708 = PCURVE('',#2686,#6709);
#6709 = DEFINITIONAL_REPRESENTATION('',(#6710),#6714);
#6710 = LINE('',#6711,#6712);
#6711 = CARTESIAN_POINT('',(3.14159265359,0.));
#6712 = VECTOR('',#6713,1.);
#6713 = DIRECTION('',(0.,-1.));
#6714 = ( GEOMETRIC_REPRESENTATION_CONTEXT(2) 
PARAMETRIC_REPRESENTATION_CONTEXT() REPRESENTATION_CONTEXT('2D SPACE',''
  ) );
#6715 = ORIENTED_EDGE('',*,*,#2637,.F.);
#6716 = FACE_BOUND('',#6717,.T.);
#6717 = EDGE_LOOP('',(#6718));
#6718 = ORIENTED_EDGE('',*,*,#6719,.F.);
#6719 = EDGE_CURVE('',#6720,#6720,#6722,.T.);
#6720 = VERTEX_POINT('',#6721);
#6721 = CARTESIAN_POINT('',(22.45,31.315,95.25));
#6722 = SURFACE_CURVE('',#6723,(#6728,#6735),.PCURVE_S1.);
#6723 = CIRCLE('',#6724,2.);
#6724 = AXIS2_PLACEMENT_3D('',#6725,#6726,#6727);
#6725 = CARTESIAN_POINT('',(22.45,29.315,95.25));
#6726 = DIRECTION('',(1.,-2.22044604925E-16,4.930380657631E-32));
#6727 = DIRECTION('',(2.22044604925E-16,1.,-2.22044604925E-16));
#6728 = PCURVE('',#2653,#6729);
#6729 = DEFINITIONAL_REPRESENTATION('',(#6730),#6734);
#6730 = CIRCLE('',#6731,2.);
#6731 = AXIS2_PLACEMENT_2D('',#6732,#6733);
#6732 = CARTESIAN_POINT('',(10.8,-24.6));
#6733 = DIRECTION('',(-1.,0.));
#6734 = ( GEOMETRIC_REPRESENTATION_CONTEXT(2) 
PARAMETRIC_REPRESENTATION_CONTEXT() REPRESENTATION_CONTEXT('2D SPACE',''
  ) );
#6735 = PCURVE('',#6736,#6741);
#6736 = CYLINDRICAL_SURFACE('',#6737,2.);
#6737 = AXIS2_PLACEMENT_3D('',#6738,#6739,#6740);
#6738 = CARTESIAN_POINT('',(18.6,29.315,95.25));
#6739 = DIRECTION('',(1.,-2.22044604925E-16,4.930380657631E-32));
#6740 = DIRECTION('',(2.22044604925E-16,1.,-2.22044604925E-16));
#6741 = DEFINITIONAL_REPRESENTATION('',(#6742),#6746);
#6742 = LINE('',#6743,#6744);
#6743 = CARTESIAN_POINT('',(0.,3.85));
#6744 = VECTOR('',#6745,1.);
#6745 = DIRECTION('',(1.,0.));
#6746 = ( GEOMETRIC_REPRESENTATION_CONTEXT(2) 
PARAMETRIC_REPRESENTATION_CONTEXT() REPRESENTATION_CONTEXT('2D SPACE',''
  ) );
#6747 = FACE_BOUND('',#6748,.T.);
#6748 = EDGE_LOOP('',(#6749));
#6749 = ORIENTED_EDGE('',*,*,#6750,.F.);
#6750 = EDGE_CURVE('',#6751,#6751,#6753,.T.);
#6751 = VERTEX_POINT('',#6752);
#6752 = CARTESIAN_POINT('',(22.45,31.315,74.75));
#6753 = SURFACE_CURVE('',#6754,(#6759,#6766),.PCURVE_S1.);
#6754 = CIRCLE('',#6755,2.);
#6755 = AXIS2_PLACEMENT_3D('',#6756,#6757,#6758);
#6756 = CARTESIAN_POINT('',(22.45,29.315,74.75));
#6757 = DIRECTION('',(1.,-2.22044604925E-16,4.930380657631E-32));
#6758 = DIRECTION('',(2.22044604925E-16,1.,-2.22044604925E-16));
#6759 = PCURVE('',#2653,#6760);
#6760 = DEFINITIONAL_REPRESENTATION('',(#6761),#6765);
#6761 = CIRCLE('',#6762,2.);
#6762 = AXIS2_PLACEMENT_2D('',#6763,#6764);
#6763 = CARTESIAN_POINT('',(10.8,-4.1));
#6764 = DIRECTION('',(-1.,0.));
#6765 = ( GEOMETRIC_REPRESENTATION_CONTEXT(2) 
PARAMETRIC_REPRESENTATION_CONTEXT() REPRESENTATION_CONTEXT('2D SPACE',''
  ) );
#6766 = PCURVE('',#6767,#6772);
#6767 = CYLINDRICAL_SURFACE('',#6768,2.);
#6768 = AXIS2_PLACEMENT_3D('',#6769,#6770,#6771);
#6769 = CARTESIAN_POINT('',(18.6,29.315,74.75));
#6770 = DIRECTION('',(1.,-2.22044604925E-16,4.930380657631E-32));
#6771 = DIRECTION('',(2.22044604925E-16,1.,-2.22044604925E-16));
#6772 = DEFINITIONAL_REPRESENTATION('',(#6773),#6777);
#6773 = LINE('',#6774,#6775);
#6774 = CARTESIAN_POINT('',(0.,3.85));
#6775 = VECTOR('',#6776,1.);
#6776 = DIRECTION('',(1.,0.));
#6777 = ( GEOMETRIC_REPRESENTATION_CONTEXT(2) 
PARAMETRIC_REPRESENTATION_CONTEXT() REPRESENTATION_CONTEXT('2D SPACE',''
  ) );
#6778 = ADVANCED_FACE('',(#6779),#2747,.T.);
#6779 = FACE_BOUND('',#6780,.T.);
#6780 = EDGE_LOOP('',(#6781,#6782,#6783,#6806));
#6781 = ORIENTED_EDGE('',*,*,#6579,.T.);
#6782 = ORIENTED_EDGE('',*,*,#2726,.T.);
#6783 = ORIENTED_EDGE('',*,*,#6784,.F.);
#6784 = EDGE_CURVE('',#6785,#2699,#6787,.T.);
#6785 = VERTEX_POINT('',#6786);
#6786 = CARTESIAN_POINT('',(-20.45,38.115,99.35));
#6787 = SURFACE_CURVE('',#6788,(#6792,#6799),.PCURVE_S1.);
#6788 = LINE('',#6789,#6790);
#6789 = CARTESIAN_POINT('',(-20.45,40.115,99.349999998716));
#6790 = VECTOR('',#6791,1.);
#6791 = DIRECTION('',(0.,-1.,2.22044604925E-16));
#6792 = PCURVE('',#2747,#6793);
#6793 = DEFINITIONAL_REPRESENTATION('',(#6794),#6798);
#6794 = LINE('',#6795,#6796);
#6795 = CARTESIAN_POINT('',(1.570796326795,0.));
#6796 = VECTOR('',#6797,1.);
#6797 = DIRECTION('',(0.,-1.));
#6798 = ( GEOMETRIC_REPRESENTATION_CONTEXT(2) 
PARAMETRIC_REPRESENTATION_CONTEXT() REPRESENTATION_CONTEXT('2D SPACE',''
  ) );
#6799 = PCURVE('',#2714,#6800);
#6800 = DEFINITIONAL_REPRESENTATION('',(#6801),#6805);
#6801 = LINE('',#6802,#6803);
#6802 = CARTESIAN_POINT('',(0.,0.));
#6803 = VECTOR('',#6804,1.);
#6804 = DIRECTION('',(0.,-1.));
#6805 = ( GEOMETRIC_REPRESENTATION_CONTEXT(2) 
PARAMETRIC_REPRESENTATION_CONTEXT() REPRESENTATION_CONTEXT('2D SPACE',''
  ) );
#6806 = ORIENTED_EDGE('',*,*,#6807,.T.);
#6807 = EDGE_CURVE('',#6785,#6552,#6808,.T.);
#6808 = SURFACE_CURVE('',#6809,(#6814,#6821),.PCURVE_S1.);
#6809 = CIRCLE('',#6810,2.);
#6810 = AXIS2_PLACEMENT_3D('',#6811,#6812,#6813);
#6811 = CARTESIAN_POINT('',(-20.45,38.115,97.349999997432));
#6812 = DIRECTION('',(0.,-1.,0.));
#6813 = DIRECTION('',(0.,0.,1.));
#6814 = PCURVE('',#2747,#6815);
#6815 = DEFINITIONAL_REPRESENTATION('',(#6816),#6820);
#6816 = LINE('',#6817,#6818);
#6817 = CARTESIAN_POINT('',(1.570796326795,-2.));
#6818 = VECTOR('',#6819,1.);
#6819 = DIRECTION('',(-1.,-0.));
#6820 = ( GEOMETRIC_REPRESENTATION_CONTEXT(2) 
PARAMETRIC_REPRESENTATION_CONTEXT() REPRESENTATION_CONTEXT('2D SPACE',''
  ) );
#6821 = PCURVE('',#6822,#6827);
#6822 = SPHERICAL_SURFACE('',#6823,2.);
#6823 = AXIS2_PLACEMENT_3D('',#6824,#6825,#6826);
#6824 = CARTESIAN_POINT('',(-20.45,38.115,97.349999997432));
#6825 = DIRECTION('',(0.,-1.,-0.));
#6826 = DIRECTION('',(0.,0.,1.));
#6827 = DEFINITIONAL_REPRESENTATION('',(#6828),#6832);
#6828 = LINE('',#6829,#6830);
#6829 = CARTESIAN_POINT('',(0.,0.));
#6830 = VECTOR('',#6831,1.);
#6831 = DIRECTION('',(1.,0.));
#6832 = ( GEOMETRIC_REPRESENTATION_CONTEXT(2) 
PARAMETRIC_REPRESENTATION_CONTEXT() REPRESENTATION_CONTEXT('2D SPACE',''
  ) );
#6833 = ADVANCED_FACE('',(#6834),#2686,.T.);
#6834 = FACE_BOUND('',#6835,.T.);
#6835 = EDGE_LOOP('',(#6836,#6859,#6860,#6861));
#6836 = ORIENTED_EDGE('',*,*,#6837,.T.);
#6837 = EDGE_CURVE('',#6838,#2666,#6840,.T.);
#6838 = VERTEX_POINT('',#6839);
#6839 = CARTESIAN_POINT('',(20.45,38.115,99.349999997432));
#6840 = SURFACE_CURVE('',#6841,(#6845,#6852),.PCURVE_S1.);
#6841 = LINE('',#6842,#6843);
#6842 = CARTESIAN_POINT('',(20.45,40.115,99.349999998716));
#6843 = VECTOR('',#6844,1.);
#6844 = DIRECTION('',(0.,-1.,2.22044604925E-16));
#6845 = PCURVE('',#2686,#6846);
#6846 = DEFINITIONAL_REPRESENTATION('',(#6847),#6851);
#6847 = LINE('',#6848,#6849);
#6848 = CARTESIAN_POINT('',(1.570796326795,0.));
#6849 = VECTOR('',#6850,1.);
#6850 = DIRECTION('',(0.,-1.));
#6851 = ( GEOMETRIC_REPRESENTATION_CONTEXT(2) 
PARAMETRIC_REPRESENTATION_CONTEXT() REPRESENTATION_CONTEXT('2D SPACE',''
  ) );
#6852 = PCURVE('',#2714,#6853);
#6853 = DEFINITIONAL_REPRESENTATION('',(#6854),#6858);
#6854 = LINE('',#6855,#6856);
#6855 = CARTESIAN_POINT('',(40.9,0.));
#6856 = VECTOR('',#6857,1.);
#6857 = DIRECTION('',(0.,-1.));
#6858 = ( GEOMETRIC_REPRESENTATION_CONTEXT(2) 
PARAMETRIC_REPRESENTATION_CONTEXT() REPRESENTATION_CONTEXT('2D SPACE',''
  ) );
#6859 = ORIENTED_EDGE('',*,*,#2665,.T.);
#6860 = ORIENTED_EDGE('',*,*,#6695,.F.);
#6861 = ORIENTED_EDGE('',*,*,#6862,.T.);
#6862 = EDGE_CURVE('',#6668,#6838,#6863,.T.);
#6863 = SURFACE_CURVE('',#6864,(#6869,#6876),.PCURVE_S1.);
#6864 = CIRCLE('',#6865,2.);
#6865 = AXIS2_PLACEMENT_3D('',#6866,#6867,#6868);
#6866 = CARTESIAN_POINT('',(20.45,38.115,97.349999997432));
#6867 = DIRECTION('',(0.,-1.,-0.));
#6868 = DIRECTION('',(1.,0.,0.));
#6869 = PCURVE('',#2686,#6870);
#6870 = DEFINITIONAL_REPRESENTATION('',(#6871),#6875);
#6871 = LINE('',#6872,#6873);
#6872 = CARTESIAN_POINT('',(3.14159265359,-2.));
#6873 = VECTOR('',#6874,1.);
#6874 = DIRECTION('',(-1.,-0.));
#6875 = ( GEOMETRIC_REPRESENTATION_CONTEXT(2) 
PARAMETRIC_REPRESENTATION_CONTEXT() REPRESENTATION_CONTEXT('2D SPACE',''
  ) );
#6876 = PCURVE('',#6877,#6882);
#6877 = SPHERICAL_SURFACE('',#6878,2.);
#6878 = AXIS2_PLACEMENT_3D('',#6879,#6880,#6881);
#6879 = CARTESIAN_POINT('',(20.45,38.115,97.349999997432));
#6880 = DIRECTION('',(0.,-1.,-0.));
#6881 = DIRECTION('',(1.,0.,0.));
#6882 = DEFINITIONAL_REPRESENTATION('',(#6883),#6887);
#6883 = LINE('',#6884,#6885);
#6884 = CARTESIAN_POINT('',(0.,0.));
#6885 = VECTOR('',#6886,1.);
#6886 = DIRECTION('',(1.,0.));
#6887 = ( GEOMETRIC_REPRESENTATION_CONTEXT(2) 
PARAMETRIC_REPRESENTATION_CONTEXT() REPRESENTATION_CONTEXT('2D SPACE',''
  ) );
#6888 = ADVANCED_FACE('',(#6889),#2714,.T.);
#6889 = FACE_BOUND('',#6890,.T.);
#6890 = EDGE_LOOP('',(#6891,#6892,#6893,#6894));
#6891 = ORIENTED_EDGE('',*,*,#6784,.T.);
#6892 = ORIENTED_EDGE('',*,*,#2698,.T.);
#6893 = ORIENTED_EDGE('',*,*,#6837,.F.);
#6894 = ORIENTED_EDGE('',*,*,#6895,.T.);
#6895 = EDGE_CURVE('',#6838,#6785,#6896,.T.);
#6896 = SURFACE_CURVE('',#6897,(#6901,#6908),.PCURVE_S1.);
#6897 = LINE('',#6898,#6899);
#6898 = CARTESIAN_POINT('',(20.45,38.115,99.35));
#6899 = VECTOR('',#6900,1.);
#6900 = DIRECTION('',(-1.,-0.,-0.));
#6901 = PCURVE('',#2714,#6902);
#6902 = DEFINITIONAL_REPRESENTATION('',(#6903),#6907);
#6903 = LINE('',#6904,#6905);
#6904 = CARTESIAN_POINT('',(40.9,-2.));
#6905 = VECTOR('',#6906,1.);
#6906 = DIRECTION('',(-1.,0.));
#6907 = ( GEOMETRIC_REPRESENTATION_CONTEXT(2) 
PARAMETRIC_REPRESENTATION_CONTEXT() REPRESENTATION_CONTEXT('2D SPACE',''
  ) );
#6908 = PCURVE('',#6909,#6914);
#6909 = CYLINDRICAL_SURFACE('',#6910,2.);
#6910 = AXIS2_PLACEMENT_3D('',#6911,#6912,#6913);
#6911 = CARTESIAN_POINT('',(20.45,38.115,97.35));
#6912 = DIRECTION('',(-1.,-0.,-0.));
#6913 = DIRECTION('',(-0.,1.,0.));
#6914 = DEFINITIONAL_REPRESENTATION('',(#6915),#6919);
#6915 = LINE('',#6916,#6917);
#6916 = CARTESIAN_POINT('',(-1.570796326795,0.));
#6917 = VECTOR('',#6918,1.);
#6918 = DIRECTION('',(-0.,1.));
#6919 = ( GEOMETRIC_REPRESENTATION_CONTEXT(2) 
PARAMETRIC_REPRESENTATION_CONTEXT() REPRESENTATION_CONTEXT('2D SPACE',''
  ) );
#6920 = ADVANCED_FACE('',(#6921,#7065,#7096),#3021,.T.);
#6921 = FACE_BOUND('',#6922,.T.);
#6922 = EDGE_LOOP('',(#6923,#6944,#6972,#6991,#6992,#7015,#7043,#7064));
#6923 = ORIENTED_EDGE('',*,*,#6924,.F.);
#6924 = EDGE_CURVE('',#6925,#3202,#6927,.T.);
#6925 = VERTEX_POINT('',#6926);
#6926 = CARTESIAN_POINT('',(-15.4,35.115,72.65));
#6927 = SURFACE_CURVE('',#6928,(#6932,#6938),.PCURVE_S1.);
#6928 = LINE('',#6929,#6930);
#6929 = CARTESIAN_POINT('',(-15.4,37.615,72.65));
#6930 = VECTOR('',#6931,1.);
#6931 = DIRECTION('',(0.,-1.,2.22044604925E-16));
#6932 = PCURVE('',#3021,#6933);
#6933 = DEFINITIONAL_REPRESENTATION('',(#6934),#6937);
#6934 = B_SPLINE_CURVE_WITH_KNOTS('',1,(#6935,#6936),.UNSPECIFIED.,.F.,
  .F.,(2,2),(2.5,19.5),.PIECEWISE_BEZIER_KNOTS.);
#6935 = CARTESIAN_POINT('',(0.,-2.));
#6936 = CARTESIAN_POINT('',(17.,-2.));
#6937 = ( GEOMETRIC_REPRESENTATION_CONTEXT(2) 
PARAMETRIC_REPRESENTATION_CONTEXT() REPRESENTATION_CONTEXT('2D SPACE',''
  ) );
#6938 = PCURVE('',#3217,#6939);
#6939 = DEFINITIONAL_REPRESENTATION('',(#6940),#6943);
#6940 = B_SPLINE_CURVE_WITH_KNOTS('',1,(#6941,#6942),.UNSPECIFIED.,.F.,
  .F.,(2,2),(2.5,19.5),.PIECEWISE_BEZIER_KNOTS.);
#6941 = CARTESIAN_POINT('',(5.,2.05));
#6942 = CARTESIAN_POINT('',(22.,2.05));
#6943 = ( GEOMETRIC_REPRESENTATION_CONTEXT(2) 
PARAMETRIC_REPRESENTATION_CONTEXT() REPRESENTATION_CONTEXT('2D SPACE',''
  ) );
#6944 = ORIENTED_EDGE('',*,*,#6945,.F.);
#6945 = EDGE_CURVE('',#6946,#6925,#6948,.T.);
#6946 = VERTEX_POINT('',#6947);
#6947 = CARTESIAN_POINT('',(-15.4,35.115,97.35));
#6948 = SURFACE_CURVE('',#6949,(#6953,#6960),.PCURVE_S1.);
#6949 = LINE('',#6950,#6951);
#6950 = CARTESIAN_POINT('',(-15.4,35.115,99.35));
#6951 = VECTOR('',#6952,1.);
#6952 = DIRECTION('',(0.,-2.22044604925E-16,-1.));
#6953 = PCURVE('',#3021,#6954);
#6954 = DEFINITIONAL_REPRESENTATION('',(#6955),#6959);
#6955 = LINE('',#6956,#6957);
#6956 = CARTESIAN_POINT('',(0.,-28.7));
#6957 = VECTOR('',#6958,1.);
#6958 = DIRECTION('',(0.,1.));
#6959 = ( GEOMETRIC_REPRESENTATION_CONTEXT(2) 
PARAMETRIC_REPRESENTATION_CONTEXT() REPRESENTATION_CONTEXT('2D SPACE',''
  ) );
#6960 = PCURVE('',#6961,#6966);
#6961 = PLANE('',#6962);
#6962 = AXIS2_PLACEMENT_3D('',#6963,#6964,#6965);
#6963 = CARTESIAN_POINT('',(-22.45,35.115,70.65));
#6964 = DIRECTION('',(0.,-1.,2.22044604925E-16));
#6965 = DIRECTION('',(1.,0.,0.));
#6966 = DEFINITIONAL_REPRESENTATION('',(#6967),#6971);
#6967 = LINE('',#6968,#6969);
#6968 = CARTESIAN_POINT('',(7.05,28.7));
#6969 = VECTOR('',#6970,1.);
#6970 = DIRECTION('',(0.,-1.));
#6971 = ( GEOMETRIC_REPRESENTATION_CONTEXT(2) 
PARAMETRIC_REPRESENTATION_CONTEXT() REPRESENTATION_CONTEXT('2D SPACE',''
  ) );
#6972 = ORIENTED_EDGE('',*,*,#6973,.T.);
#6973 = EDGE_CURVE('',#6946,#3006,#6974,.T.);
#6974 = SURFACE_CURVE('',#6975,(#6979,#6985),.PCURVE_S1.);
#6975 = LINE('',#6976,#6977);
#6976 = CARTESIAN_POINT('',(-15.4,37.615,97.35));
#6977 = VECTOR('',#6978,1.);
#6978 = DIRECTION('',(0.,-1.,2.22044604925E-16));
#6979 = PCURVE('',#3021,#6980);
#6980 = DEFINITIONAL_REPRESENTATION('',(#6981),#6984);
#6981 = B_SPLINE_CURVE_WITH_KNOTS('',1,(#6982,#6983),.UNSPECIFIED.,.F.,
  .F.,(2,2),(2.5,19.5),.PIECEWISE_BEZIER_KNOTS.);
#6982 = CARTESIAN_POINT('',(0.,-26.7));
#6983 = CARTESIAN_POINT('',(17.,-26.7));
#6984 = ( GEOMETRIC_REPRESENTATION_CONTEXT(2) 
PARAMETRIC_REPRESENTATION_CONTEXT() REPRESENTATION_CONTEXT('2D SPACE',''
  ) );
#6985 = PCURVE('',#3049,#6986);
#6986 = DEFINITIONAL_REPRESENTATION('',(#6987),#6990);
#6987 = B_SPLINE_CURVE_WITH_KNOTS('',1,(#6988,#6989),.UNSPECIFIED.,.F.,
  .F.,(2,2),(2.5,19.5),.PIECEWISE_BEZIER_KNOTS.);
#6988 = CARTESIAN_POINT('',(5.,2.05));
#6989 = CARTESIAN_POINT('',(22.,2.05));
#6990 = ( GEOMETRIC_REPRESENTATION_CONTEXT(2) 
PARAMETRIC_REPRESENTATION_CONTEXT() REPRESENTATION_CONTEXT('2D SPACE',''
  ) );
#6991 = ORIENTED_EDGE('',*,*,#3003,.F.);
#6992 = ORIENTED_EDGE('',*,*,#6993,.F.);
#6993 = EDGE_CURVE('',#6994,#3004,#6996,.T.);
#6994 = VERTEX_POINT('',#6995);
#6995 = CARTESIAN_POINT('',(-15.4,30.115,94.25));
#6996 = SURFACE_CURVE('',#6997,(#7001,#7008),.PCURVE_S1.);
#6997 = LINE('',#6998,#6999);
#6998 = CARTESIAN_POINT('',(-15.4,35.115,94.25));
#6999 = VECTOR('',#7000,1.);
#7000 = DIRECTION('',(0.,-1.,2.22044604925E-16));
#7001 = PCURVE('',#3021,#7002);
#7002 = DEFINITIONAL_REPRESENTATION('',(#7003),#7007);
#7003 = LINE('',#7004,#7005);
#7004 = CARTESIAN_POINT('',(0.,-23.6));
#7005 = VECTOR('',#7006,1.);
#7006 = DIRECTION('',(1.,0.));
#7007 = ( GEOMETRIC_REPRESENTATION_CONTEXT(2) 
PARAMETRIC_REPRESENTATION_CONTEXT() REPRESENTATION_CONTEXT('2D SPACE',''
  ) );
#7008 = PCURVE('',#3322,#7009);
#7009 = DEFINITIONAL_REPRESENTATION('',(#7010),#7014);
#7010 = LINE('',#7011,#7012);
#7011 = CARTESIAN_POINT('',(0.,7.05));
#7012 = VECTOR('',#7013,1.);
#7013 = DIRECTION('',(1.,0.));
#7014 = ( GEOMETRIC_REPRESENTATION_CONTEXT(2) 
PARAMETRIC_REPRESENTATION_CONTEXT() REPRESENTATION_CONTEXT('2D SPACE',''
  ) );
#7015 = ORIENTED_EDGE('',*,*,#7016,.F.);
#7016 = EDGE_CURVE('',#7017,#6994,#7019,.T.);
#7017 = VERTEX_POINT('',#7018);
#7018 = CARTESIAN_POINT('',(-15.4,30.115,75.75));
#7019 = SURFACE_CURVE('',#7020,(#7024,#7031),.PCURVE_S1.);
#7020 = LINE('',#7021,#7022);
#7021 = CARTESIAN_POINT('',(-15.4,30.115,70.65));
#7022 = VECTOR('',#7023,1.);
#7023 = DIRECTION('',(0.,2.22044604925E-16,1.));
#7024 = PCURVE('',#3021,#7025);
#7025 = DEFINITIONAL_REPRESENTATION('',(#7026),#7030);
#7026 = LINE('',#7027,#7028);
#7027 = CARTESIAN_POINT('',(5.,0.));
#7028 = VECTOR('',#7029,1.);
#7029 = DIRECTION('',(0.,-1.));
#7030 = ( GEOMETRIC_REPRESENTATION_CONTEXT(2) 
PARAMETRIC_REPRESENTATION_CONTEXT() REPRESENTATION_CONTEXT('2D SPACE',''
  ) );
#7031 = PCURVE('',#7032,#7037);
#7032 = PLANE('',#7033);
#7033 = AXIS2_PLACEMENT_3D('',#7034,#7035,#7036);
#7034 = CARTESIAN_POINT('',(-22.45,30.115,70.65));
#7035 = DIRECTION('',(0.,-1.,2.22044604925E-16));
#7036 = DIRECTION('',(1.,0.,0.));
#7037 = DEFINITIONAL_REPRESENTATION('',(#7038),#7042);
#7038 = LINE('',#7039,#7040);
#7039 = CARTESIAN_POINT('',(7.05,0.));
#7040 = VECTOR('',#7041,1.);
#7041 = DIRECTION('',(0.,1.));
#7042 = ( GEOMETRIC_REPRESENTATION_CONTEXT(2) 
PARAMETRIC_REPRESENTATION_CONTEXT() REPRESENTATION_CONTEXT('2D SPACE',''
  ) );
#7043 = ORIENTED_EDGE('',*,*,#7044,.T.);
#7044 = EDGE_CURVE('',#7017,#3230,#7045,.T.);
#7045 = SURFACE_CURVE('',#7046,(#7050,#7057),.PCURVE_S1.);
#7046 = LINE('',#7047,#7048);
#7047 = CARTESIAN_POINT('',(-15.4,35.115,75.75));
#7048 = VECTOR('',#7049,1.);
#7049 = DIRECTION('',(0.,-1.,2.22044604925E-16));
#7050 = PCURVE('',#3021,#7051);
#7051 = DEFINITIONAL_REPRESENTATION('',(#7052),#7056);
#7052 = LINE('',#7053,#7054);
#7053 = CARTESIAN_POINT('',(0.,-5.1));
#7054 = VECTOR('',#7055,1.);
#7055 = DIRECTION('',(1.,0.));
#7056 = ( GEOMETRIC_REPRESENTATION_CONTEXT(2) 
PARAMETRIC_REPRESENTATION_CONTEXT() REPRESENTATION_CONTEXT('2D SPACE',''
  ) );
#7057 = PCURVE('',#3268,#7058);
#7058 = DEFINITIONAL_REPRESENTATION('',(#7059),#7063);
#7059 = LINE('',#7060,#7061);
#7060 = CARTESIAN_POINT('',(0.,7.05));
#7061 = VECTOR('',#7062,1.);
#7062 = DIRECTION('',(1.,0.));
#7063 = ( GEOMETRIC_REPRESENTATION_CONTEXT(2) 
PARAMETRIC_REPRESENTATION_CONTEXT() REPRESENTATION_CONTEXT('2D SPACE',''
  ) );
#7064 = ORIENTED_EDGE('',*,*,#3229,.F.);
#7065 = FACE_BOUND('',#7066,.T.);
#7066 = EDGE_LOOP('',(#7067));
#7067 = ORIENTED_EDGE('',*,*,#7068,.F.);
#7068 = EDGE_CURVE('',#7069,#7069,#7071,.T.);
#7069 = VERTEX_POINT('',#7070);
#7070 = CARTESIAN_POINT('',(-15.4,33.865,95.25));
#7071 = SURFACE_CURVE('',#7072,(#7077,#7084),.PCURVE_S1.);
#7072 = CIRCLE('',#7073,1.);
#7073 = AXIS2_PLACEMENT_3D('',#7074,#7075,#7076);
#7074 = CARTESIAN_POINT('',(-15.4,32.865,95.25));
#7075 = DIRECTION('',(1.,-2.22044604925E-16,4.930380657631E-32));
#7076 = DIRECTION('',(2.22044604925E-16,1.,-2.22044604925E-16));
#7077 = PCURVE('',#3021,#7078);
#7078 = DEFINITIONAL_REPRESENTATION('',(#7079),#7083);
#7079 = CIRCLE('',#7080,1.);
#7080 = AXIS2_PLACEMENT_2D('',#7081,#7082);
#7081 = CARTESIAN_POINT('',(2.25,-24.6));
#7082 = DIRECTION('',(-1.,0.));
#7083 = ( GEOMETRIC_REPRESENTATION_CONTEXT(2) 
PARAMETRIC_REPRESENTATION_CONTEXT() REPRESENTATION_CONTEXT('2D SPACE',''
  ) );
#7084 = PCURVE('',#7085,#7090);
#7085 = CYLINDRICAL_SURFACE('',#7086,1.);
#7086 = AXIS2_PLACEMENT_3D('',#7087,#7088,#7089);
#7087 = CARTESIAN_POINT('',(-30.,32.865,95.25));
#7088 = DIRECTION('',(1.,-2.22044604925E-16,4.930380657631E-32));
#7089 = DIRECTION('',(2.22044604925E-16,1.,-2.22044604925E-16));
#7090 = DEFINITIONAL_REPRESENTATION('',(#7091),#7095);
#7091 = LINE('',#7092,#7093);
#7092 = CARTESIAN_POINT('',(0.,14.6));
#7093 = VECTOR('',#7094,1.);
#7094 = DIRECTION('',(1.,0.));
#7095 = ( GEOMETRIC_REPRESENTATION_CONTEXT(2) 
PARAMETRIC_REPRESENTATION_CONTEXT() REPRESENTATION_CONTEXT('2D SPACE',''
  ) );
#7096 = FACE_BOUND('',#7097,.T.);
#7097 = EDGE_LOOP('',(#7098));
#7098 = ORIENTED_EDGE('',*,*,#7099,.F.);
#7099 = EDGE_CURVE('',#7100,#7100,#7102,.T.);
#7100 = VERTEX_POINT('',#7101);
#7101 = CARTESIAN_POINT('',(-15.4,33.865,74.75));
#7102 = SURFACE_CURVE('',#7103,(#7108,#7115),.PCURVE_S1.);
#7103 = CIRCLE('',#7104,1.);
#7104 = AXIS2_PLACEMENT_3D('',#7105,#7106,#7107);
#7105 = CARTESIAN_POINT('',(-15.4,32.865,74.75));
#7106 = DIRECTION('',(1.,-2.22044604925E-16,4.930380657631E-32));
#7107 = DIRECTION('',(2.22044604925E-16,1.,-2.22044604925E-16));
#7108 = PCURVE('',#3021,#7109);
#7109 = DEFINITIONAL_REPRESENTATION('',(#7110),#7114);
#7110 = CIRCLE('',#7111,1.);
#7111 = AXIS2_PLACEMENT_2D('',#7112,#7113);
#7112 = CARTESIAN_POINT('',(2.25,-4.1));
#7113 = DIRECTION('',(-1.,0.));
#7114 = ( GEOMETRIC_REPRESENTATION_CONTEXT(2) 
PARAMETRIC_REPRESENTATION_CONTEXT() REPRESENTATION_CONTEXT('2D SPACE',''
  ) );
#7115 = PCURVE('',#7116,#7121);
#7116 = CYLINDRICAL_SURFACE('',#7117,1.);
#7117 = AXIS2_PLACEMENT_3D('',#7118,#7119,#7120);
#7118 = CARTESIAN_POINT('',(-30.,32.865,74.75));
#7119 = DIRECTION('',(1.,-2.22044604925E-16,4.930380657631E-32));
#7120 = DIRECTION('',(2.22044604925E-16,1.,-2.22044604925E-16));
#7121 = DEFINITIONAL_REPRESENTATION('',(#7122),#7126);
#7122 = LINE('',#7123,#7124);
#7123 = CARTESIAN_POINT('',(0.,14.6));
#7124 = VECTOR('',#7125,1.);
#7125 = DIRECTION('',(1.,0.));
#7126 = ( GEOMETRIC_REPRESENTATION_CONTEXT(2) 
PARAMETRIC_REPRESENTATION_CONTEXT() REPRESENTATION_CONTEXT('2D SPACE',''
  ) );
#7127 = ADVANCED_FACE('',(#7128),#3049,.F.);
#7128 = FACE_BOUND('',#7129,.F.);
#7129 = EDGE_LOOP('',(#7130,#7131,#7152,#7171));
#7130 = ORIENTED_EDGE('',*,*,#3033,.T.);
#7131 = ORIENTED_EDGE('',*,*,#7132,.F.);
#7132 = EDGE_CURVE('',#7133,#3034,#7135,.T.);
#7133 = VERTEX_POINT('',#7134);
#7134 = CARTESIAN_POINT('',(16.4,35.115,97.35));
#7135 = SURFACE_CURVE('',#7136,(#7140,#7146),.PCURVE_S1.);
#7136 = LINE('',#7137,#7138);
#7137 = CARTESIAN_POINT('',(16.4,37.615,97.35));
#7138 = VECTOR('',#7139,1.);
#7139 = DIRECTION('',(0.,-1.,2.22044604925E-16));
#7140 = PCURVE('',#3049,#7141);
#7141 = DEFINITIONAL_REPRESENTATION('',(#7142),#7145);
#7142 = B_SPLINE_CURVE_WITH_KNOTS('',1,(#7143,#7144),.UNSPECIFIED.,.F.,
  .F.,(2,2),(2.5,19.5),.PIECEWISE_BEZIER_KNOTS.);
#7143 = CARTESIAN_POINT('',(5.,33.85));
#7144 = CARTESIAN_POINT('',(22.,33.85));
#7145 = ( GEOMETRIC_REPRESENTATION_CONTEXT(2) 
PARAMETRIC_REPRESENTATION_CONTEXT() REPRESENTATION_CONTEXT('2D SPACE',''
  ) );
#7146 = PCURVE('',#3077,#7147);
#7147 = DEFINITIONAL_REPRESENTATION('',(#7148),#7151);
#7148 = B_SPLINE_CURVE_WITH_KNOTS('',1,(#7149,#7150),.UNSPECIFIED.,.F.,
  .F.,(2,2),(2.5,19.5),.PIECEWISE_BEZIER_KNOTS.);
#7149 = CARTESIAN_POINT('',(0.,-5.35));
#7150 = CARTESIAN_POINT('',(17.,-5.35));
#7151 = ( GEOMETRIC_REPRESENTATION_CONTEXT(2) 
PARAMETRIC_REPRESENTATION_CONTEXT() REPRESENTATION_CONTEXT('2D SPACE',''
  ) );
#7152 = ORIENTED_EDGE('',*,*,#7153,.T.);
#7153 = EDGE_CURVE('',#7133,#6946,#7154,.T.);
#7154 = SURFACE_CURVE('',#7155,(#7159,#7165),.PCURVE_S1.);
#7155 = LINE('',#7156,#7157);
#7156 = CARTESIAN_POINT('',(-19.95,35.115,97.35));
#7157 = VECTOR('',#7158,1.);
#7158 = DIRECTION('',(-1.,-0.,0.));
#7159 = PCURVE('',#3049,#7160);
#7160 = DEFINITIONAL_REPRESENTATION('',(#7161),#7164);
#7161 = B_SPLINE_CURVE_WITH_KNOTS('',1,(#7162,#7163),.UNSPECIFIED.,.F.,
  .F.,(2,2),(-37.4,-4.55),.PIECEWISE_BEZIER_KNOTS.);
#7162 = CARTESIAN_POINT('',(5.,34.9));
#7163 = CARTESIAN_POINT('',(5.,2.05));
#7164 = ( GEOMETRIC_REPRESENTATION_CONTEXT(2) 
PARAMETRIC_REPRESENTATION_CONTEXT() REPRESENTATION_CONTEXT('2D SPACE',''
  ) );
#7165 = PCURVE('',#6961,#7166);
#7166 = DEFINITIONAL_REPRESENTATION('',(#7167),#7170);
#7167 = B_SPLINE_CURVE_WITH_KNOTS('',1,(#7168,#7169),.UNSPECIFIED.,.F.,
  .F.,(2,2),(-37.4,-4.55),.PIECEWISE_BEZIER_KNOTS.);
#7168 = CARTESIAN_POINT('',(39.9,26.7));
#7169 = CARTESIAN_POINT('',(7.05,26.7));
#7170 = ( GEOMETRIC_REPRESENTATION_CONTEXT(2) 
PARAMETRIC_REPRESENTATION_CONTEXT() REPRESENTATION_CONTEXT('2D SPACE',''
  ) );
#7171 = ORIENTED_EDGE('',*,*,#6973,.T.);
#7172 = ADVANCED_FACE('',(#7173,#7221),#3077,.F.);
#7173 = FACE_BOUND('',#7174,.F.);
#7174 = EDGE_LOOP('',(#7175,#7176,#7199,#7220));
#7175 = ORIENTED_EDGE('',*,*,#3061,.F.);
#7176 = ORIENTED_EDGE('',*,*,#7177,.F.);
#7177 = EDGE_CURVE('',#7178,#3062,#7180,.T.);
#7178 = VERTEX_POINT('',#7179);
#7179 = CARTESIAN_POINT('',(16.4,35.115,92.));
#7180 = SURFACE_CURVE('',#7181,(#7185,#7192),.PCURVE_S1.);
#7181 = LINE('',#7182,#7183);
#7182 = CARTESIAN_POINT('',(16.4,35.115,92.));
#7183 = VECTOR('',#7184,1.);
#7184 = DIRECTION('',(0.,-1.,2.22044604925E-16));
#7185 = PCURVE('',#3077,#7186);
#7186 = DEFINITIONAL_REPRESENTATION('',(#7187),#7191);
#7187 = LINE('',#7188,#7189);
#7188 = CARTESIAN_POINT('',(0.,0.));
#7189 = VECTOR('',#7190,1.);
#7190 = DIRECTION('',(1.,0.));
#7191 = ( GEOMETRIC_REPRESENTATION_CONTEXT(2) 
PARAMETRIC_REPRESENTATION_CONTEXT() REPRESENTATION_CONTEXT('2D SPACE',''
  ) );
#7192 = PCURVE('',#3105,#7193);
#7193 = DEFINITIONAL_REPRESENTATION('',(#7194),#7198);
#7194 = LINE('',#7195,#7196);
#7195 = CARTESIAN_POINT('',(0.,0.));
#7196 = VECTOR('',#7197,1.);
#7197 = DIRECTION('',(1.,0.));
#7198 = ( GEOMETRIC_REPRESENTATION_CONTEXT(2) 
PARAMETRIC_REPRESENTATION_CONTEXT() REPRESENTATION_CONTEXT('2D SPACE',''
  ) );
#7199 = ORIENTED_EDGE('',*,*,#7200,.T.);
#7200 = EDGE_CURVE('',#7178,#7133,#7201,.T.);
#7201 = SURFACE_CURVE('',#7202,(#7206,#7213),.PCURVE_S1.);
#7202 = LINE('',#7203,#7204);
#7203 = CARTESIAN_POINT('',(16.4,35.115,92.));
#7204 = VECTOR('',#7205,1.);
#7205 = DIRECTION('',(0.,2.22044604925E-16,1.));
#7206 = PCURVE('',#3077,#7207);
#7207 = DEFINITIONAL_REPRESENTATION('',(#7208),#7212);
#7208 = LINE('',#7209,#7210);
#7209 = CARTESIAN_POINT('',(0.,0.));
#7210 = VECTOR('',#7211,1.);
#7211 = DIRECTION('',(0.,-1.));
#7212 = ( GEOMETRIC_REPRESENTATION_CONTEXT(2) 
PARAMETRIC_REPRESENTATION_CONTEXT() REPRESENTATION_CONTEXT('2D SPACE',''
  ) );
#7213 = PCURVE('',#6961,#7214);
#7214 = DEFINITIONAL_REPRESENTATION('',(#7215),#7219);
#7215 = LINE('',#7216,#7217);
#7216 = CARTESIAN_POINT('',(38.85,21.35));
#7217 = VECTOR('',#7218,1.);
#7218 = DIRECTION('',(0.,1.));
#7219 = ( GEOMETRIC_REPRESENTATION_CONTEXT(2) 
PARAMETRIC_REPRESENTATION_CONTEXT() REPRESENTATION_CONTEXT('2D SPACE',''
  ) );
#7220 = ORIENTED_EDGE('',*,*,#7132,.T.);
#7221 = FACE_BOUND('',#7222,.F.);
#7222 = EDGE_LOOP('',(#7223));
#7223 = ORIENTED_EDGE('',*,*,#7224,.F.);
#7224 = EDGE_CURVE('',#7225,#7225,#7227,.T.);
#7225 = VERTEX_POINT('',#7226);
#7226 = CARTESIAN_POINT('',(16.4,30.315,95.25));
#7227 = SURFACE_CURVE('',#7228,(#7233,#7240),.PCURVE_S1.);
#7228 = CIRCLE('',#7229,1.);
#7229 = AXIS2_PLACEMENT_3D('',#7230,#7231,#7232);
#7230 = CARTESIAN_POINT('',(16.4,29.315,95.25));
#7231 = DIRECTION('',(1.,-2.22044604925E-16,4.930380657631E-32));
#7232 = DIRECTION('',(2.22044604925E-16,1.,-2.22044604925E-16));
#7233 = PCURVE('',#3077,#7234);
#7234 = DEFINITIONAL_REPRESENTATION('',(#7235),#7239);
#7235 = CIRCLE('',#7236,1.);
#7236 = AXIS2_PLACEMENT_2D('',#7237,#7238);
#7237 = CARTESIAN_POINT('',(5.8,-3.25));
#7238 = DIRECTION('',(-1.,0.));
#7239 = ( GEOMETRIC_REPRESENTATION_CONTEXT(2) 
PARAMETRIC_REPRESENTATION_CONTEXT() REPRESENTATION_CONTEXT('2D SPACE',''
  ) );
#7240 = PCURVE('',#7241,#7246);
#7241 = CYLINDRICAL_SURFACE('',#7242,1.);
#7242 = AXIS2_PLACEMENT_3D('',#7243,#7244,#7245);
#7243 = CARTESIAN_POINT('',(-30.,29.315,95.25));
#7244 = DIRECTION('',(1.,-2.22044604925E-16,4.930380657631E-32));
#7245 = DIRECTION('',(2.22044604925E-16,1.,-2.22044604925E-16));
#7246 = DEFINITIONAL_REPRESENTATION('',(#7247),#7251);
#7247 = LINE('',#7248,#7249);
#7248 = CARTESIAN_POINT('',(0.,46.4));
#7249 = VECTOR('',#7250,1.);
#7250 = DIRECTION('',(1.,0.));
#7251 = ( GEOMETRIC_REPRESENTATION_CONTEXT(2) 
PARAMETRIC_REPRESENTATION_CONTEXT() REPRESENTATION_CONTEXT('2D SPACE',''
  ) );
#7252 = ADVANCED_FACE('',(#7253),#3105,.F.);
#7253 = FACE_BOUND('',#7254,.F.);
#7254 = EDGE_LOOP('',(#7255,#7278,#7279,#7280));
#7255 = ORIENTED_EDGE('',*,*,#7256,.F.);
#7256 = EDGE_CURVE('',#7178,#7257,#7259,.T.);
#7257 = VERTEX_POINT('',#7258);
#7258 = CARTESIAN_POINT('',(17.45,35.115,92.));
#7259 = SURFACE_CURVE('',#7260,(#7264,#7271),.PCURVE_S1.);
#7260 = LINE('',#7261,#7262);
#7261 = CARTESIAN_POINT('',(16.4,35.115,92.));
#7262 = VECTOR('',#7263,1.);
#7263 = DIRECTION('',(1.,0.,0.));
#7264 = PCURVE('',#3105,#7265);
#7265 = DEFINITIONAL_REPRESENTATION('',(#7266),#7270);
#7266 = LINE('',#7267,#7268);
#7267 = CARTESIAN_POINT('',(0.,0.));
#7268 = VECTOR('',#7269,1.);
#7269 = DIRECTION('',(0.,1.));
#7270 = ( GEOMETRIC_REPRESENTATION_CONTEXT(2) 
PARAMETRIC_REPRESENTATION_CONTEXT() REPRESENTATION_CONTEXT('2D SPACE',''
  ) );
#7271 = PCURVE('',#6961,#7272);
#7272 = DEFINITIONAL_REPRESENTATION('',(#7273),#7277);
#7273 = LINE('',#7274,#7275);
#7274 = CARTESIAN_POINT('',(38.85,21.35));
#7275 = VECTOR('',#7276,1.);
#7276 = DIRECTION('',(1.,0.));
#7277 = ( GEOMETRIC_REPRESENTATION_CONTEXT(2) 
PARAMETRIC_REPRESENTATION_CONTEXT() REPRESENTATION_CONTEXT('2D SPACE',''
  ) );
#7278 = ORIENTED_EDGE('',*,*,#7177,.T.);
#7279 = ORIENTED_EDGE('',*,*,#3089,.T.);
#7280 = ORIENTED_EDGE('',*,*,#7281,.F.);
#7281 = EDGE_CURVE('',#7257,#3090,#7282,.T.);
#7282 = SURFACE_CURVE('',#7283,(#7287,#7293),.PCURVE_S1.);
#7283 = LINE('',#7284,#7285);
#7284 = CARTESIAN_POINT('',(17.45,37.615,92.));
#7285 = VECTOR('',#7286,1.);
#7286 = DIRECTION('',(0.,-1.,2.22044604925E-16));
#7287 = PCURVE('',#3105,#7288);
#7288 = DEFINITIONAL_REPRESENTATION('',(#7289),#7292);
#7289 = B_SPLINE_CURVE_WITH_KNOTS('',1,(#7290,#7291),.UNSPECIFIED.,.F.,
  .F.,(2,2),(2.5,19.5),.PIECEWISE_BEZIER_KNOTS.);
#7290 = CARTESIAN_POINT('',(0.,1.05));
#7291 = CARTESIAN_POINT('',(17.,1.05));
#7292 = ( GEOMETRIC_REPRESENTATION_CONTEXT(2) 
PARAMETRIC_REPRESENTATION_CONTEXT() REPRESENTATION_CONTEXT('2D SPACE',''
  ) );
#7293 = PCURVE('',#3133,#7294);
#7294 = DEFINITIONAL_REPRESENTATION('',(#7295),#7298);
#7295 = B_SPLINE_CURVE_WITH_KNOTS('',1,(#7296,#7297),.UNSPECIFIED.,.F.,
  .F.,(2,2),(2.5,19.5),.PIECEWISE_BEZIER_KNOTS.);
#7296 = CARTESIAN_POINT('',(5.,-21.35));
#7297 = CARTESIAN_POINT('',(22.,-21.35));
#7298 = ( GEOMETRIC_REPRESENTATION_CONTEXT(2) 
PARAMETRIC_REPRESENTATION_CONTEXT() REPRESENTATION_CONTEXT('2D SPACE',''
  ) );
#7299 = ADVANCED_FACE('',(#7300),#3133,.F.);
#7300 = FACE_BOUND('',#7301,.F.);
#7301 = EDGE_LOOP('',(#7302,#7323,#7342,#7343));
#7302 = ORIENTED_EDGE('',*,*,#7303,.F.);
#7303 = EDGE_CURVE('',#7304,#3118,#7306,.T.);
#7304 = VERTEX_POINT('',#7305);
#7305 = CARTESIAN_POINT('',(17.45,35.115,78.));
#7306 = SURFACE_CURVE('',#7307,(#7311,#7317),.PCURVE_S1.);
#7307 = LINE('',#7308,#7309);
#7308 = CARTESIAN_POINT('',(17.45,37.615,78.));
#7309 = VECTOR('',#7310,1.);
#7310 = DIRECTION('',(0.,-1.,2.22044604925E-16));
#7311 = PCURVE('',#3133,#7312);
#7312 = DEFINITIONAL_REPRESENTATION('',(#7313),#7316);
#7313 = B_SPLINE_CURVE_WITH_KNOTS('',1,(#7314,#7315),.UNSPECIFIED.,.F.,
  .F.,(2,2),(2.5,19.5),.PIECEWISE_BEZIER_KNOTS.);
#7314 = CARTESIAN_POINT('',(5.,-7.35));
#7315 = CARTESIAN_POINT('',(22.,-7.35));
#7316 = ( GEOMETRIC_REPRESENTATION_CONTEXT(2) 
PARAMETRIC_REPRESENTATION_CONTEXT() REPRESENTATION_CONTEXT('2D SPACE',''
  ) );
#7317 = PCURVE('',#3161,#7318);
#7318 = DEFINITIONAL_REPRESENTATION('',(#7319),#7322);
#7319 = B_SPLINE_CURVE_WITH_KNOTS('',1,(#7320,#7321),.UNSPECIFIED.,.F.,
  .F.,(2,2),(2.5,19.5),.PIECEWISE_BEZIER_KNOTS.);
#7320 = CARTESIAN_POINT('',(0.,1.05));
#7321 = CARTESIAN_POINT('',(17.,1.05));
#7322 = ( GEOMETRIC_REPRESENTATION_CONTEXT(2) 
PARAMETRIC_REPRESENTATION_CONTEXT() REPRESENTATION_CONTEXT('2D SPACE',''
  ) );
#7323 = ORIENTED_EDGE('',*,*,#7324,.T.);
#7324 = EDGE_CURVE('',#7304,#7257,#7325,.T.);
#7325 = SURFACE_CURVE('',#7326,(#7330,#7336),.PCURVE_S1.);
#7326 = LINE('',#7327,#7328);
#7327 = CARTESIAN_POINT('',(17.45,35.115,70.65));
#7328 = VECTOR('',#7329,1.);
#7329 = DIRECTION('',(0.,2.22044604925E-16,1.));
#7330 = PCURVE('',#3133,#7331);
#7331 = DEFINITIONAL_REPRESENTATION('',(#7332),#7335);
#7332 = B_SPLINE_CURVE_WITH_KNOTS('',1,(#7333,#7334),.UNSPECIFIED.,.F.,
  .F.,(2,2),(0.,28.7),.PIECEWISE_BEZIER_KNOTS.);
#7333 = CARTESIAN_POINT('',(5.,0.));
#7334 = CARTESIAN_POINT('',(5.,-28.7));
#7335 = ( GEOMETRIC_REPRESENTATION_CONTEXT(2) 
PARAMETRIC_REPRESENTATION_CONTEXT() REPRESENTATION_CONTEXT('2D SPACE',''
  ) );
#7336 = PCURVE('',#6961,#7337);
#7337 = DEFINITIONAL_REPRESENTATION('',(#7338),#7341);
#7338 = B_SPLINE_CURVE_WITH_KNOTS('',1,(#7339,#7340),.UNSPECIFIED.,.F.,
  .F.,(2,2),(0.,28.7),.PIECEWISE_BEZIER_KNOTS.);
#7339 = CARTESIAN_POINT('',(39.9,0.));
#7340 = CARTESIAN_POINT('',(39.9,28.7));
#7341 = ( GEOMETRIC_REPRESENTATION_CONTEXT(2) 
PARAMETRIC_REPRESENTATION_CONTEXT() REPRESENTATION_CONTEXT('2D SPACE',''
  ) );
#7342 = ORIENTED_EDGE('',*,*,#7281,.T.);
#7343 = ORIENTED_EDGE('',*,*,#3117,.F.);
#7344 = ADVANCED_FACE('',(#7345),#3161,.T.);
#7345 = FACE_BOUND('',#7346,.T.);
#7346 = EDGE_LOOP('',(#7347,#7370,#7391,#7392));
#7347 = ORIENTED_EDGE('',*,*,#7348,.F.);
#7348 = EDGE_CURVE('',#7349,#7304,#7351,.T.);
#7349 = VERTEX_POINT('',#7350);
#7350 = CARTESIAN_POINT('',(16.4,35.115,78.));
#7351 = SURFACE_CURVE('',#7352,(#7356,#7363),.PCURVE_S1.);
#7352 = LINE('',#7353,#7354);
#7353 = CARTESIAN_POINT('',(16.4,35.115,78.));
#7354 = VECTOR('',#7355,1.);
#7355 = DIRECTION('',(1.,0.,0.));
#7356 = PCURVE('',#3161,#7357);
#7357 = DEFINITIONAL_REPRESENTATION('',(#7358),#7362);
#7358 = LINE('',#7359,#7360);
#7359 = CARTESIAN_POINT('',(0.,0.));
#7360 = VECTOR('',#7361,1.);
#7361 = DIRECTION('',(0.,1.));
#7362 = ( GEOMETRIC_REPRESENTATION_CONTEXT(2) 
PARAMETRIC_REPRESENTATION_CONTEXT() REPRESENTATION_CONTEXT('2D SPACE',''
  ) );
#7363 = PCURVE('',#6961,#7364);
#7364 = DEFINITIONAL_REPRESENTATION('',(#7365),#7369);
#7365 = LINE('',#7366,#7367);
#7366 = CARTESIAN_POINT('',(38.85,7.35));
#7367 = VECTOR('',#7368,1.);
#7368 = DIRECTION('',(1.,0.));
#7369 = ( GEOMETRIC_REPRESENTATION_CONTEXT(2) 
PARAMETRIC_REPRESENTATION_CONTEXT() REPRESENTATION_CONTEXT('2D SPACE',''
  ) );
#7370 = ORIENTED_EDGE('',*,*,#7371,.T.);
#7371 = EDGE_CURVE('',#7349,#3146,#7372,.T.);
#7372 = SURFACE_CURVE('',#7373,(#7377,#7384),.PCURVE_S1.);
#7373 = LINE('',#7374,#7375);
#7374 = CARTESIAN_POINT('',(16.4,35.115,78.));
#7375 = VECTOR('',#7376,1.);
#7376 = DIRECTION('',(0.,-1.,2.22044604925E-16));
#7377 = PCURVE('',#3161,#7378);
#7378 = DEFINITIONAL_REPRESENTATION('',(#7379),#7383);
#7379 = LINE('',#7380,#7381);
#7380 = CARTESIAN_POINT('',(0.,0.));
#7381 = VECTOR('',#7382,1.);
#7382 = DIRECTION('',(1.,0.));
#7383 = ( GEOMETRIC_REPRESENTATION_CONTEXT(2) 
PARAMETRIC_REPRESENTATION_CONTEXT() REPRESENTATION_CONTEXT('2D SPACE',''
  ) );
#7384 = PCURVE('',#3189,#7385);
#7385 = DEFINITIONAL_REPRESENTATION('',(#7386),#7390);
#7386 = LINE('',#7387,#7388);
#7387 = CARTESIAN_POINT('',(0.,-7.35));
#7388 = VECTOR('',#7389,1.);
#7389 = DIRECTION('',(1.,0.));
#7390 = ( GEOMETRIC_REPRESENTATION_CONTEXT(2) 
PARAMETRIC_REPRESENTATION_CONTEXT() REPRESENTATION_CONTEXT('2D SPACE',''
  ) );
#7391 = ORIENTED_EDGE('',*,*,#3145,.T.);
#7392 = ORIENTED_EDGE('',*,*,#7303,.F.);
#7393 = ADVANCED_FACE('',(#7394,#7440),#3189,.F.);
#7394 = FACE_BOUND('',#7395,.F.);
#7395 = EDGE_LOOP('',(#7396,#7397,#7418,#7439));
#7396 = ORIENTED_EDGE('',*,*,#3173,.F.);
#7397 = ORIENTED_EDGE('',*,*,#7398,.F.);
#7398 = EDGE_CURVE('',#7399,#3174,#7401,.T.);
#7399 = VERTEX_POINT('',#7400);
#7400 = CARTESIAN_POINT('',(16.4,35.115,72.65));
#7401 = SURFACE_CURVE('',#7402,(#7406,#7412),.PCURVE_S1.);
#7402 = LINE('',#7403,#7404);
#7403 = CARTESIAN_POINT('',(16.4,37.615,72.65));
#7404 = VECTOR('',#7405,1.);
#7405 = DIRECTION('',(0.,-1.,2.22044604925E-16));
#7406 = PCURVE('',#3189,#7407);
#7407 = DEFINITIONAL_REPRESENTATION('',(#7408),#7411);
#7408 = B_SPLINE_CURVE_WITH_KNOTS('',1,(#7409,#7410),.UNSPECIFIED.,.F.,
  .F.,(2,2),(2.5,19.5),.PIECEWISE_BEZIER_KNOTS.);
#7409 = CARTESIAN_POINT('',(0.,-2.));
#7410 = CARTESIAN_POINT('',(17.,-2.));
#7411 = ( GEOMETRIC_REPRESENTATION_CONTEXT(2) 
PARAMETRIC_REPRESENTATION_CONTEXT() REPRESENTATION_CONTEXT('2D SPACE',''
  ) );
#7412 = PCURVE('',#3217,#7413);
#7413 = DEFINITIONAL_REPRESENTATION('',(#7414),#7417);
#7414 = B_SPLINE_CURVE_WITH_KNOTS('',1,(#7415,#7416),.UNSPECIFIED.,.F.,
  .F.,(2,2),(2.5,19.5),.PIECEWISE_BEZIER_KNOTS.);
#7415 = CARTESIAN_POINT('',(5.,33.85));
#7416 = CARTESIAN_POINT('',(22.,33.85));
#7417 = ( GEOMETRIC_REPRESENTATION_CONTEXT(2) 
PARAMETRIC_REPRESENTATION_CONTEXT() REPRESENTATION_CONTEXT('2D SPACE',''
  ) );
#7418 = ORIENTED_EDGE('',*,*,#7419,.T.);
#7419 = EDGE_CURVE('',#7399,#7349,#7420,.T.);
#7420 = SURFACE_CURVE('',#7421,(#7425,#7432),.PCURVE_S1.);
#7421 = LINE('',#7422,#7423);
#7422 = CARTESIAN_POINT('',(16.4,35.115,70.65));
#7423 = VECTOR('',#7424,1.);
#7424 = DIRECTION('',(0.,2.22044604925E-16,1.));
#7425 = PCURVE('',#3189,#7426);
#7426 = DEFINITIONAL_REPRESENTATION('',(#7427),#7431);
#7427 = LINE('',#7428,#7429);
#7428 = CARTESIAN_POINT('',(0.,0.));
#7429 = VECTOR('',#7430,1.);
#7430 = DIRECTION('',(0.,-1.));
#7431 = ( GEOMETRIC_REPRESENTATION_CONTEXT(2) 
PARAMETRIC_REPRESENTATION_CONTEXT() REPRESENTATION_CONTEXT('2D SPACE',''
  ) );
#7432 = PCURVE('',#6961,#7433);
#7433 = DEFINITIONAL_REPRESENTATION('',(#7434),#7438);
#7434 = LINE('',#7435,#7436);
#7435 = CARTESIAN_POINT('',(38.85,0.));
#7436 = VECTOR('',#7437,1.);
#7437 = DIRECTION('',(0.,1.));
#7438 = ( GEOMETRIC_REPRESENTATION_CONTEXT(2) 
PARAMETRIC_REPRESENTATION_CONTEXT() REPRESENTATION_CONTEXT('2D SPACE',''
  ) );
#7439 = ORIENTED_EDGE('',*,*,#7371,.T.);
#7440 = FACE_BOUND('',#7441,.F.);
#7441 = EDGE_LOOP('',(#7442));
#7442 = ORIENTED_EDGE('',*,*,#7443,.F.);
#7443 = EDGE_CURVE('',#7444,#7444,#7446,.T.);
#7444 = VERTEX_POINT('',#7445);
#7445 = CARTESIAN_POINT('',(16.4,30.315,74.75));
#7446 = SURFACE_CURVE('',#7447,(#7452,#7459),.PCURVE_S1.);
#7447 = CIRCLE('',#7448,1.);
#7448 = AXIS2_PLACEMENT_3D('',#7449,#7450,#7451);
#7449 = CARTESIAN_POINT('',(16.4,29.315,74.75));
#7450 = DIRECTION('',(1.,-2.22044604925E-16,4.930380657631E-32));
#7451 = DIRECTION('',(2.22044604925E-16,1.,-2.22044604925E-16));
#7452 = PCURVE('',#3189,#7453);
#7453 = DEFINITIONAL_REPRESENTATION('',(#7454),#7458);
#7454 = CIRCLE('',#7455,1.);
#7455 = AXIS2_PLACEMENT_2D('',#7456,#7457);
#7456 = CARTESIAN_POINT('',(5.8,-4.1));
#7457 = DIRECTION('',(-1.,0.));
#7458 = ( GEOMETRIC_REPRESENTATION_CONTEXT(2) 
PARAMETRIC_REPRESENTATION_CONTEXT() REPRESENTATION_CONTEXT('2D SPACE',''
  ) );
#7459 = PCURVE('',#7460,#7465);
#7460 = CYLINDRICAL_SURFACE('',#7461,1.);
#7461 = AXIS2_PLACEMENT_3D('',#7462,#7463,#7464);
#7462 = CARTESIAN_POINT('',(-30.,29.315,74.75));
#7463 = DIRECTION('',(1.,-2.22044604925E-16,4.930380657631E-32));
#7464 = DIRECTION('',(2.22044604925E-16,1.,-2.22044604925E-16));
#7465 = DEFINITIONAL_REPRESENTATION('',(#7466),#7470);
#7466 = LINE('',#7467,#7468);
#7467 = CARTESIAN_POINT('',(0.,46.4));
#7468 = VECTOR('',#7469,1.);
#7469 = DIRECTION('',(1.,0.));
#7470 = ( GEOMETRIC_REPRESENTATION_CONTEXT(2) 
PARAMETRIC_REPRESENTATION_CONTEXT() REPRESENTATION_CONTEXT('2D SPACE',''
  ) );
#7471 = ADVANCED_FACE('',(#7472),#3217,.T.);
#7472 = FACE_BOUND('',#7473,.T.);
#7473 = EDGE_LOOP('',(#7474,#7475,#7476,#7495));
#7474 = ORIENTED_EDGE('',*,*,#3201,.T.);
#7475 = ORIENTED_EDGE('',*,*,#7398,.F.);
#7476 = ORIENTED_EDGE('',*,*,#7477,.T.);
#7477 = EDGE_CURVE('',#7399,#6925,#7478,.T.);
#7478 = SURFACE_CURVE('',#7479,(#7483,#7489),.PCURVE_S1.);
#7479 = LINE('',#7480,#7481);
#7480 = CARTESIAN_POINT('',(-19.95,35.115,72.65));
#7481 = VECTOR('',#7482,1.);
#7482 = DIRECTION('',(-1.,-0.,0.));
#7483 = PCURVE('',#3217,#7484);
#7484 = DEFINITIONAL_REPRESENTATION('',(#7485),#7488);
#7485 = B_SPLINE_CURVE_WITH_KNOTS('',1,(#7486,#7487),.UNSPECIFIED.,.F.,
  .F.,(2,2),(-37.4,-4.55),.PIECEWISE_BEZIER_KNOTS.);
#7486 = CARTESIAN_POINT('',(5.,34.9));
#7487 = CARTESIAN_POINT('',(5.,2.05));
#7488 = ( GEOMETRIC_REPRESENTATION_CONTEXT(2) 
PARAMETRIC_REPRESENTATION_CONTEXT() REPRESENTATION_CONTEXT('2D SPACE',''
  ) );
#7489 = PCURVE('',#6961,#7490);
#7490 = DEFINITIONAL_REPRESENTATION('',(#7491),#7494);
#7491 = B_SPLINE_CURVE_WITH_KNOTS('',1,(#7492,#7493),.UNSPECIFIED.,.F.,
  .F.,(2,2),(-37.4,-4.55),.PIECEWISE_BEZIER_KNOTS.);
#7492 = CARTESIAN_POINT('',(39.9,2.));
#7493 = CARTESIAN_POINT('',(7.05,2.));
#7494 = ( GEOMETRIC_REPRESENTATION_CONTEXT(2) 
PARAMETRIC_REPRESENTATION_CONTEXT() REPRESENTATION_CONTEXT('2D SPACE',''
  ) );
#7495 = ORIENTED_EDGE('',*,*,#6924,.T.);
#7496 = ADVANCED_FACE('',(#7497),#3268,.T.);
#7497 = FACE_BOUND('',#7498,.T.);
#7498 = EDGE_LOOP('',(#7499,#7520,#7539,#7540));
#7499 = ORIENTED_EDGE('',*,*,#7500,.F.);
#7500 = EDGE_CURVE('',#7501,#7017,#7503,.T.);
#7501 = VERTEX_POINT('',#7502);
#7502 = CARTESIAN_POINT('',(-17.45,30.115,75.75));
#7503 = SURFACE_CURVE('',#7504,(#7508,#7514),.PCURVE_S1.);
#7504 = LINE('',#7505,#7506);
#7505 = CARTESIAN_POINT('',(-22.45,30.115,75.75));
#7506 = VECTOR('',#7507,1.);
#7507 = DIRECTION('',(1.,0.,0.));
#7508 = PCURVE('',#3268,#7509);
#7509 = DEFINITIONAL_REPRESENTATION('',(#7510),#7513);
#7510 = B_SPLINE_CURVE_WITH_KNOTS('',1,(#7511,#7512),.UNSPECIFIED.,.F.,
  .F.,(2,2),(5.,7.05),.PIECEWISE_BEZIER_KNOTS.);
#7511 = CARTESIAN_POINT('',(5.,5.));
#7512 = CARTESIAN_POINT('',(5.,7.05));
#7513 = ( GEOMETRIC_REPRESENTATION_CONTEXT(2) 
PARAMETRIC_REPRESENTATION_CONTEXT() REPRESENTATION_CONTEXT('2D SPACE',''
  ) );
#7514 = PCURVE('',#7032,#7515);
#7515 = DEFINITIONAL_REPRESENTATION('',(#7516),#7519);
#7516 = B_SPLINE_CURVE_WITH_KNOTS('',1,(#7517,#7518),.UNSPECIFIED.,.F.,
  .F.,(2,2),(5.,7.05),.PIECEWISE_BEZIER_KNOTS.);
#7517 = CARTESIAN_POINT('',(5.,5.1));
#7518 = CARTESIAN_POINT('',(7.05,5.1));
#7519 = ( GEOMETRIC_REPRESENTATION_CONTEXT(2) 
PARAMETRIC_REPRESENTATION_CONTEXT() REPRESENTATION_CONTEXT('2D SPACE',''
  ) );
#7520 = ORIENTED_EDGE('',*,*,#7521,.T.);
#7521 = EDGE_CURVE('',#7501,#3253,#7522,.T.);
#7522 = SURFACE_CURVE('',#7523,(#7527,#7533),.PCURVE_S1.);
#7523 = LINE('',#7524,#7525);
#7524 = CARTESIAN_POINT('',(-17.45,37.615,75.75));
#7525 = VECTOR('',#7526,1.);
#7526 = DIRECTION('',(0.,-1.,2.22044604925E-16));
#7527 = PCURVE('',#3268,#7528);
#7528 = DEFINITIONAL_REPRESENTATION('',(#7529),#7532);
#7529 = B_SPLINE_CURVE_WITH_KNOTS('',1,(#7530,#7531),.UNSPECIFIED.,.F.,
  .F.,(2,2),(2.5,19.5),.PIECEWISE_BEZIER_KNOTS.);
#7530 = CARTESIAN_POINT('',(0.,5.));
#7531 = CARTESIAN_POINT('',(17.,5.));
#7532 = ( GEOMETRIC_REPRESENTATION_CONTEXT(2) 
PARAMETRIC_REPRESENTATION_CONTEXT() REPRESENTATION_CONTEXT('2D SPACE',''
  ) );
#7533 = PCURVE('',#3296,#7534);
#7534 = DEFINITIONAL_REPRESENTATION('',(#7535),#7538);
#7535 = B_SPLINE_CURVE_WITH_KNOTS('',1,(#7536,#7537),.UNSPECIFIED.,.F.,
  .F.,(2,2),(2.5,19.5),.PIECEWISE_BEZIER_KNOTS.);
#7536 = CARTESIAN_POINT('',(5.,-5.1));
#7537 = CARTESIAN_POINT('',(22.,-5.1));
#7538 = ( GEOMETRIC_REPRESENTATION_CONTEXT(2) 
PARAMETRIC_REPRESENTATION_CONTEXT() REPRESENTATION_CONTEXT('2D SPACE',''
  ) );
#7539 = ORIENTED_EDGE('',*,*,#3252,.T.);
#7540 = ORIENTED_EDGE('',*,*,#7044,.F.);
#7541 = ADVANCED_FACE('',(#7542),#3296,.T.);
#7542 = FACE_BOUND('',#7543,.T.);
#7543 = EDGE_LOOP('',(#7544,#7545,#7566,#7585));
#7544 = ORIENTED_EDGE('',*,*,#7521,.F.);
#7545 = ORIENTED_EDGE('',*,*,#7546,.F.);
#7546 = EDGE_CURVE('',#7547,#7501,#7549,.T.);
#7547 = VERTEX_POINT('',#7548);
#7548 = CARTESIAN_POINT('',(-17.45,30.115,94.25));
#7549 = SURFACE_CURVE('',#7550,(#7554,#7560),.PCURVE_S1.);
#7550 = LINE('',#7551,#7552);
#7551 = CARTESIAN_POINT('',(-17.45,30.115,70.65));
#7552 = VECTOR('',#7553,1.);
#7553 = DIRECTION('',(0.,-2.22044604925E-16,-1.));
#7554 = PCURVE('',#3296,#7555);
#7555 = DEFINITIONAL_REPRESENTATION('',(#7556),#7559);
#7556 = B_SPLINE_CURVE_WITH_KNOTS('',1,(#7557,#7558),.UNSPECIFIED.,.F.,
  .F.,(2,2),(-28.7,0.),.PIECEWISE_BEZIER_KNOTS.);
#7557 = CARTESIAN_POINT('',(10.,-28.7));
#7558 = CARTESIAN_POINT('',(10.,0.));
#7559 = ( GEOMETRIC_REPRESENTATION_CONTEXT(2) 
PARAMETRIC_REPRESENTATION_CONTEXT() REPRESENTATION_CONTEXT('2D SPACE',''
  ) );
#7560 = PCURVE('',#7032,#7561);
#7561 = DEFINITIONAL_REPRESENTATION('',(#7562),#7565);
#7562 = B_SPLINE_CURVE_WITH_KNOTS('',1,(#7563,#7564),.UNSPECIFIED.,.F.,
  .F.,(2,2),(-28.7,0.),.PIECEWISE_BEZIER_KNOTS.);
#7563 = CARTESIAN_POINT('',(5.,28.7));
#7564 = CARTESIAN_POINT('',(5.,0.));
#7565 = ( GEOMETRIC_REPRESENTATION_CONTEXT(2) 
PARAMETRIC_REPRESENTATION_CONTEXT() REPRESENTATION_CONTEXT('2D SPACE',''
  ) );
#7566 = ORIENTED_EDGE('',*,*,#7567,.T.);
#7567 = EDGE_CURVE('',#7547,#3281,#7568,.T.);
#7568 = SURFACE_CURVE('',#7569,(#7573,#7579),.PCURVE_S1.);
#7569 = LINE('',#7570,#7571);
#7570 = CARTESIAN_POINT('',(-17.45,37.615,94.25));
#7571 = VECTOR('',#7572,1.);
#7572 = DIRECTION('',(0.,-1.,2.22044604925E-16));
#7573 = PCURVE('',#3296,#7574);
#7574 = DEFINITIONAL_REPRESENTATION('',(#7575),#7578);
#7575 = B_SPLINE_CURVE_WITH_KNOTS('',1,(#7576,#7577),.UNSPECIFIED.,.F.,
  .F.,(2,2),(2.5,19.5),.PIECEWISE_BEZIER_KNOTS.);
#7576 = CARTESIAN_POINT('',(5.,-23.6));
#7577 = CARTESIAN_POINT('',(22.,-23.6));
#7578 = ( GEOMETRIC_REPRESENTATION_CONTEXT(2) 
PARAMETRIC_REPRESENTATION_CONTEXT() REPRESENTATION_CONTEXT('2D SPACE',''
  ) );
#7579 = PCURVE('',#3322,#7580);
#7580 = DEFINITIONAL_REPRESENTATION('',(#7581),#7584);
#7581 = B_SPLINE_CURVE_WITH_KNOTS('',1,(#7582,#7583),.UNSPECIFIED.,.F.,
  .F.,(2,2),(2.5,19.5),.PIECEWISE_BEZIER_KNOTS.);
#7582 = CARTESIAN_POINT('',(0.,5.));
#7583 = CARTESIAN_POINT('',(17.,5.));
#7584 = ( GEOMETRIC_REPRESENTATION_CONTEXT(2) 
PARAMETRIC_REPRESENTATION_CONTEXT() REPRESENTATION_CONTEXT('2D SPACE',''
  ) );
#7585 = ORIENTED_EDGE('',*,*,#3280,.F.);
#7586 = ADVANCED_FACE('',(#7587),#3322,.F.);
#7587 = FACE_BOUND('',#7588,.F.);
#7588 = EDGE_LOOP('',(#7589,#7608,#7609,#7610));
#7589 = ORIENTED_EDGE('',*,*,#7590,.F.);
#7590 = EDGE_CURVE('',#7547,#6994,#7591,.T.);
#7591 = SURFACE_CURVE('',#7592,(#7596,#7602),.PCURVE_S1.);
#7592 = LINE('',#7593,#7594);
#7593 = CARTESIAN_POINT('',(-22.45,30.115,94.25));
#7594 = VECTOR('',#7595,1.);
#7595 = DIRECTION('',(1.,0.,0.));
#7596 = PCURVE('',#3322,#7597);
#7597 = DEFINITIONAL_REPRESENTATION('',(#7598),#7601);
#7598 = B_SPLINE_CURVE_WITH_KNOTS('',1,(#7599,#7600),.UNSPECIFIED.,.F.,
  .F.,(2,2),(5.,7.05),.PIECEWISE_BEZIER_KNOTS.);
#7599 = CARTESIAN_POINT('',(5.,5.));
#7600 = CARTESIAN_POINT('',(5.,7.05));
#7601 = ( GEOMETRIC_REPRESENTATION_CONTEXT(2) 
PARAMETRIC_REPRESENTATION_CONTEXT() REPRESENTATION_CONTEXT('2D SPACE',''
  ) );
#7602 = PCURVE('',#7032,#7603);
#7603 = DEFINITIONAL_REPRESENTATION('',(#7604),#7607);
#7604 = B_SPLINE_CURVE_WITH_KNOTS('',1,(#7605,#7606),.UNSPECIFIED.,.F.,
  .F.,(2,2),(5.,7.05),.PIECEWISE_BEZIER_KNOTS.);
#7605 = CARTESIAN_POINT('',(5.,23.6));
#7606 = CARTESIAN_POINT('',(7.05,23.6));
#7607 = ( GEOMETRIC_REPRESENTATION_CONTEXT(2) 
PARAMETRIC_REPRESENTATION_CONTEXT() REPRESENTATION_CONTEXT('2D SPACE',''
  ) );
#7608 = ORIENTED_EDGE('',*,*,#7567,.T.);
#7609 = ORIENTED_EDGE('',*,*,#3308,.T.);
#7610 = ORIENTED_EDGE('',*,*,#6993,.F.);
#7611 = ADVANCED_FACE('',(#7612),#3452,.T.);
#7612 = FACE_BOUND('',#7613,.T.);
#7613 = EDGE_LOOP('',(#7614,#7636,#7658,#7659));
#7614 = ORIENTED_EDGE('',*,*,#7615,.F.);
#7615 = EDGE_CURVE('',#7616,#3415,#7618,.T.);
#7616 = VERTEX_POINT('',#7617);
#7617 = CARTESIAN_POINT('',(-13.,40.115,72.65));
#7618 = SURFACE_CURVE('',#7619,(#7624,#7630),.PCURVE_S1.);
#7619 = CIRCLE('',#7620,2.);
#7620 = AXIS2_PLACEMENT_3D('',#7621,#7622,#7623);
#7621 = CARTESIAN_POINT('',(-13.,38.115,72.65));
#7622 = DIRECTION('',(-1.,0.,-0.));
#7623 = DIRECTION('',(-0.,1.,0.));
#7624 = PCURVE('',#3452,#7625);
#7625 = DEFINITIONAL_REPRESENTATION('',(#7626),#7629);
#7626 = B_SPLINE_CURVE_WITH_KNOTS('',1,(#7627,#7628),.UNSPECIFIED.,.F.,
  .F.,(2,2),(0.,1.570796326795),.PIECEWISE_BEZIER_KNOTS.);
#7627 = CARTESIAN_POINT('',(-2.22044604925E-16,1.570796326795));
#7628 = CARTESIAN_POINT('',(-2.22044604925E-16,3.14159265359));
#7629 = ( GEOMETRIC_REPRESENTATION_CONTEXT(2) 
PARAMETRIC_REPRESENTATION_CONTEXT() REPRESENTATION_CONTEXT('2D SPACE',''
  ) );
#7630 = PCURVE('',#6349,#7631);
#7631 = DEFINITIONAL_REPRESENTATION('',(#7632),#7635);
#7632 = B_SPLINE_CURVE_WITH_KNOTS('',1,(#7633,#7634),.UNSPECIFIED.,.F.,
  .F.,(2,2),(0.,1.570796326795),.PIECEWISE_BEZIER_KNOTS.);
#7633 = CARTESIAN_POINT('',(0.,7.45));
#7634 = CARTESIAN_POINT('',(-1.570796326795,7.45));
#7635 = ( GEOMETRIC_REPRESENTATION_CONTEXT(2) 
PARAMETRIC_REPRESENTATION_CONTEXT() REPRESENTATION_CONTEXT('2D SPACE',''
  ) );
#7636 = ORIENTED_EDGE('',*,*,#7637,.T.);
#7637 = EDGE_CURVE('',#7616,#3528,#7638,.T.);
#7638 = SURFACE_CURVE('',#7639,(#7644,#7651),.PCURVE_S1.);
#7639 = CIRCLE('',#7640,7.);
#7640 = AXIS2_PLACEMENT_3D('',#7641,#7642,#7643);
#7641 = CARTESIAN_POINT('',(-13.,40.115,65.65));
#7642 = DIRECTION('',(-0.,1.,0.));
#7643 = DIRECTION('',(3.552713678801E-16,0.,1.));
#7644 = PCURVE('',#3452,#7645);
#7645 = DEFINITIONAL_REPRESENTATION('',(#7646),#7650);
#7646 = LINE('',#7647,#7648);
#7647 = CARTESIAN_POINT('',(0.,1.570796326795));
#7648 = VECTOR('',#7649,1.);
#7649 = DIRECTION('',(1.,0.));
#7650 = ( GEOMETRIC_REPRESENTATION_CONTEXT(2) 
PARAMETRIC_REPRESENTATION_CONTEXT() REPRESENTATION_CONTEXT('2D SPACE',''
  ) );
#7651 = PCURVE('',#3545,#7652);
#7652 = DEFINITIONAL_REPRESENTATION('',(#7653),#7657);
#7653 = CIRCLE('',#7654,7.);
#7654 = AXIS2_PLACEMENT_2D('',#7655,#7656);
#7655 = CARTESIAN_POINT('',(5.65,-5.));
#7656 = DIRECTION('',(1.,2.537652627715E-16));
#7657 = ( GEOMETRIC_REPRESENTATION_CONTEXT(2) 
PARAMETRIC_REPRESENTATION_CONTEXT() REPRESENTATION_CONTEXT('2D SPACE',''
  ) );
#7658 = ORIENTED_EDGE('',*,*,#3557,.T.);
#7659 = ORIENTED_EDGE('',*,*,#3437,.F.);
#7660 = ADVANCED_FACE('',(#7661),#3485,.T.);
#7661 = FACE_BOUND('',#7662,.F.);
#7662 = EDGE_LOOP('',(#7663,#7664,#7665));
#7663 = ORIENTED_EDGE('',*,*,#4031,.F.);
#7664 = ORIENTED_EDGE('',*,*,#3469,.T.);
#7665 = ORIENTED_EDGE('',*,*,#7666,.F.);
#7666 = EDGE_CURVE('',#4004,#3470,#7667,.T.);
#7667 = SURFACE_CURVE('',#7668,(#7673,#7680),.PCURVE_S1.);
#7668 = CIRCLE('',#7669,2.);
#7669 = AXIS2_PLACEMENT_3D('',#7670,#7671,#7672);
#7670 = CARTESIAN_POINT('',(-6.,-30.75,68.65));
#7671 = DIRECTION('',(-1.,-2.22044604925E-16,0.));
#7672 = DIRECTION('',(2.22044604925E-16,-1.,0.));
#7673 = PCURVE('',#3485,#7674);
#7674 = DEFINITIONAL_REPRESENTATION('',(#7675),#7679);
#7675 = LINE('',#7676,#7677);
#7676 = CARTESIAN_POINT('',(-0.,0.));
#7677 = VECTOR('',#7678,1.);
#7678 = DIRECTION('',(-1.,0.));
#7679 = ( GEOMETRIC_REPRESENTATION_CONTEXT(2) 
PARAMETRIC_REPRESENTATION_CONTEXT() REPRESENTATION_CONTEXT('2D SPACE',''
  ) );
#7680 = PCURVE('',#7681,#7686);
#7681 = CYLINDRICAL_SURFACE('',#7682,2.);
#7682 = AXIS2_PLACEMENT_3D('',#7683,#7684,#7685);
#7683 = CARTESIAN_POINT('',(-8.,-30.75,68.65));
#7684 = DIRECTION('',(1.,0.,-0.));
#7685 = DIRECTION('',(0.,0.,1.));
#7686 = DEFINITIONAL_REPRESENTATION('',(#7687),#7691);
#7687 = LINE('',#7688,#7689);
#7688 = CARTESIAN_POINT('',(1.570796326795,2.));
#7689 = VECTOR('',#7690,1.);
#7690 = DIRECTION('',(-1.,-0.));
#7691 = ( GEOMETRIC_REPRESENTATION_CONTEXT(2) 
PARAMETRIC_REPRESENTATION_CONTEXT() REPRESENTATION_CONTEXT('2D SPACE',''
  ) );
#7692 = ADVANCED_FACE('',(#7693),#3510,.T.);
#7693 = FACE_BOUND('',#7694,.T.);
#7694 = EDGE_LOOP('',(#7695,#7716,#7717,#7718));
#7695 = ORIENTED_EDGE('',*,*,#7696,.T.);
#7696 = EDGE_CURVE('',#3470,#5587,#7697,.T.);
#7697 = SURFACE_CURVE('',#7698,(#7702,#7709),.PCURVE_S1.);
#7698 = LINE('',#7699,#7700);
#7699 = CARTESIAN_POINT('',(-8.,-30.75,70.65));
#7700 = VECTOR('',#7701,1.);
#7701 = DIRECTION('',(1.,0.,-0.));
#7702 = PCURVE('',#3510,#7703);
#7703 = DEFINITIONAL_REPRESENTATION('',(#7704),#7708);
#7704 = LINE('',#7705,#7706);
#7705 = CARTESIAN_POINT('',(0.,-57.2));
#7706 = VECTOR('',#7707,1.);
#7707 = DIRECTION('',(1.,0.));
#7708 = ( GEOMETRIC_REPRESENTATION_CONTEXT(2) 
PARAMETRIC_REPRESENTATION_CONTEXT() REPRESENTATION_CONTEXT('2D SPACE',''
  ) );
#7709 = PCURVE('',#7681,#7710);
#7710 = DEFINITIONAL_REPRESENTATION('',(#7711),#7715);
#7711 = LINE('',#7712,#7713);
#7712 = CARTESIAN_POINT('',(0.,0.));
#7713 = VECTOR('',#7714,1.);
#7714 = DIRECTION('',(0.,1.));
#7715 = ( GEOMETRIC_REPRESENTATION_CONTEXT(2) 
PARAMETRIC_REPRESENTATION_CONTEXT() REPRESENTATION_CONTEXT('2D SPACE',''
  ) );
#7716 = ORIENTED_EDGE('',*,*,#5584,.F.);
#7717 = ORIENTED_EDGE('',*,*,#6265,.F.);
#7718 = ORIENTED_EDGE('',*,*,#3496,.F.);
#7719 = ADVANCED_FACE('',(#7720),#3545,.T.);
#7720 = FACE_BOUND('',#7721,.T.);
#7721 = EDGE_LOOP('',(#7722,#7723,#7749,#7750,#7751,#7774,#7797,#7820,
    #7843,#7866));
#7722 = ORIENTED_EDGE('',*,*,#5890,.F.);
#7723 = ORIENTED_EDGE('',*,*,#7724,.T.);
#7724 = EDGE_CURVE('',#5891,#3530,#7725,.T.);
#7725 = SURFACE_CURVE('',#7726,(#7730,#7737),.PCURVE_S1.);
#7726 = LINE('',#7727,#7728);
#7727 = CARTESIAN_POINT('',(6.,40.115,27.911501248498));
#7728 = VECTOR('',#7729,1.);
#7729 = DIRECTION('',(-1.,0.,0.));
#7730 = PCURVE('',#3545,#7731);
#7731 = DEFINITIONAL_REPRESENTATION('',(#7732),#7736);
#7732 = LINE('',#7733,#7734);
#7733 = CARTESIAN_POINT('',(-32.0884987515,14.));
#7734 = VECTOR('',#7735,1.);
#7735 = DIRECTION('',(0.,-1.));
#7736 = ( GEOMETRIC_REPRESENTATION_CONTEXT(2) 
PARAMETRIC_REPRESENTATION_CONTEXT() REPRESENTATION_CONTEXT('2D SPACE',''
  ) );
#7737 = PCURVE('',#7738,#7743);
#7738 = CYLINDRICAL_SURFACE('',#7739,2.);
#7739 = AXIS2_PLACEMENT_3D('',#7740,#7741,#7742);
#7740 = CARTESIAN_POINT('',(6.,38.115,27.911501248498));
#7741 = DIRECTION('',(-1.,0.,0.));
#7742 = DIRECTION('',(0.,1.,-0.));
#7743 = DEFINITIONAL_REPRESENTATION('',(#7744),#7748);
#7744 = LINE('',#7745,#7746);
#7745 = CARTESIAN_POINT('',(0.,0.));
#7746 = VECTOR('',#7747,1.);
#7747 = DIRECTION('',(0.,1.));
#7748 = ( GEOMETRIC_REPRESENTATION_CONTEXT(2) 
PARAMETRIC_REPRESENTATION_CONTEXT() REPRESENTATION_CONTEXT('2D SPACE',''
  ) );
#7749 = ORIENTED_EDGE('',*,*,#3527,.F.);
#7750 = ORIENTED_EDGE('',*,*,#7637,.F.);
#7751 = ORIENTED_EDGE('',*,*,#7752,.F.);
#7752 = EDGE_CURVE('',#7753,#7616,#7755,.T.);
#7753 = VERTEX_POINT('',#7754);
#7754 = CARTESIAN_POINT('',(-20.45,40.115,72.65));
#7755 = SURFACE_CURVE('',#7756,(#7760,#7767),.PCURVE_S1.);
#7756 = LINE('',#7757,#7758);
#7757 = CARTESIAN_POINT('',(-20.45,40.115,72.65));
#7758 = VECTOR('',#7759,1.);
#7759 = DIRECTION('',(1.,0.,0.));
#7760 = PCURVE('',#3545,#7761);
#7761 = DEFINITIONAL_REPRESENTATION('',(#7762),#7766);
#7762 = LINE('',#7763,#7764);
#7763 = CARTESIAN_POINT('',(12.65,-12.45));
#7764 = VECTOR('',#7765,1.);
#7765 = DIRECTION('',(0.,1.));
#7766 = ( GEOMETRIC_REPRESENTATION_CONTEXT(2) 
PARAMETRIC_REPRESENTATION_CONTEXT() REPRESENTATION_CONTEXT('2D SPACE',''
  ) );
#7767 = PCURVE('',#6349,#7768);
#7768 = DEFINITIONAL_REPRESENTATION('',(#7769),#7773);
#7769 = LINE('',#7770,#7771);
#7770 = CARTESIAN_POINT('',(-0.,0.));
#7771 = VECTOR('',#7772,1.);
#7772 = DIRECTION('',(-0.,1.));
#7773 = ( GEOMETRIC_REPRESENTATION_CONTEXT(2) 
PARAMETRIC_REPRESENTATION_CONTEXT() REPRESENTATION_CONTEXT('2D SPACE',''
  ) );
#7774 = ORIENTED_EDGE('',*,*,#7775,.F.);
#7775 = EDGE_CURVE('',#7776,#7753,#7778,.T.);
#7776 = VERTEX_POINT('',#7777);
#7777 = CARTESIAN_POINT('',(-20.45,40.115,97.35));
#7778 = SURFACE_CURVE('',#7779,(#7783,#7790),.PCURVE_S1.);
#7779 = LINE('',#7780,#7781);
#7780 = CARTESIAN_POINT('',(-20.45,40.115,97.349999997432));
#7781 = VECTOR('',#7782,1.);
#7782 = DIRECTION('',(-0.,-2.22044604925E-16,-1.));
#7783 = PCURVE('',#3545,#7784);
#7784 = DEFINITIONAL_REPRESENTATION('',(#7785),#7789);
#7785 = LINE('',#7786,#7787);
#7786 = CARTESIAN_POINT('',(37.349999997432,-12.45));
#7787 = VECTOR('',#7788,1.);
#7788 = DIRECTION('',(-1.,0.));
#7789 = ( GEOMETRIC_REPRESENTATION_CONTEXT(2) 
PARAMETRIC_REPRESENTATION_CONTEXT() REPRESENTATION_CONTEXT('2D SPACE',''
  ) );
#7790 = PCURVE('',#6567,#7791);
#7791 = DEFINITIONAL_REPRESENTATION('',(#7792),#7796);
#7792 = LINE('',#7793,#7794);
#7793 = CARTESIAN_POINT('',(-0.,0.));
#7794 = VECTOR('',#7795,1.);
#7795 = DIRECTION('',(-0.,1.));
#7796 = ( GEOMETRIC_REPRESENTATION_CONTEXT(2) 
PARAMETRIC_REPRESENTATION_CONTEXT() REPRESENTATION_CONTEXT('2D SPACE',''
  ) );
#7797 = ORIENTED_EDGE('',*,*,#7798,.F.);
#7798 = EDGE_CURVE('',#7799,#7776,#7801,.T.);
#7799 = VERTEX_POINT('',#7800);
#7800 = CARTESIAN_POINT('',(20.45,40.115,97.349999997432));
#7801 = SURFACE_CURVE('',#7802,(#7806,#7813),.PCURVE_S1.);
#7802 = LINE('',#7803,#7804);
#7803 = CARTESIAN_POINT('',(20.45,40.115,97.35));
#7804 = VECTOR('',#7805,1.);
#7805 = DIRECTION('',(-1.,-0.,-0.));
#7806 = PCURVE('',#3545,#7807);
#7807 = DEFINITIONAL_REPRESENTATION('',(#7808),#7812);
#7808 = LINE('',#7809,#7810);
#7809 = CARTESIAN_POINT('',(37.35,28.45));
#7810 = VECTOR('',#7811,1.);
#7811 = DIRECTION('',(-0.,-1.));
#7812 = ( GEOMETRIC_REPRESENTATION_CONTEXT(2) 
PARAMETRIC_REPRESENTATION_CONTEXT() REPRESENTATION_CONTEXT('2D SPACE',''
  ) );
#7813 = PCURVE('',#6909,#7814);
#7814 = DEFINITIONAL_REPRESENTATION('',(#7815),#7819);
#7815 = LINE('',#7816,#7817);
#7816 = CARTESIAN_POINT('',(-0.,0.));
#7817 = VECTOR('',#7818,1.);
#7818 = DIRECTION('',(-0.,1.));
#7819 = ( GEOMETRIC_REPRESENTATION_CONTEXT(2) 
PARAMETRIC_REPRESENTATION_CONTEXT() REPRESENTATION_CONTEXT('2D SPACE',''
  ) );
#7820 = ORIENTED_EDGE('',*,*,#7821,.F.);
#7821 = EDGE_CURVE('',#7822,#7799,#7824,.T.);
#7822 = VERTEX_POINT('',#7823);
#7823 = CARTESIAN_POINT('',(20.45,40.115,72.65));
#7824 = SURFACE_CURVE('',#7825,(#7829,#7836),.PCURVE_S1.);
#7825 = LINE('',#7826,#7827);
#7826 = CARTESIAN_POINT('',(20.45,40.115,72.65));
#7827 = VECTOR('',#7828,1.);
#7828 = DIRECTION('',(0.,2.22044604925E-16,1.));
#7829 = PCURVE('',#3545,#7830);
#7830 = DEFINITIONAL_REPRESENTATION('',(#7831),#7835);
#7831 = LINE('',#7832,#7833);
#7832 = CARTESIAN_POINT('',(12.65,28.45));
#7833 = VECTOR('',#7834,1.);
#7834 = DIRECTION('',(1.,0.));
#7835 = ( GEOMETRIC_REPRESENTATION_CONTEXT(2) 
PARAMETRIC_REPRESENTATION_CONTEXT() REPRESENTATION_CONTEXT('2D SPACE',''
  ) );
#7836 = PCURVE('',#6683,#7837);
#7837 = DEFINITIONAL_REPRESENTATION('',(#7838),#7842);
#7838 = LINE('',#7839,#7840);
#7839 = CARTESIAN_POINT('',(-0.,0.));
#7840 = VECTOR('',#7841,1.);
#7841 = DIRECTION('',(-0.,1.));
#7842 = ( GEOMETRIC_REPRESENTATION_CONTEXT(2) 
PARAMETRIC_REPRESENTATION_CONTEXT() REPRESENTATION_CONTEXT('2D SPACE',''
  ) );
#7843 = ORIENTED_EDGE('',*,*,#7844,.F.);
#7844 = EDGE_CURVE('',#7845,#7822,#7847,.T.);
#7845 = VERTEX_POINT('',#7846);
#7846 = CARTESIAN_POINT('',(13.,40.115,72.65));
#7847 = SURFACE_CURVE('',#7848,(#7852,#7859),.PCURVE_S1.);
#7848 = LINE('',#7849,#7850);
#7849 = CARTESIAN_POINT('',(13.,40.115,72.65));
#7850 = VECTOR('',#7851,1.);
#7851 = DIRECTION('',(1.,0.,0.));
#7852 = PCURVE('',#3545,#7853);
#7853 = DEFINITIONAL_REPRESENTATION('',(#7854),#7858);
#7854 = LINE('',#7855,#7856);
#7855 = CARTESIAN_POINT('',(12.65,21.));
#7856 = VECTOR('',#7857,1.);
#7857 = DIRECTION('',(0.,1.));
#7858 = ( GEOMETRIC_REPRESENTATION_CONTEXT(2) 
PARAMETRIC_REPRESENTATION_CONTEXT() REPRESENTATION_CONTEXT('2D SPACE',''
  ) );
#7859 = PCURVE('',#6425,#7860);
#7860 = DEFINITIONAL_REPRESENTATION('',(#7861),#7865);
#7861 = LINE('',#7862,#7863);
#7862 = CARTESIAN_POINT('',(-0.,0.));
#7863 = VECTOR('',#7864,1.);
#7864 = DIRECTION('',(-0.,1.));
#7865 = ( GEOMETRIC_REPRESENTATION_CONTEXT(2) 
PARAMETRIC_REPRESENTATION_CONTEXT() REPRESENTATION_CONTEXT('2D SPACE',''
  ) );
#7866 = ORIENTED_EDGE('',*,*,#7867,.F.);
#7867 = EDGE_CURVE('',#5893,#7845,#7868,.T.);
#7868 = SURFACE_CURVE('',#7869,(#7874,#7881),.PCURVE_S1.);
#7869 = CIRCLE('',#7870,7.);
#7870 = AXIS2_PLACEMENT_3D('',#7871,#7872,#7873);
#7871 = CARTESIAN_POINT('',(13.,40.115,65.65));
#7872 = DIRECTION('',(-0.,1.,0.));
#7873 = DIRECTION('',(-1.,-0.,0.));
#7874 = PCURVE('',#3545,#7875);
#7875 = DEFINITIONAL_REPRESENTATION('',(#7876),#7880);
#7876 = CIRCLE('',#7877,7.);
#7877 = AXIS2_PLACEMENT_2D('',#7878,#7879);
#7878 = CARTESIAN_POINT('',(5.65,21.));
#7879 = DIRECTION('',(0.,-1.));
#7880 = ( GEOMETRIC_REPRESENTATION_CONTEXT(2) 
PARAMETRIC_REPRESENTATION_CONTEXT() REPRESENTATION_CONTEXT('2D SPACE',''
  ) );
#7881 = PCURVE('',#5875,#7882);
#7882 = DEFINITIONAL_REPRESENTATION('',(#7883),#7887);
#7883 = LINE('',#7884,#7885);
#7884 = CARTESIAN_POINT('',(0.,1.570796326795));
#7885 = VECTOR('',#7886,1.);
#7886 = DIRECTION('',(1.,0.));
#7887 = ( GEOMETRIC_REPRESENTATION_CONTEXT(2) 
PARAMETRIC_REPRESENTATION_CONTEXT() REPRESENTATION_CONTEXT('2D SPACE',''
  ) );
#7888 = ADVANCED_FACE('',(#7889),#3731,.T.);
#7889 = FACE_BOUND('',#7890,.T.);
#7890 = EDGE_LOOP('',(#7891,#7917,#8090,#8091));
#7891 = ORIENTED_EDGE('',*,*,#7892,.T.);
#7892 = EDGE_CURVE('',#3530,#7893,#7895,.T.);
#7893 = VERTEX_POINT('',#7894);
#7894 = CARTESIAN_POINT('',(-6.,39.952544023234,27.121924170134));
#7895 = SURFACE_CURVE('',#7896,(#7901,#7911),.PCURVE_S1.);
#7896 = CIRCLE('',#7897,2.);
#7897 = AXIS2_PLACEMENT_3D('',#7898,#7899,#7900);
#7898 = CARTESIAN_POINT('',(-6.,38.115,27.911501248498));
#7899 = DIRECTION('',(-1.,0.,0.));
#7900 = DIRECTION('',(0.,1.,-0.));
#7901 = PCURVE('',#3731,#7902);
#7902 = DEFINITIONAL_REPRESENTATION('',(#7903),#7910);
#7903 = B_SPLINE_CURVE_WITH_KNOTS('',5,(#7904,#7905,#7906,#7907,#7908,
    #7909),.UNSPECIFIED.,.F.,.F.,(6,6),(0.,0.405837683753),
  .PIECEWISE_BEZIER_KNOTS.);
#7904 = CARTESIAN_POINT('',(-6.661338147751E-16,15.174581805009));
#7905 = CARTESIAN_POINT('',(0.451670750591,15.174581805009));
#7906 = CARTESIAN_POINT('',(0.898676058556,15.17458180501));
#7907 = CARTESIAN_POINT('',(1.344211220935,15.174581805009));
#7908 = CARTESIAN_POINT('',(1.7912165289,15.174581805009));
#7909 = CARTESIAN_POINT('',(2.242887279491,15.174581805009));
#7910 = ( GEOMETRIC_REPRESENTATION_CONTEXT(2) 
PARAMETRIC_REPRESENTATION_CONTEXT() REPRESENTATION_CONTEXT('2D SPACE',''
  ) );
#7911 = PCURVE('',#7738,#7912);
#7912 = DEFINITIONAL_REPRESENTATION('',(#7913),#7916);
#7913 = B_SPLINE_CURVE_WITH_KNOTS('',1,(#7914,#7915),.UNSPECIFIED.,.F.,
  .F.,(2,2),(0.,0.405837683753),.PIECEWISE_BEZIER_KNOTS.);
#7914 = CARTESIAN_POINT('',(0.,12.));
#7915 = CARTESIAN_POINT('',(0.405837683753,12.));
#7916 = ( GEOMETRIC_REPRESENTATION_CONTEXT(2) 
PARAMETRIC_REPRESENTATION_CONTEXT() REPRESENTATION_CONTEXT('2D SPACE',''
  ) );
#7917 = ORIENTED_EDGE('',*,*,#7918,.T.);
#7918 = EDGE_CURVE('',#7893,#4056,#7919,.T.);
#7919 = SURFACE_CURVE('',#7920,(#8000,#8007),.PCURVE_S1.);
#7920 = ( BOUNDED_CURVE() B_SPLINE_CURVE(12,(#7921,#7922,#7923,#7924,
    #7925,#7926,#7927,#7928,#7929,#7930,#7931,#7932,#7933,#7934,#7935,
    #7936,#7937,#7938,#7939,#7940,#7941,#7942,#7943,#7944,#7945,#7946,
    #7947,#7948,#7949,#7950,#7951,#7952,#7953,#7954,#7955,#7956,#7957,
    #7958,#7959,#7960,#7961,#7962,#7963,#7964,#7965,#7966,#7967,#7968,
    #7969,#7970,#7971,#7972,#7973,#7974,#7975,#7976,#7977,#7978,#7979,
    #7980,#7981,#7982,#7983,#7984,#7985,#7986,#7987,#7988,#7989,#7990,
    #7991,#7992,#7993,#7994,#7995,#7996,#7997,#7998,#7999),
.UNSPECIFIED.,.F.,.F.) B_SPLINE_CURVE_WITH_KNOTS((13,11,11,11,11,11,11,
    13),(15.174581805009,16.296025444755,16.856747264628,17.137108174564
    ,17.277288629532,17.347378857016,17.382423970758,17.4174690845),
.UNSPECIFIED.) CURVE() GEOMETRIC_REPRESENTATION_ITEM() 
RATIONAL_B_SPLINE_CURVE((1.,1.,1.000000000001,0.999999999999,
    1.000000000002,0.999999999997,1.000000000003,0.999999999998,
    1.000000000001,0.999999999999,1.,1.,1.,1.000000000001,0.999999999998
    ,1.000000000003,0.999999999995,1.000000000005,0.999999999996,
    1.000000000003,0.999999999999,1.000000000001,1.,1.,1.,1.,1.,1.,1.,1.
    ,1.,1.,1.,1.,1.,1.,1.000000000001,0.999999999999,1.000000000002,
    0.999999999998,1.000000000002,0.999999999999,1.000000000001,1.,1.,1.
    ,1.000000000001,0.999999999998,1.000000000004,0.999999999995,
    1.000000000006,0.999999999995,1.000000000003,0.999999999998,
    1.000000000001,1.,1.,0.999999999999,1.000000000001,0.999999999997,
    1.000000000003,0.999999999997,1.000000000003,0.999999999998,
    1.000000000001,1.,1.,1.,1.,1.000000000001,0.999999999998,
    1.000000000003,0.999999999996,1.000000000003,0.999999999998,
1.000000000001,1.,1.,1.)) REPRESENTATION_ITEM('') );
#7921 = CARTESIAN_POINT('',(-6.,39.952544023234,27.121924170134));
#7922 = CARTESIAN_POINT('',(-6.024179537341,39.952544023234,
    27.121924170134));
#7923 = CARTESIAN_POINT('',(-6.048373364429,39.950892799699,
    27.118081358558));
#7924 = CARTESIAN_POINT('',(-6.072316147288,39.947590100441,
    27.110395148498));
#7925 = CARTESIAN_POINT('',(-6.095769441854,39.942650292633,
    27.098898975975));
#7926 = CARTESIAN_POINT('',(-6.118520161726,39.936099461119,
    27.083653546965));
#7927 = CARTESIAN_POINT('',(-6.140379045921,39.927972506711,
    27.064740084421));
#7928 = CARTESIAN_POINT('',(-6.161179126627,39.918310244505,
    27.042253575304));
#7929 = CARTESIAN_POINT('',(-6.18077419695,39.907156502167,
    27.016296017607));
#7930 = CARTESIAN_POINT('',(-6.199037278679,39.894555218259,
    26.98696966738));
#7931 = CARTESIAN_POINT('',(-6.215859090026,39.880547540526,
    26.954370285759));
#7932 = CARTESIAN_POINT('',(-6.231146513386,39.865168924211,
    26.918580385988));
#7933 = CARTESIAN_POINT('',(-6.251658337941,39.840084883424,
    26.860203527681));
#7934 = CARTESIAN_POINT('',(-6.258089875569,39.831388025643,
    26.839963756955));
#7935 = CARTESIAN_POINT('',(-6.26410261559,39.822359365354,
    26.81895179852));
#7936 = CARTESIAN_POINT('',(-6.269683840714,39.813002406027,
    26.79717580583));
#7937 = CARTESIAN_POINT('',(-6.274820622051,39.803320390305,
    26.77464332533));
#7938 = CARTESIAN_POINT('',(-6.279499264427,39.79331624406,
    26.751361166252));
#7939 = CARTESIAN_POINT('',(-6.283704751688,39.78299252043,
    26.727335270401));
#7940 = CARTESIAN_POINT('',(-6.287420192017,39.772351343889,
    26.702570581947));
#7941 = CARTESIAN_POINT('',(-6.290626263237,39.761394354274,
    26.677070917217));
#7942 = CARTESIAN_POINT('',(-6.293300658132,39.750122650858,
    26.650838834483));
#7943 = CARTESIAN_POINT('',(-6.295417529744,39.738536736381,
    26.623875503752));
#7944 = CARTESIAN_POINT('',(-6.297711640173,39.720686323475,
    26.582333112964));
#7945 = CARTESIAN_POINT('',(-6.298329487685,39.71465759969,
    26.568302759672));
#7946 = CARTESIAN_POINT('',(-6.29879630943,39.708550190429,
    26.554089285534));
#7947 = CARTESIAN_POINT('',(-6.299107829256,39.702363985436,
    26.53969243395));
#7948 = CARTESIAN_POINT('',(-6.299259497478,39.696098833315,
    26.525111852586));
#7949 = CARTESIAN_POINT('',(-6.299246323667,39.689754511323,
    26.51034702306));
#7950 = CARTESIAN_POINT('',(-6.299062709477,39.683330695166,
    26.495397190665));
#7951 = CARTESIAN_POINT('',(-6.298702281428,39.676826928793,
    26.48026129405));
#7952 = CARTESIAN_POINT('',(-6.29815772373,39.670242594189,
    26.464937894941));
#7953 = CARTESIAN_POINT('',(-6.297420611076,39.663576881167,
    26.449425107832));
#7954 = CARTESIAN_POINT('',(-6.296481241454,39.656828757168,
    26.433720529695));
#7955 = CARTESIAN_POINT('',(-6.294752082699,39.646581026987,
    26.409871489666));
#7956 = CARTESIAN_POINT('',(-6.294122343582,39.643144193099,
    26.40187311466));
#7957 = CARTESIAN_POINT('',(-6.293437702971,39.639686243222,
    26.393825597447));
#7958 = CARTESIAN_POINT('',(-6.292696571952,39.63620698006,
    26.38572847887));
#7959 = CARTESIAN_POINT('',(-6.291897262566,39.632706189321,
    26.377581260221));
#7960 = CARTESIAN_POINT('',(-6.291037929042,39.629183627854,
    26.369383375622));
#7961 = CARTESIAN_POINT('',(-6.290116509047,39.625639011787,
    26.361134164434));
#7962 = CARTESIAN_POINT('',(-6.289130664914,39.62207200466,
    26.352832843629));
#7963 = CARTESIAN_POINT('',(-6.288077724888,39.61848220557,
    26.344478480208));
#7964 = CARTESIAN_POINT('',(-6.286954624363,39.614869137302,
    26.336069963568));
#7965 = CARTESIAN_POINT('',(-6.285757847123,39.611232234467,
    26.327605977911));
#7966 = CARTESIAN_POINT('',(-6.283846126304,39.605740130232,
    26.31482447299));
#7967 = CARTESIAN_POINT('',(-6.283189458885,39.603903303672,
    26.310549716593));
#7968 = CARTESIAN_POINT('',(-6.282512807746,39.60206025746,
    26.306260485503));
#7969 = CARTESIAN_POINT('',(-6.281815601062,39.600210894484,
    26.301956553719));
#7970 = CARTESIAN_POINT('',(-6.281097231614,39.59835511075,
    26.29763767922));
#7971 = CARTESIAN_POINT('',(-6.280357036646,39.596492791101,
    26.293303594007));
#7972 = CARTESIAN_POINT('',(-6.279594277718,39.59462380494,
    26.288953994147));
#7973 = CARTESIAN_POINT('',(-6.278808120564,39.59274800195,
    26.284588529815));
#7974 = CARTESIAN_POINT('',(-6.277997614944,39.590865207815,
    26.280206795334));
#7975 = CARTESIAN_POINT('',(-6.277161674506,39.588975219944,
    26.275808319224));
#7976 = CARTESIAN_POINT('',(-6.276299056636,39.587077803189,
    26.271392554237));
#7977 = CARTESIAN_POINT('',(-6.274962985155,39.584220126761,
    26.264742023989));
#7978 = CARTESIAN_POINT('',(-6.27451056354,39.583265633959,
    26.26252067969));
#7979 = CARTESIAN_POINT('',(-6.2740509302,39.582309179731,
    26.260294770657));
#7980 = CARTESIAN_POINT('',(-6.273583905635,39.581350729736,
    26.258064216976));
#7981 = CARTESIAN_POINT('',(-6.273109278111,39.580390242724,
    26.255828922639));
#7982 = CARTESIAN_POINT('',(-6.272626803668,39.579427670538,
    26.25358877559));
#7983 = CARTESIAN_POINT('',(-6.27213620611,39.578462958115,
    26.25134364766));
#7984 = CARTESIAN_POINT('',(-6.271637177013,39.577496043483,
    26.249093394648));
#7985 = CARTESIAN_POINT('',(-6.271129375722,39.576526857764,
    26.246837856237));
#7986 = CARTESIAN_POINT('',(-6.27061242935,39.57555532517,
    26.244576856065));
#7987 = CARTESIAN_POINT('',(-6.270085932778,39.574581363009,
    26.242310201677));
#7988 = CARTESIAN_POINT('',(-6.269012964541,39.572628400348,
    26.237765167426));
#7989 = CARTESIAN_POINT('',(-6.268466391976,39.571649377499,
    26.235486735549));
#7990 = CARTESIAN_POINT('',(-6.267909741192,39.570667824269,
    26.233202414842));
#7991 = CARTESIAN_POINT('',(-6.267340009384,39.569683076658,
    26.230910660006));
#7992 = CARTESIAN_POINT('',(-6.266763869527,39.568696641189,
    26.228614977103));
#7993 = CARTESIAN_POINT('',(-6.266164506298,39.567704757839,
    26.226306615609));
#7994 = CARTESIAN_POINT('',(-6.265567170071,39.566713100787,
    26.223998780776));
#7995 = CARTESIAN_POINT('',(-6.264936946815,39.56571385396,
    26.22167328262));
#7996 = CARTESIAN_POINT('',(-6.264306581563,39.564714374422,
    26.219347242898));
#7997 = CARTESIAN_POINT('',(-6.263644421588,39.563707582443,
    26.217004185284));
#7998 = CARTESIAN_POINT('',(-6.262968419293,39.562697522642,
    26.214653522631));
#7999 = CARTESIAN_POINT('',(-6.262250696197,39.561677976765,
    26.212280783498));
#8000 = PCURVE('',#3731,#8001);
#8001 = DEFINITIONAL_REPRESENTATION('',(#8002),#8006);
#8002 = LINE('',#8003,#8004);
#8003 = CARTESIAN_POINT('',(2.242887279491,0.));
#8004 = VECTOR('',#8005,1.);
#8005 = DIRECTION('',(0.,1.));
#8006 = ( GEOMETRIC_REPRESENTATION_CONTEXT(2) 
PARAMETRIC_REPRESENTATION_CONTEXT() REPRESENTATION_CONTEXT('2D SPACE',''
  ) );
#8007 = PCURVE('',#4099,#8008);
#8008 = DEFINITIONAL_REPRESENTATION('',(#8009),#8089);
#8009 = B_SPLINE_CURVE_WITH_KNOTS('',12,(#8010,#8011,#8012,#8013,#8014,
    #8015,#8016,#8017,#8018,#8019,#8020,#8021,#8022,#8023,#8024,#8025,
    #8026,#8027,#8028,#8029,#8030,#8031,#8032,#8033,#8034,#8035,#8036,
    #8037,#8038,#8039,#8040,#8041,#8042,#8043,#8044,#8045,#8046,#8047,
    #8048,#8049,#8050,#8051,#8052,#8053,#8054,#8055,#8056,#8057,#8058,
    #8059,#8060,#8061,#8062,#8063,#8064,#8065,#8066,#8067,#8068,#8069,
    #8070,#8071,#8072,#8073,#8074,#8075,#8076,#8077,#8078,#8079,#8080,
    #8081,#8082,#8083,#8084,#8085,#8086,#8087,#8088),.UNSPECIFIED.,.F.,
  .F.,(13,11,11,11,11,11,11,13),(15.174581805009,16.296025444755,
    16.856747264628,17.137108174564,17.277288629532,17.347378857016,
    17.382423970758,17.4174690845),.UNSPECIFIED.);
#8010 = CARTESIAN_POINT('',(41.927620435826,6.));
#8011 = CARTESIAN_POINT('',(41.92762043582,6.02417953734));
#8012 = CARTESIAN_POINT('',(41.923437883999,6.048373364435));
#8013 = CARTESIAN_POINT('',(41.915072141425,6.072316147275));
#8014 = CARTESIAN_POINT('',(41.902559600522,6.095769441878));
#8015 = CARTESIAN_POINT('',(41.885966333595,6.118520161692));
#8016 = CARTESIAN_POINT('',(41.865380745397,6.140379045958));
#8017 = CARTESIAN_POINT('',(41.84090621953,6.161179126595));
#8018 = CARTESIAN_POINT('',(41.812653772582,6.180774196971));
#8019 = CARTESIAN_POINT('',(41.780734700214,6.199037278669));
#8020 = CARTESIAN_POINT('',(41.745253230198,6.215859090029));
#8021 = CARTESIAN_POINT('',(41.706299170513,6.231146513386));
#8022 = CARTESIAN_POINT('',(41.642761255151,6.251658337941));
#8023 = CARTESIAN_POINT('',(41.620732100537,6.258089875573));
#8024 = CARTESIAN_POINT('',(41.597862489509,6.264102615577));
#8025 = CARTESIAN_POINT('',(41.574161296819,6.269683840738));
#8026 = CARTESIAN_POINT('',(41.549636735187,6.274820622016));
#8027 = CARTESIAN_POINT('',(41.524296217206,6.279499264465));
#8028 = CARTESIAN_POINT('',(41.498146208356,6.283704751655));
#8029 = CARTESIAN_POINT('',(41.471192091507,6.28742019204));
#8030 = CARTESIAN_POINT('',(41.44343801913,6.290626263226));
#8031 = CARTESIAN_POINT('',(41.41488677647,6.293300658136));
#8032 = CARTESIAN_POINT('',(41.385539636576,6.295417529743));
#8033 = CARTESIAN_POINT('',(41.340324512194,6.297711640173));
#8034 = CARTESIAN_POINT('',(41.325053745219,6.298329487685));
#8035 = CARTESIAN_POINT('',(41.309583667809,6.298796309428));
#8036 = CARTESIAN_POINT('',(41.2939140007,6.299107829259));
#8037 = CARTESIAN_POINT('',(41.278044360349,6.299259497473));
#8038 = CARTESIAN_POINT('',(41.261974182651,6.299246323673));
#8039 = CARTESIAN_POINT('',(41.245702646032,6.299062709473));
#8040 = CARTESIAN_POINT('',(41.229228595456,6.298702281431));
#8041 = CARTESIAN_POINT('',(41.212550465373,6.298157723729));
#8042 = CARTESIAN_POINT('',(41.195666203659,6.297420611077));
#8043 = CARTESIAN_POINT('',(41.178573194792,6.296481241454));
#8044 = CARTESIAN_POINT('',(41.152615677884,6.2947520827));
#8045 = CARTESIAN_POINT('',(41.143910172151,6.29412234358));
#8046 = CARTESIAN_POINT('',(41.135151179618,6.293437702977));
#8047 = CARTESIAN_POINT('',(41.126338200426,6.292696571941));
#8048 = CARTESIAN_POINT('',(41.117470691961,6.291897262581));
#8049 = CARTESIAN_POINT('',(41.108548038078,6.291037929027));
#8050 = CARTESIAN_POINT('',(41.099569519967,6.290116509061));
#8051 = CARTESIAN_POINT('',(41.090534285193,6.289130664905));
#8052 = CARTESIAN_POINT('',(41.081441318384,6.288077724893));
#8053 = CARTESIAN_POINT('',(41.072289410681,6.286954624361));
#8054 = CARTESIAN_POINT('',(41.063077130004,6.285757847124));
#8055 = CARTESIAN_POINT('',(41.049165621198,6.283846126303));
#8056 = CARTESIAN_POINT('',(41.044512936632,6.28318945889));
#8057 = CARTESIAN_POINT('',(41.039844497498,6.282512807732));
#8058 = CARTESIAN_POINT('',(41.035160058419,6.281815601088));
#8059 = CARTESIAN_POINT('',(41.030459354788,6.281097231577));
#8060 = CARTESIAN_POINT('',(41.025742096733,6.280357036687));
#8061 = CARTESIAN_POINT('',(41.021007951219,6.279594277683));
#8062 = CARTESIAN_POINT('',(41.016256539715,6.278808120588));
#8063 = CARTESIAN_POINT('',(41.011487418874,6.277997614931));
#8064 = CARTESIAN_POINT('',(41.006700076721,6.277161674511));
#8065 = CARTESIAN_POINT('',(41.001893917002,6.276299056634));
#8066 = CARTESIAN_POINT('',(40.994655418062,6.274962985156));
#8067 = CARTESIAN_POINT('',(40.992237686235,6.274510563535));
#8068 = CARTESIAN_POINT('',(40.989814986258,6.274050930213));
#8069 = CARTESIAN_POINT('',(40.987387230672,6.273583905611));
#8070 = CARTESIAN_POINT('',(40.984954315864,6.273109278144));
#8071 = CARTESIAN_POINT('',(40.982516118599,6.272626803634));
#8072 = CARTESIAN_POINT('',(40.980072500845,6.272136206139));
#8073 = CARTESIAN_POINT('',(40.97762330428,6.271637176995));
#8074 = CARTESIAN_POINT('',(40.975168355452,6.271129375731));
#8075 = CARTESIAN_POINT('',(40.97270746178,6.270612429347));
#8076 = CARTESIAN_POINT('',(40.970240414086,6.270085932779));
#8077 = CARTESIAN_POINT('',(40.965293556548,6.269012964541));
#8078 = CARTESIAN_POINT('',(40.962813690096,6.268466391973));
#8079 = CARTESIAN_POINT('',(40.960327414244,6.267909741199));
#8080 = CARTESIAN_POINT('',(40.957833046878,6.267340009371));
#8081 = CARTESIAN_POINT('',(40.9553344044,6.266763869544));
#8082 = CARTESIAN_POINT('',(40.952821962133,6.26616450628));
#8083 = CARTESIAN_POINT('',(40.950310093378,6.265567170086));
#8084 = CARTESIAN_POINT('',(40.947778999469,6.264936946806));
#8085 = CARTESIAN_POINT('',(40.945247316262,6.264306581568));
#8086 = CARTESIAN_POINT('',(40.942697110546,6.263644421586));
#8087 = CARTESIAN_POINT('',(40.940138627466,6.262968419293));
#8088 = CARTESIAN_POINT('',(40.937556116131,6.262250696197));
#8089 = ( GEOMETRIC_REPRESENTATION_CONTEXT(2) 
PARAMETRIC_REPRESENTATION_CONTEXT() REPRESENTATION_CONTEXT('2D SPACE',''
  ) );
#8090 = ORIENTED_EDGE('',*,*,#4055,.F.);
#8091 = ORIENTED_EDGE('',*,*,#3578,.F.);
#8092 = ADVANCED_FACE('',(#8093),#4019,.F.);
#8093 = FACE_BOUND('',#8094,.F.);
#8094 = EDGE_LOOP('',(#8095,#8096,#8097,#8118));
#8095 = ORIENTED_EDGE('',*,*,#4149,.F.);
#8096 = ORIENTED_EDGE('',*,*,#4003,.T.);
#8097 = ORIENTED_EDGE('',*,*,#8098,.T.);
#8098 = EDGE_CURVE('',#4004,#5483,#8099,.T.);
#8099 = SURFACE_CURVE('',#8100,(#8104,#8111),.PCURVE_S1.);
#8100 = LINE('',#8101,#8102);
#8101 = CARTESIAN_POINT('',(-8.,-32.75,68.65));
#8102 = VECTOR('',#8103,1.);
#8103 = DIRECTION('',(1.,0.,-0.));
#8104 = PCURVE('',#4019,#8105);
#8105 = DEFINITIONAL_REPRESENTATION('',(#8106),#8110);
#8106 = LINE('',#8107,#8108);
#8107 = CARTESIAN_POINT('',(58.15,0.));
#8108 = VECTOR('',#8109,1.);
#8109 = DIRECTION('',(0.,1.));
#8110 = ( GEOMETRIC_REPRESENTATION_CONTEXT(2) 
PARAMETRIC_REPRESENTATION_CONTEXT() REPRESENTATION_CONTEXT('2D SPACE',''
  ) );
#8111 = PCURVE('',#7681,#8112);
#8112 = DEFINITIONAL_REPRESENTATION('',(#8113),#8117);
#8113 = LINE('',#8114,#8115);
#8114 = CARTESIAN_POINT('',(1.570796326795,0.));
#8115 = VECTOR('',#8116,1.);
#8116 = DIRECTION('',(0.,1.));
#8117 = ( GEOMETRIC_REPRESENTATION_CONTEXT(2) 
PARAMETRIC_REPRESENTATION_CONTEXT() REPRESENTATION_CONTEXT('2D SPACE',''
  ) );
#8118 = ORIENTED_EDGE('',*,*,#5509,.T.);
#8119 = ADVANCED_FACE('',(#8120),#4099,.F.);
#8120 = FACE_BOUND('',#8121,.F.);
#8121 = EDGE_LOOP('',(#8122,#8123,#8124,#8145,#8146,#8147));
#8122 = ORIENTED_EDGE('',*,*,#4309,.T.);
#8123 = ORIENTED_EDGE('',*,*,#5996,.T.);
#8124 = ORIENTED_EDGE('',*,*,#8125,.T.);
#8125 = EDGE_CURVE('',#5997,#7893,#8126,.T.);
#8126 = SURFACE_CURVE('',#8127,(#8131,#8138),.PCURVE_S1.);
#8127 = LINE('',#8128,#8129);
#8128 = CARTESIAN_POINT('',(6.,39.952544023234,27.121924170134));
#8129 = VECTOR('',#8130,1.);
#8130 = DIRECTION('',(-1.,0.,0.));
#8131 = PCURVE('',#4099,#8132);
#8132 = DEFINITIONAL_REPRESENTATION('',(#8133),#8137);
#8133 = LINE('',#8134,#8135);
#8134 = CARTESIAN_POINT('',(41.927620435826,-6.));
#8135 = VECTOR('',#8136,1.);
#8136 = DIRECTION('',(0.,1.));
#8137 = ( GEOMETRIC_REPRESENTATION_CONTEXT(2) 
PARAMETRIC_REPRESENTATION_CONTEXT() REPRESENTATION_CONTEXT('2D SPACE',''
  ) );
#8138 = PCURVE('',#7738,#8139);
#8139 = DEFINITIONAL_REPRESENTATION('',(#8140),#8144);
#8140 = LINE('',#8141,#8142);
#8141 = CARTESIAN_POINT('',(0.405837683753,0.));
#8142 = VECTOR('',#8143,1.);
#8143 = DIRECTION('',(0.,1.));
#8144 = ( GEOMETRIC_REPRESENTATION_CONTEXT(2) 
PARAMETRIC_REPRESENTATION_CONTEXT() REPRESENTATION_CONTEXT('2D SPACE',''
  ) );
#8145 = ORIENTED_EDGE('',*,*,#7918,.T.);
#8146 = ORIENTED_EDGE('',*,*,#4076,.T.);
#8147 = ORIENTED_EDGE('',*,*,#4226,.T.);
#8148 = ADVANCED_FACE('',(#8149),#4409,.F.);
#8149 = FACE_BOUND('',#8150,.F.);
#8150 = EDGE_LOOP('',(#8151,#8152,#8173,#8174));
#8151 = ORIENTED_EDGE('',*,*,#4392,.F.);
#8152 = ORIENTED_EDGE('',*,*,#8153,.F.);
#8153 = EDGE_CURVE('',#6057,#4393,#8154,.T.);
#8154 = SEAM_CURVE('',#8155,(#8159,#8166),.PCURVE_S1.);
#8155 = LINE('',#8156,#8157);
#8156 = CARTESIAN_POINT('',(-1.75,-22.9,-4.95));
#8157 = VECTOR('',#8158,1.);
#8158 = DIRECTION('',(2.22044604925E-16,-1.,0.));
#8159 = PCURVE('',#4409,#8160);
#8160 = DEFINITIONAL_REPRESENTATION('',(#8161),#8165);
#8161 = LINE('',#8162,#8163);
#8162 = CARTESIAN_POINT('',(6.28318530718,-0.));
#8163 = VECTOR('',#8164,1.);
#8164 = DIRECTION('',(0.,1.));
#8165 = ( GEOMETRIC_REPRESENTATION_CONTEXT(2) 
PARAMETRIC_REPRESENTATION_CONTEXT() REPRESENTATION_CONTEXT('2D SPACE',''
  ) );
#8166 = PCURVE('',#4409,#8167);
#8167 = DEFINITIONAL_REPRESENTATION('',(#8168),#8172);
#8168 = LINE('',#8169,#8170);
#8169 = CARTESIAN_POINT('',(0.,-0.));
#8170 = VECTOR('',#8171,1.);
#8171 = DIRECTION('',(0.,1.));
#8172 = ( GEOMETRIC_REPRESENTATION_CONTEXT(2) 
PARAMETRIC_REPRESENTATION_CONTEXT() REPRESENTATION_CONTEXT('2D SPACE',''
  ) );
#8173 = ORIENTED_EDGE('',*,*,#6056,.T.);
#8174 = ORIENTED_EDGE('',*,*,#8153,.T.);
#8175 = ADVANCED_FACE('',(#8176),#4440,.F.);
#8176 = FACE_BOUND('',#8177,.F.);
#8177 = EDGE_LOOP('',(#8178,#8179,#8200,#8201));
#8178 = ORIENTED_EDGE('',*,*,#4423,.F.);
#8179 = ORIENTED_EDGE('',*,*,#8180,.F.);
#8180 = EDGE_CURVE('',#6087,#4424,#8181,.T.);
#8181 = SEAM_CURVE('',#8182,(#8186,#8193),.PCURVE_S1.);
#8182 = LINE('',#8183,#8184);
#8183 = CARTESIAN_POINT('',(8.15,-22.9,-4.95));
#8184 = VECTOR('',#8185,1.);
#8185 = DIRECTION('',(2.22044604925E-16,-1.,0.));
#8186 = PCURVE('',#4440,#8187);
#8187 = DEFINITIONAL_REPRESENTATION('',(#8188),#8192);
#8188 = LINE('',#8189,#8190);
#8189 = CARTESIAN_POINT('',(6.28318530718,-0.));
#8190 = VECTOR('',#8191,1.);
#8191 = DIRECTION('',(0.,1.));
#8192 = ( GEOMETRIC_REPRESENTATION_CONTEXT(2) 
PARAMETRIC_REPRESENTATION_CONTEXT() REPRESENTATION_CONTEXT('2D SPACE',''
  ) );
#8193 = PCURVE('',#4440,#8194);
#8194 = DEFINITIONAL_REPRESENTATION('',(#8195),#8199);
#8195 = LINE('',#8196,#8197);
#8196 = CARTESIAN_POINT('',(0.,-0.));
#8197 = VECTOR('',#8198,1.);
#8198 = DIRECTION('',(0.,1.));
#8199 = ( GEOMETRIC_REPRESENTATION_CONTEXT(2) 
PARAMETRIC_REPRESENTATION_CONTEXT() REPRESENTATION_CONTEXT('2D SPACE',''
  ) );
#8200 = ORIENTED_EDGE('',*,*,#6086,.T.);
#8201 = ORIENTED_EDGE('',*,*,#8180,.T.);
#8202 = ADVANCED_FACE('',(#8203),#4471,.F.);
#8203 = FACE_BOUND('',#8204,.F.);
#8204 = EDGE_LOOP('',(#8205,#8206,#8227,#8228));
#8205 = ORIENTED_EDGE('',*,*,#4454,.F.);
#8206 = ORIENTED_EDGE('',*,*,#8207,.F.);
#8207 = EDGE_CURVE('',#6117,#4455,#8208,.T.);
#8208 = SEAM_CURVE('',#8209,(#8213,#8220),.PCURVE_S1.);
#8209 = LINE('',#8210,#8211);
#8210 = CARTESIAN_POINT('',(-1.75,-22.9,4.95));
#8211 = VECTOR('',#8212,1.);
#8212 = DIRECTION('',(2.22044604925E-16,-1.,0.));
#8213 = PCURVE('',#4471,#8214);
#8214 = DEFINITIONAL_REPRESENTATION('',(#8215),#8219);
#8215 = LINE('',#8216,#8217);
#8216 = CARTESIAN_POINT('',(6.28318530718,-0.));
#8217 = VECTOR('',#8218,1.);
#8218 = DIRECTION('',(0.,1.));
#8219 = ( GEOMETRIC_REPRESENTATION_CONTEXT(2) 
PARAMETRIC_REPRESENTATION_CONTEXT() REPRESENTATION_CONTEXT('2D SPACE',''
  ) );
#8220 = PCURVE('',#4471,#8221);
#8221 = DEFINITIONAL_REPRESENTATION('',(#8222),#8226);
#8222 = LINE('',#8223,#8224);
#8223 = CARTESIAN_POINT('',(0.,-0.));
#8224 = VECTOR('',#8225,1.);
#8225 = DIRECTION('',(0.,1.));
#8226 = ( GEOMETRIC_REPRESENTATION_CONTEXT(2) 
PARAMETRIC_REPRESENTATION_CONTEXT() REPRESENTATION_CONTEXT('2D SPACE',''
  ) );
#8227 = ORIENTED_EDGE('',*,*,#6116,.T.);
#8228 = ORIENTED_EDGE('',*,*,#8207,.T.);
#8229 = ADVANCED_FACE('',(#8230),#4502,.F.);
#8230 = FACE_BOUND('',#8231,.F.);
#8231 = EDGE_LOOP('',(#8232,#8253,#8254,#8255));
#8232 = ORIENTED_EDGE('',*,*,#8233,.T.);
#8233 = EDGE_CURVE('',#6150,#4486,#8234,.T.);
#8234 = SEAM_CURVE('',#8235,(#8239,#8246),.PCURVE_S1.);
#8235 = LINE('',#8236,#8237);
#8236 = CARTESIAN_POINT('',(1.6,-19.4,-3.918869757272E-16));
#8237 = VECTOR('',#8238,1.);
#8238 = DIRECTION('',(2.22044604925E-16,-1.,0.));
#8239 = PCURVE('',#4502,#8240);
#8240 = DEFINITIONAL_REPRESENTATION('',(#8241),#8245);
#8241 = LINE('',#8242,#8243);
#8242 = CARTESIAN_POINT('',(6.28318530718,-0.));
#8243 = VECTOR('',#8244,1.);
#8244 = DIRECTION('',(0.,1.));
#8245 = ( GEOMETRIC_REPRESENTATION_CONTEXT(2) 
PARAMETRIC_REPRESENTATION_CONTEXT() REPRESENTATION_CONTEXT('2D SPACE',''
  ) );
#8246 = PCURVE('',#4502,#8247);
#8247 = DEFINITIONAL_REPRESENTATION('',(#8248),#8252);
#8248 = LINE('',#8249,#8250);
#8249 = CARTESIAN_POINT('',(0.,-0.));
#8250 = VECTOR('',#8251,1.);
#8251 = DIRECTION('',(0.,1.));
#8252 = ( GEOMETRIC_REPRESENTATION_CONTEXT(2) 
PARAMETRIC_REPRESENTATION_CONTEXT() REPRESENTATION_CONTEXT('2D SPACE',''
  ) );
#8253 = ORIENTED_EDGE('',*,*,#4485,.F.);
#8254 = ORIENTED_EDGE('',*,*,#8233,.F.);
#8255 = ORIENTED_EDGE('',*,*,#6149,.T.);
#8256 = ADVANCED_FACE('',(#8257),#4533,.F.);
#8257 = FACE_BOUND('',#8258,.F.);
#8258 = EDGE_LOOP('',(#8259,#8260,#8281,#8282));
#8259 = ORIENTED_EDGE('',*,*,#4516,.F.);
#8260 = ORIENTED_EDGE('',*,*,#8261,.F.);
#8261 = EDGE_CURVE('',#6177,#4517,#8262,.T.);
#8262 = SEAM_CURVE('',#8263,(#8267,#8274),.PCURVE_S1.);
#8263 = LINE('',#8264,#8265);
#8264 = CARTESIAN_POINT('',(8.15,-22.9,4.95));
#8265 = VECTOR('',#8266,1.);
#8266 = DIRECTION('',(2.22044604925E-16,-1.,0.));
#8267 = PCURVE('',#4533,#8268);
#8268 = DEFINITIONAL_REPRESENTATION('',(#8269),#8273);
#8269 = LINE('',#8270,#8271);
#8270 = CARTESIAN_POINT('',(6.28318530718,-0.));
#8271 = VECTOR('',#8272,1.);
#8272 = DIRECTION('',(0.,1.));
#8273 = ( GEOMETRIC_REPRESENTATION_CONTEXT(2) 
PARAMETRIC_REPRESENTATION_CONTEXT() REPRESENTATION_CONTEXT('2D SPACE',''
  ) );
#8274 = PCURVE('',#4533,#8275);
#8275 = DEFINITIONAL_REPRESENTATION('',(#8276),#8280);
#8276 = LINE('',#8277,#8278);
#8277 = CARTESIAN_POINT('',(0.,-0.));
#8278 = VECTOR('',#8279,1.);
#8279 = DIRECTION('',(0.,1.));
#8280 = ( GEOMETRIC_REPRESENTATION_CONTEXT(2) 
PARAMETRIC_REPRESENTATION_CONTEXT() REPRESENTATION_CONTEXT('2D SPACE',''
  ) );
#8281 = ORIENTED_EDGE('',*,*,#6176,.T.);
#8282 = ORIENTED_EDGE('',*,*,#8261,.T.);
#8283 = ADVANCED_FACE('',(#8284),#4623,.F.);
#8284 = FACE_BOUND('',#8285,.F.);
#8285 = EDGE_LOOP('',(#8286,#8287,#8310,#8337));
#8286 = ORIENTED_EDGE('',*,*,#4606,.F.);
#8287 = ORIENTED_EDGE('',*,*,#8288,.F.);
#8288 = EDGE_CURVE('',#8289,#4607,#8291,.T.);
#8289 = VERTEX_POINT('',#8290);
#8290 = CARTESIAN_POINT('',(1.75,20.5,-4.95));
#8291 = SEAM_CURVE('',#8292,(#8296,#8303),.PCURVE_S1.);
#8292 = LINE('',#8293,#8294);
#8293 = CARTESIAN_POINT('',(1.75,20.5,-4.95));
#8294 = VECTOR('',#8295,1.);
#8295 = DIRECTION('',(-2.22044604925E-16,1.,0.));
#8296 = PCURVE('',#4623,#8297);
#8297 = DEFINITIONAL_REPRESENTATION('',(#8298),#8302);
#8298 = LINE('',#8299,#8300);
#8299 = CARTESIAN_POINT('',(6.28318530718,-0.));
#8300 = VECTOR('',#8301,1.);
#8301 = DIRECTION('',(0.,1.));
#8302 = ( GEOMETRIC_REPRESENTATION_CONTEXT(2) 
PARAMETRIC_REPRESENTATION_CONTEXT() REPRESENTATION_CONTEXT('2D SPACE',''
  ) );
#8303 = PCURVE('',#4623,#8304);
#8304 = DEFINITIONAL_REPRESENTATION('',(#8305),#8309);
#8305 = LINE('',#8306,#8307);
#8306 = CARTESIAN_POINT('',(0.,-0.));
#8307 = VECTOR('',#8308,1.);
#8308 = DIRECTION('',(0.,1.));
#8309 = ( GEOMETRIC_REPRESENTATION_CONTEXT(2) 
PARAMETRIC_REPRESENTATION_CONTEXT() REPRESENTATION_CONTEXT('2D SPACE',''
  ) );
#8310 = ORIENTED_EDGE('',*,*,#8311,.T.);
#8311 = EDGE_CURVE('',#8289,#8289,#8312,.T.);
#8312 = SURFACE_CURVE('',#8313,(#8318,#8325),.PCURVE_S1.);
#8313 = CIRCLE('',#8314,3.2);
#8314 = AXIS2_PLACEMENT_3D('',#8315,#8316,#8317);
#8315 = CARTESIAN_POINT('',(4.95,20.5,-4.95));
#8316 = DIRECTION('',(-2.22044604925E-16,1.,0.));
#8317 = DIRECTION('',(-1.,-2.22044604925E-16,0.));
#8318 = PCURVE('',#4623,#8319);
#8319 = DEFINITIONAL_REPRESENTATION('',(#8320),#8324);
#8320 = LINE('',#8321,#8322);
#8321 = CARTESIAN_POINT('',(0.,0.));
#8322 = VECTOR('',#8323,1.);
#8323 = DIRECTION('',(1.,0.));
#8324 = ( GEOMETRIC_REPRESENTATION_CONTEXT(2) 
PARAMETRIC_REPRESENTATION_CONTEXT() REPRESENTATION_CONTEXT('2D SPACE',''
  ) );
#8325 = PCURVE('',#8326,#8331);
#8326 = PLANE('',#8327);
#8327 = AXIS2_PLACEMENT_3D('',#8328,#8329,#8330);
#8328 = CARTESIAN_POINT('',(4.95,20.5,-4.95));
#8329 = DIRECTION('',(-2.22044604925E-16,1.,0.));
#8330 = DIRECTION('',(-1.,-2.22044604925E-16,0.));
#8331 = DEFINITIONAL_REPRESENTATION('',(#8332),#8336);
#8332 = CIRCLE('',#8333,3.2);
#8333 = AXIS2_PLACEMENT_2D('',#8334,#8335);
#8334 = CARTESIAN_POINT('',(0.,0.));
#8335 = DIRECTION('',(1.,0.));
#8336 = ( GEOMETRIC_REPRESENTATION_CONTEXT(2) 
PARAMETRIC_REPRESENTATION_CONTEXT() REPRESENTATION_CONTEXT('2D SPACE',''
  ) );
#8337 = ORIENTED_EDGE('',*,*,#8288,.T.);
#8338 = ADVANCED_FACE('',(#8339),#4654,.F.);
#8339 = FACE_BOUND('',#8340,.F.);
#8340 = EDGE_LOOP('',(#8341,#8342,#8365,#8392));
#8341 = ORIENTED_EDGE('',*,*,#4637,.F.);
#8342 = ORIENTED_EDGE('',*,*,#8343,.F.);
#8343 = EDGE_CURVE('',#8344,#4638,#8346,.T.);
#8344 = VERTEX_POINT('',#8345);
#8345 = CARTESIAN_POINT('',(-8.15,20.5,-4.95));
#8346 = SEAM_CURVE('',#8347,(#8351,#8358),.PCURVE_S1.);
#8347 = LINE('',#8348,#8349);
#8348 = CARTESIAN_POINT('',(-8.15,20.5,-4.95));
#8349 = VECTOR('',#8350,1.);
#8350 = DIRECTION('',(-2.22044604925E-16,1.,0.));
#8351 = PCURVE('',#4654,#8352);
#8352 = DEFINITIONAL_REPRESENTATION('',(#8353),#8357);
#8353 = LINE('',#8354,#8355);
#8354 = CARTESIAN_POINT('',(6.28318530718,-0.));
#8355 = VECTOR('',#8356,1.);
#8356 = DIRECTION('',(0.,1.));
#8357 = ( GEOMETRIC_REPRESENTATION_CONTEXT(2) 
PARAMETRIC_REPRESENTATION_CONTEXT() REPRESENTATION_CONTEXT('2D SPACE',''
  ) );
#8358 = PCURVE('',#4654,#8359);
#8359 = DEFINITIONAL_REPRESENTATION('',(#8360),#8364);
#8360 = LINE('',#8361,#8362);
#8361 = CARTESIAN_POINT('',(0.,-0.));
#8362 = VECTOR('',#8363,1.);
#8363 = DIRECTION('',(0.,1.));
#8364 = ( GEOMETRIC_REPRESENTATION_CONTEXT(2) 
PARAMETRIC_REPRESENTATION_CONTEXT() REPRESENTATION_CONTEXT('2D SPACE',''
  ) );
#8365 = ORIENTED_EDGE('',*,*,#8366,.T.);
#8366 = EDGE_CURVE('',#8344,#8344,#8367,.T.);
#8367 = SURFACE_CURVE('',#8368,(#8373,#8380),.PCURVE_S1.);
#8368 = CIRCLE('',#8369,3.2);
#8369 = AXIS2_PLACEMENT_3D('',#8370,#8371,#8372);
#8370 = CARTESIAN_POINT('',(-4.95,20.5,-4.95));
#8371 = DIRECTION('',(-2.22044604925E-16,1.,0.));
#8372 = DIRECTION('',(-1.,-2.22044604925E-16,0.));
#8373 = PCURVE('',#4654,#8374);
#8374 = DEFINITIONAL_REPRESENTATION('',(#8375),#8379);
#8375 = LINE('',#8376,#8377);
#8376 = CARTESIAN_POINT('',(0.,0.));
#8377 = VECTOR('',#8378,1.);
#8378 = DIRECTION('',(1.,0.));
#8379 = ( GEOMETRIC_REPRESENTATION_CONTEXT(2) 
PARAMETRIC_REPRESENTATION_CONTEXT() REPRESENTATION_CONTEXT('2D SPACE',''
  ) );
#8380 = PCURVE('',#8381,#8386);
#8381 = PLANE('',#8382);
#8382 = AXIS2_PLACEMENT_3D('',#8383,#8384,#8385);
#8383 = CARTESIAN_POINT('',(-4.95,20.5,-4.95));
#8384 = DIRECTION('',(-2.22044604925E-16,1.,0.));
#8385 = DIRECTION('',(-1.,-2.22044604925E-16,0.));
#8386 = DEFINITIONAL_REPRESENTATION('',(#8387),#8391);
#8387 = CIRCLE('',#8388,3.2);
#8388 = AXIS2_PLACEMENT_2D('',#8389,#8390);
#8389 = CARTESIAN_POINT('',(0.,0.));
#8390 = DIRECTION('',(1.,0.));
#8391 = ( GEOMETRIC_REPRESENTATION_CONTEXT(2) 
PARAMETRIC_REPRESENTATION_CONTEXT() REPRESENTATION_CONTEXT('2D SPACE',''
  ) );
#8392 = ORIENTED_EDGE('',*,*,#8343,.T.);
#8393 = ADVANCED_FACE('',(#8394),#4685,.F.);
#8394 = FACE_BOUND('',#8395,.F.);
#8395 = EDGE_LOOP('',(#8396,#8397,#8420,#8447));
#8396 = ORIENTED_EDGE('',*,*,#4668,.F.);
#8397 = ORIENTED_EDGE('',*,*,#8398,.F.);
#8398 = EDGE_CURVE('',#8399,#4669,#8401,.T.);
#8399 = VERTEX_POINT('',#8400);
#8400 = CARTESIAN_POINT('',(1.75,20.5,4.95));
#8401 = SEAM_CURVE('',#8402,(#8406,#8413),.PCURVE_S1.);
#8402 = LINE('',#8403,#8404);
#8403 = CARTESIAN_POINT('',(1.75,20.5,4.95));
#8404 = VECTOR('',#8405,1.);
#8405 = DIRECTION('',(-2.22044604925E-16,1.,0.));
#8406 = PCURVE('',#4685,#8407);
#8407 = DEFINITIONAL_REPRESENTATION('',(#8408),#8412);
#8408 = LINE('',#8409,#8410);
#8409 = CARTESIAN_POINT('',(6.28318530718,-0.));
#8410 = VECTOR('',#8411,1.);
#8411 = DIRECTION('',(0.,1.));
#8412 = ( GEOMETRIC_REPRESENTATION_CONTEXT(2) 
PARAMETRIC_REPRESENTATION_CONTEXT() REPRESENTATION_CONTEXT('2D SPACE',''
  ) );
#8413 = PCURVE('',#4685,#8414);
#8414 = DEFINITIONAL_REPRESENTATION('',(#8415),#8419);
#8415 = LINE('',#8416,#8417);
#8416 = CARTESIAN_POINT('',(0.,-0.));
#8417 = VECTOR('',#8418,1.);
#8418 = DIRECTION('',(0.,1.));
#8419 = ( GEOMETRIC_REPRESENTATION_CONTEXT(2) 
PARAMETRIC_REPRESENTATION_CONTEXT() REPRESENTATION_CONTEXT('2D SPACE',''
  ) );
#8420 = ORIENTED_EDGE('',*,*,#8421,.T.);
#8421 = EDGE_CURVE('',#8399,#8399,#8422,.T.);
#8422 = SURFACE_CURVE('',#8423,(#8428,#8435),.PCURVE_S1.);
#8423 = CIRCLE('',#8424,3.2);
#8424 = AXIS2_PLACEMENT_3D('',#8425,#8426,#8427);
#8425 = CARTESIAN_POINT('',(4.95,20.5,4.95));
#8426 = DIRECTION('',(-2.22044604925E-16,1.,0.));
#8427 = DIRECTION('',(-1.,-2.22044604925E-16,0.));
#8428 = PCURVE('',#4685,#8429);
#8429 = DEFINITIONAL_REPRESENTATION('',(#8430),#8434);
#8430 = LINE('',#8431,#8432);
#8431 = CARTESIAN_POINT('',(0.,0.));
#8432 = VECTOR('',#8433,1.);
#8433 = DIRECTION('',(1.,0.));
#8434 = ( GEOMETRIC_REPRESENTATION_CONTEXT(2) 
PARAMETRIC_REPRESENTATION_CONTEXT() REPRESENTATION_CONTEXT('2D SPACE',''
  ) );
#8435 = PCURVE('',#8436,#8441);
#8436 = PLANE('',#8437);
#8437 = AXIS2_PLACEMENT_3D('',#8438,#8439,#8440);
#8438 = CARTESIAN_POINT('',(4.95,20.5,4.95));
#8439 = DIRECTION('',(-2.22044604925E-16,1.,0.));
#8440 = DIRECTION('',(-1.,-2.22044604925E-16,0.));
#8441 = DEFINITIONAL_REPRESENTATION('',(#8442),#8446);
#8442 = CIRCLE('',#8443,3.2);
#8443 = AXIS2_PLACEMENT_2D('',#8444,#8445);
#8444 = CARTESIAN_POINT('',(0.,0.));
#8445 = DIRECTION('',(1.,0.));
#8446 = ( GEOMETRIC_REPRESENTATION_CONTEXT(2) 
PARAMETRIC_REPRESENTATION_CONTEXT() REPRESENTATION_CONTEXT('2D SPACE',''
  ) );
#8447 = ORIENTED_EDGE('',*,*,#8398,.T.);
#8448 = ADVANCED_FACE('',(#8449),#4716,.F.);
#8449 = FACE_BOUND('',#8450,.F.);
#8450 = EDGE_LOOP('',(#8451,#8452,#8475,#8502));
#8451 = ORIENTED_EDGE('',*,*,#4699,.F.);
#8452 = ORIENTED_EDGE('',*,*,#8453,.F.);
#8453 = EDGE_CURVE('',#8454,#4700,#8456,.T.);
#8454 = VERTEX_POINT('',#8455);
#8455 = CARTESIAN_POINT('',(-8.15,20.5,4.95));
#8456 = SEAM_CURVE('',#8457,(#8461,#8468),.PCURVE_S1.);
#8457 = LINE('',#8458,#8459);
#8458 = CARTESIAN_POINT('',(-8.15,20.5,4.95));
#8459 = VECTOR('',#8460,1.);
#8460 = DIRECTION('',(-2.22044604925E-16,1.,0.));
#8461 = PCURVE('',#4716,#8462);
#8462 = DEFINITIONAL_REPRESENTATION('',(#8463),#8467);
#8463 = LINE('',#8464,#8465);
#8464 = CARTESIAN_POINT('',(6.28318530718,-0.));
#8465 = VECTOR('',#8466,1.);
#8466 = DIRECTION('',(0.,1.));
#8467 = ( GEOMETRIC_REPRESENTATION_CONTEXT(2) 
PARAMETRIC_REPRESENTATION_CONTEXT() REPRESENTATION_CONTEXT('2D SPACE',''
  ) );
#8468 = PCURVE('',#4716,#8469);
#8469 = DEFINITIONAL_REPRESENTATION('',(#8470),#8474);
#8470 = LINE('',#8471,#8472);
#8471 = CARTESIAN_POINT('',(0.,-0.));
#8472 = VECTOR('',#8473,1.);
#8473 = DIRECTION('',(0.,1.));
#8474 = ( GEOMETRIC_REPRESENTATION_CONTEXT(2) 
PARAMETRIC_REPRESENTATION_CONTEXT() REPRESENTATION_CONTEXT('2D SPACE',''
  ) );
#8475 = ORIENTED_EDGE('',*,*,#8476,.T.);
#8476 = EDGE_CURVE('',#8454,#8454,#8477,.T.);
#8477 = SURFACE_CURVE('',#8478,(#8483,#8490),.PCURVE_S1.);
#8478 = CIRCLE('',#8479,3.2);
#8479 = AXIS2_PLACEMENT_3D('',#8480,#8481,#8482);
#8480 = CARTESIAN_POINT('',(-4.95,20.5,4.95));
#8481 = DIRECTION('',(-2.22044604925E-16,1.,0.));
#8482 = DIRECTION('',(-1.,-2.22044604925E-16,0.));
#8483 = PCURVE('',#4716,#8484);
#8484 = DEFINITIONAL_REPRESENTATION('',(#8485),#8489);
#8485 = LINE('',#8486,#8487);
#8486 = CARTESIAN_POINT('',(0.,0.));
#8487 = VECTOR('',#8488,1.);
#8488 = DIRECTION('',(1.,0.));
#8489 = ( GEOMETRIC_REPRESENTATION_CONTEXT(2) 
PARAMETRIC_REPRESENTATION_CONTEXT() REPRESENTATION_CONTEXT('2D SPACE',''
  ) );
#8490 = PCURVE('',#8491,#8496);
#8491 = PLANE('',#8492);
#8492 = AXIS2_PLACEMENT_3D('',#8493,#8494,#8495);
#8493 = CARTESIAN_POINT('',(-4.95,20.5,4.95));
#8494 = DIRECTION('',(-2.22044604925E-16,1.,0.));
#8495 = DIRECTION('',(-1.,-2.22044604925E-16,0.));
#8496 = DEFINITIONAL_REPRESENTATION('',(#8497),#8501);
#8497 = CIRCLE('',#8498,3.2);
#8498 = AXIS2_PLACEMENT_2D('',#8499,#8500);
#8499 = CARTESIAN_POINT('',(0.,0.));
#8500 = DIRECTION('',(1.,0.));
#8501 = ( GEOMETRIC_REPRESENTATION_CONTEXT(2) 
PARAMETRIC_REPRESENTATION_CONTEXT() REPRESENTATION_CONTEXT('2D SPACE',''
  ) );
#8502 = ORIENTED_EDGE('',*,*,#8453,.T.);
#8503 = ADVANCED_FACE('',(#8504),#4777,.T.);
#8504 = FACE_BOUND('',#8505,.T.);
#8505 = EDGE_LOOP('',(#8506,#8527,#8528,#8529));
#8506 = ORIENTED_EDGE('',*,*,#8507,.F.);
#8507 = EDGE_CURVE('',#4995,#5761,#8508,.T.);
#8508 = SURFACE_CURVE('',#8509,(#8513,#8520),.PCURVE_S1.);
#8509 = LINE('',#8510,#8511);
#8510 = CARTESIAN_POINT('',(-8.,20.15,13.5));
#8511 = VECTOR('',#8512,1.);
#8512 = DIRECTION('',(1.,0.,-0.));
#8513 = PCURVE('',#4777,#8514);
#8514 = DEFINITIONAL_REPRESENTATION('',(#8515),#8519);
#8515 = LINE('',#8516,#8517);
#8516 = CARTESIAN_POINT('',(22.,60.15));
#8517 = VECTOR('',#8518,1.);
#8518 = DIRECTION('',(1.,0.));
#8519 = ( GEOMETRIC_REPRESENTATION_CONTEXT(2) 
PARAMETRIC_REPRESENTATION_CONTEXT() REPRESENTATION_CONTEXT('2D SPACE',''
  ) );
#8520 = PCURVE('',#5129,#8521);
#8521 = DEFINITIONAL_REPRESENTATION('',(#8522),#8526);
#8522 = LINE('',#8523,#8524);
#8523 = CARTESIAN_POINT('',(0.,0.));
#8524 = VECTOR('',#8525,1.);
#8525 = DIRECTION('',(0.,1.));
#8526 = ( GEOMETRIC_REPRESENTATION_CONTEXT(2) 
PARAMETRIC_REPRESENTATION_CONTEXT() REPRESENTATION_CONTEXT('2D SPACE',''
  ) );
#8527 = ORIENTED_EDGE('',*,*,#5016,.T.);
#8528 = ORIENTED_EDGE('',*,*,#4759,.T.);
#8529 = ORIENTED_EDGE('',*,*,#5811,.F.);
#8530 = ADVANCED_FACE('',(#8531),#4855,.F.);
#8531 = FACE_BOUND('',#8532,.F.);
#8532 = EDGE_LOOP('',(#8533,#8557,#8578,#8579));
#8533 = ORIENTED_EDGE('',*,*,#8534,.F.);
#8534 = EDGE_CURVE('',#8535,#8535,#8537,.T.);
#8535 = VERTEX_POINT('',#8536);
#8536 = CARTESIAN_POINT('',(3.25,20.5,-4.95));
#8537 = SURFACE_CURVE('',#8538,(#8543,#8550),.PCURVE_S1.);
#8538 = CIRCLE('',#8539,1.7);
#8539 = AXIS2_PLACEMENT_3D('',#8540,#8541,#8542);
#8540 = CARTESIAN_POINT('',(4.95,20.5,-4.95));
#8541 = DIRECTION('',(-2.22044604925E-16,1.,0.));
#8542 = DIRECTION('',(-1.,-2.22044604925E-16,0.));
#8543 = PCURVE('',#4855,#8544);
#8544 = DEFINITIONAL_REPRESENTATION('',(#8545),#8549);
#8545 = LINE('',#8546,#8547);
#8546 = CARTESIAN_POINT('',(0.,4.5));
#8547 = VECTOR('',#8548,1.);
#8548 = DIRECTION('',(1.,0.));
#8549 = ( GEOMETRIC_REPRESENTATION_CONTEXT(2) 
PARAMETRIC_REPRESENTATION_CONTEXT() REPRESENTATION_CONTEXT('2D SPACE',''
  ) );
#8550 = PCURVE('',#8326,#8551);
#8551 = DEFINITIONAL_REPRESENTATION('',(#8552),#8556);
#8552 = CIRCLE('',#8553,1.7);
#8553 = AXIS2_PLACEMENT_2D('',#8554,#8555);
#8554 = CARTESIAN_POINT('',(0.,0.));
#8555 = DIRECTION('',(1.,0.));
#8556 = ( GEOMETRIC_REPRESENTATION_CONTEXT(2) 
PARAMETRIC_REPRESENTATION_CONTEXT() REPRESENTATION_CONTEXT('2D SPACE',''
  ) );
#8557 = ORIENTED_EDGE('',*,*,#8558,.F.);
#8558 = EDGE_CURVE('',#4839,#8535,#8559,.T.);
#8559 = SEAM_CURVE('',#8560,(#8564,#8571),.PCURVE_S1.);
#8560 = LINE('',#8561,#8562);
#8561 = CARTESIAN_POINT('',(3.25,16.,-4.95));
#8562 = VECTOR('',#8563,1.);
#8563 = DIRECTION('',(-2.22044604925E-16,1.,0.));
#8564 = PCURVE('',#4855,#8565);
#8565 = DEFINITIONAL_REPRESENTATION('',(#8566),#8570);
#8566 = LINE('',#8567,#8568);
#8567 = CARTESIAN_POINT('',(6.28318530718,-0.));
#8568 = VECTOR('',#8569,1.);
#8569 = DIRECTION('',(0.,1.));
#8570 = ( GEOMETRIC_REPRESENTATION_CONTEXT(2) 
PARAMETRIC_REPRESENTATION_CONTEXT() REPRESENTATION_CONTEXT('2D SPACE',''
  ) );
#8571 = PCURVE('',#4855,#8572);
#8572 = DEFINITIONAL_REPRESENTATION('',(#8573),#8577);
#8573 = LINE('',#8574,#8575);
#8574 = CARTESIAN_POINT('',(0.,-0.));
#8575 = VECTOR('',#8576,1.);
#8576 = DIRECTION('',(0.,1.));
#8577 = ( GEOMETRIC_REPRESENTATION_CONTEXT(2) 
PARAMETRIC_REPRESENTATION_CONTEXT() REPRESENTATION_CONTEXT('2D SPACE',''
  ) );
#8578 = ORIENTED_EDGE('',*,*,#4838,.T.);
#8579 = ORIENTED_EDGE('',*,*,#8558,.T.);
#8580 = ADVANCED_FACE('',(#8581),#4886,.F.);
#8581 = FACE_BOUND('',#8582,.F.);
#8582 = EDGE_LOOP('',(#8583,#8607,#8628,#8629));
#8583 = ORIENTED_EDGE('',*,*,#8584,.F.);
#8584 = EDGE_CURVE('',#8585,#8585,#8587,.T.);
#8585 = VERTEX_POINT('',#8586);
#8586 = CARTESIAN_POINT('',(-6.65,20.5,-4.95));
#8587 = SURFACE_CURVE('',#8588,(#8593,#8600),.PCURVE_S1.);
#8588 = CIRCLE('',#8589,1.7);
#8589 = AXIS2_PLACEMENT_3D('',#8590,#8591,#8592);
#8590 = CARTESIAN_POINT('',(-4.95,20.5,-4.95));
#8591 = DIRECTION('',(-2.22044604925E-16,1.,0.));
#8592 = DIRECTION('',(-1.,-2.22044604925E-16,0.));
#8593 = PCURVE('',#4886,#8594);
#8594 = DEFINITIONAL_REPRESENTATION('',(#8595),#8599);
#8595 = LINE('',#8596,#8597);
#8596 = CARTESIAN_POINT('',(0.,4.5));
#8597 = VECTOR('',#8598,1.);
#8598 = DIRECTION('',(1.,0.));
#8599 = ( GEOMETRIC_REPRESENTATION_CONTEXT(2) 
PARAMETRIC_REPRESENTATION_CONTEXT() REPRESENTATION_CONTEXT('2D SPACE',''
  ) );
#8600 = PCURVE('',#8381,#8601);
#8601 = DEFINITIONAL_REPRESENTATION('',(#8602),#8606);
#8602 = CIRCLE('',#8603,1.7);
#8603 = AXIS2_PLACEMENT_2D('',#8604,#8605);
#8604 = CARTESIAN_POINT('',(0.,0.));
#8605 = DIRECTION('',(1.,0.));
#8606 = ( GEOMETRIC_REPRESENTATION_CONTEXT(2) 
PARAMETRIC_REPRESENTATION_CONTEXT() REPRESENTATION_CONTEXT('2D SPACE',''
  ) );
#8607 = ORIENTED_EDGE('',*,*,#8608,.F.);
#8608 = EDGE_CURVE('',#4870,#8585,#8609,.T.);
#8609 = SEAM_CURVE('',#8610,(#8614,#8621),.PCURVE_S1.);
#8610 = LINE('',#8611,#8612);
#8611 = CARTESIAN_POINT('',(-6.65,16.,-4.95));
#8612 = VECTOR('',#8613,1.);
#8613 = DIRECTION('',(-2.22044604925E-16,1.,0.));
#8614 = PCURVE('',#4886,#8615);
#8615 = DEFINITIONAL_REPRESENTATION('',(#8616),#8620);
#8616 = LINE('',#8617,#8618);
#8617 = CARTESIAN_POINT('',(6.28318530718,-0.));
#8618 = VECTOR('',#8619,1.);
#8619 = DIRECTION('',(0.,1.));
#8620 = ( GEOMETRIC_REPRESENTATION_CONTEXT(2) 
PARAMETRIC_REPRESENTATION_CONTEXT() REPRESENTATION_CONTEXT('2D SPACE',''
  ) );
#8621 = PCURVE('',#4886,#8622);
#8622 = DEFINITIONAL_REPRESENTATION('',(#8623),#8627);
#8623 = LINE('',#8624,#8625);
#8624 = CARTESIAN_POINT('',(0.,-0.));
#8625 = VECTOR('',#8626,1.);
#8626 = DIRECTION('',(0.,1.));
#8627 = ( GEOMETRIC_REPRESENTATION_CONTEXT(2) 
PARAMETRIC_REPRESENTATION_CONTEXT() REPRESENTATION_CONTEXT('2D SPACE',''
  ) );
#8628 = ORIENTED_EDGE('',*,*,#4869,.T.);
#8629 = ORIENTED_EDGE('',*,*,#8608,.T.);
#8630 = ADVANCED_FACE('',(#8631),#4917,.F.);
#8631 = FACE_BOUND('',#8632,.F.);
#8632 = EDGE_LOOP('',(#8633,#8657,#8678,#8679));
#8633 = ORIENTED_EDGE('',*,*,#8634,.F.);
#8634 = EDGE_CURVE('',#8635,#8635,#8637,.T.);
#8635 = VERTEX_POINT('',#8636);
#8636 = CARTESIAN_POINT('',(3.25,20.5,4.95));
#8637 = SURFACE_CURVE('',#8638,(#8643,#8650),.PCURVE_S1.);
#8638 = CIRCLE('',#8639,1.7);
#8639 = AXIS2_PLACEMENT_3D('',#8640,#8641,#8642);
#8640 = CARTESIAN_POINT('',(4.95,20.5,4.95));
#8641 = DIRECTION('',(-2.22044604925E-16,1.,0.));
#8642 = DIRECTION('',(-1.,-2.22044604925E-16,0.));
#8643 = PCURVE('',#4917,#8644);
#8644 = DEFINITIONAL_REPRESENTATION('',(#8645),#8649);
#8645 = LINE('',#8646,#8647);
#8646 = CARTESIAN_POINT('',(0.,4.5));
#8647 = VECTOR('',#8648,1.);
#8648 = DIRECTION('',(1.,0.));
#8649 = ( GEOMETRIC_REPRESENTATION_CONTEXT(2) 
PARAMETRIC_REPRESENTATION_CONTEXT() REPRESENTATION_CONTEXT('2D SPACE',''
  ) );
#8650 = PCURVE('',#8436,#8651);
#8651 = DEFINITIONAL_REPRESENTATION('',(#8652),#8656);
#8652 = CIRCLE('',#8653,1.7);
#8653 = AXIS2_PLACEMENT_2D('',#8654,#8655);
#8654 = CARTESIAN_POINT('',(0.,0.));
#8655 = DIRECTION('',(1.,0.));
#8656 = ( GEOMETRIC_REPRESENTATION_CONTEXT(2) 
PARAMETRIC_REPRESENTATION_CONTEXT() REPRESENTATION_CONTEXT('2D SPACE',''
  ) );
#8657 = ORIENTED_EDGE('',*,*,#8658,.F.);
#8658 = EDGE_CURVE('',#4901,#8635,#8659,.T.);
#8659 = SEAM_CURVE('',#8660,(#8664,#8671),.PCURVE_S1.);
#8660 = LINE('',#8661,#8662);
#8661 = CARTESIAN_POINT('',(3.25,16.,4.95));
#8662 = VECTOR('',#8663,1.);
#8663 = DIRECTION('',(-2.22044604925E-16,1.,0.));
#8664 = PCURVE('',#4917,#8665);
#8665 = DEFINITIONAL_REPRESENTATION('',(#8666),#8670);
#8666 = LINE('',#8667,#8668);
#8667 = CARTESIAN_POINT('',(6.28318530718,-0.));
#8668 = VECTOR('',#8669,1.);
#8669 = DIRECTION('',(0.,1.));
#8670 = ( GEOMETRIC_REPRESENTATION_CONTEXT(2) 
PARAMETRIC_REPRESENTATION_CONTEXT() REPRESENTATION_CONTEXT('2D SPACE',''
  ) );
#8671 = PCURVE('',#4917,#8672);
#8672 = DEFINITIONAL_REPRESENTATION('',(#8673),#8677);
#8673 = LINE('',#8674,#8675);
#8674 = CARTESIAN_POINT('',(0.,-0.));
#8675 = VECTOR('',#8676,1.);
#8676 = DIRECTION('',(0.,1.));
#8677 = ( GEOMETRIC_REPRESENTATION_CONTEXT(2) 
PARAMETRIC_REPRESENTATION_CONTEXT() REPRESENTATION_CONTEXT('2D SPACE',''
  ) );
#8678 = ORIENTED_EDGE('',*,*,#4900,.T.);
#8679 = ORIENTED_EDGE('',*,*,#8658,.T.);
#8680 = ADVANCED_FACE('',(#8681),#4948,.F.);
#8681 = FACE_BOUND('',#8682,.F.);
#8682 = EDGE_LOOP('',(#8683,#8712,#8733,#8734));
#8683 = ORIENTED_EDGE('',*,*,#8684,.F.);
#8684 = EDGE_CURVE('',#8685,#8685,#8687,.T.);
#8685 = VERTEX_POINT('',#8686);
#8686 = CARTESIAN_POINT('',(-4.3,18.1,-1.053196247267E-15));
#8687 = SURFACE_CURVE('',#8688,(#8693,#8700),.PCURVE_S1.);
#8688 = CIRCLE('',#8689,4.3);
#8689 = AXIS2_PLACEMENT_3D('',#8690,#8691,#8692);
#8690 = CARTESIAN_POINT('',(-4.019007349143E-15,18.1,0.));
#8691 = DIRECTION('',(-2.22044604925E-16,1.,0.));
#8692 = DIRECTION('',(-1.,-2.22044604925E-16,0.));
#8693 = PCURVE('',#4948,#8694);
#8694 = DEFINITIONAL_REPRESENTATION('',(#8695),#8699);
#8695 = LINE('',#8696,#8697);
#8696 = CARTESIAN_POINT('',(0.,1.1));
#8697 = VECTOR('',#8698,1.);
#8698 = DIRECTION('',(1.,0.));
#8699 = ( GEOMETRIC_REPRESENTATION_CONTEXT(2) 
PARAMETRIC_REPRESENTATION_CONTEXT() REPRESENTATION_CONTEXT('2D SPACE',''
  ) );
#8700 = PCURVE('',#8701,#8706);
#8701 = PLANE('',#8702);
#8702 = AXIS2_PLACEMENT_3D('',#8703,#8704,#8705);
#8703 = CARTESIAN_POINT('',(-4.019007349143E-15,18.1,0.));
#8704 = DIRECTION('',(-2.22044604925E-16,1.,0.));
#8705 = DIRECTION('',(-1.,-2.22044604925E-16,0.));
#8706 = DEFINITIONAL_REPRESENTATION('',(#8707),#8711);
#8707 = CIRCLE('',#8708,4.3);
#8708 = AXIS2_PLACEMENT_2D('',#8709,#8710);
#8709 = CARTESIAN_POINT('',(0.,0.));
#8710 = DIRECTION('',(1.,0.));
#8711 = ( GEOMETRIC_REPRESENTATION_CONTEXT(2) 
PARAMETRIC_REPRESENTATION_CONTEXT() REPRESENTATION_CONTEXT('2D SPACE',''
  ) );
#8712 = ORIENTED_EDGE('',*,*,#8713,.F.);
#8713 = EDGE_CURVE('',#4932,#8685,#8714,.T.);
#8714 = SEAM_CURVE('',#8715,(#8719,#8726),.PCURVE_S1.);
#8715 = LINE('',#8716,#8717);
#8716 = CARTESIAN_POINT('',(-4.3,17.,-1.053196247267E-15));
#8717 = VECTOR('',#8718,1.);
#8718 = DIRECTION('',(-2.22044604925E-16,1.,0.));
#8719 = PCURVE('',#4948,#8720);
#8720 = DEFINITIONAL_REPRESENTATION('',(#8721),#8725);
#8721 = LINE('',#8722,#8723);
#8722 = CARTESIAN_POINT('',(6.28318530718,-0.));
#8723 = VECTOR('',#8724,1.);
#8724 = DIRECTION('',(0.,1.));
#8725 = ( GEOMETRIC_REPRESENTATION_CONTEXT(2) 
PARAMETRIC_REPRESENTATION_CONTEXT() REPRESENTATION_CONTEXT('2D SPACE',''
  ) );
#8726 = PCURVE('',#4948,#8727);
#8727 = DEFINITIONAL_REPRESENTATION('',(#8728),#8732);
#8728 = LINE('',#8729,#8730);
#8729 = CARTESIAN_POINT('',(0.,-0.));
#8730 = VECTOR('',#8731,1.);
#8731 = DIRECTION('',(0.,1.));
#8732 = ( GEOMETRIC_REPRESENTATION_CONTEXT(2) 
PARAMETRIC_REPRESENTATION_CONTEXT() REPRESENTATION_CONTEXT('2D SPACE',''
  ) );
#8733 = ORIENTED_EDGE('',*,*,#4931,.T.);
#8734 = ORIENTED_EDGE('',*,*,#8713,.T.);
#8735 = ADVANCED_FACE('',(#8736),#4979,.F.);
#8736 = FACE_BOUND('',#8737,.F.);
#8737 = EDGE_LOOP('',(#8738,#8762,#8783,#8784));
#8738 = ORIENTED_EDGE('',*,*,#8739,.F.);
#8739 = EDGE_CURVE('',#8740,#8740,#8742,.T.);
#8740 = VERTEX_POINT('',#8741);
#8741 = CARTESIAN_POINT('',(-6.65,20.5,4.95));
#8742 = SURFACE_CURVE('',#8743,(#8748,#8755),.PCURVE_S1.);
#8743 = CIRCLE('',#8744,1.7);
#8744 = AXIS2_PLACEMENT_3D('',#8745,#8746,#8747);
#8745 = CARTESIAN_POINT('',(-4.95,20.5,4.95));
#8746 = DIRECTION('',(-2.22044604925E-16,1.,0.));
#8747 = DIRECTION('',(-1.,-2.22044604925E-16,0.));
#8748 = PCURVE('',#4979,#8749);
#8749 = DEFINITIONAL_REPRESENTATION('',(#8750),#8754);
#8750 = LINE('',#8751,#8752);
#8751 = CARTESIAN_POINT('',(0.,4.5));
#8752 = VECTOR('',#8753,1.);
#8753 = DIRECTION('',(1.,0.));
#8754 = ( GEOMETRIC_REPRESENTATION_CONTEXT(2) 
PARAMETRIC_REPRESENTATION_CONTEXT() REPRESENTATION_CONTEXT('2D SPACE',''
  ) );
#8755 = PCURVE('',#8491,#8756);
#8756 = DEFINITIONAL_REPRESENTATION('',(#8757),#8761);
#8757 = CIRCLE('',#8758,1.7);
#8758 = AXIS2_PLACEMENT_2D('',#8759,#8760);
#8759 = CARTESIAN_POINT('',(0.,0.));
#8760 = DIRECTION('',(1.,0.));
#8761 = ( GEOMETRIC_REPRESENTATION_CONTEXT(2) 
PARAMETRIC_REPRESENTATION_CONTEXT() REPRESENTATION_CONTEXT('2D SPACE',''
  ) );
#8762 = ORIENTED_EDGE('',*,*,#8763,.F.);
#8763 = EDGE_CURVE('',#4963,#8740,#8764,.T.);
#8764 = SEAM_CURVE('',#8765,(#8769,#8776),.PCURVE_S1.);
#8765 = LINE('',#8766,#8767);
#8766 = CARTESIAN_POINT('',(-6.65,16.,4.95));
#8767 = VECTOR('',#8768,1.);
#8768 = DIRECTION('',(-2.22044604925E-16,1.,0.));
#8769 = PCURVE('',#4979,#8770);
#8770 = DEFINITIONAL_REPRESENTATION('',(#8771),#8775);
#8771 = LINE('',#8772,#8773);
#8772 = CARTESIAN_POINT('',(6.28318530718,-0.));
#8773 = VECTOR('',#8774,1.);
#8774 = DIRECTION('',(0.,1.));
#8775 = ( GEOMETRIC_REPRESENTATION_CONTEXT(2) 
PARAMETRIC_REPRESENTATION_CONTEXT() REPRESENTATION_CONTEXT('2D SPACE',''
  ) );
#8776 = PCURVE('',#4979,#8777);
#8777 = DEFINITIONAL_REPRESENTATION('',(#8778),#8782);
#8778 = LINE('',#8779,#8780);
#8779 = CARTESIAN_POINT('',(0.,-0.));
#8780 = VECTOR('',#8781,1.);
#8781 = DIRECTION('',(0.,1.));
#8782 = ( GEOMETRIC_REPRESENTATION_CONTEXT(2) 
PARAMETRIC_REPRESENTATION_CONTEXT() REPRESENTATION_CONTEXT('2D SPACE',''
  ) );
#8783 = ORIENTED_EDGE('',*,*,#4962,.T.);
#8784 = ORIENTED_EDGE('',*,*,#8763,.T.);
#8785 = ADVANCED_FACE('',(#8786),#5129,.F.);
#8786 = FACE_BOUND('',#8787,.F.);
#8787 = EDGE_LOOP('',(#8788,#8789,#8790,#8811));
#8788 = ORIENTED_EDGE('',*,*,#8507,.F.);
#8789 = ORIENTED_EDGE('',*,*,#5114,.F.);
#8790 = ORIENTED_EDGE('',*,*,#8791,.T.);
#8791 = EDGE_CURVE('',#5091,#5658,#8792,.T.);
#8792 = SURFACE_CURVE('',#8793,(#8797,#8804),.PCURVE_S1.);
#8793 = LINE('',#8794,#8795);
#8794 = CARTESIAN_POINT('',(-8.,26.45,19.8));
#8795 = VECTOR('',#8796,1.);
#8796 = DIRECTION('',(1.,0.,-0.));
#8797 = PCURVE('',#5129,#8798);
#8798 = DEFINITIONAL_REPRESENTATION('',(#8799),#8803);
#8799 = LINE('',#8800,#8801);
#8800 = CARTESIAN_POINT('',(1.570796326795,0.));
#8801 = VECTOR('',#8802,1.);
#8802 = DIRECTION('',(0.,1.));
#8803 = ( GEOMETRIC_REPRESENTATION_CONTEXT(2) 
PARAMETRIC_REPRESENTATION_CONTEXT() REPRESENTATION_CONTEXT('2D SPACE',''
  ) );
#8804 = PCURVE('',#5234,#8805);
#8805 = DEFINITIONAL_REPRESENTATION('',(#8806),#8810);
#8806 = LINE('',#8807,#8808);
#8807 = CARTESIAN_POINT('',(9.3,0.));
#8808 = VECTOR('',#8809,1.);
#8809 = DIRECTION('',(0.,1.));
#8810 = ( GEOMETRIC_REPRESENTATION_CONTEXT(2) 
PARAMETRIC_REPRESENTATION_CONTEXT() REPRESENTATION_CONTEXT('2D SPACE',''
  ) );
#8811 = ORIENTED_EDGE('',*,*,#5760,.T.);
#8812 = ADVANCED_FACE('',(#8813),#5183,.F.);
#8813 = FACE_BOUND('',#8814,.T.);
#8814 = EDGE_LOOP('',(#8815,#8816,#8817,#8838));
#8815 = ORIENTED_EDGE('',*,*,#6206,.F.);
#8816 = ORIENTED_EDGE('',*,*,#5168,.T.);
#8817 = ORIENTED_EDGE('',*,*,#8818,.T.);
#8818 = EDGE_CURVE('',#5147,#5387,#8819,.T.);
#8819 = SURFACE_CURVE('',#8820,(#8824,#8831),.PCURVE_S1.);
#8820 = LINE('',#8821,#8822);
#8821 = CARTESIAN_POINT('',(-8.,-20.15,60.));
#8822 = VECTOR('',#8823,1.);
#8823 = DIRECTION('',(1.,0.,-0.));
#8824 = PCURVE('',#5183,#8825);
#8825 = DEFINITIONAL_REPRESENTATION('',(#8826),#8830);
#8826 = LINE('',#8827,#8828);
#8827 = CARTESIAN_POINT('',(-1.570796326795,0.));
#8828 = VECTOR('',#8829,1.);
#8829 = DIRECTION('',(-0.,1.));
#8830 = ( GEOMETRIC_REPRESENTATION_CONTEXT(2) 
PARAMETRIC_REPRESENTATION_CONTEXT() REPRESENTATION_CONTEXT('2D SPACE',''
  ) );
#8831 = PCURVE('',#5268,#8832);
#8832 = DEFINITIONAL_REPRESENTATION('',(#8833),#8837);
#8833 = LINE('',#8834,#8835);
#8834 = CARTESIAN_POINT('',(0.,12.6));
#8835 = VECTOR('',#8836,1.);
#8836 = DIRECTION('',(1.,0.));
#8837 = ( GEOMETRIC_REPRESENTATION_CONTEXT(2) 
PARAMETRIC_REPRESENTATION_CONTEXT() REPRESENTATION_CONTEXT('2D SPACE',''
  ) );
#8838 = ORIENTED_EDGE('',*,*,#5386,.F.);
#8839 = ADVANCED_FACE('',(#8840),#5234,.F.);
#8840 = FACE_BOUND('',#8841,.F.);
#8841 = EDGE_LOOP('',(#8842,#8863,#8864,#8865));
#8842 = ORIENTED_EDGE('',*,*,#8843,.T.);
#8843 = EDGE_CURVE('',#5199,#5537,#8844,.T.);
#8844 = SURFACE_CURVE('',#8845,(#8849,#8856),.PCURVE_S1.);
#8845 = LINE('',#8846,#8847);
#8846 = CARTESIAN_POINT('',(-8.,26.45,53.7));
#8847 = VECTOR('',#8848,1.);
#8848 = DIRECTION('',(1.,0.,-0.));
#8849 = PCURVE('',#5234,#8850);
#8850 = DEFINITIONAL_REPRESENTATION('',(#8851),#8855);
#8851 = LINE('',#8852,#8853);
#8852 = CARTESIAN_POINT('',(43.2,0.));
#8853 = VECTOR('',#8854,1.);
#8854 = DIRECTION('',(0.,1.));
#8855 = ( GEOMETRIC_REPRESENTATION_CONTEXT(2) 
PARAMETRIC_REPRESENTATION_CONTEXT() REPRESENTATION_CONTEXT('2D SPACE',''
  ) );
#8856 = PCURVE('',#5322,#8857);
#8857 = DEFINITIONAL_REPRESENTATION('',(#8858),#8862);
#8858 = LINE('',#8859,#8860);
#8859 = CARTESIAN_POINT('',(-1.570796326795,0.));
#8860 = VECTOR('',#8861,1.);
#8861 = DIRECTION('',(-0.,1.));
#8862 = ( GEOMETRIC_REPRESENTATION_CONTEXT(2) 
PARAMETRIC_REPRESENTATION_CONTEXT() REPRESENTATION_CONTEXT('2D SPACE',''
  ) );
#8863 = ORIENTED_EDGE('',*,*,#5679,.T.);
#8864 = ORIENTED_EDGE('',*,*,#8791,.F.);
#8865 = ORIENTED_EDGE('',*,*,#5220,.F.);
#8866 = ADVANCED_FACE('',(#8867),#5268,.F.);
#8867 = FACE_BOUND('',#8868,.F.);
#8868 = EDGE_LOOP('',(#8869,#8870,#8871,#8892));
#8869 = ORIENTED_EDGE('',*,*,#8818,.T.);
#8870 = ORIENTED_EDGE('',*,*,#5458,.T.);
#8871 = ORIENTED_EDGE('',*,*,#8872,.F.);
#8872 = EDGE_CURVE('',#5253,#5437,#8873,.T.);
#8873 = SURFACE_CURVE('',#8874,(#8878,#8885),.PCURVE_S1.);
#8874 = LINE('',#8875,#8876);
#8875 = CARTESIAN_POINT('',(-8.,20.15,60.));
#8876 = VECTOR('',#8877,1.);
#8877 = DIRECTION('',(1.,0.,-0.));
#8878 = PCURVE('',#5268,#8879);
#8879 = DEFINITIONAL_REPRESENTATION('',(#8880),#8884);
#8880 = LINE('',#8881,#8882);
#8881 = CARTESIAN_POINT('',(0.,52.9));
#8882 = VECTOR('',#8883,1.);
#8883 = DIRECTION('',(1.,0.));
#8884 = ( GEOMETRIC_REPRESENTATION_CONTEXT(2) 
PARAMETRIC_REPRESENTATION_CONTEXT() REPRESENTATION_CONTEXT('2D SPACE',''
  ) );
#8885 = PCURVE('',#5322,#8886);
#8886 = DEFINITIONAL_REPRESENTATION('',(#8887),#8891);
#8887 = LINE('',#8888,#8889);
#8888 = CARTESIAN_POINT('',(-0.,0.));
#8889 = VECTOR('',#8890,1.);
#8890 = DIRECTION('',(-0.,1.));
#8891 = ( GEOMETRIC_REPRESENTATION_CONTEXT(2) 
PARAMETRIC_REPRESENTATION_CONTEXT() REPRESENTATION_CONTEXT('2D SPACE',''
  ) );
#8892 = ORIENTED_EDGE('',*,*,#5252,.F.);
#8893 = ADVANCED_FACE('',(#8894),#5322,.F.);
#8894 = FACE_BOUND('',#8895,.T.);
#8895 = EDGE_LOOP('',(#8896,#8897,#8898,#8899));
#8896 = ORIENTED_EDGE('',*,*,#8872,.F.);
#8897 = ORIENTED_EDGE('',*,*,#5307,.T.);
#8898 = ORIENTED_EDGE('',*,*,#8843,.T.);
#8899 = ORIENTED_EDGE('',*,*,#5536,.F.);
#8900 = ADVANCED_FACE('',(#8901),#5498,.T.);
#8901 = FACE_BOUND('',#8902,.F.);
#8902 = EDGE_LOOP('',(#8903,#8923,#8924));
#8903 = ORIENTED_EDGE('',*,*,#8904,.F.);
#8904 = EDGE_CURVE('',#5587,#5483,#8905,.T.);
#8905 = SURFACE_CURVE('',#8906,(#8911,#8917),.PCURVE_S1.);
#8906 = CIRCLE('',#8907,2.);
#8907 = AXIS2_PLACEMENT_3D('',#8908,#8909,#8910);
#8908 = CARTESIAN_POINT('',(6.,-30.75,68.65));
#8909 = DIRECTION('',(1.,0.,-0.));
#8910 = DIRECTION('',(0.,0.,1.));
#8911 = PCURVE('',#5498,#8912);
#8912 = DEFINITIONAL_REPRESENTATION('',(#8913),#8916);
#8913 = B_SPLINE_CURVE_WITH_KNOTS('',1,(#8914,#8915),.UNSPECIFIED.,.F.,
  .F.,(2,2),(0.,1.570796326795),.PIECEWISE_BEZIER_KNOTS.);
#8914 = CARTESIAN_POINT('',(0.,0.));
#8915 = CARTESIAN_POINT('',(0.,1.570796326795));
#8916 = ( GEOMETRIC_REPRESENTATION_CONTEXT(2) 
PARAMETRIC_REPRESENTATION_CONTEXT() REPRESENTATION_CONTEXT('2D SPACE',''
  ) );
#8917 = PCURVE('',#7681,#8918);
#8918 = DEFINITIONAL_REPRESENTATION('',(#8919),#8922);
#8919 = B_SPLINE_CURVE_WITH_KNOTS('',1,(#8920,#8921),.UNSPECIFIED.,.F.,
  .F.,(2,2),(0.,1.570796326795),.PIECEWISE_BEZIER_KNOTS.);
#8920 = CARTESIAN_POINT('',(0.,14.));
#8921 = CARTESIAN_POINT('',(1.570796326795,14.));
#8922 = ( GEOMETRIC_REPRESENTATION_CONTEXT(2) 
PARAMETRIC_REPRESENTATION_CONTEXT() REPRESENTATION_CONTEXT('2D SPACE',''
  ) );
#8923 = ORIENTED_EDGE('',*,*,#5630,.T.);
#8924 = ORIENTED_EDGE('',*,*,#5482,.T.);
#8925 = ADVANCED_FACE('',(#8926),#5875,.T.);
#8926 = FACE_BOUND('',#8927,.T.);
#8927 = EDGE_LOOP('',(#8928,#8929,#8930,#8950));
#8928 = ORIENTED_EDGE('',*,*,#5973,.F.);
#8929 = ORIENTED_EDGE('',*,*,#7867,.T.);
#8930 = ORIENTED_EDGE('',*,*,#8931,.T.);
#8931 = EDGE_CURVE('',#7845,#5836,#8932,.T.);
#8932 = SURFACE_CURVE('',#8933,(#8938,#8944),.PCURVE_S1.);
#8933 = CIRCLE('',#8934,2.);
#8934 = AXIS2_PLACEMENT_3D('',#8935,#8936,#8937);
#8935 = CARTESIAN_POINT('',(13.,38.115,72.65));
#8936 = DIRECTION('',(-1.,0.,-6.123233995737E-17));
#8937 = DIRECTION('',(-6.123233995737E-17,0.,1.));
#8938 = PCURVE('',#5875,#8939);
#8939 = DEFINITIONAL_REPRESENTATION('',(#8940),#8943);
#8940 = B_SPLINE_CURVE_WITH_KNOTS('',1,(#8941,#8942),.UNSPECIFIED.,.F.,
  .F.,(2,2),(1.570796326795,3.14159265359),.PIECEWISE_BEZIER_KNOTS.);
#8941 = CARTESIAN_POINT('',(1.570796326795,1.570796326795));
#8942 = CARTESIAN_POINT('',(1.570796326795,3.14159265359));
#8943 = ( GEOMETRIC_REPRESENTATION_CONTEXT(2) 
PARAMETRIC_REPRESENTATION_CONTEXT() REPRESENTATION_CONTEXT('2D SPACE',''
  ) );
#8944 = PCURVE('',#6425,#8945);
#8945 = DEFINITIONAL_REPRESENTATION('',(#8946),#8949);
#8946 = B_SPLINE_CURVE_WITH_KNOTS('',1,(#8947,#8948),.UNSPECIFIED.,.F.,
  .F.,(2,2),(1.570796326795,3.14159265359),.PIECEWISE_BEZIER_KNOTS.);
#8947 = CARTESIAN_POINT('',(0.,0.));
#8948 = CARTESIAN_POINT('',(-1.570796326795,0.));
#8949 = ( GEOMETRIC_REPRESENTATION_CONTEXT(2) 
PARAMETRIC_REPRESENTATION_CONTEXT() REPRESENTATION_CONTEXT('2D SPACE',''
  ) );
#8950 = ORIENTED_EDGE('',*,*,#5860,.F.);
#8951 = ADVANCED_FACE('',(#8952),#5940,.T.);
#8952 = FACE_BOUND('',#8953,.T.);
#8953 = EDGE_LOOP('',(#8954,#8955,#8978));
#8954 = ORIENTED_EDGE('',*,*,#6021,.T.);
#8955 = ORIENTED_EDGE('',*,*,#8956,.F.);
#8956 = EDGE_CURVE('',#5891,#5997,#8957,.T.);
#8957 = SURFACE_CURVE('',#8958,(#8962,#8968),.PCURVE_S1.);
#8958 = ( BOUNDED_CURVE() B_SPLINE_CURVE(2,(#8959,#8960,#8961),
.UNSPECIFIED.,.F.,.F.) B_SPLINE_CURVE_WITH_KNOTS((3,3),(0.,
3.174581805009),.PIECEWISE_BEZIER_KNOTS.) CURVE() 
GEOMETRIC_REPRESENTATION_ITEM() RATIONAL_B_SPLINE_CURVE((1.,
0.979482519399,1.)) REPRESENTATION_ITEM('') );
#8959 = CARTESIAN_POINT('',(6.,40.115,27.911501248498));
#8960 = CARTESIAN_POINT('',(6.,40.115,27.5));
#8961 = CARTESIAN_POINT('',(6.,39.952544023234,27.121924170134));
#8962 = PCURVE('',#5940,#8963);
#8963 = DEFINITIONAL_REPRESENTATION('',(#8964),#8967);
#8964 = B_SPLINE_CURVE_WITH_KNOTS('',1,(#8965,#8966),.UNSPECIFIED.,.F.,
  .F.,(2,2),(0.,3.174581805009),.PIECEWISE_BEZIER_KNOTS.);
#8965 = CARTESIAN_POINT('',(0.,3.174581805009));
#8966 = CARTESIAN_POINT('',(3.174581805009,3.174581805009));
#8967 = ( GEOMETRIC_REPRESENTATION_CONTEXT(2) 
PARAMETRIC_REPRESENTATION_CONTEXT() REPRESENTATION_CONTEXT('2D SPACE',''
  ) );
#8968 = PCURVE('',#7738,#8969);
#8969 = DEFINITIONAL_REPRESENTATION('',(#8970),#8977);
#8970 = B_SPLINE_CURVE_WITH_KNOTS('',5,(#8971,#8972,#8973,#8974,#8975,
    #8976),.UNSPECIFIED.,.F.,.F.,(6,6),(0.,3.174581805009),
  .PIECEWISE_BEZIER_KNOTS.);
#8971 = CARTESIAN_POINT('',(0.,1.855882466656E-15));
#8972 = CARTESIAN_POINT('',(8.061165592299E-02,1.449419316638E-15));
#8973 = CARTESIAN_POINT('',(0.162050247134,1.038786562136E-15));
#8974 = CARTESIAN_POINT('',(0.243787436619,6.266482040863E-16));
#8975 = CARTESIAN_POINT('',(0.32522602783,2.160154495847E-16));
#8976 = CARTESIAN_POINT('',(0.405837683753,-1.904477004332E-16));
#8977 = ( GEOMETRIC_REPRESENTATION_CONTEXT(2) 
PARAMETRIC_REPRESENTATION_CONTEXT() REPRESENTATION_CONTEXT('2D SPACE',''
  ) );
#8978 = ORIENTED_EDGE('',*,*,#5915,.F.);
#8979 = ADVANCED_FACE('',(#8980),#6349,.T.);
#8980 = FACE_BOUND('',#8981,.F.);
#8981 = EDGE_LOOP('',(#8982,#9002,#9003,#9004));
#8982 = ORIENTED_EDGE('',*,*,#8983,.T.);
#8983 = EDGE_CURVE('',#7753,#6334,#8984,.T.);
#8984 = SURFACE_CURVE('',#8985,(#8990,#8996),.PCURVE_S1.);
#8985 = CIRCLE('',#8986,2.);
#8986 = AXIS2_PLACEMENT_3D('',#8987,#8988,#8989);
#8987 = CARTESIAN_POINT('',(-20.45,38.115,72.65));
#8988 = DIRECTION('',(-1.,-0.,6.123233995737E-17));
#8989 = DIRECTION('',(-6.123233995737E-17,0.,-1.));
#8990 = PCURVE('',#6349,#8991);
#8991 = DEFINITIONAL_REPRESENTATION('',(#8992),#8995);
#8992 = B_SPLINE_CURVE_WITH_KNOTS('',1,(#8993,#8994),.UNSPECIFIED.,.F.,
  .F.,(2,2),(4.712388980385,6.28318530718),.PIECEWISE_BEZIER_KNOTS.);
#8993 = CARTESIAN_POINT('',(0.,0.));
#8994 = CARTESIAN_POINT('',(-1.570796326795,0.));
#8995 = ( GEOMETRIC_REPRESENTATION_CONTEXT(2) 
PARAMETRIC_REPRESENTATION_CONTEXT() REPRESENTATION_CONTEXT('2D SPACE',''
  ) );
#8996 = PCURVE('',#6480,#8997);
#8997 = DEFINITIONAL_REPRESENTATION('',(#8998),#9001);
#8998 = B_SPLINE_CURVE_WITH_KNOTS('',1,(#8999,#9000),.UNSPECIFIED.,.F.,
  .F.,(2,2),(4.712388980385,6.28318530718),.PIECEWISE_BEZIER_KNOTS.);
#8999 = CARTESIAN_POINT('',(1.570796326795,-1.570796326795));
#9000 = CARTESIAN_POINT('',(1.570796326795,0.));
#9001 = ( GEOMETRIC_REPRESENTATION_CONTEXT(2) 
PARAMETRIC_REPRESENTATION_CONTEXT() REPRESENTATION_CONTEXT('2D SPACE',''
  ) );
#9002 = ORIENTED_EDGE('',*,*,#6333,.T.);
#9003 = ORIENTED_EDGE('',*,*,#7615,.F.);
#9004 = ORIENTED_EDGE('',*,*,#7752,.F.);
#9005 = ADVANCED_FACE('',(#9006),#6425,.T.);
#9006 = FACE_BOUND('',#9007,.F.);
#9007 = EDGE_LOOP('',(#9008,#9009,#9010,#9030));
#9008 = ORIENTED_EDGE('',*,*,#8931,.T.);
#9009 = ORIENTED_EDGE('',*,*,#6411,.T.);
#9010 = ORIENTED_EDGE('',*,*,#9011,.F.);
#9011 = EDGE_CURVE('',#7822,#6389,#9012,.T.);
#9012 = SURFACE_CURVE('',#9013,(#9018,#9024),.PCURVE_S1.);
#9013 = CIRCLE('',#9014,2.);
#9014 = AXIS2_PLACEMENT_3D('',#9015,#9016,#9017);
#9015 = CARTESIAN_POINT('',(20.45,38.115,72.65));
#9016 = DIRECTION('',(-1.,0.,-0.));
#9017 = DIRECTION('',(-0.,1.,0.));
#9018 = PCURVE('',#6425,#9019);
#9019 = DEFINITIONAL_REPRESENTATION('',(#9020),#9023);
#9020 = B_SPLINE_CURVE_WITH_KNOTS('',1,(#9021,#9022),.UNSPECIFIED.,.F.,
  .F.,(2,2),(0.,1.570796326795),.PIECEWISE_BEZIER_KNOTS.);
#9021 = CARTESIAN_POINT('',(0.,7.45));
#9022 = CARTESIAN_POINT('',(-1.570796326795,7.45));
#9023 = ( GEOMETRIC_REPRESENTATION_CONTEXT(2) 
PARAMETRIC_REPRESENTATION_CONTEXT() REPRESENTATION_CONTEXT('2D SPACE',''
  ) );
#9024 = PCURVE('',#6535,#9025);
#9025 = DEFINITIONAL_REPRESENTATION('',(#9026),#9029);
#9026 = B_SPLINE_CURVE_WITH_KNOTS('',1,(#9027,#9028),.UNSPECIFIED.,.F.,
  .F.,(2,2),(0.,1.570796326795),.PIECEWISE_BEZIER_KNOTS.);
#9027 = CARTESIAN_POINT('',(0.,-1.570796326795));
#9028 = CARTESIAN_POINT('',(0.,2.22044604925E-16));
#9029 = ( GEOMETRIC_REPRESENTATION_CONTEXT(2) 
PARAMETRIC_REPRESENTATION_CONTEXT() REPRESENTATION_CONTEXT('2D SPACE',''
  ) );
#9030 = ORIENTED_EDGE('',*,*,#7844,.F.);
#9031 = ADVANCED_FACE('',(#9032),#6480,.T.);
#9032 = FACE_BOUND('',#9033,.T.);
#9033 = EDGE_LOOP('',(#9034,#9054,#9055));
#9034 = ORIENTED_EDGE('',*,*,#9035,.F.);
#9035 = EDGE_CURVE('',#7753,#6443,#9036,.T.);
#9036 = SURFACE_CURVE('',#9037,(#9042,#9048),.PCURVE_S1.);
#9037 = CIRCLE('',#9038,2.);
#9038 = AXIS2_PLACEMENT_3D('',#9039,#9040,#9041);
#9039 = CARTESIAN_POINT('',(-20.45,38.115,72.65));
#9040 = DIRECTION('',(0.,2.22044604925E-16,1.));
#9041 = DIRECTION('',(-0.,1.,-2.22044604925E-16));
#9042 = PCURVE('',#6480,#9043);
#9043 = DEFINITIONAL_REPRESENTATION('',(#9044),#9047);
#9044 = B_SPLINE_CURVE_WITH_KNOTS('',1,(#9045,#9046),.UNSPECIFIED.,.F.,
  .F.,(2,2),(0.,1.570796326795),.PIECEWISE_BEZIER_KNOTS.);
#9045 = CARTESIAN_POINT('',(0.,-1.570796326795));
#9046 = CARTESIAN_POINT('',(0.,0.));
#9047 = ( GEOMETRIC_REPRESENTATION_CONTEXT(2) 
PARAMETRIC_REPRESENTATION_CONTEXT() REPRESENTATION_CONTEXT('2D SPACE',''
  ) );
#9048 = PCURVE('',#6567,#9049);
#9049 = DEFINITIONAL_REPRESENTATION('',(#9050),#9053);
#9050 = B_SPLINE_CURVE_WITH_KNOTS('',1,(#9051,#9052),.UNSPECIFIED.,.F.,
  .F.,(2,2),(0.,1.570796326795),.PIECEWISE_BEZIER_KNOTS.);
#9051 = CARTESIAN_POINT('',(0.,24.699999997432));
#9052 = CARTESIAN_POINT('',(-1.570796326795,24.699999997432));
#9053 = ( GEOMETRIC_REPRESENTATION_CONTEXT(2) 
PARAMETRIC_REPRESENTATION_CONTEXT() REPRESENTATION_CONTEXT('2D SPACE',''
  ) );
#9054 = ORIENTED_EDGE('',*,*,#8983,.T.);
#9055 = ORIENTED_EDGE('',*,*,#6465,.F.);
#9056 = ADVANCED_FACE('',(#9057),#6535,.T.);
#9057 = FACE_BOUND('',#9058,.T.);
#9058 = EDGE_LOOP('',(#9059,#9060,#9080));
#9059 = ORIENTED_EDGE('',*,*,#9011,.F.);
#9060 = ORIENTED_EDGE('',*,*,#9061,.T.);
#9061 = EDGE_CURVE('',#7822,#6496,#9062,.T.);
#9062 = SURFACE_CURVE('',#9063,(#9068,#9074),.PCURVE_S1.);
#9063 = CIRCLE('',#9064,2.);
#9064 = AXIS2_PLACEMENT_3D('',#9065,#9066,#9067);
#9065 = CARTESIAN_POINT('',(20.45,38.115,72.65));
#9066 = DIRECTION('',(-6.123233995737E-17,0.,-1.));
#9067 = DIRECTION('',(1.,0.,-6.123233995737E-17));
#9068 = PCURVE('',#6535,#9069);
#9069 = DEFINITIONAL_REPRESENTATION('',(#9070),#9073);
#9070 = B_SPLINE_CURVE_WITH_KNOTS('',1,(#9071,#9072),.UNSPECIFIED.,.F.,
  .F.,(2,2),(4.712388980385,6.28318530718),.PIECEWISE_BEZIER_KNOTS.);
#9071 = CARTESIAN_POINT('',(1.570796326795,-1.570796326795));
#9072 = CARTESIAN_POINT('',(1.570796326795,0.));
#9073 = ( GEOMETRIC_REPRESENTATION_CONTEXT(2) 
PARAMETRIC_REPRESENTATION_CONTEXT() REPRESENTATION_CONTEXT('2D SPACE',''
  ) );
#9074 = PCURVE('',#6683,#9075);
#9075 = DEFINITIONAL_REPRESENTATION('',(#9076),#9079);
#9076 = B_SPLINE_CURVE_WITH_KNOTS('',1,(#9077,#9078),.UNSPECIFIED.,.F.,
  .F.,(2,2),(4.712388980385,6.28318530718),.PIECEWISE_BEZIER_KNOTS.);
#9077 = CARTESIAN_POINT('',(0.,-1.24344978758E-14));
#9078 = CARTESIAN_POINT('',(-1.570796326795,-1.24344978758E-14));
#9079 = ( GEOMETRIC_REPRESENTATION_CONTEXT(2) 
PARAMETRIC_REPRESENTATION_CONTEXT() REPRESENTATION_CONTEXT('2D SPACE',''
  ) );
#9080 = ORIENTED_EDGE('',*,*,#6520,.F.);
#9081 = ADVANCED_FACE('',(#9082),#6567,.T.);
#9082 = FACE_BOUND('',#9083,.F.);
#9083 = EDGE_LOOP('',(#9084,#9104,#9105,#9106));
#9084 = ORIENTED_EDGE('',*,*,#9085,.T.);
#9085 = EDGE_CURVE('',#7776,#6552,#9086,.T.);
#9086 = SURFACE_CURVE('',#9087,(#9092,#9098),.PCURVE_S1.);
#9087 = CIRCLE('',#9088,2.);
#9088 = AXIS2_PLACEMENT_3D('',#9089,#9090,#9091);
#9089 = CARTESIAN_POINT('',(-20.45,38.115,97.349999997432));
#9090 = DIRECTION('',(6.123233995737E-17,0.,1.));
#9091 = DIRECTION('',(-1.,0.,6.123233995737E-17));
#9092 = PCURVE('',#6567,#9093);
#9093 = DEFINITIONAL_REPRESENTATION('',(#9094),#9097);
#9094 = B_SPLINE_CURVE_WITH_KNOTS('',1,(#9095,#9096),.UNSPECIFIED.,.F.,
  .F.,(2,2),(4.712388980385,6.28318530718),.PIECEWISE_BEZIER_KNOTS.);
#9095 = CARTESIAN_POINT('',(0.,7.105427357601E-15));
#9096 = CARTESIAN_POINT('',(-1.570796326795,7.105427357601E-15));
#9097 = ( GEOMETRIC_REPRESENTATION_CONTEXT(2) 
PARAMETRIC_REPRESENTATION_CONTEXT() REPRESENTATION_CONTEXT('2D SPACE',''
  ) );
#9098 = PCURVE('',#6822,#9099);
#9099 = DEFINITIONAL_REPRESENTATION('',(#9100),#9103);
#9100 = B_SPLINE_CURVE_WITH_KNOTS('',1,(#9101,#9102),.UNSPECIFIED.,.F.,
  .F.,(2,2),(4.712388980385,6.28318530718),.PIECEWISE_BEZIER_KNOTS.);
#9101 = CARTESIAN_POINT('',(1.570796326795,-1.570796326795));
#9102 = CARTESIAN_POINT('',(1.570796326795,0.));
#9103 = ( GEOMETRIC_REPRESENTATION_CONTEXT(2) 
PARAMETRIC_REPRESENTATION_CONTEXT() REPRESENTATION_CONTEXT('2D SPACE',''
  ) );
#9104 = ORIENTED_EDGE('',*,*,#6551,.T.);
#9105 = ORIENTED_EDGE('',*,*,#9035,.F.);
#9106 = ORIENTED_EDGE('',*,*,#7775,.F.);
#9107 = ADVANCED_FACE('',(#9108),#6620,.F.);
#9108 = FACE_BOUND('',#9109,.F.);
#9109 = EDGE_LOOP('',(#9110,#9133,#9160,#9161));
#9110 = ORIENTED_EDGE('',*,*,#9111,.T.);
#9111 = EDGE_CURVE('',#6604,#9112,#9114,.T.);
#9112 = VERTEX_POINT('',#9113);
#9113 = CARTESIAN_POINT('',(-17.6,34.865,95.25));
#9114 = SEAM_CURVE('',#9115,(#9119,#9126),.PCURVE_S1.);
#9115 = LINE('',#9116,#9117);
#9116 = CARTESIAN_POINT('',(-30.,34.865,95.25));
#9117 = VECTOR('',#9118,1.);
#9118 = DIRECTION('',(1.,-2.22044604925E-16,4.930380657631E-32));
#9119 = PCURVE('',#6620,#9120);
#9120 = DEFINITIONAL_REPRESENTATION('',(#9121),#9125);
#9121 = LINE('',#9122,#9123);
#9122 = CARTESIAN_POINT('',(6.28318530718,-0.));
#9123 = VECTOR('',#9124,1.);
#9124 = DIRECTION('',(0.,1.));
#9125 = ( GEOMETRIC_REPRESENTATION_CONTEXT(2) 
PARAMETRIC_REPRESENTATION_CONTEXT() REPRESENTATION_CONTEXT('2D SPACE',''
  ) );
#9126 = PCURVE('',#6620,#9127);
#9127 = DEFINITIONAL_REPRESENTATION('',(#9128),#9132);
#9128 = LINE('',#9129,#9130);
#9129 = CARTESIAN_POINT('',(0.,-0.));
#9130 = VECTOR('',#9131,1.);
#9131 = DIRECTION('',(0.,1.));
#9132 = ( GEOMETRIC_REPRESENTATION_CONTEXT(2) 
PARAMETRIC_REPRESENTATION_CONTEXT() REPRESENTATION_CONTEXT('2D SPACE',''
  ) );
#9133 = ORIENTED_EDGE('',*,*,#9134,.F.);
#9134 = EDGE_CURVE('',#9112,#9112,#9135,.T.);
#9135 = SURFACE_CURVE('',#9136,(#9141,#9148),.PCURVE_S1.);
#9136 = CIRCLE('',#9137,2.);
#9137 = AXIS2_PLACEMENT_3D('',#9138,#9139,#9140);
#9138 = CARTESIAN_POINT('',(-17.6,32.865,95.25));
#9139 = DIRECTION('',(1.,-2.22044604925E-16,4.930380657631E-32));
#9140 = DIRECTION('',(2.22044604925E-16,1.,-2.22044604925E-16));
#9141 = PCURVE('',#6620,#9142);
#9142 = DEFINITIONAL_REPRESENTATION('',(#9143),#9147);
#9143 = LINE('',#9144,#9145);
#9144 = CARTESIAN_POINT('',(0.,12.4));
#9145 = VECTOR('',#9146,1.);
#9146 = DIRECTION('',(1.,0.));
#9147 = ( GEOMETRIC_REPRESENTATION_CONTEXT(2) 
PARAMETRIC_REPRESENTATION_CONTEXT() REPRESENTATION_CONTEXT('2D SPACE',''
  ) );
#9148 = PCURVE('',#9149,#9154);
#9149 = PLANE('',#9150);
#9150 = AXIS2_PLACEMENT_3D('',#9151,#9152,#9153);
#9151 = CARTESIAN_POINT('',(-17.6,32.865,95.25));
#9152 = DIRECTION('',(1.,-2.22044604925E-16,4.930380657631E-32));
#9153 = DIRECTION('',(2.22044604925E-16,1.,-2.22044604925E-16));
#9154 = DEFINITIONAL_REPRESENTATION('',(#9155),#9159);
#9155 = CIRCLE('',#9156,2.);
#9156 = AXIS2_PLACEMENT_2D('',#9157,#9158);
#9157 = CARTESIAN_POINT('',(0.,0.));
#9158 = DIRECTION('',(1.,0.));
#9159 = ( GEOMETRIC_REPRESENTATION_CONTEXT(2) 
PARAMETRIC_REPRESENTATION_CONTEXT() REPRESENTATION_CONTEXT('2D SPACE',''
  ) );
#9160 = ORIENTED_EDGE('',*,*,#9111,.F.);
#9161 = ORIENTED_EDGE('',*,*,#6603,.T.);
#9162 = ADVANCED_FACE('',(#9163),#6651,.F.);
#9163 = FACE_BOUND('',#9164,.F.);
#9164 = EDGE_LOOP('',(#9165,#9188,#9215,#9216));
#9165 = ORIENTED_EDGE('',*,*,#9166,.T.);
#9166 = EDGE_CURVE('',#6635,#9167,#9169,.T.);
#9167 = VERTEX_POINT('',#9168);
#9168 = CARTESIAN_POINT('',(-17.6,34.865,74.75));
#9169 = SEAM_CURVE('',#9170,(#9174,#9181),.PCURVE_S1.);
#9170 = LINE('',#9171,#9172);
#9171 = CARTESIAN_POINT('',(-30.,34.865,74.75));
#9172 = VECTOR('',#9173,1.);
#9173 = DIRECTION('',(1.,-2.22044604925E-16,4.930380657631E-32));
#9174 = PCURVE('',#6651,#9175);
#9175 = DEFINITIONAL_REPRESENTATION('',(#9176),#9180);
#9176 = LINE('',#9177,#9178);
#9177 = CARTESIAN_POINT('',(6.28318530718,-0.));
#9178 = VECTOR('',#9179,1.);
#9179 = DIRECTION('',(0.,1.));
#9180 = ( GEOMETRIC_REPRESENTATION_CONTEXT(2) 
PARAMETRIC_REPRESENTATION_CONTEXT() REPRESENTATION_CONTEXT('2D SPACE',''
  ) );
#9181 = PCURVE('',#6651,#9182);
#9182 = DEFINITIONAL_REPRESENTATION('',(#9183),#9187);
#9183 = LINE('',#9184,#9185);
#9184 = CARTESIAN_POINT('',(0.,-0.));
#9185 = VECTOR('',#9186,1.);
#9186 = DIRECTION('',(0.,1.));
#9187 = ( GEOMETRIC_REPRESENTATION_CONTEXT(2) 
PARAMETRIC_REPRESENTATION_CONTEXT() REPRESENTATION_CONTEXT('2D SPACE',''
  ) );
#9188 = ORIENTED_EDGE('',*,*,#9189,.F.);
#9189 = EDGE_CURVE('',#9167,#9167,#9190,.T.);
#9190 = SURFACE_CURVE('',#9191,(#9196,#9203),.PCURVE_S1.);
#9191 = CIRCLE('',#9192,2.);
#9192 = AXIS2_PLACEMENT_3D('',#9193,#9194,#9195);
#9193 = CARTESIAN_POINT('',(-17.6,32.865,74.75));
#9194 = DIRECTION('',(1.,-2.22044604925E-16,4.930380657631E-32));
#9195 = DIRECTION('',(2.22044604925E-16,1.,-2.22044604925E-16));
#9196 = PCURVE('',#6651,#9197);
#9197 = DEFINITIONAL_REPRESENTATION('',(#9198),#9202);
#9198 = LINE('',#9199,#9200);
#9199 = CARTESIAN_POINT('',(0.,12.4));
#9200 = VECTOR('',#9201,1.);
#9201 = DIRECTION('',(1.,0.));
#9202 = ( GEOMETRIC_REPRESENTATION_CONTEXT(2) 
PARAMETRIC_REPRESENTATION_CONTEXT() REPRESENTATION_CONTEXT('2D SPACE',''
  ) );
#9203 = PCURVE('',#9204,#9209);
#9204 = PLANE('',#9205);
#9205 = AXIS2_PLACEMENT_3D('',#9206,#9207,#9208);
#9206 = CARTESIAN_POINT('',(-17.6,32.865,74.75));
#9207 = DIRECTION('',(1.,-2.22044604925E-16,4.930380657631E-32));
#9208 = DIRECTION('',(2.22044604925E-16,1.,-2.22044604925E-16));
#9209 = DEFINITIONAL_REPRESENTATION('',(#9210),#9214);
#9210 = CIRCLE('',#9211,2.);
#9211 = AXIS2_PLACEMENT_2D('',#9212,#9213);
#9212 = CARTESIAN_POINT('',(0.,0.));
#9213 = DIRECTION('',(1.,0.));
#9214 = ( GEOMETRIC_REPRESENTATION_CONTEXT(2) 
PARAMETRIC_REPRESENTATION_CONTEXT() REPRESENTATION_CONTEXT('2D SPACE',''
  ) );
#9215 = ORIENTED_EDGE('',*,*,#9166,.F.);
#9216 = ORIENTED_EDGE('',*,*,#6634,.T.);
#9217 = ADVANCED_FACE('',(#9218),#6683,.T.);
#9218 = FACE_BOUND('',#9219,.F.);
#9219 = EDGE_LOOP('',(#9220,#9221,#9222,#9242));
#9220 = ORIENTED_EDGE('',*,*,#9061,.T.);
#9221 = ORIENTED_EDGE('',*,*,#6667,.T.);
#9222 = ORIENTED_EDGE('',*,*,#9223,.F.);
#9223 = EDGE_CURVE('',#7799,#6668,#9224,.T.);
#9224 = SURFACE_CURVE('',#9225,(#9230,#9236),.PCURVE_S1.);
#9225 = CIRCLE('',#9226,2.);
#9226 = AXIS2_PLACEMENT_3D('',#9227,#9228,#9229);
#9227 = CARTESIAN_POINT('',(20.45,38.115,97.349999997432));
#9228 = DIRECTION('',(0.,-2.22044604925E-16,-1.));
#9229 = DIRECTION('',(0.,1.,-2.22044604925E-16));
#9230 = PCURVE('',#6683,#9231);
#9231 = DEFINITIONAL_REPRESENTATION('',(#9232),#9235);
#9232 = B_SPLINE_CURVE_WITH_KNOTS('',1,(#9233,#9234),.UNSPECIFIED.,.F.,
  .F.,(2,2),(0.,1.570796326795),.PIECEWISE_BEZIER_KNOTS.);
#9233 = CARTESIAN_POINT('',(0.,24.699999997432));
#9234 = CARTESIAN_POINT('',(-1.570796326795,24.699999997432));
#9235 = ( GEOMETRIC_REPRESENTATION_CONTEXT(2) 
PARAMETRIC_REPRESENTATION_CONTEXT() REPRESENTATION_CONTEXT('2D SPACE',''
  ) );
#9236 = PCURVE('',#6877,#9237);
#9237 = DEFINITIONAL_REPRESENTATION('',(#9238),#9241);
#9238 = B_SPLINE_CURVE_WITH_KNOTS('',1,(#9239,#9240),.UNSPECIFIED.,.F.,
  .F.,(2,2),(0.,1.570796326795),.PIECEWISE_BEZIER_KNOTS.);
#9239 = CARTESIAN_POINT('',(0.,-1.570796326795));
#9240 = CARTESIAN_POINT('',(0.,0.));
#9241 = ( GEOMETRIC_REPRESENTATION_CONTEXT(2) 
PARAMETRIC_REPRESENTATION_CONTEXT() REPRESENTATION_CONTEXT('2D SPACE',''
  ) );
#9242 = ORIENTED_EDGE('',*,*,#7821,.F.);
#9243 = ADVANCED_FACE('',(#9244),#6736,.F.);
#9244 = FACE_BOUND('',#9245,.F.);
#9245 = EDGE_LOOP('',(#9246,#9247,#9270,#9297));
#9246 = ORIENTED_EDGE('',*,*,#6719,.F.);
#9247 = ORIENTED_EDGE('',*,*,#9248,.F.);
#9248 = EDGE_CURVE('',#9249,#6720,#9251,.T.);
#9249 = VERTEX_POINT('',#9250);
#9250 = CARTESIAN_POINT('',(18.6,31.315,95.25));
#9251 = SEAM_CURVE('',#9252,(#9256,#9263),.PCURVE_S1.);
#9252 = LINE('',#9253,#9254);
#9253 = CARTESIAN_POINT('',(18.6,31.315,95.25));
#9254 = VECTOR('',#9255,1.);
#9255 = DIRECTION('',(1.,-2.22044604925E-16,4.930380657631E-32));
#9256 = PCURVE('',#6736,#9257);
#9257 = DEFINITIONAL_REPRESENTATION('',(#9258),#9262);
#9258 = LINE('',#9259,#9260);
#9259 = CARTESIAN_POINT('',(6.28318530718,-0.));
#9260 = VECTOR('',#9261,1.);
#9261 = DIRECTION('',(0.,1.));
#9262 = ( GEOMETRIC_REPRESENTATION_CONTEXT(2) 
PARAMETRIC_REPRESENTATION_CONTEXT() REPRESENTATION_CONTEXT('2D SPACE',''
  ) );
#9263 = PCURVE('',#6736,#9264);
#9264 = DEFINITIONAL_REPRESENTATION('',(#9265),#9269);
#9265 = LINE('',#9266,#9267);
#9266 = CARTESIAN_POINT('',(0.,-0.));
#9267 = VECTOR('',#9268,1.);
#9268 = DIRECTION('',(0.,1.));
#9269 = ( GEOMETRIC_REPRESENTATION_CONTEXT(2) 
PARAMETRIC_REPRESENTATION_CONTEXT() REPRESENTATION_CONTEXT('2D SPACE',''
  ) );
#9270 = ORIENTED_EDGE('',*,*,#9271,.T.);
#9271 = EDGE_CURVE('',#9249,#9249,#9272,.T.);
#9272 = SURFACE_CURVE('',#9273,(#9278,#9285),.PCURVE_S1.);
#9273 = CIRCLE('',#9274,2.);
#9274 = AXIS2_PLACEMENT_3D('',#9275,#9276,#9277);
#9275 = CARTESIAN_POINT('',(18.6,29.315,95.25));
#9276 = DIRECTION('',(1.,-2.22044604925E-16,4.930380657631E-32));
#9277 = DIRECTION('',(2.22044604925E-16,1.,-2.22044604925E-16));
#9278 = PCURVE('',#6736,#9279);
#9279 = DEFINITIONAL_REPRESENTATION('',(#9280),#9284);
#9280 = LINE('',#9281,#9282);
#9281 = CARTESIAN_POINT('',(0.,0.));
#9282 = VECTOR('',#9283,1.);
#9283 = DIRECTION('',(1.,0.));
#9284 = ( GEOMETRIC_REPRESENTATION_CONTEXT(2) 
PARAMETRIC_REPRESENTATION_CONTEXT() REPRESENTATION_CONTEXT('2D SPACE',''
  ) );
#9285 = PCURVE('',#9286,#9291);
#9286 = PLANE('',#9287);
#9287 = AXIS2_PLACEMENT_3D('',#9288,#9289,#9290);
#9288 = CARTESIAN_POINT('',(18.6,29.315,95.25));
#9289 = DIRECTION('',(1.,-2.22044604925E-16,4.930380657631E-32));
#9290 = DIRECTION('',(2.22044604925E-16,1.,-2.22044604925E-16));
#9291 = DEFINITIONAL_REPRESENTATION('',(#9292),#9296);
#9292 = CIRCLE('',#9293,2.);
#9293 = AXIS2_PLACEMENT_2D('',#9294,#9295);
#9294 = CARTESIAN_POINT('',(0.,0.));
#9295 = DIRECTION('',(1.,0.));
#9296 = ( GEOMETRIC_REPRESENTATION_CONTEXT(2) 
PARAMETRIC_REPRESENTATION_CONTEXT() REPRESENTATION_CONTEXT('2D SPACE',''
  ) );
#9297 = ORIENTED_EDGE('',*,*,#9248,.T.);
#9298 = ADVANCED_FACE('',(#9299),#6767,.F.);
#9299 = FACE_BOUND('',#9300,.F.);
#9300 = EDGE_LOOP('',(#9301,#9302,#9325,#9352));
#9301 = ORIENTED_EDGE('',*,*,#6750,.F.);
#9302 = ORIENTED_EDGE('',*,*,#9303,.F.);
#9303 = EDGE_CURVE('',#9304,#6751,#9306,.T.);
#9304 = VERTEX_POINT('',#9305);
#9305 = CARTESIAN_POINT('',(18.6,31.315,74.75));
#9306 = SEAM_CURVE('',#9307,(#9311,#9318),.PCURVE_S1.);
#9307 = LINE('',#9308,#9309);
#9308 = CARTESIAN_POINT('',(18.6,31.315,74.75));
#9309 = VECTOR('',#9310,1.);
#9310 = DIRECTION('',(1.,-2.22044604925E-16,4.930380657631E-32));
#9311 = PCURVE('',#6767,#9312);
#9312 = DEFINITIONAL_REPRESENTATION('',(#9313),#9317);
#9313 = LINE('',#9314,#9315);
#9314 = CARTESIAN_POINT('',(6.28318530718,-0.));
#9315 = VECTOR('',#9316,1.);
#9316 = DIRECTION('',(0.,1.));
#9317 = ( GEOMETRIC_REPRESENTATION_CONTEXT(2) 
PARAMETRIC_REPRESENTATION_CONTEXT() REPRESENTATION_CONTEXT('2D SPACE',''
  ) );
#9318 = PCURVE('',#6767,#9319);
#9319 = DEFINITIONAL_REPRESENTATION('',(#9320),#9324);
#9320 = LINE('',#9321,#9322);
#9321 = CARTESIAN_POINT('',(0.,-0.));
#9322 = VECTOR('',#9323,1.);
#9323 = DIRECTION('',(0.,1.));
#9324 = ( GEOMETRIC_REPRESENTATION_CONTEXT(2) 
PARAMETRIC_REPRESENTATION_CONTEXT() REPRESENTATION_CONTEXT('2D SPACE',''
  ) );
#9325 = ORIENTED_EDGE('',*,*,#9326,.T.);
#9326 = EDGE_CURVE('',#9304,#9304,#9327,.T.);
#9327 = SURFACE_CURVE('',#9328,(#9333,#9340),.PCURVE_S1.);
#9328 = CIRCLE('',#9329,2.);
#9329 = AXIS2_PLACEMENT_3D('',#9330,#9331,#9332);
#9330 = CARTESIAN_POINT('',(18.6,29.315,74.75));
#9331 = DIRECTION('',(1.,-2.22044604925E-16,4.930380657631E-32));
#9332 = DIRECTION('',(2.22044604925E-16,1.,-2.22044604925E-16));
#9333 = PCURVE('',#6767,#9334);
#9334 = DEFINITIONAL_REPRESENTATION('',(#9335),#9339);
#9335 = LINE('',#9336,#9337);
#9336 = CARTESIAN_POINT('',(0.,0.));
#9337 = VECTOR('',#9338,1.);
#9338 = DIRECTION('',(1.,0.));
#9339 = ( GEOMETRIC_REPRESENTATION_CONTEXT(2) 
PARAMETRIC_REPRESENTATION_CONTEXT() REPRESENTATION_CONTEXT('2D SPACE',''
  ) );
#9340 = PCURVE('',#9341,#9346);
#9341 = PLANE('',#9342);
#9342 = AXIS2_PLACEMENT_3D('',#9343,#9344,#9345);
#9343 = CARTESIAN_POINT('',(18.6,29.315,74.75));
#9344 = DIRECTION('',(1.,-2.22044604925E-16,4.930380657631E-32));
#9345 = DIRECTION('',(2.22044604925E-16,1.,-2.22044604925E-16));
#9346 = DEFINITIONAL_REPRESENTATION('',(#9347),#9351);
#9347 = CIRCLE('',#9348,2.);
#9348 = AXIS2_PLACEMENT_2D('',#9349,#9350);
#9349 = CARTESIAN_POINT('',(0.,0.));
#9350 = DIRECTION('',(1.,0.));
#9351 = ( GEOMETRIC_REPRESENTATION_CONTEXT(2) 
PARAMETRIC_REPRESENTATION_CONTEXT() REPRESENTATION_CONTEXT('2D SPACE',''
  ) );
#9352 = ORIENTED_EDGE('',*,*,#9303,.T.);
#9353 = ADVANCED_FACE('',(#9354),#6822,.T.);
#9354 = FACE_BOUND('',#9355,.T.);
#9355 = EDGE_LOOP('',(#9356,#9376,#9377));
#9356 = ORIENTED_EDGE('',*,*,#9357,.F.);
#9357 = EDGE_CURVE('',#7776,#6785,#9358,.T.);
#9358 = SURFACE_CURVE('',#9359,(#9364,#9370),.PCURVE_S1.);
#9359 = CIRCLE('',#9360,2.);
#9360 = AXIS2_PLACEMENT_3D('',#9361,#9362,#9363);
#9361 = CARTESIAN_POINT('',(-20.45,38.115,97.35));
#9362 = DIRECTION('',(1.,0.,0.));
#9363 = DIRECTION('',(-0.,1.,0.));
#9364 = PCURVE('',#6822,#9365);
#9365 = DEFINITIONAL_REPRESENTATION('',(#9366),#9369);
#9366 = B_SPLINE_CURVE_WITH_KNOTS('',1,(#9367,#9368),.UNSPECIFIED.,.F.,
  .F.,(2,2),(0.,1.570796326795),.PIECEWISE_BEZIER_KNOTS.);
#9367 = CARTESIAN_POINT('',(0.,-1.570796326795));
#9368 = CARTESIAN_POINT('',(0.,-2.22044604925E-16));
#9369 = ( GEOMETRIC_REPRESENTATION_CONTEXT(2) 
PARAMETRIC_REPRESENTATION_CONTEXT() REPRESENTATION_CONTEXT('2D SPACE',''
  ) );
#9370 = PCURVE('',#6909,#9371);
#9371 = DEFINITIONAL_REPRESENTATION('',(#9372),#9375);
#9372 = B_SPLINE_CURVE_WITH_KNOTS('',1,(#9373,#9374),.UNSPECIFIED.,.F.,
  .F.,(2,2),(0.,1.570796326795),.PIECEWISE_BEZIER_KNOTS.);
#9373 = CARTESIAN_POINT('',(0.,40.9));
#9374 = CARTESIAN_POINT('',(-1.570796326795,40.9));
#9375 = ( GEOMETRIC_REPRESENTATION_CONTEXT(2) 
PARAMETRIC_REPRESENTATION_CONTEXT() REPRESENTATION_CONTEXT('2D SPACE',''
  ) );
#9376 = ORIENTED_EDGE('',*,*,#9085,.T.);
#9377 = ORIENTED_EDGE('',*,*,#6807,.F.);
#9378 = ADVANCED_FACE('',(#9379),#6877,.T.);
#9379 = FACE_BOUND('',#9380,.T.);
#9380 = EDGE_LOOP('',(#9381,#9382,#9402));
#9381 = ORIENTED_EDGE('',*,*,#9223,.F.);
#9382 = ORIENTED_EDGE('',*,*,#9383,.T.);
#9383 = EDGE_CURVE('',#7799,#6838,#9384,.T.);
#9384 = SURFACE_CURVE('',#9385,(#9390,#9396),.PCURVE_S1.);
#9385 = CIRCLE('',#9386,2.);
#9386 = AXIS2_PLACEMENT_3D('',#9387,#9388,#9389);
#9387 = CARTESIAN_POINT('',(20.45,38.115,97.349999997432));
#9388 = DIRECTION('',(1.,0.,-6.123233995737E-17));
#9389 = DIRECTION('',(6.123233995737E-17,0.,1.));
#9390 = PCURVE('',#6877,#9391);
#9391 = DEFINITIONAL_REPRESENTATION('',(#9392),#9395);
#9392 = B_SPLINE_CURVE_WITH_KNOTS('',1,(#9393,#9394),.UNSPECIFIED.,.F.,
  .F.,(2,2),(4.712388980385,6.28318530718),.PIECEWISE_BEZIER_KNOTS.);
#9393 = CARTESIAN_POINT('',(1.570796326795,-1.570796326795));
#9394 = CARTESIAN_POINT('',(1.570796326795,0.));
#9395 = ( GEOMETRIC_REPRESENTATION_CONTEXT(2) 
PARAMETRIC_REPRESENTATION_CONTEXT() REPRESENTATION_CONTEXT('2D SPACE',''
  ) );
#9396 = PCURVE('',#6909,#9397);
#9397 = DEFINITIONAL_REPRESENTATION('',(#9398),#9401);
#9398 = B_SPLINE_CURVE_WITH_KNOTS('',1,(#9399,#9400),.UNSPECIFIED.,.F.,
  .F.,(2,2),(4.712388980385,6.28318530718),.PIECEWISE_BEZIER_KNOTS.);
#9399 = CARTESIAN_POINT('',(0.,-7.105427357601E-15));
#9400 = CARTESIAN_POINT('',(-1.570796326795,-7.105427357601E-15));
#9401 = ( GEOMETRIC_REPRESENTATION_CONTEXT(2) 
PARAMETRIC_REPRESENTATION_CONTEXT() REPRESENTATION_CONTEXT('2D SPACE',''
  ) );
#9402 = ORIENTED_EDGE('',*,*,#6862,.F.);
#9403 = ADVANCED_FACE('',(#9404),#6909,.T.);
#9404 = FACE_BOUND('',#9405,.F.);
#9405 = EDGE_LOOP('',(#9406,#9407,#9408,#9409));
#9406 = ORIENTED_EDGE('',*,*,#9383,.T.);
#9407 = ORIENTED_EDGE('',*,*,#6895,.T.);
#9408 = ORIENTED_EDGE('',*,*,#9357,.F.);
#9409 = ORIENTED_EDGE('',*,*,#7798,.F.);
#9410 = ADVANCED_FACE('',(#9411),#7032,.T.);
#9411 = FACE_BOUND('',#9412,.T.);
#9412 = EDGE_LOOP('',(#9413,#9414,#9415,#9416));
#9413 = ORIENTED_EDGE('',*,*,#7016,.T.);
#9414 = ORIENTED_EDGE('',*,*,#7590,.F.);
#9415 = ORIENTED_EDGE('',*,*,#7546,.T.);
#9416 = ORIENTED_EDGE('',*,*,#7500,.T.);
#9417 = ADVANCED_FACE('',(#9418),#6961,.T.);
#9418 = FACE_BOUND('',#9419,.T.);
#9419 = EDGE_LOOP('',(#9420,#9421,#9422,#9423,#9424,#9425,#9426,#9427));
#9420 = ORIENTED_EDGE('',*,*,#7153,.T.);
#9421 = ORIENTED_EDGE('',*,*,#6945,.T.);
#9422 = ORIENTED_EDGE('',*,*,#7477,.F.);
#9423 = ORIENTED_EDGE('',*,*,#7419,.T.);
#9424 = ORIENTED_EDGE('',*,*,#7348,.T.);
#9425 = ORIENTED_EDGE('',*,*,#7324,.T.);
#9426 = ORIENTED_EDGE('',*,*,#7256,.F.);
#9427 = ORIENTED_EDGE('',*,*,#7200,.T.);
#9428 = ADVANCED_FACE('',(#9429),#7085,.F.);
#9429 = FACE_BOUND('',#9430,.F.);
#9430 = EDGE_LOOP('',(#9431,#9454,#9455,#9456));
#9431 = ORIENTED_EDGE('',*,*,#9432,.T.);
#9432 = EDGE_CURVE('',#9433,#7069,#9435,.T.);
#9433 = VERTEX_POINT('',#9434);
#9434 = CARTESIAN_POINT('',(-17.6,33.865,95.25));
#9435 = SEAM_CURVE('',#9436,(#9440,#9447),.PCURVE_S1.);
#9436 = LINE('',#9437,#9438);
#9437 = CARTESIAN_POINT('',(-30.,33.865,95.25));
#9438 = VECTOR('',#9439,1.);
#9439 = DIRECTION('',(1.,-2.22044604925E-16,4.930380657631E-32));
#9440 = PCURVE('',#7085,#9441);
#9441 = DEFINITIONAL_REPRESENTATION('',(#9442),#9446);
#9442 = LINE('',#9443,#9444);
#9443 = CARTESIAN_POINT('',(6.28318530718,-0.));
#9444 = VECTOR('',#9445,1.);
#9445 = DIRECTION('',(0.,1.));
#9446 = ( GEOMETRIC_REPRESENTATION_CONTEXT(2) 
PARAMETRIC_REPRESENTATION_CONTEXT() REPRESENTATION_CONTEXT('2D SPACE',''
  ) );
#9447 = PCURVE('',#7085,#9448);
#9448 = DEFINITIONAL_REPRESENTATION('',(#9449),#9453);
#9449 = LINE('',#9450,#9451);
#9450 = CARTESIAN_POINT('',(0.,-0.));
#9451 = VECTOR('',#9452,1.);
#9452 = DIRECTION('',(0.,1.));
#9453 = ( GEOMETRIC_REPRESENTATION_CONTEXT(2) 
PARAMETRIC_REPRESENTATION_CONTEXT() REPRESENTATION_CONTEXT('2D SPACE',''
  ) );
#9454 = ORIENTED_EDGE('',*,*,#7068,.F.);
#9455 = ORIENTED_EDGE('',*,*,#9432,.F.);
#9456 = ORIENTED_EDGE('',*,*,#9457,.T.);
#9457 = EDGE_CURVE('',#9433,#9433,#9458,.T.);
#9458 = SURFACE_CURVE('',#9459,(#9464,#9471),.PCURVE_S1.);
#9459 = CIRCLE('',#9460,1.);
#9460 = AXIS2_PLACEMENT_3D('',#9461,#9462,#9463);
#9461 = CARTESIAN_POINT('',(-17.6,32.865,95.25));
#9462 = DIRECTION('',(1.,-2.22044604925E-16,4.930380657631E-32));
#9463 = DIRECTION('',(2.22044604925E-16,1.,-2.22044604925E-16));
#9464 = PCURVE('',#7085,#9465);
#9465 = DEFINITIONAL_REPRESENTATION('',(#9466),#9470);
#9466 = LINE('',#9467,#9468);
#9467 = CARTESIAN_POINT('',(0.,12.4));
#9468 = VECTOR('',#9469,1.);
#9469 = DIRECTION('',(1.,0.));
#9470 = ( GEOMETRIC_REPRESENTATION_CONTEXT(2) 
PARAMETRIC_REPRESENTATION_CONTEXT() REPRESENTATION_CONTEXT('2D SPACE',''
  ) );
#9471 = PCURVE('',#9149,#9472);
#9472 = DEFINITIONAL_REPRESENTATION('',(#9473),#9477);
#9473 = CIRCLE('',#9474,1.);
#9474 = AXIS2_PLACEMENT_2D('',#9475,#9476);
#9475 = CARTESIAN_POINT('',(0.,0.));
#9476 = DIRECTION('',(1.,0.));
#9477 = ( GEOMETRIC_REPRESENTATION_CONTEXT(2) 
PARAMETRIC_REPRESENTATION_CONTEXT() REPRESENTATION_CONTEXT('2D SPACE',''
  ) );
#9478 = ADVANCED_FACE('',(#9479),#7116,.F.);
#9479 = FACE_BOUND('',#9480,.F.);
#9480 = EDGE_LOOP('',(#9481,#9504,#9505,#9506));
#9481 = ORIENTED_EDGE('',*,*,#9482,.T.);
#9482 = EDGE_CURVE('',#9483,#7100,#9485,.T.);
#9483 = VERTEX_POINT('',#9484);
#9484 = CARTESIAN_POINT('',(-17.6,33.865,74.75));
#9485 = SEAM_CURVE('',#9486,(#9490,#9497),.PCURVE_S1.);
#9486 = LINE('',#9487,#9488);
#9487 = CARTESIAN_POINT('',(-30.,33.865,74.75));
#9488 = VECTOR('',#9489,1.);
#9489 = DIRECTION('',(1.,-2.22044604925E-16,4.930380657631E-32));
#9490 = PCURVE('',#7116,#9491);
#9491 = DEFINITIONAL_REPRESENTATION('',(#9492),#9496);
#9492 = LINE('',#9493,#9494);
#9493 = CARTESIAN_POINT('',(6.28318530718,-0.));
#9494 = VECTOR('',#9495,1.);
#9495 = DIRECTION('',(0.,1.));
#9496 = ( GEOMETRIC_REPRESENTATION_CONTEXT(2) 
PARAMETRIC_REPRESENTATION_CONTEXT() REPRESENTATION_CONTEXT('2D SPACE',''
  ) );
#9497 = PCURVE('',#7116,#9498);
#9498 = DEFINITIONAL_REPRESENTATION('',(#9499),#9503);
#9499 = LINE('',#9500,#9501);
#9500 = CARTESIAN_POINT('',(0.,-0.));
#9501 = VECTOR('',#9502,1.);
#9502 = DIRECTION('',(0.,1.));
#9503 = ( GEOMETRIC_REPRESENTATION_CONTEXT(2) 
PARAMETRIC_REPRESENTATION_CONTEXT() REPRESENTATION_CONTEXT('2D SPACE',''
  ) );
#9504 = ORIENTED_EDGE('',*,*,#7099,.F.);
#9505 = ORIENTED_EDGE('',*,*,#9482,.F.);
#9506 = ORIENTED_EDGE('',*,*,#9507,.T.);
#9507 = EDGE_CURVE('',#9483,#9483,#9508,.T.);
#9508 = SURFACE_CURVE('',#9509,(#9514,#9521),.PCURVE_S1.);
#9509 = CIRCLE('',#9510,1.);
#9510 = AXIS2_PLACEMENT_3D('',#9511,#9512,#9513);
#9511 = CARTESIAN_POINT('',(-17.6,32.865,74.75));
#9512 = DIRECTION('',(1.,-2.22044604925E-16,4.930380657631E-32));
#9513 = DIRECTION('',(2.22044604925E-16,1.,-2.22044604925E-16));
#9514 = PCURVE('',#7116,#9515);
#9515 = DEFINITIONAL_REPRESENTATION('',(#9516),#9520);
#9516 = LINE('',#9517,#9518);
#9517 = CARTESIAN_POINT('',(0.,12.4));
#9518 = VECTOR('',#9519,1.);
#9519 = DIRECTION('',(1.,0.));
#9520 = ( GEOMETRIC_REPRESENTATION_CONTEXT(2) 
PARAMETRIC_REPRESENTATION_CONTEXT() REPRESENTATION_CONTEXT('2D SPACE',''
  ) );
#9521 = PCURVE('',#9204,#9522);
#9522 = DEFINITIONAL_REPRESENTATION('',(#9523),#9527);
#9523 = CIRCLE('',#9524,1.);
#9524 = AXIS2_PLACEMENT_2D('',#9525,#9526);
#9525 = CARTESIAN_POINT('',(0.,0.));
#9526 = DIRECTION('',(1.,0.));
#9527 = ( GEOMETRIC_REPRESENTATION_CONTEXT(2) 
PARAMETRIC_REPRESENTATION_CONTEXT() REPRESENTATION_CONTEXT('2D SPACE',''
  ) );
#9528 = ADVANCED_FACE('',(#9529),#7241,.F.);
#9529 = FACE_BOUND('',#9530,.F.);
#9530 = EDGE_LOOP('',(#9531,#9555,#9576,#9577));
#9531 = ORIENTED_EDGE('',*,*,#9532,.F.);
#9532 = EDGE_CURVE('',#9533,#9533,#9535,.T.);
#9533 = VERTEX_POINT('',#9534);
#9534 = CARTESIAN_POINT('',(18.6,30.315,95.25));
#9535 = SURFACE_CURVE('',#9536,(#9541,#9548),.PCURVE_S1.);
#9536 = CIRCLE('',#9537,1.);
#9537 = AXIS2_PLACEMENT_3D('',#9538,#9539,#9540);
#9538 = CARTESIAN_POINT('',(18.6,29.315,95.25));
#9539 = DIRECTION('',(1.,-2.22044604925E-16,4.930380657631E-32));
#9540 = DIRECTION('',(2.22044604925E-16,1.,-2.22044604925E-16));
#9541 = PCURVE('',#7241,#9542);
#9542 = DEFINITIONAL_REPRESENTATION('',(#9543),#9547);
#9543 = LINE('',#9544,#9545);
#9544 = CARTESIAN_POINT('',(0.,48.6));
#9545 = VECTOR('',#9546,1.);
#9546 = DIRECTION('',(1.,0.));
#9547 = ( GEOMETRIC_REPRESENTATION_CONTEXT(2) 
PARAMETRIC_REPRESENTATION_CONTEXT() REPRESENTATION_CONTEXT('2D SPACE',''
  ) );
#9548 = PCURVE('',#9286,#9549);
#9549 = DEFINITIONAL_REPRESENTATION('',(#9550),#9554);
#9550 = CIRCLE('',#9551,1.);
#9551 = AXIS2_PLACEMENT_2D('',#9552,#9553);
#9552 = CARTESIAN_POINT('',(-1.06581410364E-14,0.));
#9553 = DIRECTION('',(1.,0.));
#9554 = ( GEOMETRIC_REPRESENTATION_CONTEXT(2) 
PARAMETRIC_REPRESENTATION_CONTEXT() REPRESENTATION_CONTEXT('2D SPACE',''
  ) );
#9555 = ORIENTED_EDGE('',*,*,#9556,.F.);
#9556 = EDGE_CURVE('',#7225,#9533,#9557,.T.);
#9557 = SEAM_CURVE('',#9558,(#9562,#9569),.PCURVE_S1.);
#9558 = LINE('',#9559,#9560);
#9559 = CARTESIAN_POINT('',(-30.,30.315,95.25));
#9560 = VECTOR('',#9561,1.);
#9561 = DIRECTION('',(1.,-2.22044604925E-16,4.930380657631E-32));
#9562 = PCURVE('',#7241,#9563);
#9563 = DEFINITIONAL_REPRESENTATION('',(#9564),#9568);
#9564 = LINE('',#9565,#9566);
#9565 = CARTESIAN_POINT('',(6.28318530718,-0.));
#9566 = VECTOR('',#9567,1.);
#9567 = DIRECTION('',(0.,1.));
#9568 = ( GEOMETRIC_REPRESENTATION_CONTEXT(2) 
PARAMETRIC_REPRESENTATION_CONTEXT() REPRESENTATION_CONTEXT('2D SPACE',''
  ) );
#9569 = PCURVE('',#7241,#9570);
#9570 = DEFINITIONAL_REPRESENTATION('',(#9571),#9575);
#9571 = LINE('',#9572,#9573);
#9572 = CARTESIAN_POINT('',(0.,-0.));
#9573 = VECTOR('',#9574,1.);
#9574 = DIRECTION('',(0.,1.));
#9575 = ( GEOMETRIC_REPRESENTATION_CONTEXT(2) 
PARAMETRIC_REPRESENTATION_CONTEXT() REPRESENTATION_CONTEXT('2D SPACE',''
  ) );
#9576 = ORIENTED_EDGE('',*,*,#7224,.T.);
#9577 = ORIENTED_EDGE('',*,*,#9556,.T.);
#9578 = ADVANCED_FACE('',(#9579),#7460,.F.);
#9579 = FACE_BOUND('',#9580,.F.);
#9580 = EDGE_LOOP('',(#9581,#9605,#9626,#9627));
#9581 = ORIENTED_EDGE('',*,*,#9582,.F.);
#9582 = EDGE_CURVE('',#9583,#9583,#9585,.T.);
#9583 = VERTEX_POINT('',#9584);
#9584 = CARTESIAN_POINT('',(18.6,30.315,74.75));
#9585 = SURFACE_CURVE('',#9586,(#9591,#9598),.PCURVE_S1.);
#9586 = CIRCLE('',#9587,1.);
#9587 = AXIS2_PLACEMENT_3D('',#9588,#9589,#9590);
#9588 = CARTESIAN_POINT('',(18.6,29.315,74.75));
#9589 = DIRECTION('',(1.,-2.22044604925E-16,4.930380657631E-32));
#9590 = DIRECTION('',(2.22044604925E-16,1.,-2.22044604925E-16));
#9591 = PCURVE('',#7460,#9592);
#9592 = DEFINITIONAL_REPRESENTATION('',(#9593),#9597);
#9593 = LINE('',#9594,#9595);
#9594 = CARTESIAN_POINT('',(0.,48.6));
#9595 = VECTOR('',#9596,1.);
#9596 = DIRECTION('',(1.,0.));
#9597 = ( GEOMETRIC_REPRESENTATION_CONTEXT(2) 
PARAMETRIC_REPRESENTATION_CONTEXT() REPRESENTATION_CONTEXT('2D SPACE',''
  ) );
#9598 = PCURVE('',#9341,#9599);
#9599 = DEFINITIONAL_REPRESENTATION('',(#9600),#9604);
#9600 = CIRCLE('',#9601,1.);
#9601 = AXIS2_PLACEMENT_2D('',#9602,#9603);
#9602 = CARTESIAN_POINT('',(-1.06581410364E-14,0.));
#9603 = DIRECTION('',(1.,0.));
#9604 = ( GEOMETRIC_REPRESENTATION_CONTEXT(2) 
PARAMETRIC_REPRESENTATION_CONTEXT() REPRESENTATION_CONTEXT('2D SPACE',''
  ) );
#9605 = ORIENTED_EDGE('',*,*,#9606,.F.);
#9606 = EDGE_CURVE('',#7444,#9583,#9607,.T.);
#9607 = SEAM_CURVE('',#9608,(#9612,#9619),.PCURVE_S1.);
#9608 = LINE('',#9609,#9610);
#9609 = CARTESIAN_POINT('',(-30.,30.315,74.75));
#9610 = VECTOR('',#9611,1.);
#9611 = DIRECTION('',(1.,-2.22044604925E-16,4.930380657631E-32));
#9612 = PCURVE('',#7460,#9613);
#9613 = DEFINITIONAL_REPRESENTATION('',(#9614),#9618);
#9614 = LINE('',#9615,#9616);
#9615 = CARTESIAN_POINT('',(6.28318530718,-0.));
#9616 = VECTOR('',#9617,1.);
#9617 = DIRECTION('',(0.,1.));
#9618 = ( GEOMETRIC_REPRESENTATION_CONTEXT(2) 
PARAMETRIC_REPRESENTATION_CONTEXT() REPRESENTATION_CONTEXT('2D SPACE',''
  ) );
#9619 = PCURVE('',#7460,#9620);
#9620 = DEFINITIONAL_REPRESENTATION('',(#9621),#9625);
#9621 = LINE('',#9622,#9623);
#9622 = CARTESIAN_POINT('',(0.,-0.));
#9623 = VECTOR('',#9624,1.);
#9624 = DIRECTION('',(0.,1.));
#9625 = ( GEOMETRIC_REPRESENTATION_CONTEXT(2) 
PARAMETRIC_REPRESENTATION_CONTEXT() REPRESENTATION_CONTEXT('2D SPACE',''
  ) );
#9626 = ORIENTED_EDGE('',*,*,#7443,.T.);
#9627 = ORIENTED_EDGE('',*,*,#9606,.T.);
#9628 = ADVANCED_FACE('',(#9629),#7681,.T.);
#9629 = FACE_BOUND('',#9630,.T.);
#9630 = EDGE_LOOP('',(#9631,#9632,#9633,#9634));
#9631 = ORIENTED_EDGE('',*,*,#7696,.F.);
#9632 = ORIENTED_EDGE('',*,*,#7666,.F.);
#9633 = ORIENTED_EDGE('',*,*,#8098,.T.);
#9634 = ORIENTED_EDGE('',*,*,#8904,.F.);
#9635 = ADVANCED_FACE('',(#9636),#7738,.T.);
#9636 = FACE_BOUND('',#9637,.T.);
#9637 = EDGE_LOOP('',(#9638,#9639,#9640,#9641));
#9638 = ORIENTED_EDGE('',*,*,#8956,.T.);
#9639 = ORIENTED_EDGE('',*,*,#8125,.T.);
#9640 = ORIENTED_EDGE('',*,*,#7892,.F.);
#9641 = ORIENTED_EDGE('',*,*,#7724,.F.);
#9642 = ADVANCED_FACE('',(#9643,#9646),#8326,.T.);
#9643 = FACE_BOUND('',#9644,.T.);
#9644 = EDGE_LOOP('',(#9645));
#9645 = ORIENTED_EDGE('',*,*,#8311,.T.);
#9646 = FACE_BOUND('',#9647,.T.);
#9647 = EDGE_LOOP('',(#9648));
#9648 = ORIENTED_EDGE('',*,*,#8534,.F.);
#9649 = ADVANCED_FACE('',(#9650,#9653),#8381,.T.);
#9650 = FACE_BOUND('',#9651,.T.);
#9651 = EDGE_LOOP('',(#9652));
#9652 = ORIENTED_EDGE('',*,*,#8366,.T.);
#9653 = FACE_BOUND('',#9654,.T.);
#9654 = EDGE_LOOP('',(#9655));
#9655 = ORIENTED_EDGE('',*,*,#8584,.F.);
#9656 = ADVANCED_FACE('',(#9657,#9660),#8436,.T.);
#9657 = FACE_BOUND('',#9658,.T.);
#9658 = EDGE_LOOP('',(#9659));
#9659 = ORIENTED_EDGE('',*,*,#8421,.T.);
#9660 = FACE_BOUND('',#9661,.T.);
#9661 = EDGE_LOOP('',(#9662));
#9662 = ORIENTED_EDGE('',*,*,#8634,.F.);
#9663 = ADVANCED_FACE('',(#9664,#9667),#8491,.T.);
#9664 = FACE_BOUND('',#9665,.T.);
#9665 = EDGE_LOOP('',(#9666));
#9666 = ORIENTED_EDGE('',*,*,#8476,.T.);
#9667 = FACE_BOUND('',#9668,.T.);
#9668 = EDGE_LOOP('',(#9669));
#9669 = ORIENTED_EDGE('',*,*,#8739,.F.);
#9670 = ADVANCED_FACE('',(#9671),#8701,.F.);
#9671 = FACE_BOUND('',#9672,.F.);
#9672 = EDGE_LOOP('',(#9673));
#9673 = ORIENTED_EDGE('',*,*,#8684,.T.);
#9674 = ADVANCED_FACE('',(#9675,#9678),#9149,.F.);
#9675 = FACE_BOUND('',#9676,.F.);
#9676 = EDGE_LOOP('',(#9677));
#9677 = ORIENTED_EDGE('',*,*,#9134,.T.);
#9678 = FACE_BOUND('',#9679,.F.);
#9679 = EDGE_LOOP('',(#9680));
#9680 = ORIENTED_EDGE('',*,*,#9457,.F.);
#9681 = ADVANCED_FACE('',(#9682,#9685),#9204,.F.);
#9682 = FACE_BOUND('',#9683,.F.);
#9683 = EDGE_LOOP('',(#9684));
#9684 = ORIENTED_EDGE('',*,*,#9189,.T.);
#9685 = FACE_BOUND('',#9686,.F.);
#9686 = EDGE_LOOP('',(#9687));
#9687 = ORIENTED_EDGE('',*,*,#9507,.F.);
#9688 = ADVANCED_FACE('',(#9689,#9692),#9286,.T.);
#9689 = FACE_BOUND('',#9690,.T.);
#9690 = EDGE_LOOP('',(#9691));
#9691 = ORIENTED_EDGE('',*,*,#9271,.T.);
#9692 = FACE_BOUND('',#9693,.T.);
#9693 = EDGE_LOOP('',(#9694));
#9694 = ORIENTED_EDGE('',*,*,#9532,.F.);
#9695 = ADVANCED_FACE('',(#9696,#9699),#9341,.T.);
#9696 = FACE_BOUND('',#9697,.T.);
#9697 = EDGE_LOOP('',(#9698));
#9698 = ORIENTED_EDGE('',*,*,#9326,.T.);
#9699 = FACE_BOUND('',#9700,.T.);
#9700 = EDGE_LOOP('',(#9701));
#9701 = ORIENTED_EDGE('',*,*,#9582,.F.);
#9702 = ( GEOMETRIC_REPRESENTATION_CONTEXT(3) 
GLOBAL_UNCERTAINTY_ASSIGNED_CONTEXT((#9706)) 
GLOBAL_UNIT_ASSIGNED_CONTEXT((#9703,#9704,#9705)) REPRESENTATION_CONTEXT
('Context #1','3D Context with UNIT and UNCERTAINTY') );
#9703 = ( LENGTH_UNIT() NAMED_UNIT(*) SI_UNIT(.MILLI.,.METRE.) );
#9704 = ( NAMED_UNIT(*) PLANE_ANGLE_UNIT() SI_UNIT($,.RADIAN.) );
#9705 = ( NAMED_UNIT(*) SI_UNIT($,.STERADIAN.) SOLID_ANGLE_UNIT() );
#9706 = UNCERTAINTY_MEASURE_WITH_UNIT(LENGTH_MEASURE(5.E-06),#9703,
  'distance_accuracy_value','confusion accuracy');
#9707 = CONTEXT_DEPENDENT_SHAPE_REPRESENTATION(#9708,#9710);
#9708 = ( REPRESENTATION_RELATIONSHIP('','',#32,#10) 
REPRESENTATION_RELATIONSHIP_WITH_TRANSFORMATION(#9709) 
SHAPE_REPRESENTATION_RELATIONSHIP() );
#9709 = ITEM_DEFINED_TRANSFORMATION('','',#11,#15);
#9710 = PRODUCT_DEFINITION_SHAPE('Placement','Placement of an item',
  #9711);
#9711 = NEXT_ASSEMBLY_USAGE_OCCURRENCE('19','=>[0:1:1:2]','',#5,#27,$);
#9712 = PRODUCT_RELATED_PRODUCT_CATEGORY('part',$,(#29));
ENDSEC;
END-ISO-10303-21;
