ISO-10303-21;
HEADER;
FILE_DESCRIPTION(('Open CASCADE Model'),'2;1');
FILE_NAME('Open CASCADE Shape Model','2026-09-15T01:46:52',('Author'),(
    'Open CASCADE'),'Open CASCADE STEP processor 7.9','build123d',
  'Unknown');
FILE_SCHEMA(('AUTOMOTIVE_DESIGN { 1 0 10303 214 1 1 1 1 }'));
ENDSEC;
DATA;
#1 = APPLICATION_PROTOCOL_DEFINITION('international standard',
  'automotive_design',2000,#2);
#2 = APPLICATION_CONTEXT(
  'core data for automotive mechanical design processes');
#3 = SHAPE_DEFINITION_REPRESENTATION(#4,#10);
#4 = PRODUCT_DEFINITION_SHAPE('','',#5);
#5 = PRODUCT_DEFINITION('design','',#6,#9);
#6 = PRODUCT_DEFINITION_FORMATION('','',#7);
#7 = PRODUCT('COMPOUND','COMPOUND','',(#8));
#8 = PRODUCT_CONTEXT('',#2,'mechanical');
#9 = PRODUCT_DEFINITION_CONTEXT('part definition',#2,'design');
#10 = ADVANCED_BREP_SHAPE_REPRESENTATION('',(#11,#15),#6655);
#11 = AXIS2_PLACEMENT_3D('',#12,#13,#14);
#12 = CARTESIAN_POINT('',(0.,0.,0.));
#13 = DIRECTION('',(0.,0.,1.));
#14 = DIRECTION('',(1.,0.,-0.));
#15 = MANIFOLD_SOLID_BREP('',#16);
#16 = CLOSED_SHELL('',(#17,#848,#924,#974,#1023,#1213,#1267,#1321,#1370,
    #1594,#1949,#1998,#2052,#2102,#2743,#2792,#2846,#2900,#2949,#2998,
    #3052,#3101,#3150,#3199,#3253,#3307,#3356,#3581,#3810,#3837,#3889,
    #3948,#4007,#4066,#4125,#4179,#4233,#4287,#4346,#4400,#4427,#4454,
    #4481,#4578,#4605,#4632,#4659,#4686,#4783,#4790,#5009,#5058,#5107,
    #5156,#5240,#5267,#5316,#5365,#5414,#5463,#5525,#5584,#5643,#5702,
    #5761,#5820,#5874,#5928,#5982,#6036,#6090,#6097,#6104,#6111,#6118,
    #6122,#6181,#6240,#6299,#6358,#6365,#6376,#6430,#6484,#6538,#6592,
    #6599,#6606,#6613,#6620,#6627,#6634,#6641,#6648));
#17 = ADVANCED_FACE('',(#18),#32,.F.);
#18 = FACE_BOUND('',#19,.T.);
#19 = EDGE_LOOP('',(#20,#55,#83,#112,#140,#168,#196,#224,#247,#276,#304,
    #332,#360,#389,#417,#445,#473,#501,#530,#558,#587,#615,#644,#672,
    #705,#733,#761,#789,#817));
#20 = ORIENTED_EDGE('',*,*,#21,.F.);
#21 = EDGE_CURVE('',#22,#24,#26,.T.);
#22 = VERTEX_POINT('',#23);
#23 = CARTESIAN_POINT('',(-8.,10.5,65.5));
#24 = VERTEX_POINT('',#25);
#25 = CARTESIAN_POINT('',(-8.,10.5,57.55));
#26 = SURFACE_CURVE('',#27,(#31,#43),.PCURVE_S1.);
#27 = LINE('',#28,#29);
#28 = CARTESIAN_POINT('',(-8.,10.5,65.5));
#29 = VECTOR('',#30,1.);
#30 = DIRECTION('',(0.,2.22044604925E-16,-1.));
#31 = PCURVE('',#32,#37);
#32 = PLANE('',#33);
#33 = AXIS2_PLACEMENT_3D('',#34,#35,#36);
#34 = CARTESIAN_POINT('',(-8.,-3.774758283726E-15,49.75));
#35 = DIRECTION('',(1.,-4.930380657631E-32,2.22044604925E-16));
#36 = DIRECTION('',(0.,-1.,-2.22044604925E-16));
#37 = DEFINITIONAL_REPRESENTATION('',(#38),#42);
#38 = LINE('',#39,#40);
#39 = CARTESIAN_POINT('',(-10.5,-15.75));
#40 = VECTOR('',#41,1.);
#41 = DIRECTION('',(-0.,1.));
#42 = ( GEOMETRIC_REPRESENTATION_CONTEXT(2) 
PARAMETRIC_REPRESENTATION_CONTEXT() REPRESENTATION_CONTEXT('2D SPACE',''
  ) );
#43 = PCURVE('',#44,#49);
#44 = PLANE('',#45);
#45 = AXIS2_PLACEMENT_3D('',#46,#47,#48);
#46 = CARTESIAN_POINT('',(-8.,10.5,59.2));
#47 = DIRECTION('',(-0.,1.,2.22044604925E-16));
#48 = DIRECTION('',(-1.,0.,0.));
#49 = DEFINITIONAL_REPRESENTATION('',(#50),#54);
#50 = LINE('',#51,#52);
#51 = CARTESIAN_POINT('',(-0.,6.3));
#52 = VECTOR('',#53,1.);
#53 = DIRECTION('',(-0.,-1.));
#54 = ( GEOMETRIC_REPRESENTATION_CONTEXT(2) 
PARAMETRIC_REPRESENTATION_CONTEXT() REPRESENTATION_CONTEXT('2D SPACE',''
  ) );
#55 = ORIENTED_EDGE('',*,*,#56,.F.);
#56 = EDGE_CURVE('',#57,#22,#59,.T.);
#57 = VERTEX_POINT('',#58);
#58 = CARTESIAN_POINT('',(-8.,53.7,65.5));
#59 = SURFACE_CURVE('',#60,(#64,#71),.PCURVE_S1.);
#60 = LINE('',#61,#62);
#61 = CARTESIAN_POINT('',(-8.,70.65,65.5));
#62 = VECTOR('',#63,1.);
#63 = DIRECTION('',(0.,-1.,-2.22044604925E-16));
#64 = PCURVE('',#32,#65);
#65 = DEFINITIONAL_REPRESENTATION('',(#66),#70);
#66 = LINE('',#67,#68);
#67 = CARTESIAN_POINT('',(-70.65,-15.75));
#68 = VECTOR('',#69,1.);
#69 = DIRECTION('',(1.,-0.));
#70 = ( GEOMETRIC_REPRESENTATION_CONTEXT(2) 
PARAMETRIC_REPRESENTATION_CONTEXT() REPRESENTATION_CONTEXT('2D SPACE',''
  ) );
#71 = PCURVE('',#72,#77);
#72 = PLANE('',#73);
#73 = AXIS2_PLACEMENT_3D('',#74,#75,#76);
#74 = CARTESIAN_POINT('',(-8.,10.5,65.5));
#75 = DIRECTION('',(0.,-2.22044604925E-16,1.));
#76 = DIRECTION('',(0.,-1.,-2.22044604925E-16));
#77 = DEFINITIONAL_REPRESENTATION('',(#78),#82);
#78 = LINE('',#79,#80);
#79 = CARTESIAN_POINT('',(-60.15,0.));
#80 = VECTOR('',#81,1.);
#81 = DIRECTION('',(1.,-0.));
#82 = ( GEOMETRIC_REPRESENTATION_CONTEXT(2) 
PARAMETRIC_REPRESENTATION_CONTEXT() REPRESENTATION_CONTEXT('2D SPACE',''
  ) );
#83 = ORIENTED_EDGE('',*,*,#84,.T.);
#84 = EDGE_CURVE('',#57,#85,#87,.T.);
#85 = VERTEX_POINT('',#86);
#86 = CARTESIAN_POINT('',(-8.,60.,71.8));
#87 = SURFACE_CURVE('',#88,(#93,#100),.PCURVE_S1.);
#88 = CIRCLE('',#89,6.3);
#89 = AXIS2_PLACEMENT_3D('',#90,#91,#92);
#90 = CARTESIAN_POINT('',(-8.,53.7,71.8));
#91 = DIRECTION('',(1.,0.,0.));
#92 = DIRECTION('',(-0.,1.,2.22044604925E-16));
#93 = PCURVE('',#32,#94);
#94 = DEFINITIONAL_REPRESENTATION('',(#95),#99);
#95 = CIRCLE('',#96,6.3);
#96 = AXIS2_PLACEMENT_2D('',#97,#98);
#97 = CARTESIAN_POINT('',(-53.7,-22.05));
#98 = DIRECTION('',(-1.,0.));
#99 = ( GEOMETRIC_REPRESENTATION_CONTEXT(2) 
PARAMETRIC_REPRESENTATION_CONTEXT() REPRESENTATION_CONTEXT('2D SPACE',''
  ) );
#100 = PCURVE('',#101,#106);
#101 = CYLINDRICAL_SURFACE('',#102,6.3);
#102 = AXIS2_PLACEMENT_3D('',#103,#104,#105);
#103 = CARTESIAN_POINT('',(-8.,53.7,71.8));
#104 = DIRECTION('',(1.,0.,0.));
#105 = DIRECTION('',(0.,2.22044604925E-16,-1.));
#106 = DEFINITIONAL_REPRESENTATION('',(#107),#111);
#107 = LINE('',#108,#109);
#108 = CARTESIAN_POINT('',(-4.712388980385,-8.881784197001E-15));
#109 = VECTOR('',#110,1.);
#110 = DIRECTION('',(1.,0.));
#111 = ( GEOMETRIC_REPRESENTATION_CONTEXT(2) 
PARAMETRIC_REPRESENTATION_CONTEXT() REPRESENTATION_CONTEXT('2D SPACE',''
  ) );
#112 = ORIENTED_EDGE('',*,*,#113,.T.);
#113 = EDGE_CURVE('',#85,#114,#116,.T.);
#114 = VERTEX_POINT('',#115);
#115 = CARTESIAN_POINT('',(-8.,60.,72.865));
#116 = SURFACE_CURVE('',#117,(#121,#128),.PCURVE_S1.);
#117 = LINE('',#118,#119);
#118 = CARTESIAN_POINT('',(-8.,60.,1.42108547152E-14));
#119 = VECTOR('',#120,1.);
#120 = DIRECTION('',(0.,-2.22044604925E-16,1.));
#121 = PCURVE('',#32,#122);
#122 = DEFINITIONAL_REPRESENTATION('',(#123),#127);
#123 = LINE('',#124,#125);
#124 = CARTESIAN_POINT('',(-60.,49.75));
#125 = VECTOR('',#126,1.);
#126 = DIRECTION('',(-0.,-1.));
#127 = ( GEOMETRIC_REPRESENTATION_CONTEXT(2) 
PARAMETRIC_REPRESENTATION_CONTEXT() REPRESENTATION_CONTEXT('2D SPACE',''
  ) );
#128 = PCURVE('',#129,#134);
#129 = PLANE('',#130);
#130 = AXIS2_PLACEMENT_3D('',#131,#132,#133);
#131 = CARTESIAN_POINT('',(-8.,60.,1.42108547152E-14));
#132 = DIRECTION('',(-0.,1.,2.22044604925E-16));
#133 = DIRECTION('',(-1.,0.,0.));
#134 = DEFINITIONAL_REPRESENTATION('',(#135),#139);
#135 = LINE('',#136,#137);
#136 = CARTESIAN_POINT('',(-0.,0.));
#137 = VECTOR('',#138,1.);
#138 = DIRECTION('',(-0.,1.));
#139 = ( GEOMETRIC_REPRESENTATION_CONTEXT(2) 
PARAMETRIC_REPRESENTATION_CONTEXT() REPRESENTATION_CONTEXT('2D SPACE',''
  ) );
#140 = ORIENTED_EDGE('',*,*,#141,.T.);
#141 = EDGE_CURVE('',#114,#142,#144,.T.);
#142 = VERTEX_POINT('',#143);
#143 = CARTESIAN_POINT('',(-8.,65.65,72.865));
#144 = SURFACE_CURVE('',#145,(#149,#156),.PCURVE_S1.);
#145 = LINE('',#146,#147);
#146 = CARTESIAN_POINT('',(-8.,60.,72.865));
#147 = VECTOR('',#148,1.);
#148 = DIRECTION('',(-0.,1.,2.22044604925E-16));
#149 = PCURVE('',#32,#150);
#150 = DEFINITIONAL_REPRESENTATION('',(#151),#155);
#151 = LINE('',#152,#153);
#152 = CARTESIAN_POINT('',(-60.,-23.115));
#153 = VECTOR('',#154,1.);
#154 = DIRECTION('',(-1.,0.));
#155 = ( GEOMETRIC_REPRESENTATION_CONTEXT(2) 
PARAMETRIC_REPRESENTATION_CONTEXT() REPRESENTATION_CONTEXT('2D SPACE',''
  ) );
#156 = PCURVE('',#157,#162);
#157 = PLANE('',#158);
#158 = AXIS2_PLACEMENT_3D('',#159,#160,#161);
#159 = CARTESIAN_POINT('',(-8.,60.,72.865));
#160 = DIRECTION('',(0.,-2.22044604925E-16,1.));
#161 = DIRECTION('',(0.,-1.,-2.22044604925E-16));
#162 = DEFINITIONAL_REPRESENTATION('',(#163),#167);
#163 = LINE('',#164,#165);
#164 = CARTESIAN_POINT('',(-7.105427357601E-15,0.));
#165 = VECTOR('',#166,1.);
#166 = DIRECTION('',(-1.,0.));
#167 = ( GEOMETRIC_REPRESENTATION_CONTEXT(2) 
PARAMETRIC_REPRESENTATION_CONTEXT() REPRESENTATION_CONTEXT('2D SPACE',''
  ) );
#168 = ORIENTED_EDGE('',*,*,#169,.F.);
#169 = EDGE_CURVE('',#170,#142,#172,.T.);
#170 = VERTEX_POINT('',#171);
#171 = CARTESIAN_POINT('',(-8.,65.65,50.865));
#172 = SURFACE_CURVE('',#173,(#177,#184),.PCURVE_S1.);
#173 = LINE('',#174,#175);
#174 = CARTESIAN_POINT('',(-8.,65.65,50.865));
#175 = VECTOR('',#176,1.);
#176 = DIRECTION('',(0.,-2.22044604925E-16,1.));
#177 = PCURVE('',#32,#178);
#178 = DEFINITIONAL_REPRESENTATION('',(#179),#183);
#179 = LINE('',#180,#181);
#180 = CARTESIAN_POINT('',(-65.65,-1.115));
#181 = VECTOR('',#182,1.);
#182 = DIRECTION('',(-0.,-1.));
#183 = ( GEOMETRIC_REPRESENTATION_CONTEXT(2) 
PARAMETRIC_REPRESENTATION_CONTEXT() REPRESENTATION_CONTEXT('2D SPACE',''
  ) );
#184 = PCURVE('',#185,#190);
#185 = CYLINDRICAL_SURFACE('',#186,5.);
#186 = AXIS2_PLACEMENT_3D('',#187,#188,#189);
#187 = CARTESIAN_POINT('',(-13.,65.65,50.865));
#188 = DIRECTION('',(0.,-2.22044604925E-16,1.));
#189 = DIRECTION('',(1.,0.,0.));
#190 = DEFINITIONAL_REPRESENTATION('',(#191),#195);
#191 = LINE('',#192,#193);
#192 = CARTESIAN_POINT('',(0.,0.));
#193 = VECTOR('',#194,1.);
#194 = DIRECTION('',(0.,1.));
#195 = ( GEOMETRIC_REPRESENTATION_CONTEXT(2) 
PARAMETRIC_REPRESENTATION_CONTEXT() REPRESENTATION_CONTEXT('2D SPACE',''
  ) );
#196 = ORIENTED_EDGE('',*,*,#197,.F.);
#197 = EDGE_CURVE('',#198,#170,#200,.T.);
#198 = VERTEX_POINT('',#199);
#199 = CARTESIAN_POINT('',(-8.,70.65,50.865));
#200 = SURFACE_CURVE('',#201,(#205,#212),.PCURVE_S1.);
#201 = LINE('',#202,#203);
#202 = CARTESIAN_POINT('',(-8.,35.325,50.865));
#203 = VECTOR('',#204,1.);
#204 = DIRECTION('',(4.930380657631E-32,-1.,-4.440892098501E-16));
#205 = PCURVE('',#32,#206);
#206 = DEFINITIONAL_REPRESENTATION('',(#207),#211);
#207 = LINE('',#208,#209);
#208 = CARTESIAN_POINT('',(-35.325,-1.115));
#209 = VECTOR('',#210,1.);
#210 = DIRECTION('',(1.,2.22044604925E-16));
#211 = ( GEOMETRIC_REPRESENTATION_CONTEXT(2) 
PARAMETRIC_REPRESENTATION_CONTEXT() REPRESENTATION_CONTEXT('2D SPACE',''
  ) );
#212 = PCURVE('',#213,#218);
#213 = PLANE('',#214);
#214 = AXIS2_PLACEMENT_3D('',#215,#216,#217);
#215 = CARTESIAN_POINT('',(-22.45,70.65,50.865));
#216 = DIRECTION('',(0.,4.440892098501E-16,-1.));
#217 = DIRECTION('',(-1.,0.,0.));
#218 = DEFINITIONAL_REPRESENTATION('',(#219),#223);
#219 = LINE('',#220,#221);
#220 = CARTESIAN_POINT('',(-14.45,-35.325));
#221 = VECTOR('',#222,1.);
#222 = DIRECTION('',(-4.930380657631E-32,-1.));
#223 = ( GEOMETRIC_REPRESENTATION_CONTEXT(2) 
PARAMETRIC_REPRESENTATION_CONTEXT() REPRESENTATION_CONTEXT('2D SPACE',''
  ) );
#224 = ORIENTED_EDGE('',*,*,#225,.T.);
#225 = EDGE_CURVE('',#198,#226,#228,.T.);
#226 = VERTEX_POINT('',#227);
#227 = CARTESIAN_POINT('',(-8.,72.15,50.865));
#228 = SURFACE_CURVE('',#229,(#233,#240),.PCURVE_S1.);
#229 = LINE('',#230,#231);
#230 = CARTESIAN_POINT('',(-8.,35.325,50.865));
#231 = VECTOR('',#232,1.);
#232 = DIRECTION('',(-4.930380657631E-32,1.,4.440892098501E-16));
#233 = PCURVE('',#32,#234);
#234 = DEFINITIONAL_REPRESENTATION('',(#235),#239);
#235 = LINE('',#236,#237);
#236 = CARTESIAN_POINT('',(-35.325,-1.115));
#237 = VECTOR('',#238,1.);
#238 = DIRECTION('',(-1.,-2.22044604925E-16));
#239 = ( GEOMETRIC_REPRESENTATION_CONTEXT(2) 
PARAMETRIC_REPRESENTATION_CONTEXT() REPRESENTATION_CONTEXT('2D SPACE',''
  ) );
#240 = PCURVE('',#213,#241);
#241 = DEFINITIONAL_REPRESENTATION('',(#242),#246);
#242 = LINE('',#243,#244);
#243 = CARTESIAN_POINT('',(-14.45,-35.325));
#244 = VECTOR('',#245,1.);
#245 = DIRECTION('',(4.930380657631E-32,1.));
#246 = ( GEOMETRIC_REPRESENTATION_CONTEXT(2) 
PARAMETRIC_REPRESENTATION_CONTEXT() REPRESENTATION_CONTEXT('2D SPACE',''
  ) );
#247 = ORIENTED_EDGE('',*,*,#248,.T.);
#248 = EDGE_CURVE('',#226,#249,#251,.T.);
#249 = VERTEX_POINT('',#250);
#250 = CARTESIAN_POINT('',(-8.,70.65,49.365));
#251 = SURFACE_CURVE('',#252,(#257,#264),.PCURVE_S1.);
#252 = CIRCLE('',#253,1.5);
#253 = AXIS2_PLACEMENT_3D('',#254,#255,#256);
#254 = CARTESIAN_POINT('',(-8.,72.15,49.365));
#255 = DIRECTION('',(1.,0.,0.));
#256 = DIRECTION('',(-0.,1.,2.22044604925E-16));
#257 = PCURVE('',#32,#258);
#258 = DEFINITIONAL_REPRESENTATION('',(#259),#263);
#259 = CIRCLE('',#260,1.5);
#260 = AXIS2_PLACEMENT_2D('',#261,#262);
#261 = CARTESIAN_POINT('',(-72.15,0.385));
#262 = DIRECTION('',(-1.,0.));
#263 = ( GEOMETRIC_REPRESENTATION_CONTEXT(2) 
PARAMETRIC_REPRESENTATION_CONTEXT() REPRESENTATION_CONTEXT('2D SPACE',''
  ) );
#264 = PCURVE('',#265,#270);
#265 = CYLINDRICAL_SURFACE('',#266,1.5);
#266 = AXIS2_PLACEMENT_3D('',#267,#268,#269);
#267 = CARTESIAN_POINT('',(-8.,72.15,49.365));
#268 = DIRECTION('',(1.,0.,0.));
#269 = DIRECTION('',(0.,-4.440892098501E-16,1.));
#270 = DEFINITIONAL_REPRESENTATION('',(#271),#275);
#271 = LINE('',#272,#273);
#272 = CARTESIAN_POINT('',(-1.570796326795,-4.440892098501E-15));
#273 = VECTOR('',#274,1.);
#274 = DIRECTION('',(1.,0.));
#275 = ( GEOMETRIC_REPRESENTATION_CONTEXT(2) 
PARAMETRIC_REPRESENTATION_CONTEXT() REPRESENTATION_CONTEXT('2D SPACE',''
  ) );
#276 = ORIENTED_EDGE('',*,*,#277,.F.);
#277 = EDGE_CURVE('',#278,#249,#280,.T.);
#278 = VERTEX_POINT('',#279);
#279 = CARTESIAN_POINT('',(-8.,70.65,1.42108547152E-14));
#280 = SURFACE_CURVE('',#281,(#285,#292),.PCURVE_S1.);
#281 = LINE('',#282,#283);
#282 = CARTESIAN_POINT('',(-8.,70.65,1.42108547152E-14));
#283 = VECTOR('',#284,1.);
#284 = DIRECTION('',(0.,-2.22044604925E-16,1.));
#285 = PCURVE('',#32,#286);
#286 = DEFINITIONAL_REPRESENTATION('',(#287),#291);
#287 = LINE('',#288,#289);
#288 = CARTESIAN_POINT('',(-70.65,49.75));
#289 = VECTOR('',#290,1.);
#290 = DIRECTION('',(-0.,-1.));
#291 = ( GEOMETRIC_REPRESENTATION_CONTEXT(2) 
PARAMETRIC_REPRESENTATION_CONTEXT() REPRESENTATION_CONTEXT('2D SPACE',''
  ) );
#292 = PCURVE('',#293,#298);
#293 = PLANE('',#294);
#294 = AXIS2_PLACEMENT_3D('',#295,#296,#297);
#295 = CARTESIAN_POINT('',(-8.,70.65,59.2));
#296 = DIRECTION('',(-0.,1.,2.22044604925E-16));
#297 = DIRECTION('',(-1.,0.,0.));
#298 = DEFINITIONAL_REPRESENTATION('',(#299),#303);
#299 = LINE('',#300,#301);
#300 = CARTESIAN_POINT('',(-0.,-59.2));
#301 = VECTOR('',#302,1.);
#302 = DIRECTION('',(-0.,1.));
#303 = ( GEOMETRIC_REPRESENTATION_CONTEXT(2) 
PARAMETRIC_REPRESENTATION_CONTEXT() REPRESENTATION_CONTEXT('2D SPACE',''
  ) );
#304 = ORIENTED_EDGE('',*,*,#305,.F.);
#305 = EDGE_CURVE('',#306,#278,#308,.T.);
#306 = VERTEX_POINT('',#307);
#307 = CARTESIAN_POINT('',(-8.,10.5,0.));
#308 = SURFACE_CURVE('',#309,(#313,#320),.PCURVE_S1.);
#309 = LINE('',#310,#311);
#310 = CARTESIAN_POINT('',(-8.,10.5,7.105427357601E-15));
#311 = VECTOR('',#312,1.);
#312 = DIRECTION('',(-0.,1.,2.22044604925E-16));
#313 = PCURVE('',#32,#314);
#314 = DEFINITIONAL_REPRESENTATION('',(#315),#319);
#315 = LINE('',#316,#317);
#316 = CARTESIAN_POINT('',(-10.5,49.75));
#317 = VECTOR('',#318,1.);
#318 = DIRECTION('',(-1.,0.));
#319 = ( GEOMETRIC_REPRESENTATION_CONTEXT(2) 
PARAMETRIC_REPRESENTATION_CONTEXT() REPRESENTATION_CONTEXT('2D SPACE',''
  ) );
#320 = PCURVE('',#321,#326);
#321 = PLANE('',#322);
#322 = AXIS2_PLACEMENT_3D('',#323,#324,#325);
#323 = CARTESIAN_POINT('',(-8.,10.5,7.105427357601E-15));
#324 = DIRECTION('',(0.,-2.22044604925E-16,1.));
#325 = DIRECTION('',(0.,-1.,-2.22044604925E-16));
#326 = DEFINITIONAL_REPRESENTATION('',(#327),#331);
#327 = LINE('',#328,#329);
#328 = CARTESIAN_POINT('',(-0.,0.));
#329 = VECTOR('',#330,1.);
#330 = DIRECTION('',(-1.,0.));
#331 = ( GEOMETRIC_REPRESENTATION_CONTEXT(2) 
PARAMETRIC_REPRESENTATION_CONTEXT() REPRESENTATION_CONTEXT('2D SPACE',''
  ) );
#332 = ORIENTED_EDGE('',*,*,#333,.F.);
#333 = EDGE_CURVE('',#334,#306,#336,.T.);
#334 = VERTEX_POINT('',#335);
#335 = CARTESIAN_POINT('',(-8.,10.5,5.55));
#336 = SURFACE_CURVE('',#337,(#341,#348),.PCURVE_S1.);
#337 = LINE('',#338,#339);
#338 = CARTESIAN_POINT('',(-8.,10.5,13.35));
#339 = VECTOR('',#340,1.);
#340 = DIRECTION('',(0.,2.22044604925E-16,-1.));
#341 = PCURVE('',#32,#342);
#342 = DEFINITIONAL_REPRESENTATION('',(#343),#347);
#343 = LINE('',#344,#345);
#344 = CARTESIAN_POINT('',(-10.5,36.4));
#345 = VECTOR('',#346,1.);
#346 = DIRECTION('',(-0.,1.));
#347 = ( GEOMETRIC_REPRESENTATION_CONTEXT(2) 
PARAMETRIC_REPRESENTATION_CONTEXT() REPRESENTATION_CONTEXT('2D SPACE',''
  ) );
#348 = PCURVE('',#349,#354);
#349 = PLANE('',#350);
#350 = AXIS2_PLACEMENT_3D('',#351,#352,#353);
#351 = CARTESIAN_POINT('',(-8.,10.5,7.105427357601E-15));
#352 = DIRECTION('',(-0.,1.,2.22044604925E-16));
#353 = DIRECTION('',(-1.,0.,0.));
#354 = DEFINITIONAL_REPRESENTATION('',(#355),#359);
#355 = LINE('',#356,#357);
#356 = CARTESIAN_POINT('',(-0.,13.35));
#357 = VECTOR('',#358,1.);
#358 = DIRECTION('',(-0.,-1.));
#359 = ( GEOMETRIC_REPRESENTATION_CONTEXT(2) 
PARAMETRIC_REPRESENTATION_CONTEXT() REPRESENTATION_CONTEXT('2D SPACE',''
  ) );
#360 = ORIENTED_EDGE('',*,*,#361,.T.);
#361 = EDGE_CURVE('',#334,#362,#364,.T.);
#362 = VERTEX_POINT('',#363);
#363 = CARTESIAN_POINT('',(-8.,9.,7.05));
#364 = SURFACE_CURVE('',#365,(#370,#377),.PCURVE_S1.);
#365 = CIRCLE('',#366,1.5);
#366 = AXIS2_PLACEMENT_3D('',#367,#368,#369);
#367 = CARTESIAN_POINT('',(-8.,9.,5.55));
#368 = DIRECTION('',(1.,-4.930380657631E-32,2.22044604925E-16));
#369 = DIRECTION('',(2.22044604925E-16,2.22044604925E-16,-1.));
#370 = PCURVE('',#32,#371);
#371 = DEFINITIONAL_REPRESENTATION('',(#372),#376);
#372 = CIRCLE('',#373,1.5);
#373 = AXIS2_PLACEMENT_2D('',#374,#375);
#374 = CARTESIAN_POINT('',(-9.,44.2));
#375 = DIRECTION('',(-0.,1.));
#376 = ( GEOMETRIC_REPRESENTATION_CONTEXT(2) 
PARAMETRIC_REPRESENTATION_CONTEXT() REPRESENTATION_CONTEXT('2D SPACE',''
  ) );
#377 = PCURVE('',#378,#383);
#378 = CYLINDRICAL_SURFACE('',#379,1.5);
#379 = AXIS2_PLACEMENT_3D('',#380,#381,#382);
#380 = CARTESIAN_POINT('',(8.,9.,5.55));
#381 = DIRECTION('',(-1.,4.930380657631E-32,-2.22044604925E-16));
#382 = DIRECTION('',(-0.,1.,2.22044604925E-16));
#383 = DEFINITIONAL_REPRESENTATION('',(#384),#388);
#384 = LINE('',#385,#386);
#385 = CARTESIAN_POINT('',(1.570796326795,16.));
#386 = VECTOR('',#387,1.);
#387 = DIRECTION('',(-1.,0.));
#388 = ( GEOMETRIC_REPRESENTATION_CONTEXT(2) 
PARAMETRIC_REPRESENTATION_CONTEXT() REPRESENTATION_CONTEXT('2D SPACE',''
  ) );
#389 = ORIENTED_EDGE('',*,*,#390,.T.);
#390 = EDGE_CURVE('',#362,#391,#393,.T.);
#391 = VERTEX_POINT('',#392);
#392 = CARTESIAN_POINT('',(-8.,6.645299090334,7.05));
#393 = SURFACE_CURVE('',#394,(#398,#405),.PCURVE_S1.);
#394 = LINE('',#395,#396);
#395 = CARTESIAN_POINT('',(-8.,22.,7.05));
#396 = VECTOR('',#397,1.);
#397 = DIRECTION('',(0.,-1.,-2.22044604925E-16));
#398 = PCURVE('',#32,#399);
#399 = DEFINITIONAL_REPRESENTATION('',(#400),#404);
#400 = LINE('',#401,#402);
#401 = CARTESIAN_POINT('',(-22.,42.7));
#402 = VECTOR('',#403,1.);
#403 = DIRECTION('',(1.,-0.));
#404 = ( GEOMETRIC_REPRESENTATION_CONTEXT(2) 
PARAMETRIC_REPRESENTATION_CONTEXT() REPRESENTATION_CONTEXT('2D SPACE',''
  ) );
#405 = PCURVE('',#406,#411);
#406 = PLANE('',#407);
#407 = AXIS2_PLACEMENT_3D('',#408,#409,#410);
#408 = CARTESIAN_POINT('',(5.706546346573E-15,8.504308368629E-15,7.05));
#409 = DIRECTION('',(2.22044604925E-16,2.22044604925E-16,-1.));
#410 = DIRECTION('',(-1.,4.930380657631E-32,-2.22044604925E-16));
#411 = DEFINITIONAL_REPRESENTATION('',(#412),#416);
#412 = LINE('',#413,#414);
#413 = CARTESIAN_POINT('',(8.,22.));
#414 = VECTOR('',#415,1.);
#415 = DIRECTION('',(-0.,-1.));
#416 = ( GEOMETRIC_REPRESENTATION_CONTEXT(2) 
PARAMETRIC_REPRESENTATION_CONTEXT() REPRESENTATION_CONTEXT('2D SPACE',''
  ) );
#417 = ORIENTED_EDGE('',*,*,#418,.F.);
#418 = EDGE_CURVE('',#419,#391,#421,.T.);
#419 = VERTEX_POINT('',#420);
#420 = CARTESIAN_POINT('',(-8.,6.645299090334,13.35));
#421 = SURFACE_CURVE('',#422,(#426,#433),.PCURVE_S1.);
#422 = LINE('',#423,#424);
#423 = CARTESIAN_POINT('',(-8.,6.645299090334,13.35));
#424 = VECTOR('',#425,1.);
#425 = DIRECTION('',(2.22044604925E-16,2.22044604925E-16,-1.));
#426 = PCURVE('',#32,#427);
#427 = DEFINITIONAL_REPRESENTATION('',(#428),#432);
#428 = LINE('',#429,#430);
#429 = CARTESIAN_POINT('',(-6.645299090334,36.4));
#430 = VECTOR('',#431,1.);
#431 = DIRECTION('',(-0.,1.));
#432 = ( GEOMETRIC_REPRESENTATION_CONTEXT(2) 
PARAMETRIC_REPRESENTATION_CONTEXT() REPRESENTATION_CONTEXT('2D SPACE',''
  ) );
#433 = PCURVE('',#434,#439);
#434 = CYLINDRICAL_SURFACE('',#435,10.4);
#435 = AXIS2_PLACEMENT_3D('',#436,#437,#438);
#436 = CARTESIAN_POINT('',(4.307665335546E-15,7.105427357601E-15,13.35)
  );
#437 = DIRECTION('',(2.22044604925E-16,2.22044604925E-16,-1.));
#438 = DIRECTION('',(1.,-4.930380657631E-32,2.22044604925E-16));
#439 = DEFINITIONAL_REPRESENTATION('',(#440),#444);
#440 = LINE('',#441,#442);
#441 = CARTESIAN_POINT('',(-2.448432746013,0.));
#442 = VECTOR('',#443,1.);
#443 = DIRECTION('',(-0.,1.));
#444 = ( GEOMETRIC_REPRESENTATION_CONTEXT(2) 
PARAMETRIC_REPRESENTATION_CONTEXT() REPRESENTATION_CONTEXT('2D SPACE',''
  ) );
#445 = ORIENTED_EDGE('',*,*,#446,.T.);
#446 = EDGE_CURVE('',#419,#447,#449,.T.);
#447 = VERTEX_POINT('',#448);
#448 = CARTESIAN_POINT('',(-8.,13.5,13.35));
#449 = SURFACE_CURVE('',#450,(#454,#461),.PCURVE_S1.);
#450 = LINE('',#451,#452);
#451 = CARTESIAN_POINT('',(-8.,6.645299090334,13.35));
#452 = VECTOR('',#453,1.);
#453 = DIRECTION('',(6.349035959241E-15,1.,7.40333254659E-16));
#454 = PCURVE('',#32,#455);
#455 = DEFINITIONAL_REPRESENTATION('',(#456),#460);
#456 = LINE('',#457,#458);
#457 = CARTESIAN_POINT('',(-6.645299090334,36.4));
#458 = VECTOR('',#459,1.);
#459 = DIRECTION('',(-1.,-5.182886497339E-16));
#460 = ( GEOMETRIC_REPRESENTATION_CONTEXT(2) 
PARAMETRIC_REPRESENTATION_CONTEXT() REPRESENTATION_CONTEXT('2D SPACE',''
  ) );
#461 = PCURVE('',#462,#467);
#462 = PLANE('',#463);
#463 = AXIS2_PLACEMENT_3D('',#464,#465,#466);
#464 = CARTESIAN_POINT('',(4.307665335546E-15,4.307665335546E-15,13.35)
  );
#465 = DIRECTION('',(2.22044604925E-16,2.22044604925E-16,-1.));
#466 = DIRECTION('',(-1.,4.930380657631E-32,-2.22044604925E-16));
#467 = DEFINITIONAL_REPRESENTATION('',(#468),#472);
#468 = LINE('',#469,#470);
#469 = CARTESIAN_POINT('',(8.,6.645299090334));
#470 = VECTOR('',#471,1.);
#471 = DIRECTION('',(-6.349035959241E-15,1.));
#472 = ( GEOMETRIC_REPRESENTATION_CONTEXT(2) 
PARAMETRIC_REPRESENTATION_CONTEXT() REPRESENTATION_CONTEXT('2D SPACE',''
  ) );
#473 = ORIENTED_EDGE('',*,*,#474,.F.);
#474 = EDGE_CURVE('',#475,#447,#477,.T.);
#475 = VERTEX_POINT('',#476);
#476 = CARTESIAN_POINT('',(-8.,13.5,12.6));
#477 = SURFACE_CURVE('',#478,(#482,#489),.PCURVE_S1.);
#478 = LINE('',#479,#480);
#479 = CARTESIAN_POINT('',(-8.,13.5,6.3));
#480 = VECTOR('',#481,1.);
#481 = DIRECTION('',(6.29913772837E-16,-4.740101140598E-16,1.));
#482 = PCURVE('',#32,#483);
#483 = DEFINITIONAL_REPRESENTATION('',(#484),#488);
#484 = LINE('',#485,#486);
#485 = CARTESIAN_POINT('',(-13.5,43.45));
#486 = VECTOR('',#487,1.);
#487 = DIRECTION('',(2.519655091348E-16,-1.));
#488 = ( GEOMETRIC_REPRESENTATION_CONTEXT(2) 
PARAMETRIC_REPRESENTATION_CONTEXT() REPRESENTATION_CONTEXT('2D SPACE',''
  ) );
#489 = PCURVE('',#490,#495);
#490 = PLANE('',#491);
#491 = AXIS2_PLACEMENT_3D('',#492,#493,#494);
#492 = CARTESIAN_POINT('',(-30.,13.5,-7.25));
#493 = DIRECTION('',(-0.,1.,2.22044604925E-16));
#494 = DIRECTION('',(-1.,0.,0.));
#495 = DEFINITIONAL_REPRESENTATION('',(#496),#500);
#496 = LINE('',#497,#498);
#497 = CARTESIAN_POINT('',(-22.,13.55));
#498 = VECTOR('',#499,1.);
#499 = DIRECTION('',(-6.29913772837E-16,1.));
#500 = ( GEOMETRIC_REPRESENTATION_CONTEXT(2) 
PARAMETRIC_REPRESENTATION_CONTEXT() REPRESENTATION_CONTEXT('2D SPACE',''
  ) );
#501 = ORIENTED_EDGE('',*,*,#502,.T.);
#502 = EDGE_CURVE('',#475,#503,#505,.T.);
#503 = VERTEX_POINT('',#504);
#504 = CARTESIAN_POINT('',(-8.,19.8,6.3));
#505 = SURFACE_CURVE('',#506,(#511,#518),.PCURVE_S1.);
#506 = CIRCLE('',#507,6.3);
#507 = AXIS2_PLACEMENT_3D('',#508,#509,#510);
#508 = CARTESIAN_POINT('',(-8.,19.8,12.6));
#509 = DIRECTION('',(1.,0.,0.));
#510 = DIRECTION('',(-0.,1.,2.22044604925E-16));
#511 = PCURVE('',#32,#512);
#512 = DEFINITIONAL_REPRESENTATION('',(#513),#517);
#513 = CIRCLE('',#514,6.3);
#514 = AXIS2_PLACEMENT_2D('',#515,#516);
#515 = CARTESIAN_POINT('',(-19.8,37.15));
#516 = DIRECTION('',(-1.,0.));
#517 = ( GEOMETRIC_REPRESENTATION_CONTEXT(2) 
PARAMETRIC_REPRESENTATION_CONTEXT() REPRESENTATION_CONTEXT('2D SPACE',''
  ) );
#518 = PCURVE('',#519,#524);
#519 = CYLINDRICAL_SURFACE('',#520,6.3);
#520 = AXIS2_PLACEMENT_3D('',#521,#522,#523);
#521 = CARTESIAN_POINT('',(-8.,19.8,12.6));
#522 = DIRECTION('',(1.,0.,0.));
#523 = DIRECTION('',(0.,-1.,-2.22044604925E-16));
#524 = DEFINITIONAL_REPRESENTATION('',(#525),#529);
#525 = LINE('',#526,#527);
#526 = CARTESIAN_POINT('',(-3.14159265359,5.329070518201E-15));
#527 = VECTOR('',#528,1.);
#528 = DIRECTION('',(1.,0.));
#529 = ( GEOMETRIC_REPRESENTATION_CONTEXT(2) 
PARAMETRIC_REPRESENTATION_CONTEXT() REPRESENTATION_CONTEXT('2D SPACE',''
  ) );
#530 = ORIENTED_EDGE('',*,*,#531,.T.);
#531 = EDGE_CURVE('',#503,#532,#534,.T.);
#532 = VERTEX_POINT('',#533);
#533 = CARTESIAN_POINT('',(-8.,53.7,6.3));
#534 = SURFACE_CURVE('',#535,(#539,#546),.PCURVE_S1.);
#535 = LINE('',#536,#537);
#536 = CARTESIAN_POINT('',(-8.,10.5,6.3));
#537 = VECTOR('',#538,1.);
#538 = DIRECTION('',(-0.,1.,2.22044604925E-16));
#539 = PCURVE('',#32,#540);
#540 = DEFINITIONAL_REPRESENTATION('',(#541),#545);
#541 = LINE('',#542,#543);
#542 = CARTESIAN_POINT('',(-10.5,43.45));
#543 = VECTOR('',#544,1.);
#544 = DIRECTION('',(-1.,0.));
#545 = ( GEOMETRIC_REPRESENTATION_CONTEXT(2) 
PARAMETRIC_REPRESENTATION_CONTEXT() REPRESENTATION_CONTEXT('2D SPACE',''
  ) );
#546 = PCURVE('',#547,#552);
#547 = PLANE('',#548);
#548 = AXIS2_PLACEMENT_3D('',#549,#550,#551);
#549 = CARTESIAN_POINT('',(-8.,10.5,6.3));
#550 = DIRECTION('',(0.,-2.22044604925E-16,1.));
#551 = DIRECTION('',(0.,-1.,-2.22044604925E-16));
#552 = DEFINITIONAL_REPRESENTATION('',(#553),#557);
#553 = LINE('',#554,#555);
#554 = CARTESIAN_POINT('',(-0.,0.));
#555 = VECTOR('',#556,1.);
#556 = DIRECTION('',(-1.,0.));
#557 = ( GEOMETRIC_REPRESENTATION_CONTEXT(2) 
PARAMETRIC_REPRESENTATION_CONTEXT() REPRESENTATION_CONTEXT('2D SPACE',''
  ) );
#558 = ORIENTED_EDGE('',*,*,#559,.T.);
#559 = EDGE_CURVE('',#532,#560,#562,.T.);
#560 = VERTEX_POINT('',#561);
#561 = CARTESIAN_POINT('',(-8.,60.,12.6));
#562 = SURFACE_CURVE('',#563,(#568,#575),.PCURVE_S1.);
#563 = CIRCLE('',#564,6.3);
#564 = AXIS2_PLACEMENT_3D('',#565,#566,#567);
#565 = CARTESIAN_POINT('',(-8.,53.7,12.6));
#566 = DIRECTION('',(1.,0.,0.));
#567 = DIRECTION('',(-0.,1.,2.22044604925E-16));
#568 = PCURVE('',#32,#569);
#569 = DEFINITIONAL_REPRESENTATION('',(#570),#574);
#570 = CIRCLE('',#571,6.3);
#571 = AXIS2_PLACEMENT_2D('',#572,#573);
#572 = CARTESIAN_POINT('',(-53.7,37.15));
#573 = DIRECTION('',(-1.,0.));
#574 = ( GEOMETRIC_REPRESENTATION_CONTEXT(2) 
PARAMETRIC_REPRESENTATION_CONTEXT() REPRESENTATION_CONTEXT('2D SPACE',''
  ) );
#575 = PCURVE('',#576,#581);
#576 = CYLINDRICAL_SURFACE('',#577,6.3);
#577 = AXIS2_PLACEMENT_3D('',#578,#579,#580);
#578 = CARTESIAN_POINT('',(-8.,53.7,12.6));
#579 = DIRECTION('',(1.,0.,0.));
#580 = DIRECTION('',(0.,2.22044604925E-16,-1.));
#581 = DEFINITIONAL_REPRESENTATION('',(#582),#586);
#582 = LINE('',#583,#584);
#583 = CARTESIAN_POINT('',(-4.712388980385,5.329070518201E-15));
#584 = VECTOR('',#585,1.);
#585 = DIRECTION('',(1.,0.));
#586 = ( GEOMETRIC_REPRESENTATION_CONTEXT(2) 
PARAMETRIC_REPRESENTATION_CONTEXT() REPRESENTATION_CONTEXT('2D SPACE',''
  ) );
#587 = ORIENTED_EDGE('',*,*,#588,.T.);
#588 = EDGE_CURVE('',#560,#589,#591,.T.);
#589 = VERTEX_POINT('',#590);
#590 = CARTESIAN_POINT('',(-8.,60.,52.9));
#591 = SURFACE_CURVE('',#592,(#596,#603),.PCURVE_S1.);
#592 = LINE('',#593,#594);
#593 = CARTESIAN_POINT('',(-8.,60.,1.42108547152E-14));
#594 = VECTOR('',#595,1.);
#595 = DIRECTION('',(0.,-2.22044604925E-16,1.));
#596 = PCURVE('',#32,#597);
#597 = DEFINITIONAL_REPRESENTATION('',(#598),#602);
#598 = LINE('',#599,#600);
#599 = CARTESIAN_POINT('',(-60.,49.75));
#600 = VECTOR('',#601,1.);
#601 = DIRECTION('',(-0.,-1.));
#602 = ( GEOMETRIC_REPRESENTATION_CONTEXT(2) 
PARAMETRIC_REPRESENTATION_CONTEXT() REPRESENTATION_CONTEXT('2D SPACE',''
  ) );
#603 = PCURVE('',#604,#609);
#604 = PLANE('',#605);
#605 = AXIS2_PLACEMENT_3D('',#606,#607,#608);
#606 = CARTESIAN_POINT('',(-8.,60.,1.42108547152E-14));
#607 = DIRECTION('',(-0.,1.,2.22044604925E-16));
#608 = DIRECTION('',(-1.,0.,0.));
#609 = DEFINITIONAL_REPRESENTATION('',(#610),#614);
#610 = LINE('',#611,#612);
#611 = CARTESIAN_POINT('',(-0.,0.));
#612 = VECTOR('',#613,1.);
#613 = DIRECTION('',(-0.,1.));
#614 = ( GEOMETRIC_REPRESENTATION_CONTEXT(2) 
PARAMETRIC_REPRESENTATION_CONTEXT() REPRESENTATION_CONTEXT('2D SPACE',''
  ) );
#615 = ORIENTED_EDGE('',*,*,#616,.T.);
#616 = EDGE_CURVE('',#589,#617,#619,.T.);
#617 = VERTEX_POINT('',#618);
#618 = CARTESIAN_POINT('',(-8.,53.7,59.2));
#619 = SURFACE_CURVE('',#620,(#625,#632),.PCURVE_S1.);
#620 = CIRCLE('',#621,6.3);
#621 = AXIS2_PLACEMENT_3D('',#622,#623,#624);
#622 = CARTESIAN_POINT('',(-8.,53.7,52.9));
#623 = DIRECTION('',(1.,0.,0.));
#624 = DIRECTION('',(-0.,1.,2.22044604925E-16));
#625 = PCURVE('',#32,#626);
#626 = DEFINITIONAL_REPRESENTATION('',(#627),#631);
#627 = CIRCLE('',#628,6.3);
#628 = AXIS2_PLACEMENT_2D('',#629,#630);
#629 = CARTESIAN_POINT('',(-53.7,-3.15));
#630 = DIRECTION('',(-1.,0.));
#631 = ( GEOMETRIC_REPRESENTATION_CONTEXT(2) 
PARAMETRIC_REPRESENTATION_CONTEXT() REPRESENTATION_CONTEXT('2D SPACE',''
  ) );
#632 = PCURVE('',#633,#638);
#633 = CYLINDRICAL_SURFACE('',#634,6.3);
#634 = AXIS2_PLACEMENT_3D('',#635,#636,#637);
#635 = CARTESIAN_POINT('',(-8.,53.7,52.9));
#636 = DIRECTION('',(1.,0.,0.));
#637 = DIRECTION('',(-0.,1.,2.22044604925E-16));
#638 = DEFINITIONAL_REPRESENTATION('',(#639),#643);
#639 = LINE('',#640,#641);
#640 = CARTESIAN_POINT('',(0.,-3.552713678801E-15));
#641 = VECTOR('',#642,1.);
#642 = DIRECTION('',(1.,0.));
#643 = ( GEOMETRIC_REPRESENTATION_CONTEXT(2) 
PARAMETRIC_REPRESENTATION_CONTEXT() REPRESENTATION_CONTEXT('2D SPACE',''
  ) );
#644 = ORIENTED_EDGE('',*,*,#645,.F.);
#645 = EDGE_CURVE('',#646,#617,#648,.T.);
#646 = VERTEX_POINT('',#647);
#647 = CARTESIAN_POINT('',(-8.,19.8,59.2));
#648 = SURFACE_CURVE('',#649,(#653,#660),.PCURVE_S1.);
#649 = LINE('',#650,#651);
#650 = CARTESIAN_POINT('',(-8.,10.5,59.2));
#651 = VECTOR('',#652,1.);
#652 = DIRECTION('',(-0.,1.,2.22044604925E-16));
#653 = PCURVE('',#32,#654);
#654 = DEFINITIONAL_REPRESENTATION('',(#655),#659);
#655 = LINE('',#656,#657);
#656 = CARTESIAN_POINT('',(-10.5,-9.45));
#657 = VECTOR('',#658,1.);
#658 = DIRECTION('',(-1.,0.));
#659 = ( GEOMETRIC_REPRESENTATION_CONTEXT(2) 
PARAMETRIC_REPRESENTATION_CONTEXT() REPRESENTATION_CONTEXT('2D SPACE',''
  ) );
#660 = PCURVE('',#661,#666);
#661 = PLANE('',#662);
#662 = AXIS2_PLACEMENT_3D('',#663,#664,#665);
#663 = CARTESIAN_POINT('',(-8.,10.5,59.2));
#664 = DIRECTION('',(0.,-2.22044604925E-16,1.));
#665 = DIRECTION('',(0.,-1.,-2.22044604925E-16));
#666 = DEFINITIONAL_REPRESENTATION('',(#667),#671);
#667 = LINE('',#668,#669);
#668 = CARTESIAN_POINT('',(-0.,0.));
#669 = VECTOR('',#670,1.);
#670 = DIRECTION('',(-1.,0.));
#671 = ( GEOMETRIC_REPRESENTATION_CONTEXT(2) 
PARAMETRIC_REPRESENTATION_CONTEXT() REPRESENTATION_CONTEXT('2D SPACE',''
  ) );
#672 = ORIENTED_EDGE('',*,*,#673,.F.);
#673 = EDGE_CURVE('',#674,#646,#676,.T.);
#674 = VERTEX_POINT('',#675);
#675 = CARTESIAN_POINT('',(-8.,13.5,52.9));
#676 = SURFACE_CURVE('',#677,(#682,#693),.PCURVE_S1.);
#677 = CIRCLE('',#678,6.3);
#678 = AXIS2_PLACEMENT_3D('',#679,#680,#681);
#679 = CARTESIAN_POINT('',(-8.,19.8,52.9));
#680 = DIRECTION('',(-1.,0.,-0.));
#681 = DIRECTION('',(-0.,1.,2.22044604925E-16));
#682 = PCURVE('',#32,#683);
#683 = DEFINITIONAL_REPRESENTATION('',(#684),#692);
#684 = ( BOUNDED_CURVE() B_SPLINE_CURVE(2,(#685,#686,#687,#688,#689,#690
,#691),.UNSPECIFIED.,.T.,.F.) B_SPLINE_CURVE_WITH_KNOTS((1,2,2,2,2,1),(
    -2.094395102393,0.,2.094395102393,4.188790204786,6.28318530718,
8.377580409573),.UNSPECIFIED.) CURVE() GEOMETRIC_REPRESENTATION_ITEM() 
RATIONAL_B_SPLINE_CURVE((1.,0.5,1.,0.5,1.,0.5,1.)) REPRESENTATION_ITEM(
  '') );
#685 = CARTESIAN_POINT('',(-26.1,-3.15));
#686 = CARTESIAN_POINT('',(-26.1,7.761920087684));
#687 = CARTESIAN_POINT('',(-16.65,2.305960043842));
#688 = CARTESIAN_POINT('',(-7.2,-3.15));
#689 = CARTESIAN_POINT('',(-16.65,-8.605960043842));
#690 = CARTESIAN_POINT('',(-26.1,-14.06192008768));
#691 = CARTESIAN_POINT('',(-26.1,-3.15));
#692 = ( GEOMETRIC_REPRESENTATION_CONTEXT(2) 
PARAMETRIC_REPRESENTATION_CONTEXT() REPRESENTATION_CONTEXT('2D SPACE',''
  ) );
#693 = PCURVE('',#694,#699);
#694 = CYLINDRICAL_SURFACE('',#695,6.3);
#695 = AXIS2_PLACEMENT_3D('',#696,#697,#698);
#696 = CARTESIAN_POINT('',(-8.,19.8,52.9));
#697 = DIRECTION('',(1.,0.,0.));
#698 = DIRECTION('',(0.,-1.,-2.22044604925E-16));
#699 = DEFINITIONAL_REPRESENTATION('',(#700),#704);
#700 = LINE('',#701,#702);
#701 = CARTESIAN_POINT('',(3.14159265359,-3.552713678801E-15));
#702 = VECTOR('',#703,1.);
#703 = DIRECTION('',(-1.,0.));
#704 = ( GEOMETRIC_REPRESENTATION_CONTEXT(2) 
PARAMETRIC_REPRESENTATION_CONTEXT() REPRESENTATION_CONTEXT('2D SPACE',''
  ) );
#705 = ORIENTED_EDGE('',*,*,#706,.F.);
#706 = EDGE_CURVE('',#707,#674,#709,.T.);
#707 = VERTEX_POINT('',#708);
#708 = CARTESIAN_POINT('',(-8.,13.5,49.75));
#709 = SURFACE_CURVE('',#710,(#714,#721),.PCURVE_S1.);
#710 = LINE('',#711,#712);
#711 = CARTESIAN_POINT('',(-8.,13.5,49.75));
#712 = VECTOR('',#713,1.);
#713 = DIRECTION('',(3.759485374392E-16,-3.407033620543E-17,1.));
#714 = PCURVE('',#32,#715);
#715 = DEFINITIONAL_REPRESENTATION('',(#716),#720);
#716 = LINE('',#717,#718);
#717 = CARTESIAN_POINT('',(-13.5,-1.110223024625E-15));
#718 = VECTOR('',#719,1.);
#719 = DIRECTION('',(-1.879742687196E-16,-1.));
#720 = ( GEOMETRIC_REPRESENTATION_CONTEXT(2) 
PARAMETRIC_REPRESENTATION_CONTEXT() REPRESENTATION_CONTEXT('2D SPACE',''
  ) );
#721 = PCURVE('',#722,#727);
#722 = PLANE('',#723);
#723 = AXIS2_PLACEMENT_3D('',#724,#725,#726);
#724 = CARTESIAN_POINT('',(-30.,13.5,-7.25));
#725 = DIRECTION('',(-0.,1.,2.22044604925E-16));
#726 = DIRECTION('',(-1.,0.,0.));
#727 = DEFINITIONAL_REPRESENTATION('',(#728),#732);
#728 = LINE('',#729,#730);
#729 = CARTESIAN_POINT('',(-22.,57.));
#730 = VECTOR('',#731,1.);
#731 = DIRECTION('',(-3.759485374392E-16,1.));
#732 = ( GEOMETRIC_REPRESENTATION_CONTEXT(2) 
PARAMETRIC_REPRESENTATION_CONTEXT() REPRESENTATION_CONTEXT('2D SPACE',''
  ) );
#733 = ORIENTED_EDGE('',*,*,#734,.T.);
#734 = EDGE_CURVE('',#707,#735,#737,.T.);
#735 = VERTEX_POINT('',#736);
#736 = CARTESIAN_POINT('',(-8.,6.645299090335,49.75));
#737 = SURFACE_CURVE('',#738,(#742,#749),.PCURVE_S1.);
#738 = LINE('',#739,#740);
#739 = CARTESIAN_POINT('',(-8.,13.5,49.75));
#740 = VECTOR('',#741,1.);
#741 = DIRECTION('',(7.774329746009E-15,-1.,-2.22044604925E-16));
#742 = PCURVE('',#32,#743);
#743 = DEFINITIONAL_REPRESENTATION('',(#744),#748);
#744 = LINE('',#745,#746);
#745 = CARTESIAN_POINT('',(-13.5,-1.110223024625E-15));
#746 = VECTOR('',#747,1.);
#747 = DIRECTION('',(1.,1.774937036747E-30));
#748 = ( GEOMETRIC_REPRESENTATION_CONTEXT(2) 
PARAMETRIC_REPRESENTATION_CONTEXT() REPRESENTATION_CONTEXT('2D SPACE',''
  ) );
#749 = PCURVE('',#750,#755);
#750 = PLANE('',#751);
#751 = AXIS2_PLACEMENT_3D('',#752,#753,#754);
#752 = CARTESIAN_POINT('',(-3.774758283726E-15,-3.774758283726E-15,49.75
    ));
#753 = DIRECTION('',(-2.22044604925E-16,-2.22044604925E-16,1.));
#754 = DIRECTION('',(1.,-4.930380657631E-32,2.22044604925E-16));
#755 = DEFINITIONAL_REPRESENTATION('',(#756),#760);
#756 = LINE('',#757,#758);
#757 = CARTESIAN_POINT('',(-8.,13.5));
#758 = VECTOR('',#759,1.);
#759 = DIRECTION('',(7.774329746009E-15,-1.));
#760 = ( GEOMETRIC_REPRESENTATION_CONTEXT(2) 
PARAMETRIC_REPRESENTATION_CONTEXT() REPRESENTATION_CONTEXT('2D SPACE',''
  ) );
#761 = ORIENTED_EDGE('',*,*,#762,.T.);
#762 = EDGE_CURVE('',#735,#763,#765,.T.);
#763 = VERTEX_POINT('',#764);
#764 = CARTESIAN_POINT('',(-8.,6.645299090335,56.05));
#765 = SURFACE_CURVE('',#766,(#770,#777),.PCURVE_S1.);
#766 = LINE('',#767,#768);
#767 = CARTESIAN_POINT('',(-8.,6.645299090334,49.75));
#768 = VECTOR('',#769,1.);
#769 = DIRECTION('',(-2.22044604925E-16,-2.22044604925E-16,1.));
#770 = PCURVE('',#32,#771);
#771 = DEFINITIONAL_REPRESENTATION('',(#772),#776);
#772 = LINE('',#773,#774);
#773 = CARTESIAN_POINT('',(-6.645299090334,2.951105622244E-15));
#774 = VECTOR('',#775,1.);
#775 = DIRECTION('',(-0.,-1.));
#776 = ( GEOMETRIC_REPRESENTATION_CONTEXT(2) 
PARAMETRIC_REPRESENTATION_CONTEXT() REPRESENTATION_CONTEXT('2D SPACE',''
  ) );
#777 = PCURVE('',#778,#783);
#778 = CYLINDRICAL_SURFACE('',#779,10.4);
#779 = AXIS2_PLACEMENT_3D('',#780,#781,#782);
#780 = CARTESIAN_POINT('',(-3.774758283726E-15,-7.105427357601E-15,49.75
    ));
#781 = DIRECTION('',(-2.22044604925E-16,-2.22044604925E-16,1.));
#782 = DIRECTION('',(-1.,4.930380657631E-32,-2.22044604925E-16));
#783 = DEFINITIONAL_REPRESENTATION('',(#784),#788);
#784 = LINE('',#785,#786);
#785 = CARTESIAN_POINT('',(-6.976345214756,0.));
#786 = VECTOR('',#787,1.);
#787 = DIRECTION('',(-0.,1.));
#788 = ( GEOMETRIC_REPRESENTATION_CONTEXT(2) 
PARAMETRIC_REPRESENTATION_CONTEXT() REPRESENTATION_CONTEXT('2D SPACE',''
  ) );
#789 = ORIENTED_EDGE('',*,*,#790,.T.);
#790 = EDGE_CURVE('',#763,#791,#793,.T.);
#791 = VERTEX_POINT('',#792);
#792 = CARTESIAN_POINT('',(-8.,9.,56.05));
#793 = SURFACE_CURVE('',#794,(#798,#805),.PCURVE_S1.);
#794 = LINE('',#795,#796);
#795 = CARTESIAN_POINT('',(-8.,-8.504308368629E-15,56.05));
#796 = VECTOR('',#797,1.);
#797 = DIRECTION('',(0.,1.,2.22044604925E-16));
#798 = PCURVE('',#32,#799);
#799 = DEFINITIONAL_REPRESENTATION('',(#800),#804);
#800 = LINE('',#801,#802);
#801 = CARTESIAN_POINT('',(6.661338147751E-15,-6.3));
#802 = VECTOR('',#803,1.);
#803 = DIRECTION('',(-1.,0.));
#804 = ( GEOMETRIC_REPRESENTATION_CONTEXT(2) 
PARAMETRIC_REPRESENTATION_CONTEXT() REPRESENTATION_CONTEXT('2D SPACE',''
  ) );
#805 = PCURVE('',#806,#811);
#806 = PLANE('',#807);
#807 = AXIS2_PLACEMENT_3D('',#808,#809,#810);
#808 = CARTESIAN_POINT('',(-5.173639294753E-15,-8.504308368629E-15,56.05
    ));
#809 = DIRECTION('',(-2.22044604925E-16,-2.22044604925E-16,1.));
#810 = DIRECTION('',(1.,-4.930380657631E-32,2.22044604925E-16));
#811 = DEFINITIONAL_REPRESENTATION('',(#812),#816);
#812 = LINE('',#813,#814);
#813 = CARTESIAN_POINT('',(-8.,-7.88860905221E-31));
#814 = VECTOR('',#815,1.);
#815 = DIRECTION('',(-0.,1.));
#816 = ( GEOMETRIC_REPRESENTATION_CONTEXT(2) 
PARAMETRIC_REPRESENTATION_CONTEXT() REPRESENTATION_CONTEXT('2D SPACE',''
  ) );
#817 = ORIENTED_EDGE('',*,*,#818,.F.);
#818 = EDGE_CURVE('',#24,#791,#819,.T.);
#819 = SURFACE_CURVE('',#820,(#825,#836),.PCURVE_S1.);
#820 = CIRCLE('',#821,1.5);
#821 = AXIS2_PLACEMENT_3D('',#822,#823,#824);
#822 = CARTESIAN_POINT('',(-8.,9.,57.55));
#823 = DIRECTION('',(-1.,4.930380657631E-32,-2.22044604925E-16));
#824 = DIRECTION('',(-2.22044604925E-16,-2.22044604925E-16,1.));
#825 = PCURVE('',#32,#826);
#826 = DEFINITIONAL_REPRESENTATION('',(#827),#835);
#827 = ( BOUNDED_CURVE() B_SPLINE_CURVE(2,(#828,#829,#830,#831,#832,#833
,#834),.UNSPECIFIED.,.T.,.F.) B_SPLINE_CURVE_WITH_KNOTS((1,2,2,2,2,1),(
    -2.094395102393,0.,2.094395102393,4.188790204786,6.28318530718,
8.377580409573),.UNSPECIFIED.) CURVE() GEOMETRIC_REPRESENTATION_ITEM() 
RATIONAL_B_SPLINE_CURVE((1.,0.5,1.,0.5,1.,0.5,1.)) REPRESENTATION_ITEM(
  '') );
#828 = CARTESIAN_POINT('',(-9.,-9.3));
#829 = CARTESIAN_POINT('',(-11.59807621135,-9.3));
#830 = CARTESIAN_POINT('',(-10.29903810567,-7.05));
#831 = CARTESIAN_POINT('',(-9.,-4.8));
#832 = CARTESIAN_POINT('',(-7.700961894323,-7.05));
#833 = CARTESIAN_POINT('',(-6.401923788647,-9.3));
#834 = CARTESIAN_POINT('',(-9.,-9.3));
#835 = ( GEOMETRIC_REPRESENTATION_CONTEXT(2) 
PARAMETRIC_REPRESENTATION_CONTEXT() REPRESENTATION_CONTEXT('2D SPACE',''
  ) );
#836 = PCURVE('',#837,#842);
#837 = CYLINDRICAL_SURFACE('',#838,1.5);
#838 = AXIS2_PLACEMENT_3D('',#839,#840,#841);
#839 = CARTESIAN_POINT('',(-8.,9.,57.55));
#840 = DIRECTION('',(1.,-4.930380657631E-32,2.22044604925E-16));
#841 = DIRECTION('',(-0.,1.,2.22044604925E-16));
#842 = DEFINITIONAL_REPRESENTATION('',(#843),#847);
#843 = LINE('',#844,#845);
#844 = CARTESIAN_POINT('',(1.570796326795,-5.329070518201E-15));
#845 = VECTOR('',#846,1.);
#846 = DIRECTION('',(-1.,0.));
#847 = ( GEOMETRIC_REPRESENTATION_CONTEXT(2) 
PARAMETRIC_REPRESENTATION_CONTEXT() REPRESENTATION_CONTEXT('2D SPACE',''
  ) );
#848 = ADVANCED_FACE('',(#849),#44,.F.);
#849 = FACE_BOUND('',#850,.T.);
#850 = EDGE_LOOP('',(#851,#881,#902,#903));
#851 = ORIENTED_EDGE('',*,*,#852,.F.);
#852 = EDGE_CURVE('',#853,#855,#857,.T.);
#853 = VERTEX_POINT('',#854);
#854 = CARTESIAN_POINT('',(8.,10.5,65.5));
#855 = VERTEX_POINT('',#856);
#856 = CARTESIAN_POINT('',(8.,10.5,57.55));
#857 = SURFACE_CURVE('',#858,(#862,#869),.PCURVE_S1.);
#858 = LINE('',#859,#860);
#859 = CARTESIAN_POINT('',(8.,10.5,65.5));
#860 = VECTOR('',#861,1.);
#861 = DIRECTION('',(0.,2.22044604925E-16,-1.));
#862 = PCURVE('',#44,#863);
#863 = DEFINITIONAL_REPRESENTATION('',(#864),#868);
#864 = LINE('',#865,#866);
#865 = CARTESIAN_POINT('',(-16.,6.3));
#866 = VECTOR('',#867,1.);
#867 = DIRECTION('',(-0.,-1.));
#868 = ( GEOMETRIC_REPRESENTATION_CONTEXT(2) 
PARAMETRIC_REPRESENTATION_CONTEXT() REPRESENTATION_CONTEXT('2D SPACE',''
  ) );
#869 = PCURVE('',#870,#875);
#870 = PLANE('',#871);
#871 = AXIS2_PLACEMENT_3D('',#872,#873,#874);
#872 = CARTESIAN_POINT('',(8.,22.,49.75));
#873 = DIRECTION('',(-1.,4.930380657631E-32,-2.22044604925E-16));
#874 = DIRECTION('',(0.,1.,2.22044604925E-16));
#875 = DEFINITIONAL_REPRESENTATION('',(#876),#880);
#876 = LINE('',#877,#878);
#877 = CARTESIAN_POINT('',(-11.5,-15.75));
#878 = VECTOR('',#879,1.);
#879 = DIRECTION('',(-0.,1.));
#880 = ( GEOMETRIC_REPRESENTATION_CONTEXT(2) 
PARAMETRIC_REPRESENTATION_CONTEXT() REPRESENTATION_CONTEXT('2D SPACE',''
  ) );
#881 = ORIENTED_EDGE('',*,*,#882,.F.);
#882 = EDGE_CURVE('',#22,#853,#883,.T.);
#883 = SURFACE_CURVE('',#884,(#888,#895),.PCURVE_S1.);
#884 = LINE('',#885,#886);
#885 = CARTESIAN_POINT('',(-8.,10.5,65.5));
#886 = VECTOR('',#887,1.);
#887 = DIRECTION('',(1.,0.,0.));
#888 = PCURVE('',#44,#889);
#889 = DEFINITIONAL_REPRESENTATION('',(#890),#894);
#890 = LINE('',#891,#892);
#891 = CARTESIAN_POINT('',(-0.,6.3));
#892 = VECTOR('',#893,1.);
#893 = DIRECTION('',(-1.,0.));
#894 = ( GEOMETRIC_REPRESENTATION_CONTEXT(2) 
PARAMETRIC_REPRESENTATION_CONTEXT() REPRESENTATION_CONTEXT('2D SPACE',''
  ) );
#895 = PCURVE('',#72,#896);
#896 = DEFINITIONAL_REPRESENTATION('',(#897),#901);
#897 = LINE('',#898,#899);
#898 = CARTESIAN_POINT('',(-0.,0.));
#899 = VECTOR('',#900,1.);
#900 = DIRECTION('',(-0.,1.));
#901 = ( GEOMETRIC_REPRESENTATION_CONTEXT(2) 
PARAMETRIC_REPRESENTATION_CONTEXT() REPRESENTATION_CONTEXT('2D SPACE',''
  ) );
#902 = ORIENTED_EDGE('',*,*,#21,.T.);
#903 = ORIENTED_EDGE('',*,*,#904,.T.);
#904 = EDGE_CURVE('',#24,#855,#905,.T.);
#905 = SURFACE_CURVE('',#906,(#910,#917),.PCURVE_S1.);
#906 = LINE('',#907,#908);
#907 = CARTESIAN_POINT('',(-8.,10.5,57.55));
#908 = VECTOR('',#909,1.);
#909 = DIRECTION('',(1.,-4.930380657631E-32,2.22044604925E-16));
#910 = PCURVE('',#44,#911);
#911 = DEFINITIONAL_REPRESENTATION('',(#912),#916);
#912 = LINE('',#913,#914);
#913 = CARTESIAN_POINT('',(-0.,-1.65));
#914 = VECTOR('',#915,1.);
#915 = DIRECTION('',(-1.,2.22044604925E-16));
#916 = ( GEOMETRIC_REPRESENTATION_CONTEXT(2) 
PARAMETRIC_REPRESENTATION_CONTEXT() REPRESENTATION_CONTEXT('2D SPACE',''
  ) );
#917 = PCURVE('',#837,#918);
#918 = DEFINITIONAL_REPRESENTATION('',(#919),#923);
#919 = LINE('',#920,#921);
#920 = CARTESIAN_POINT('',(-0.,0.));
#921 = VECTOR('',#922,1.);
#922 = DIRECTION('',(-0.,1.));
#923 = ( GEOMETRIC_REPRESENTATION_CONTEXT(2) 
PARAMETRIC_REPRESENTATION_CONTEXT() REPRESENTATION_CONTEXT('2D SPACE',''
  ) );
#924 = ADVANCED_FACE('',(#925),#837,.F.);
#925 = FACE_BOUND('',#926,.T.);
#926 = EDGE_LOOP('',(#927,#928,#951,#973));
#927 = ORIENTED_EDGE('',*,*,#818,.T.);
#928 = ORIENTED_EDGE('',*,*,#929,.T.);
#929 = EDGE_CURVE('',#791,#930,#932,.T.);
#930 = VERTEX_POINT('',#931);
#931 = CARTESIAN_POINT('',(8.,9.,56.05));
#932 = SURFACE_CURVE('',#933,(#937,#944),.PCURVE_S1.);
#933 = LINE('',#934,#935);
#934 = CARTESIAN_POINT('',(-8.,9.,56.05));
#935 = VECTOR('',#936,1.);
#936 = DIRECTION('',(1.,-4.930380657631E-32,2.22044604925E-16));
#937 = PCURVE('',#837,#938);
#938 = DEFINITIONAL_REPRESENTATION('',(#939),#943);
#939 = LINE('',#940,#941);
#940 = CARTESIAN_POINT('',(-1.570796326795,0.));
#941 = VECTOR('',#942,1.);
#942 = DIRECTION('',(-0.,1.));
#943 = ( GEOMETRIC_REPRESENTATION_CONTEXT(2) 
PARAMETRIC_REPRESENTATION_CONTEXT() REPRESENTATION_CONTEXT('2D SPACE',''
  ) );
#944 = PCURVE('',#806,#945);
#945 = DEFINITIONAL_REPRESENTATION('',(#946),#950);
#946 = LINE('',#947,#948);
#947 = CARTESIAN_POINT('',(-8.,9.));
#948 = VECTOR('',#949,1.);
#949 = DIRECTION('',(1.,-1.944692274332E-62));
#950 = ( GEOMETRIC_REPRESENTATION_CONTEXT(2) 
PARAMETRIC_REPRESENTATION_CONTEXT() REPRESENTATION_CONTEXT('2D SPACE',''
  ) );
#951 = ORIENTED_EDGE('',*,*,#952,.F.);
#952 = EDGE_CURVE('',#855,#930,#953,.T.);
#953 = SURFACE_CURVE('',#954,(#959,#966),.PCURVE_S1.);
#954 = CIRCLE('',#955,1.5);
#955 = AXIS2_PLACEMENT_3D('',#956,#957,#958);
#956 = CARTESIAN_POINT('',(8.,9.,57.55));
#957 = DIRECTION('',(-1.,4.930380657631E-32,-2.22044604925E-16));
#958 = DIRECTION('',(-2.22044604925E-16,-2.22044604925E-16,1.));
#959 = PCURVE('',#837,#960);
#960 = DEFINITIONAL_REPRESENTATION('',(#961),#965);
#961 = LINE('',#962,#963);
#962 = CARTESIAN_POINT('',(1.570796326795,16.));
#963 = VECTOR('',#964,1.);
#964 = DIRECTION('',(-1.,0.));
#965 = ( GEOMETRIC_REPRESENTATION_CONTEXT(2) 
PARAMETRIC_REPRESENTATION_CONTEXT() REPRESENTATION_CONTEXT('2D SPACE',''
  ) );
#966 = PCURVE('',#870,#967);
#967 = DEFINITIONAL_REPRESENTATION('',(#968),#972);
#968 = CIRCLE('',#969,1.5);
#969 = AXIS2_PLACEMENT_2D('',#970,#971);
#970 = CARTESIAN_POINT('',(-13.,-7.8));
#971 = DIRECTION('',(-0.,-1.));
#972 = ( GEOMETRIC_REPRESENTATION_CONTEXT(2) 
PARAMETRIC_REPRESENTATION_CONTEXT() REPRESENTATION_CONTEXT('2D SPACE',''
  ) );
#973 = ORIENTED_EDGE('',*,*,#904,.F.);
#974 = ADVANCED_FACE('',(#975),#72,.T.);
#975 = FACE_BOUND('',#976,.F.);
#976 = EDGE_LOOP('',(#977,#1000,#1001,#1002));
#977 = ORIENTED_EDGE('',*,*,#978,.T.);
#978 = EDGE_CURVE('',#979,#853,#981,.T.);
#979 = VERTEX_POINT('',#980);
#980 = CARTESIAN_POINT('',(8.,53.7,65.5));
#981 = SURFACE_CURVE('',#982,(#986,#993),.PCURVE_S1.);
#982 = LINE('',#983,#984);
#983 = CARTESIAN_POINT('',(8.,70.65,65.5));
#984 = VECTOR('',#985,1.);
#985 = DIRECTION('',(0.,-1.,-2.22044604925E-16));
#986 = PCURVE('',#72,#987);
#987 = DEFINITIONAL_REPRESENTATION('',(#988),#992);
#988 = LINE('',#989,#990);
#989 = CARTESIAN_POINT('',(-60.15,16.));
#990 = VECTOR('',#991,1.);
#991 = DIRECTION('',(1.,-0.));
#992 = ( GEOMETRIC_REPRESENTATION_CONTEXT(2) 
PARAMETRIC_REPRESENTATION_CONTEXT() REPRESENTATION_CONTEXT('2D SPACE',''
  ) );
#993 = PCURVE('',#870,#994);
#994 = DEFINITIONAL_REPRESENTATION('',(#995),#999);
#995 = LINE('',#996,#997);
#996 = CARTESIAN_POINT('',(48.65,-15.75));
#997 = VECTOR('',#998,1.);
#998 = DIRECTION('',(-1.,0.));
#999 = ( GEOMETRIC_REPRESENTATION_CONTEXT(2) 
PARAMETRIC_REPRESENTATION_CONTEXT() REPRESENTATION_CONTEXT('2D SPACE',''
  ) );
#1000 = ORIENTED_EDGE('',*,*,#882,.F.);
#1001 = ORIENTED_EDGE('',*,*,#56,.F.);
#1002 = ORIENTED_EDGE('',*,*,#1003,.T.);
#1003 = EDGE_CURVE('',#57,#979,#1004,.T.);
#1004 = SURFACE_CURVE('',#1005,(#1009,#1016),.PCURVE_S1.);
#1005 = LINE('',#1006,#1007);
#1006 = CARTESIAN_POINT('',(-8.,53.7,65.5));
#1007 = VECTOR('',#1008,1.);
#1008 = DIRECTION('',(1.,0.,0.));
#1009 = PCURVE('',#72,#1010);
#1010 = DEFINITIONAL_REPRESENTATION('',(#1011),#1015);
#1011 = LINE('',#1012,#1013);
#1012 = CARTESIAN_POINT('',(-43.2,0.));
#1013 = VECTOR('',#1014,1.);
#1014 = DIRECTION('',(-0.,1.));
#1015 = ( GEOMETRIC_REPRESENTATION_CONTEXT(2) 
PARAMETRIC_REPRESENTATION_CONTEXT() REPRESENTATION_CONTEXT('2D SPACE',''
  ) );
#1016 = PCURVE('',#101,#1017);
#1017 = DEFINITIONAL_REPRESENTATION('',(#1018),#1022);
#1018 = LINE('',#1019,#1020);
#1019 = CARTESIAN_POINT('',(0.,0.));
#1020 = VECTOR('',#1021,1.);
#1021 = DIRECTION('',(0.,1.));
#1022 = ( GEOMETRIC_REPRESENTATION_CONTEXT(2) 
PARAMETRIC_REPRESENTATION_CONTEXT() REPRESENTATION_CONTEXT('2D SPACE',''
  ) );
#1023 = ADVANCED_FACE('',(#1024,#1073,#1108,#1143,#1178),#806,.T.);
#1024 = FACE_BOUND('',#1025,.F.);
#1025 = EDGE_LOOP('',(#1026,#1049,#1071,#1072));
#1026 = ORIENTED_EDGE('',*,*,#1027,.T.);
#1027 = EDGE_CURVE('',#930,#1028,#1030,.T.);
#1028 = VERTEX_POINT('',#1029);
#1029 = CARTESIAN_POINT('',(8.,6.645299090334,56.05));
#1030 = SURFACE_CURVE('',#1031,(#1035,#1042),.PCURVE_S1.);
#1031 = LINE('',#1032,#1033);
#1032 = CARTESIAN_POINT('',(8.,22.,56.05));
#1033 = VECTOR('',#1034,1.);
#1034 = DIRECTION('',(0.,-1.,-2.22044604925E-16));
#1035 = PCURVE('',#806,#1036);
#1036 = DEFINITIONAL_REPRESENTATION('',(#1037),#1041);
#1037 = LINE('',#1038,#1039);
#1038 = CARTESIAN_POINT('',(8.,22.));
#1039 = VECTOR('',#1040,1.);
#1040 = DIRECTION('',(-0.,-1.));
#1041 = ( GEOMETRIC_REPRESENTATION_CONTEXT(2) 
PARAMETRIC_REPRESENTATION_CONTEXT() REPRESENTATION_CONTEXT('2D SPACE',''
  ) );
#1042 = PCURVE('',#870,#1043);
#1043 = DEFINITIONAL_REPRESENTATION('',(#1044),#1048);
#1044 = LINE('',#1045,#1046);
#1045 = CARTESIAN_POINT('',(-7.860379014346E-15,-6.3));
#1046 = VECTOR('',#1047,1.);
#1047 = DIRECTION('',(-1.,0.));
#1048 = ( GEOMETRIC_REPRESENTATION_CONTEXT(2) 
PARAMETRIC_REPRESENTATION_CONTEXT() REPRESENTATION_CONTEXT('2D SPACE',''
  ) );
#1049 = ORIENTED_EDGE('',*,*,#1050,.F.);
#1050 = EDGE_CURVE('',#763,#1028,#1051,.T.);
#1051 = SURFACE_CURVE('',#1052,(#1057,#1064),.PCURVE_S1.);
#1052 = CIRCLE('',#1053,10.4);
#1053 = AXIS2_PLACEMENT_3D('',#1054,#1055,#1056);
#1054 = CARTESIAN_POINT('',(-5.173639294753E-15,-8.504308368629E-15,
    56.05));
#1055 = DIRECTION('',(-2.22044604925E-16,-2.22044604925E-16,1.));
#1056 = DIRECTION('',(-0.769230769231,0.638971066378,-2.892346425752E-17
    ));
#1057 = PCURVE('',#806,#1058);
#1058 = DEFINITIONAL_REPRESENTATION('',(#1059),#1063);
#1059 = CIRCLE('',#1060,10.4);
#1060 = AXIS2_PLACEMENT_2D('',#1061,#1062);
#1061 = CARTESIAN_POINT('',(0.,0.));
#1062 = DIRECTION('',(-0.769230769231,0.638971066378));
#1063 = ( GEOMETRIC_REPRESENTATION_CONTEXT(2) 
PARAMETRIC_REPRESENTATION_CONTEXT() REPRESENTATION_CONTEXT('2D SPACE',''
  ) );
#1064 = PCURVE('',#778,#1065);
#1065 = DEFINITIONAL_REPRESENTATION('',(#1066),#1070);
#1066 = LINE('',#1067,#1068);
#1067 = CARTESIAN_POINT('',(-6.976345214756,6.3));
#1068 = VECTOR('',#1069,1.);
#1069 = DIRECTION('',(1.,-0.));
#1070 = ( GEOMETRIC_REPRESENTATION_CONTEXT(2) 
PARAMETRIC_REPRESENTATION_CONTEXT() REPRESENTATION_CONTEXT('2D SPACE',''
  ) );
#1071 = ORIENTED_EDGE('',*,*,#790,.T.);
#1072 = ORIENTED_EDGE('',*,*,#929,.T.);
#1073 = FACE_BOUND('',#1074,.F.);
#1074 = EDGE_LOOP('',(#1075));
#1075 = ORIENTED_EDGE('',*,*,#1076,.F.);
#1076 = EDGE_CURVE('',#1077,#1077,#1079,.T.);
#1077 = VERTEX_POINT('',#1078);
#1078 = CARTESIAN_POINT('',(1.75,-4.95,56.05));
#1079 = SURFACE_CURVE('',#1080,(#1085,#1096),.PCURVE_S1.);
#1080 = CIRCLE('',#1081,3.2);
#1081 = AXIS2_PLACEMENT_3D('',#1082,#1083,#1084);
#1082 = CARTESIAN_POINT('',(4.95,-4.95,56.05));
#1083 = DIRECTION('',(2.22044604925E-16,2.22044604925E-16,-1.));
#1084 = DIRECTION('',(-1.,4.930380657631E-32,-2.22044604925E-16));
#1085 = PCURVE('',#806,#1086);
#1086 = DEFINITIONAL_REPRESENTATION('',(#1087),#1095);
#1087 = ( BOUNDED_CURVE() B_SPLINE_CURVE(2,(#1088,#1089,#1090,#1091,
#1092,#1093,#1094),.UNSPECIFIED.,.T.,.F.) B_SPLINE_CURVE_WITH_KNOTS((1,2
    ,2,2,2,1),(-2.094395102393,0.,2.094395102393,4.188790204786,
6.28318530718,8.377580409573),.UNSPECIFIED.) CURVE() 
GEOMETRIC_REPRESENTATION_ITEM() RATIONAL_B_SPLINE_CURVE((1.,0.5,1.,0.5,
1.,0.5,1.)) REPRESENTATION_ITEM('') );
#1088 = CARTESIAN_POINT('',(1.75,-4.95));
#1089 = CARTESIAN_POINT('',(1.75,0.59256258422));
#1090 = CARTESIAN_POINT('',(6.55,-2.17871870789));
#1091 = CARTESIAN_POINT('',(11.35,-4.95));
#1092 = CARTESIAN_POINT('',(6.55,-7.72128129211));
#1093 = CARTESIAN_POINT('',(1.75,-10.49256258422));
#1094 = CARTESIAN_POINT('',(1.75,-4.95));
#1095 = ( GEOMETRIC_REPRESENTATION_CONTEXT(2) 
PARAMETRIC_REPRESENTATION_CONTEXT() REPRESENTATION_CONTEXT('2D SPACE',''
  ) );
#1096 = PCURVE('',#1097,#1102);
#1097 = CYLINDRICAL_SURFACE('',#1098,3.2);
#1098 = AXIS2_PLACEMENT_3D('',#1099,#1100,#1101);
#1099 = CARTESIAN_POINT('',(4.95,-4.95,53.25));
#1100 = DIRECTION('',(-2.22044604925E-16,-2.22044604925E-16,1.));
#1101 = DIRECTION('',(-1.,4.930380657631E-32,-2.22044604925E-16));
#1102 = DEFINITIONAL_REPRESENTATION('',(#1103),#1107);
#1103 = LINE('',#1104,#1105);
#1104 = CARTESIAN_POINT('',(-0.,2.8));
#1105 = VECTOR('',#1106,1.);
#1106 = DIRECTION('',(-1.,0.));
#1107 = ( GEOMETRIC_REPRESENTATION_CONTEXT(2) 
PARAMETRIC_REPRESENTATION_CONTEXT() REPRESENTATION_CONTEXT('2D SPACE',''
  ) );
#1108 = FACE_BOUND('',#1109,.F.);
#1109 = EDGE_LOOP('',(#1110));
#1110 = ORIENTED_EDGE('',*,*,#1111,.F.);
#1111 = EDGE_CURVE('',#1112,#1112,#1114,.T.);
#1112 = VERTEX_POINT('',#1113);
#1113 = CARTESIAN_POINT('',(-8.15,-4.95,56.05));
#1114 = SURFACE_CURVE('',#1115,(#1120,#1131),.PCURVE_S1.);
#1115 = CIRCLE('',#1116,3.2);
#1116 = AXIS2_PLACEMENT_3D('',#1117,#1118,#1119);
#1117 = CARTESIAN_POINT('',(-4.95,-4.95,56.05));
#1118 = DIRECTION('',(2.22044604925E-16,2.22044604925E-16,-1.));
#1119 = DIRECTION('',(-1.,4.930380657631E-32,-2.22044604925E-16));
#1120 = PCURVE('',#806,#1121);
#1121 = DEFINITIONAL_REPRESENTATION('',(#1122),#1130);
#1122 = ( BOUNDED_CURVE() B_SPLINE_CURVE(2,(#1123,#1124,#1125,#1126,
#1127,#1128,#1129),.UNSPECIFIED.,.T.,.F.) B_SPLINE_CURVE_WITH_KNOTS((1,2
    ,2,2,2,1),(-2.094395102393,0.,2.094395102393,4.188790204786,
6.28318530718,8.377580409573),.UNSPECIFIED.) CURVE() 
GEOMETRIC_REPRESENTATION_ITEM() RATIONAL_B_SPLINE_CURVE((1.,0.5,1.,0.5,
1.,0.5,1.)) REPRESENTATION_ITEM('') );
#1123 = CARTESIAN_POINT('',(-8.15,-4.95));
#1124 = CARTESIAN_POINT('',(-8.15,0.59256258422));
#1125 = CARTESIAN_POINT('',(-3.35,-2.17871870789));
#1126 = CARTESIAN_POINT('',(1.45,-4.95));
#1127 = CARTESIAN_POINT('',(-3.35,-7.72128129211));
#1128 = CARTESIAN_POINT('',(-8.15,-10.49256258422));
#1129 = CARTESIAN_POINT('',(-8.15,-4.95));
#1130 = ( GEOMETRIC_REPRESENTATION_CONTEXT(2) 
PARAMETRIC_REPRESENTATION_CONTEXT() REPRESENTATION_CONTEXT('2D SPACE',''
  ) );
#1131 = PCURVE('',#1132,#1137);
#1132 = CYLINDRICAL_SURFACE('',#1133,3.2);
#1133 = AXIS2_PLACEMENT_3D('',#1134,#1135,#1136);
#1134 = CARTESIAN_POINT('',(-4.95,-4.95,53.25));
#1135 = DIRECTION('',(-2.22044604925E-16,-2.22044604925E-16,1.));
#1136 = DIRECTION('',(-1.,4.930380657631E-32,-2.22044604925E-16));
#1137 = DEFINITIONAL_REPRESENTATION('',(#1138),#1142);
#1138 = LINE('',#1139,#1140);
#1139 = CARTESIAN_POINT('',(-0.,2.8));
#1140 = VECTOR('',#1141,1.);
#1141 = DIRECTION('',(-1.,0.));
#1142 = ( GEOMETRIC_REPRESENTATION_CONTEXT(2) 
PARAMETRIC_REPRESENTATION_CONTEXT() REPRESENTATION_CONTEXT('2D SPACE',''
  ) );
#1143 = FACE_BOUND('',#1144,.F.);
#1144 = EDGE_LOOP('',(#1145));
#1145 = ORIENTED_EDGE('',*,*,#1146,.F.);
#1146 = EDGE_CURVE('',#1147,#1147,#1149,.T.);
#1147 = VERTEX_POINT('',#1148);
#1148 = CARTESIAN_POINT('',(1.75,4.95,56.05));
#1149 = SURFACE_CURVE('',#1150,(#1155,#1166),.PCURVE_S1.);
#1150 = CIRCLE('',#1151,3.2);
#1151 = AXIS2_PLACEMENT_3D('',#1152,#1153,#1154);
#1152 = CARTESIAN_POINT('',(4.95,4.95,56.05));
#1153 = DIRECTION('',(2.22044604925E-16,2.22044604925E-16,-1.));
#1154 = DIRECTION('',(-1.,4.930380657631E-32,-2.22044604925E-16));
#1155 = PCURVE('',#806,#1156);
#1156 = DEFINITIONAL_REPRESENTATION('',(#1157),#1165);
#1157 = ( BOUNDED_CURVE() B_SPLINE_CURVE(2,(#1158,#1159,#1160,#1161,
#1162,#1163,#1164),.UNSPECIFIED.,.T.,.F.) B_SPLINE_CURVE_WITH_KNOTS((1,2
    ,2,2,2,1),(-2.094395102393,0.,2.094395102393,4.188790204786,
6.28318530718,8.377580409573),.UNSPECIFIED.) CURVE() 
GEOMETRIC_REPRESENTATION_ITEM() RATIONAL_B_SPLINE_CURVE((1.,0.5,1.,0.5,
1.,0.5,1.)) REPRESENTATION_ITEM('') );
#1158 = CARTESIAN_POINT('',(1.75,4.95));
#1159 = CARTESIAN_POINT('',(1.75,10.49256258422));
#1160 = CARTESIAN_POINT('',(6.55,7.72128129211));
#1161 = CARTESIAN_POINT('',(11.35,4.95));
#1162 = CARTESIAN_POINT('',(6.55,2.17871870789));
#1163 = CARTESIAN_POINT('',(1.75,-0.59256258422));
#1164 = CARTESIAN_POINT('',(1.75,4.95));
#1165 = ( GEOMETRIC_REPRESENTATION_CONTEXT(2) 
PARAMETRIC_REPRESENTATION_CONTEXT() REPRESENTATION_CONTEXT('2D SPACE',''
  ) );
#1166 = PCURVE('',#1167,#1172);
#1167 = CYLINDRICAL_SURFACE('',#1168,3.2);
#1168 = AXIS2_PLACEMENT_3D('',#1169,#1170,#1171);
#1169 = CARTESIAN_POINT('',(4.95,4.95,53.25));
#1170 = DIRECTION('',(-2.22044604925E-16,-2.22044604925E-16,1.));
#1171 = DIRECTION('',(-1.,4.930380657631E-32,-2.22044604925E-16));
#1172 = DEFINITIONAL_REPRESENTATION('',(#1173),#1177);
#1173 = LINE('',#1174,#1175);
#1174 = CARTESIAN_POINT('',(-0.,2.8));
#1175 = VECTOR('',#1176,1.);
#1176 = DIRECTION('',(-1.,0.));
#1177 = ( GEOMETRIC_REPRESENTATION_CONTEXT(2) 
PARAMETRIC_REPRESENTATION_CONTEXT() REPRESENTATION_CONTEXT('2D SPACE',''
  ) );
#1178 = FACE_BOUND('',#1179,.F.);
#1179 = EDGE_LOOP('',(#1180));
#1180 = ORIENTED_EDGE('',*,*,#1181,.F.);
#1181 = EDGE_CURVE('',#1182,#1182,#1184,.T.);
#1182 = VERTEX_POINT('',#1183);
#1183 = CARTESIAN_POINT('',(-8.15,4.95,56.05));
#1184 = SURFACE_CURVE('',#1185,(#1190,#1201),.PCURVE_S1.);
#1185 = CIRCLE('',#1186,3.2);
#1186 = AXIS2_PLACEMENT_3D('',#1187,#1188,#1189);
#1187 = CARTESIAN_POINT('',(-4.95,4.95,56.05));
#1188 = DIRECTION('',(2.22044604925E-16,2.22044604925E-16,-1.));
#1189 = DIRECTION('',(-1.,4.930380657631E-32,-2.22044604925E-16));
#1190 = PCURVE('',#806,#1191);
#1191 = DEFINITIONAL_REPRESENTATION('',(#1192),#1200);
#1192 = ( BOUNDED_CURVE() B_SPLINE_CURVE(2,(#1193,#1194,#1195,#1196,
#1197,#1198,#1199),.UNSPECIFIED.,.T.,.F.) B_SPLINE_CURVE_WITH_KNOTS((1,2
    ,2,2,2,1),(-2.094395102393,0.,2.094395102393,4.188790204786,
6.28318530718,8.377580409573),.UNSPECIFIED.) CURVE() 
GEOMETRIC_REPRESENTATION_ITEM() RATIONAL_B_SPLINE_CURVE((1.,0.5,1.,0.5,
1.,0.5,1.)) REPRESENTATION_ITEM('') );
#1193 = CARTESIAN_POINT('',(-8.15,4.95));
#1194 = CARTESIAN_POINT('',(-8.15,10.49256258422));
#1195 = CARTESIAN_POINT('',(-3.35,7.72128129211));
#1196 = CARTESIAN_POINT('',(1.45,4.95));
#1197 = CARTESIAN_POINT('',(-3.35,2.17871870789));
#1198 = CARTESIAN_POINT('',(-8.15,-0.59256258422));
#1199 = CARTESIAN_POINT('',(-8.15,4.95));
#1200 = ( GEOMETRIC_REPRESENTATION_CONTEXT(2) 
PARAMETRIC_REPRESENTATION_CONTEXT() REPRESENTATION_CONTEXT('2D SPACE',''
  ) );
#1201 = PCURVE('',#1202,#1207);
#1202 = CYLINDRICAL_SURFACE('',#1203,3.2);
#1203 = AXIS2_PLACEMENT_3D('',#1204,#1205,#1206);
#1204 = CARTESIAN_POINT('',(-4.95,4.95,53.25));
#1205 = DIRECTION('',(-2.22044604925E-16,-2.22044604925E-16,1.));
#1206 = DIRECTION('',(-1.,4.930380657631E-32,-2.22044604925E-16));
#1207 = DEFINITIONAL_REPRESENTATION('',(#1208),#1212);
#1208 = LINE('',#1209,#1210);
#1209 = CARTESIAN_POINT('',(-0.,2.8));
#1210 = VECTOR('',#1211,1.);
#1211 = DIRECTION('',(-1.,0.));
#1212 = ( GEOMETRIC_REPRESENTATION_CONTEXT(2) 
PARAMETRIC_REPRESENTATION_CONTEXT() REPRESENTATION_CONTEXT('2D SPACE',''
  ) );
#1213 = ADVANCED_FACE('',(#1214),#101,.F.);
#1214 = FACE_BOUND('',#1215,.F.);
#1215 = EDGE_LOOP('',(#1216,#1217,#1240,#1266));
#1216 = ORIENTED_EDGE('',*,*,#84,.T.);
#1217 = ORIENTED_EDGE('',*,*,#1218,.T.);
#1218 = EDGE_CURVE('',#85,#1219,#1221,.T.);
#1219 = VERTEX_POINT('',#1220);
#1220 = CARTESIAN_POINT('',(8.,60.,71.8));
#1221 = SURFACE_CURVE('',#1222,(#1226,#1233),.PCURVE_S1.);
#1222 = LINE('',#1223,#1224);
#1223 = CARTESIAN_POINT('',(-8.,60.,71.8));
#1224 = VECTOR('',#1225,1.);
#1225 = DIRECTION('',(1.,0.,0.));
#1226 = PCURVE('',#101,#1227);
#1227 = DEFINITIONAL_REPRESENTATION('',(#1228),#1232);
#1228 = LINE('',#1229,#1230);
#1229 = CARTESIAN_POINT('',(1.570796326795,0.));
#1230 = VECTOR('',#1231,1.);
#1231 = DIRECTION('',(0.,1.));
#1232 = ( GEOMETRIC_REPRESENTATION_CONTEXT(2) 
PARAMETRIC_REPRESENTATION_CONTEXT() REPRESENTATION_CONTEXT('2D SPACE',''
  ) );
#1233 = PCURVE('',#129,#1234);
#1234 = DEFINITIONAL_REPRESENTATION('',(#1235),#1239);
#1235 = LINE('',#1236,#1237);
#1236 = CARTESIAN_POINT('',(-0.,71.8));
#1237 = VECTOR('',#1238,1.);
#1238 = DIRECTION('',(-1.,0.));
#1239 = ( GEOMETRIC_REPRESENTATION_CONTEXT(2) 
PARAMETRIC_REPRESENTATION_CONTEXT() REPRESENTATION_CONTEXT('2D SPACE',''
  ) );
#1240 = ORIENTED_EDGE('',*,*,#1241,.F.);
#1241 = EDGE_CURVE('',#979,#1219,#1242,.T.);
#1242 = SURFACE_CURVE('',#1243,(#1248,#1255),.PCURVE_S1.);
#1243 = CIRCLE('',#1244,6.3);
#1244 = AXIS2_PLACEMENT_3D('',#1245,#1246,#1247);
#1245 = CARTESIAN_POINT('',(8.,53.7,71.8));
#1246 = DIRECTION('',(1.,0.,0.));
#1247 = DIRECTION('',(-0.,1.,2.22044604925E-16));
#1248 = PCURVE('',#101,#1249);
#1249 = DEFINITIONAL_REPRESENTATION('',(#1250),#1254);
#1250 = LINE('',#1251,#1252);
#1251 = CARTESIAN_POINT('',(-4.712388980385,16.));
#1252 = VECTOR('',#1253,1.);
#1253 = DIRECTION('',(1.,0.));
#1254 = ( GEOMETRIC_REPRESENTATION_CONTEXT(2) 
PARAMETRIC_REPRESENTATION_CONTEXT() REPRESENTATION_CONTEXT('2D SPACE',''
  ) );
#1255 = PCURVE('',#870,#1256);
#1256 = DEFINITIONAL_REPRESENTATION('',(#1257),#1265);
#1257 = ( BOUNDED_CURVE() B_SPLINE_CURVE(2,(#1258,#1259,#1260,#1261,
#1262,#1263,#1264),.UNSPECIFIED.,.T.,.F.) B_SPLINE_CURVE_WITH_KNOTS((1,2
    ,2,2,2,1),(-2.094395102393,0.,2.094395102393,4.188790204786,
6.28318530718,8.377580409573),.UNSPECIFIED.) CURVE() 
GEOMETRIC_REPRESENTATION_ITEM() RATIONAL_B_SPLINE_CURVE((1.,0.5,1.,0.5,
1.,0.5,1.)) REPRESENTATION_ITEM('') );
#1258 = CARTESIAN_POINT('',(38.,-22.05));
#1259 = CARTESIAN_POINT('',(38.,-32.96192008768));
#1260 = CARTESIAN_POINT('',(28.55,-27.50596004384));
#1261 = CARTESIAN_POINT('',(19.1,-22.05));
#1262 = CARTESIAN_POINT('',(28.55,-16.59403995615));
#1263 = CARTESIAN_POINT('',(38.,-11.13807991231));
#1264 = CARTESIAN_POINT('',(38.,-22.05));
#1265 = ( GEOMETRIC_REPRESENTATION_CONTEXT(2) 
PARAMETRIC_REPRESENTATION_CONTEXT() REPRESENTATION_CONTEXT('2D SPACE',''
  ) );
#1266 = ORIENTED_EDGE('',*,*,#1003,.F.);
#1267 = ADVANCED_FACE('',(#1268),#778,.T.);
#1268 = FACE_BOUND('',#1269,.F.);
#1269 = EDGE_LOOP('',(#1270,#1298,#1299,#1300));
#1270 = ORIENTED_EDGE('',*,*,#1271,.T.);
#1271 = EDGE_CURVE('',#1272,#735,#1274,.T.);
#1272 = VERTEX_POINT('',#1273);
#1273 = CARTESIAN_POINT('',(8.,6.645299090334,49.75));
#1274 = SURFACE_CURVE('',#1275,(#1280,#1287),.PCURVE_S1.);
#1275 = CIRCLE('',#1276,10.4);
#1276 = AXIS2_PLACEMENT_3D('',#1277,#1278,#1279);
#1277 = CARTESIAN_POINT('',(-3.774758283726E-15,-7.105427357601E-15,
    49.75));
#1278 = DIRECTION('',(2.22044604925E-16,2.22044604925E-16,-1.));
#1279 = DIRECTION('',(0.769230769231,0.638971066378,3.126836202425E-16)
  );
#1280 = PCURVE('',#778,#1281);
#1281 = DEFINITIONAL_REPRESENTATION('',(#1282),#1286);
#1282 = LINE('',#1283,#1284);
#1283 = CARTESIAN_POINT('',(-2.448432746013,0.));
#1284 = VECTOR('',#1285,1.);
#1285 = DIRECTION('',(-1.,0.));
#1286 = ( GEOMETRIC_REPRESENTATION_CONTEXT(2) 
PARAMETRIC_REPRESENTATION_CONTEXT() REPRESENTATION_CONTEXT('2D SPACE',''
  ) );
#1287 = PCURVE('',#750,#1288);
#1288 = DEFINITIONAL_REPRESENTATION('',(#1289),#1297);
#1289 = ( BOUNDED_CURVE() B_SPLINE_CURVE(2,(#1290,#1291,#1292,#1293,
#1294,#1295,#1296),.UNSPECIFIED.,.T.,.F.) B_SPLINE_CURVE_WITH_KNOTS((1,2
    ,2,2,2,1),(-2.094395102393,0.,2.094395102393,4.188790204786,
6.28318530718,8.377580409573),.UNSPECIFIED.) CURVE() 
GEOMETRIC_REPRESENTATION_ITEM() RATIONAL_B_SPLINE_CURVE((1.,0.5,1.,0.5,
1.,0.5,1.)) REPRESENTATION_ITEM('') );
#1290 = CARTESIAN_POINT('',(8.,6.645299090334));
#1291 = CARTESIAN_POINT('',(19.50999565595,-7.211107370217));
#1292 = CARTESIAN_POINT('',(1.754997827975,-10.25085277544));
#1293 = CARTESIAN_POINT('',(-16.,-13.29059818066));
#1294 = CARTESIAN_POINT('',(-9.754997827975,3.605553685108));
#1295 = CARTESIAN_POINT('',(-3.50999565595,20.501705550886));
#1296 = CARTESIAN_POINT('',(8.,6.645299090334));
#1297 = ( GEOMETRIC_REPRESENTATION_CONTEXT(2) 
PARAMETRIC_REPRESENTATION_CONTEXT() REPRESENTATION_CONTEXT('2D SPACE',''
  ) );
#1298 = ORIENTED_EDGE('',*,*,#762,.T.);
#1299 = ORIENTED_EDGE('',*,*,#1050,.T.);
#1300 = ORIENTED_EDGE('',*,*,#1301,.F.);
#1301 = EDGE_CURVE('',#1272,#1028,#1302,.T.);
#1302 = SURFACE_CURVE('',#1303,(#1307,#1314),.PCURVE_S1.);
#1303 = LINE('',#1304,#1305);
#1304 = CARTESIAN_POINT('',(8.,6.645299090334,49.75));
#1305 = VECTOR('',#1306,1.);
#1306 = DIRECTION('',(-2.22044604925E-16,-2.22044604925E-16,1.));
#1307 = PCURVE('',#778,#1308);
#1308 = DEFINITIONAL_REPRESENTATION('',(#1309),#1313);
#1309 = LINE('',#1310,#1311);
#1310 = CARTESIAN_POINT('',(-2.448432746013,0.));
#1311 = VECTOR('',#1312,1.);
#1312 = DIRECTION('',(-0.,1.));
#1313 = ( GEOMETRIC_REPRESENTATION_CONTEXT(2) 
PARAMETRIC_REPRESENTATION_CONTEXT() REPRESENTATION_CONTEXT('2D SPACE',''
  ) );
#1314 = PCURVE('',#870,#1315);
#1315 = DEFINITIONAL_REPRESENTATION('',(#1316),#1320);
#1316 = LINE('',#1317,#1318);
#1317 = CARTESIAN_POINT('',(-15.35470090966,2.865703631436E-16));
#1318 = VECTOR('',#1319,1.);
#1319 = DIRECTION('',(-0.,-1.));
#1320 = ( GEOMETRIC_REPRESENTATION_CONTEXT(2) 
PARAMETRIC_REPRESENTATION_CONTEXT() REPRESENTATION_CONTEXT('2D SPACE',''
  ) );
#1321 = ADVANCED_FACE('',(#1322),#129,.F.);
#1322 = FACE_BOUND('',#1323,.T.);
#1323 = EDGE_LOOP('',(#1324,#1325,#1326,#1349));
#1324 = ORIENTED_EDGE('',*,*,#113,.F.);
#1325 = ORIENTED_EDGE('',*,*,#1218,.T.);
#1326 = ORIENTED_EDGE('',*,*,#1327,.T.);
#1327 = EDGE_CURVE('',#1219,#1328,#1330,.T.);
#1328 = VERTEX_POINT('',#1329);
#1329 = CARTESIAN_POINT('',(8.,60.,72.865));
#1330 = SURFACE_CURVE('',#1331,(#1335,#1342),.PCURVE_S1.);
#1331 = LINE('',#1332,#1333);
#1332 = CARTESIAN_POINT('',(8.,60.,1.42108547152E-14));
#1333 = VECTOR('',#1334,1.);
#1334 = DIRECTION('',(0.,-2.22044604925E-16,1.));
#1335 = PCURVE('',#129,#1336);
#1336 = DEFINITIONAL_REPRESENTATION('',(#1337),#1341);
#1337 = LINE('',#1338,#1339);
#1338 = CARTESIAN_POINT('',(-16.,0.));
#1339 = VECTOR('',#1340,1.);
#1340 = DIRECTION('',(-0.,1.));
#1341 = ( GEOMETRIC_REPRESENTATION_CONTEXT(2) 
PARAMETRIC_REPRESENTATION_CONTEXT() REPRESENTATION_CONTEXT('2D SPACE',''
  ) );
#1342 = PCURVE('',#870,#1343);
#1343 = DEFINITIONAL_REPRESENTATION('',(#1344),#1348);
#1344 = LINE('',#1345,#1346);
#1345 = CARTESIAN_POINT('',(38.,49.75));
#1346 = VECTOR('',#1347,1.);
#1347 = DIRECTION('',(-0.,-1.));
#1348 = ( GEOMETRIC_REPRESENTATION_CONTEXT(2) 
PARAMETRIC_REPRESENTATION_CONTEXT() REPRESENTATION_CONTEXT('2D SPACE',''
  ) );
#1349 = ORIENTED_EDGE('',*,*,#1350,.F.);
#1350 = EDGE_CURVE('',#114,#1328,#1351,.T.);
#1351 = SURFACE_CURVE('',#1352,(#1356,#1363),.PCURVE_S1.);
#1352 = LINE('',#1353,#1354);
#1353 = CARTESIAN_POINT('',(-8.,60.,72.865));
#1354 = VECTOR('',#1355,1.);
#1355 = DIRECTION('',(1.,0.,0.));
#1356 = PCURVE('',#129,#1357);
#1357 = DEFINITIONAL_REPRESENTATION('',(#1358),#1362);
#1358 = LINE('',#1359,#1360);
#1359 = CARTESIAN_POINT('',(-0.,72.865));
#1360 = VECTOR('',#1361,1.);
#1361 = DIRECTION('',(-1.,0.));
#1362 = ( GEOMETRIC_REPRESENTATION_CONTEXT(2) 
PARAMETRIC_REPRESENTATION_CONTEXT() REPRESENTATION_CONTEXT('2D SPACE',''
  ) );
#1363 = PCURVE('',#157,#1364);
#1364 = DEFINITIONAL_REPRESENTATION('',(#1365),#1369);
#1365 = LINE('',#1366,#1367);
#1366 = CARTESIAN_POINT('',(-7.105427357601E-15,0.));
#1367 = VECTOR('',#1368,1.);
#1368 = DIRECTION('',(-0.,1.));
#1369 = ( GEOMETRIC_REPRESENTATION_CONTEXT(2) 
PARAMETRIC_REPRESENTATION_CONTEXT() REPRESENTATION_CONTEXT('2D SPACE',''
  ) );
#1370 = ADVANCED_FACE('',(#1371,#1419,#1454,#1489,#1524,#1559),#750,.F.
  );
#1371 = FACE_BOUND('',#1372,.T.);
#1372 = EDGE_LOOP('',(#1373,#1374,#1397,#1418));
#1373 = ORIENTED_EDGE('',*,*,#734,.F.);
#1374 = ORIENTED_EDGE('',*,*,#1375,.T.);
#1375 = EDGE_CURVE('',#707,#1376,#1378,.T.);
#1376 = VERTEX_POINT('',#1377);
#1377 = CARTESIAN_POINT('',(8.,13.5,49.75));
#1378 = SURFACE_CURVE('',#1379,(#1383,#1390),.PCURVE_S1.);
#1379 = LINE('',#1380,#1381);
#1380 = CARTESIAN_POINT('',(-15.,13.5,49.75));
#1381 = VECTOR('',#1382,1.);
#1382 = DIRECTION('',(1.,-4.930380657631E-32,2.22044604925E-16));
#1383 = PCURVE('',#750,#1384);
#1384 = DEFINITIONAL_REPRESENTATION('',(#1385),#1389);
#1385 = LINE('',#1386,#1387);
#1386 = CARTESIAN_POINT('',(-15.,13.5));
#1387 = VECTOR('',#1388,1.);
#1388 = DIRECTION('',(1.,-0.));
#1389 = ( GEOMETRIC_REPRESENTATION_CONTEXT(2) 
PARAMETRIC_REPRESENTATION_CONTEXT() REPRESENTATION_CONTEXT('2D SPACE',''
  ) );
#1390 = PCURVE('',#722,#1391);
#1391 = DEFINITIONAL_REPRESENTATION('',(#1392),#1396);
#1392 = LINE('',#1393,#1394);
#1393 = CARTESIAN_POINT('',(-15.,57.));
#1394 = VECTOR('',#1395,1.);
#1395 = DIRECTION('',(-1.,2.22044604925E-16));
#1396 = ( GEOMETRIC_REPRESENTATION_CONTEXT(2) 
PARAMETRIC_REPRESENTATION_CONTEXT() REPRESENTATION_CONTEXT('2D SPACE',''
  ) );
#1397 = ORIENTED_EDGE('',*,*,#1398,.F.);
#1398 = EDGE_CURVE('',#1272,#1376,#1399,.T.);
#1399 = SURFACE_CURVE('',#1400,(#1404,#1411),.PCURVE_S1.);
#1400 = LINE('',#1401,#1402);
#1401 = CARTESIAN_POINT('',(8.,6.645299090334,49.75));
#1402 = VECTOR('',#1403,1.);
#1403 = DIRECTION('',(-6.219463796807E-15,1.,-2.962440448089E-16));
#1404 = PCURVE('',#750,#1405);
#1405 = DEFINITIONAL_REPRESENTATION('',(#1406),#1410);
#1406 = LINE('',#1407,#1408);
#1407 = CARTESIAN_POINT('',(8.,6.645299090334));
#1408 = VECTOR('',#1409,1.);
#1409 = DIRECTION('',(-6.219463796807E-15,1.));
#1410 = ( GEOMETRIC_REPRESENTATION_CONTEXT(2) 
PARAMETRIC_REPRESENTATION_CONTEXT() REPRESENTATION_CONTEXT('2D SPACE',''
  ) );
#1411 = PCURVE('',#870,#1412);
#1412 = DEFINITIONAL_REPRESENTATION('',(#1413),#1417);
#1413 = LINE('',#1414,#1415);
#1414 = CARTESIAN_POINT('',(-15.35470090966,-3.266143315657E-15));
#1415 = VECTOR('',#1416,1.);
#1416 = DIRECTION('',(1.,5.182886497339E-16));
#1417 = ( GEOMETRIC_REPRESENTATION_CONTEXT(2) 
PARAMETRIC_REPRESENTATION_CONTEXT() REPRESENTATION_CONTEXT('2D SPACE',''
  ) );
#1418 = ORIENTED_EDGE('',*,*,#1271,.T.);
#1419 = FACE_BOUND('',#1420,.T.);
#1420 = EDGE_LOOP('',(#1421));
#1421 = ORIENTED_EDGE('',*,*,#1422,.F.);
#1422 = EDGE_CURVE('',#1423,#1423,#1425,.T.);
#1423 = VERTEX_POINT('',#1424);
#1424 = CARTESIAN_POINT('',(3.25,-4.95,49.75));
#1425 = SURFACE_CURVE('',#1426,(#1431,#1442),.PCURVE_S1.);
#1426 = CIRCLE('',#1427,1.7);
#1427 = AXIS2_PLACEMENT_3D('',#1428,#1429,#1430);
#1428 = CARTESIAN_POINT('',(4.95,-4.95,49.75));
#1429 = DIRECTION('',(2.22044604925E-16,2.22044604925E-16,-1.));
#1430 = DIRECTION('',(-1.,4.930380657631E-32,-2.22044604925E-16));
#1431 = PCURVE('',#750,#1432);
#1432 = DEFINITIONAL_REPRESENTATION('',(#1433),#1441);
#1433 = ( BOUNDED_CURVE() B_SPLINE_CURVE(2,(#1434,#1435,#1436,#1437,
#1438,#1439,#1440),.UNSPECIFIED.,.T.,.F.) B_SPLINE_CURVE_WITH_KNOTS((1,2
    ,2,2,2,1),(-2.094395102393,0.,2.094395102393,4.188790204786,
6.28318530718,8.377580409573),.UNSPECIFIED.) CURVE() 
GEOMETRIC_REPRESENTATION_ITEM() RATIONAL_B_SPLINE_CURVE((1.,0.5,1.,0.5,
1.,0.5,1.)) REPRESENTATION_ITEM('') );
#1434 = CARTESIAN_POINT('',(3.25,-4.95));
#1435 = CARTESIAN_POINT('',(3.25,-2.005513627133));
#1436 = CARTESIAN_POINT('',(5.8,-3.477756813566));
#1437 = CARTESIAN_POINT('',(8.35,-4.95));
#1438 = CARTESIAN_POINT('',(5.8,-6.422243186434));
#1439 = CARTESIAN_POINT('',(3.25,-7.894486372867));
#1440 = CARTESIAN_POINT('',(3.25,-4.95));
#1441 = ( GEOMETRIC_REPRESENTATION_CONTEXT(2) 
PARAMETRIC_REPRESENTATION_CONTEXT() REPRESENTATION_CONTEXT('2D SPACE',''
  ) );
#1442 = PCURVE('',#1443,#1448);
#1443 = CYLINDRICAL_SURFACE('',#1444,1.7);
#1444 = AXIS2_PLACEMENT_3D('',#1445,#1446,#1447);
#1445 = CARTESIAN_POINT('',(4.95,-4.95,48.75));
#1446 = DIRECTION('',(-2.22044604925E-16,-2.22044604925E-16,1.));
#1447 = DIRECTION('',(-1.,4.930380657631E-32,-2.22044604925E-16));
#1448 = DEFINITIONAL_REPRESENTATION('',(#1449),#1453);
#1449 = LINE('',#1450,#1451);
#1450 = CARTESIAN_POINT('',(-0.,1.));
#1451 = VECTOR('',#1452,1.);
#1452 = DIRECTION('',(-1.,0.));
#1453 = ( GEOMETRIC_REPRESENTATION_CONTEXT(2) 
PARAMETRIC_REPRESENTATION_CONTEXT() REPRESENTATION_CONTEXT('2D SPACE',''
  ) );
#1454 = FACE_BOUND('',#1455,.T.);
#1455 = EDGE_LOOP('',(#1456));
#1456 = ORIENTED_EDGE('',*,*,#1457,.F.);
#1457 = EDGE_CURVE('',#1458,#1458,#1460,.T.);
#1458 = VERTEX_POINT('',#1459);
#1459 = CARTESIAN_POINT('',(-6.65,-4.95,49.75));
#1460 = SURFACE_CURVE('',#1461,(#1466,#1477),.PCURVE_S1.);
#1461 = CIRCLE('',#1462,1.7);
#1462 = AXIS2_PLACEMENT_3D('',#1463,#1464,#1465);
#1463 = CARTESIAN_POINT('',(-4.95,-4.95,49.75));
#1464 = DIRECTION('',(2.22044604925E-16,2.22044604925E-16,-1.));
#1465 = DIRECTION('',(-1.,4.930380657631E-32,-2.22044604925E-16));
#1466 = PCURVE('',#750,#1467);
#1467 = DEFINITIONAL_REPRESENTATION('',(#1468),#1476);
#1468 = ( BOUNDED_CURVE() B_SPLINE_CURVE(2,(#1469,#1470,#1471,#1472,
#1473,#1474,#1475),.UNSPECIFIED.,.T.,.F.) B_SPLINE_CURVE_WITH_KNOTS((1,2
    ,2,2,2,1),(-2.094395102393,0.,2.094395102393,4.188790204786,
6.28318530718,8.377580409573),.UNSPECIFIED.) CURVE() 
GEOMETRIC_REPRESENTATION_ITEM() RATIONAL_B_SPLINE_CURVE((1.,0.5,1.,0.5,
1.,0.5,1.)) REPRESENTATION_ITEM('') );
#1469 = CARTESIAN_POINT('',(-6.65,-4.95));
#1470 = CARTESIAN_POINT('',(-6.65,-2.005513627133));
#1471 = CARTESIAN_POINT('',(-4.1,-3.477756813566));
#1472 = CARTESIAN_POINT('',(-1.55,-4.95));
#1473 = CARTESIAN_POINT('',(-4.1,-6.422243186434));
#1474 = CARTESIAN_POINT('',(-6.65,-7.894486372867));
#1475 = CARTESIAN_POINT('',(-6.65,-4.95));
#1476 = ( GEOMETRIC_REPRESENTATION_CONTEXT(2) 
PARAMETRIC_REPRESENTATION_CONTEXT() REPRESENTATION_CONTEXT('2D SPACE',''
  ) );
#1477 = PCURVE('',#1478,#1483);
#1478 = CYLINDRICAL_SURFACE('',#1479,1.7);
#1479 = AXIS2_PLACEMENT_3D('',#1480,#1481,#1482);
#1480 = CARTESIAN_POINT('',(-4.95,-4.95,48.75));
#1481 = DIRECTION('',(-2.22044604925E-16,-2.22044604925E-16,1.));
#1482 = DIRECTION('',(-1.,4.930380657631E-32,-2.22044604925E-16));
#1483 = DEFINITIONAL_REPRESENTATION('',(#1484),#1488);
#1484 = LINE('',#1485,#1486);
#1485 = CARTESIAN_POINT('',(-0.,1.));
#1486 = VECTOR('',#1487,1.);
#1487 = DIRECTION('',(-1.,0.));
#1488 = ( GEOMETRIC_REPRESENTATION_CONTEXT(2) 
PARAMETRIC_REPRESENTATION_CONTEXT() REPRESENTATION_CONTEXT('2D SPACE',''
  ) );
#1489 = FACE_BOUND('',#1490,.T.);
#1490 = EDGE_LOOP('',(#1491));
#1491 = ORIENTED_EDGE('',*,*,#1492,.F.);
#1492 = EDGE_CURVE('',#1493,#1493,#1495,.T.);
#1493 = VERTEX_POINT('',#1494);
#1494 = CARTESIAN_POINT('',(3.25,4.95,49.75));
#1495 = SURFACE_CURVE('',#1496,(#1501,#1512),.PCURVE_S1.);
#1496 = CIRCLE('',#1497,1.7);
#1497 = AXIS2_PLACEMENT_3D('',#1498,#1499,#1500);
#1498 = CARTESIAN_POINT('',(4.95,4.95,49.75));
#1499 = DIRECTION('',(2.22044604925E-16,2.22044604925E-16,-1.));
#1500 = DIRECTION('',(-1.,4.930380657631E-32,-2.22044604925E-16));
#1501 = PCURVE('',#750,#1502);
#1502 = DEFINITIONAL_REPRESENTATION('',(#1503),#1511);
#1503 = ( BOUNDED_CURVE() B_SPLINE_CURVE(2,(#1504,#1505,#1506,#1507,
#1508,#1509,#1510),.UNSPECIFIED.,.T.,.F.) B_SPLINE_CURVE_WITH_KNOTS((1,2
    ,2,2,2,1),(-2.094395102393,0.,2.094395102393,4.188790204786,
6.28318530718,8.377580409573),.UNSPECIFIED.) CURVE() 
GEOMETRIC_REPRESENTATION_ITEM() RATIONAL_B_SPLINE_CURVE((1.,0.5,1.,0.5,
1.,0.5,1.)) REPRESENTATION_ITEM('') );
#1504 = CARTESIAN_POINT('',(3.25,4.95));
#1505 = CARTESIAN_POINT('',(3.25,7.894486372867));
#1506 = CARTESIAN_POINT('',(5.8,6.422243186434));
#1507 = CARTESIAN_POINT('',(8.35,4.95));
#1508 = CARTESIAN_POINT('',(5.8,3.477756813566));
#1509 = CARTESIAN_POINT('',(3.25,2.005513627133));
#1510 = CARTESIAN_POINT('',(3.25,4.95));
#1511 = ( GEOMETRIC_REPRESENTATION_CONTEXT(2) 
PARAMETRIC_REPRESENTATION_CONTEXT() REPRESENTATION_CONTEXT('2D SPACE',''
  ) );
#1512 = PCURVE('',#1513,#1518);
#1513 = CYLINDRICAL_SURFACE('',#1514,1.7);
#1514 = AXIS2_PLACEMENT_3D('',#1515,#1516,#1517);
#1515 = CARTESIAN_POINT('',(4.95,4.95,48.75));
#1516 = DIRECTION('',(-2.22044604925E-16,-2.22044604925E-16,1.));
#1517 = DIRECTION('',(-1.,4.930380657631E-32,-2.22044604925E-16));
#1518 = DEFINITIONAL_REPRESENTATION('',(#1519),#1523);
#1519 = LINE('',#1520,#1521);
#1520 = CARTESIAN_POINT('',(-0.,1.));
#1521 = VECTOR('',#1522,1.);
#1522 = DIRECTION('',(-1.,0.));
#1523 = ( GEOMETRIC_REPRESENTATION_CONTEXT(2) 
PARAMETRIC_REPRESENTATION_CONTEXT() REPRESENTATION_CONTEXT('2D SPACE',''
  ) );
#1524 = FACE_BOUND('',#1525,.T.);
#1525 = EDGE_LOOP('',(#1526));
#1526 = ORIENTED_EDGE('',*,*,#1527,.F.);
#1527 = EDGE_CURVE('',#1528,#1528,#1530,.T.);
#1528 = VERTEX_POINT('',#1529);
#1529 = CARTESIAN_POINT('',(-4.3,-8.158623604868E-15,49.75));
#1530 = SURFACE_CURVE('',#1531,(#1536,#1547),.PCURVE_S1.);
#1531 = CIRCLE('',#1532,4.3);
#1532 = AXIS2_PLACEMENT_3D('',#1533,#1534,#1535);
#1533 = CARTESIAN_POINT('',(-3.774758283726E-15,-7.105427357601E-15,
    49.75));
#1534 = DIRECTION('',(2.22044604925E-16,2.22044604925E-16,-1.));
#1535 = DIRECTION('',(-1.,4.930380657631E-32,-2.22044604925E-16));
#1536 = PCURVE('',#750,#1537);
#1537 = DEFINITIONAL_REPRESENTATION('',(#1538),#1546);
#1538 = ( BOUNDED_CURVE() B_SPLINE_CURVE(2,(#1539,#1540,#1541,#1542,
#1543,#1544,#1545),.UNSPECIFIED.,.T.,.F.) B_SPLINE_CURVE_WITH_KNOTS((1,2
    ,2,2,2,1),(-2.094395102393,0.,2.094395102393,4.188790204786,
6.28318530718,8.377580409573),.UNSPECIFIED.) CURVE() 
GEOMETRIC_REPRESENTATION_ITEM() RATIONAL_B_SPLINE_CURVE((1.,0.5,1.,0.5,
1.,0.5,1.)) REPRESENTATION_ITEM('') );
#1539 = CARTESIAN_POINT('',(-4.3,-6.661338147751E-15));
#1540 = CARTESIAN_POINT('',(-4.3,7.447818472546));
#1541 = CARTESIAN_POINT('',(2.15,3.723909236273));
#1542 = CARTESIAN_POINT('',(8.6,-5.608141900484E-15));
#1543 = CARTESIAN_POINT('',(2.15,-3.723909236273));
#1544 = CARTESIAN_POINT('',(-4.3,-7.447818472546));
#1545 = CARTESIAN_POINT('',(-4.3,-6.661338147751E-15));
#1546 = ( GEOMETRIC_REPRESENTATION_CONTEXT(2) 
PARAMETRIC_REPRESENTATION_CONTEXT() REPRESENTATION_CONTEXT('2D SPACE',''
  ) );
#1547 = PCURVE('',#1548,#1553);
#1548 = CYLINDRICAL_SURFACE('',#1549,4.3);
#1549 = AXIS2_PLACEMENT_3D('',#1550,#1551,#1552);
#1550 = CARTESIAN_POINT('',(-3.774758283726E-15,-7.105427357601E-15,
    49.75));
#1551 = DIRECTION('',(-2.22044604925E-16,-2.22044604925E-16,1.));
#1552 = DIRECTION('',(-1.,4.930380657631E-32,-2.22044604925E-16));
#1553 = DEFINITIONAL_REPRESENTATION('',(#1554),#1558);
#1554 = LINE('',#1555,#1556);
#1555 = CARTESIAN_POINT('',(-0.,0.));
#1556 = VECTOR('',#1557,1.);
#1557 = DIRECTION('',(-1.,0.));
#1558 = ( GEOMETRIC_REPRESENTATION_CONTEXT(2) 
PARAMETRIC_REPRESENTATION_CONTEXT() REPRESENTATION_CONTEXT('2D SPACE',''
  ) );
#1559 = FACE_BOUND('',#1560,.T.);
#1560 = EDGE_LOOP('',(#1561));
#1561 = ORIENTED_EDGE('',*,*,#1562,.F.);
#1562 = EDGE_CURVE('',#1563,#1563,#1565,.T.);
#1563 = VERTEX_POINT('',#1564);
#1564 = CARTESIAN_POINT('',(-6.65,4.95,49.75));
#1565 = SURFACE_CURVE('',#1566,(#1571,#1582),.PCURVE_S1.);
#1566 = CIRCLE('',#1567,1.7);
#1567 = AXIS2_PLACEMENT_3D('',#1568,#1569,#1570);
#1568 = CARTESIAN_POINT('',(-4.95,4.95,49.75));
#1569 = DIRECTION('',(2.22044604925E-16,2.22044604925E-16,-1.));
#1570 = DIRECTION('',(-1.,4.930380657631E-32,-2.22044604925E-16));
#1571 = PCURVE('',#750,#1572);
#1572 = DEFINITIONAL_REPRESENTATION('',(#1573),#1581);
#1573 = ( BOUNDED_CURVE() B_SPLINE_CURVE(2,(#1574,#1575,#1576,#1577,
#1578,#1579,#1580),.UNSPECIFIED.,.T.,.F.) B_SPLINE_CURVE_WITH_KNOTS((1,2
    ,2,2,2,1),(-2.094395102393,0.,2.094395102393,4.188790204786,
6.28318530718,8.377580409573),.UNSPECIFIED.) CURVE() 
GEOMETRIC_REPRESENTATION_ITEM() RATIONAL_B_SPLINE_CURVE((1.,0.5,1.,0.5,
1.,0.5,1.)) REPRESENTATION_ITEM('') );
#1574 = CARTESIAN_POINT('',(-6.65,4.95));
#1575 = CARTESIAN_POINT('',(-6.65,7.894486372867));
#1576 = CARTESIAN_POINT('',(-4.1,6.422243186434));
#1577 = CARTESIAN_POINT('',(-1.55,4.95));
#1578 = CARTESIAN_POINT('',(-4.1,3.477756813566));
#1579 = CARTESIAN_POINT('',(-6.65,2.005513627133));
#1580 = CARTESIAN_POINT('',(-6.65,4.95));
#1581 = ( GEOMETRIC_REPRESENTATION_CONTEXT(2) 
PARAMETRIC_REPRESENTATION_CONTEXT() REPRESENTATION_CONTEXT('2D SPACE',''
  ) );
#1582 = PCURVE('',#1583,#1588);
#1583 = CYLINDRICAL_SURFACE('',#1584,1.7);
#1584 = AXIS2_PLACEMENT_3D('',#1585,#1586,#1587);
#1585 = CARTESIAN_POINT('',(-4.95,4.95,48.75));
#1586 = DIRECTION('',(-2.22044604925E-16,-2.22044604925E-16,1.));
#1587 = DIRECTION('',(-1.,4.930380657631E-32,-2.22044604925E-16));
#1588 = DEFINITIONAL_REPRESENTATION('',(#1589),#1593);
#1589 = LINE('',#1590,#1591);
#1590 = CARTESIAN_POINT('',(-0.,1.));
#1591 = VECTOR('',#1592,1.);
#1592 = DIRECTION('',(-1.,0.));
#1593 = ( GEOMETRIC_REPRESENTATION_CONTEXT(2) 
PARAMETRIC_REPRESENTATION_CONTEXT() REPRESENTATION_CONTEXT('2D SPACE',''
  ) );
#1594 = ADVANCED_FACE('',(#1595),#157,.T.);
#1595 = FACE_BOUND('',#1596,.F.);
#1596 = EDGE_LOOP('',(#1597,#1598,#1622,#1650,#1683,#1711,#1744,#1772,
    #1805,#1833,#1866,#1894,#1927,#1948));
#1597 = ORIENTED_EDGE('',*,*,#141,.T.);
#1598 = ORIENTED_EDGE('',*,*,#1599,.T.);
#1599 = EDGE_CURVE('',#142,#1600,#1602,.T.);
#1600 = VERTEX_POINT('',#1601);
#1601 = CARTESIAN_POINT('',(-13.,70.65,72.865));
#1602 = SURFACE_CURVE('',#1603,(#1608,#1615),.PCURVE_S1.);
#1603 = CIRCLE('',#1604,5.);
#1604 = AXIS2_PLACEMENT_3D('',#1605,#1606,#1607);
#1605 = CARTESIAN_POINT('',(-13.,65.65,72.865));
#1606 = DIRECTION('',(0.,-2.22044604925E-16,1.));
#1607 = DIRECTION('',(-0.,1.,2.22044604925E-16));
#1608 = PCURVE('',#157,#1609);
#1609 = DEFINITIONAL_REPRESENTATION('',(#1610),#1614);
#1610 = CIRCLE('',#1611,5.);
#1611 = AXIS2_PLACEMENT_2D('',#1612,#1613);
#1612 = CARTESIAN_POINT('',(-5.65,-5.));
#1613 = DIRECTION('',(-1.,0.));
#1614 = ( GEOMETRIC_REPRESENTATION_CONTEXT(2) 
PARAMETRIC_REPRESENTATION_CONTEXT() REPRESENTATION_CONTEXT('2D SPACE',''
  ) );
#1615 = PCURVE('',#185,#1616);
#1616 = DEFINITIONAL_REPRESENTATION('',(#1617),#1621);
#1617 = LINE('',#1618,#1619);
#1618 = CARTESIAN_POINT('',(-4.712388980385,22.));
#1619 = VECTOR('',#1620,1.);
#1620 = DIRECTION('',(1.,0.));
#1621 = ( GEOMETRIC_REPRESENTATION_CONTEXT(2) 
PARAMETRIC_REPRESENTATION_CONTEXT() REPRESENTATION_CONTEXT('2D SPACE',''
  ) );
#1622 = ORIENTED_EDGE('',*,*,#1623,.F.);
#1623 = EDGE_CURVE('',#1624,#1600,#1626,.T.);
#1624 = VERTEX_POINT('',#1625);
#1625 = CARTESIAN_POINT('',(-20.45,70.65,72.865));
#1626 = SURFACE_CURVE('',#1627,(#1631,#1638),.PCURVE_S1.);
#1627 = LINE('',#1628,#1629);
#1628 = CARTESIAN_POINT('',(0.,70.65,72.865));
#1629 = VECTOR('',#1630,1.);
#1630 = DIRECTION('',(1.,0.,0.));
#1631 = PCURVE('',#157,#1632);
#1632 = DEFINITIONAL_REPRESENTATION('',(#1633),#1637);
#1633 = LINE('',#1634,#1635);
#1634 = CARTESIAN_POINT('',(-10.65,8.));
#1635 = VECTOR('',#1636,1.);
#1636 = DIRECTION('',(-0.,1.));
#1637 = ( GEOMETRIC_REPRESENTATION_CONTEXT(2) 
PARAMETRIC_REPRESENTATION_CONTEXT() REPRESENTATION_CONTEXT('2D SPACE',''
  ) );
#1638 = PCURVE('',#1639,#1644);
#1639 = PLANE('',#1640);
#1640 = AXIS2_PLACEMENT_3D('',#1641,#1642,#1643);
#1641 = CARTESIAN_POINT('',(-20.45,70.65,72.865));
#1642 = DIRECTION('',(-0.,1.,4.440892098501E-16));
#1643 = DIRECTION('',(-1.,-0.,0.));
#1644 = DEFINITIONAL_REPRESENTATION('',(#1645),#1649);
#1645 = LINE('',#1646,#1647);
#1646 = CARTESIAN_POINT('',(-20.45,-2.271919407037E-28));
#1647 = VECTOR('',#1648,1.);
#1648 = DIRECTION('',(-1.,0.));
#1649 = ( GEOMETRIC_REPRESENTATION_CONTEXT(2) 
PARAMETRIC_REPRESENTATION_CONTEXT() REPRESENTATION_CONTEXT('2D SPACE',''
  ) );
#1650 = ORIENTED_EDGE('',*,*,#1651,.T.);
#1651 = EDGE_CURVE('',#1624,#1652,#1654,.T.);
#1652 = VERTEX_POINT('',#1653);
#1653 = CARTESIAN_POINT('',(-22.45,72.65,72.865));
#1654 = SURFACE_CURVE('',#1655,(#1660,#1671),.PCURVE_S1.);
#1655 = CIRCLE('',#1656,2.);
#1656 = AXIS2_PLACEMENT_3D('',#1657,#1658,#1659);
#1657 = CARTESIAN_POINT('',(-20.45,72.65,72.865));
#1658 = DIRECTION('',(0.,4.440892098501E-16,-1.));
#1659 = DIRECTION('',(-1.,0.,0.));
#1660 = PCURVE('',#157,#1661);
#1661 = DEFINITIONAL_REPRESENTATION('',(#1662),#1670);
#1662 = ( BOUNDED_CURVE() B_SPLINE_CURVE(2,(#1663,#1664,#1665,#1666,
#1667,#1668,#1669),.UNSPECIFIED.,.T.,.F.) B_SPLINE_CURVE_WITH_KNOTS((1,2
    ,2,2,2,1),(-2.094395102393,0.,2.094395102393,4.188790204786,
6.28318530718,8.377580409573),.UNSPECIFIED.) CURVE() 
GEOMETRIC_REPRESENTATION_ITEM() RATIONAL_B_SPLINE_CURVE((1.,0.5,1.,0.5,
1.,0.5,1.)) REPRESENTATION_ITEM('') );
#1663 = CARTESIAN_POINT('',(-12.65,-14.45));
#1664 = CARTESIAN_POINT('',(-16.11410161513,-14.45));
#1665 = CARTESIAN_POINT('',(-14.38205080756,-11.45));
#1666 = CARTESIAN_POINT('',(-12.65,-8.45));
#1667 = CARTESIAN_POINT('',(-10.91794919243,-11.45));
#1668 = CARTESIAN_POINT('',(-9.185898384862,-14.45));
#1669 = CARTESIAN_POINT('',(-12.65,-14.45));
#1670 = ( GEOMETRIC_REPRESENTATION_CONTEXT(2) 
PARAMETRIC_REPRESENTATION_CONTEXT() REPRESENTATION_CONTEXT('2D SPACE',''
  ) );
#1671 = PCURVE('',#1672,#1677);
#1672 = CYLINDRICAL_SURFACE('',#1673,2.);
#1673 = AXIS2_PLACEMENT_3D('',#1674,#1675,#1676);
#1674 = CARTESIAN_POINT('',(-20.45,72.65,72.865));
#1675 = DIRECTION('',(0.,-4.440892098501E-16,1.));
#1676 = DIRECTION('',(-1.,0.,0.));
#1677 = DEFINITIONAL_REPRESENTATION('',(#1678),#1682);
#1678 = LINE('',#1679,#1680);
#1679 = CARTESIAN_POINT('',(-0.,0.));
#1680 = VECTOR('',#1681,1.);
#1681 = DIRECTION('',(-1.,0.));
#1682 = ( GEOMETRIC_REPRESENTATION_CONTEXT(2) 
PARAMETRIC_REPRESENTATION_CONTEXT() REPRESENTATION_CONTEXT('2D SPACE',''
  ) );
#1683 = ORIENTED_EDGE('',*,*,#1684,.T.);
#1684 = EDGE_CURVE('',#1652,#1685,#1687,.T.);
#1685 = VERTEX_POINT('',#1686);
#1686 = CARTESIAN_POINT('',(-22.45,97.349999997432,72.865));
#1687 = SURFACE_CURVE('',#1688,(#1692,#1699),.PCURVE_S1.);
#1688 = LINE('',#1689,#1690);
#1689 = CARTESIAN_POINT('',(-22.45,85.,72.865));
#1690 = VECTOR('',#1691,1.);
#1691 = DIRECTION('',(-0.,1.,4.440892098501E-16));
#1692 = PCURVE('',#157,#1693);
#1693 = DEFINITIONAL_REPRESENTATION('',(#1694),#1698);
#1694 = LINE('',#1695,#1696);
#1695 = CARTESIAN_POINT('',(-25.,-14.45));
#1696 = VECTOR('',#1697,1.);
#1697 = DIRECTION('',(-1.,0.));
#1698 = ( GEOMETRIC_REPRESENTATION_CONTEXT(2) 
PARAMETRIC_REPRESENTATION_CONTEXT() REPRESENTATION_CONTEXT('2D SPACE',''
  ) );
#1699 = PCURVE('',#1700,#1705);
#1700 = PLANE('',#1701);
#1701 = AXIS2_PLACEMENT_3D('',#1702,#1703,#1704);
#1702 = CARTESIAN_POINT('',(-22.45,70.65,72.865));
#1703 = DIRECTION('',(1.,0.,0.));
#1704 = DIRECTION('',(0.,-4.440892098501E-16,1.));
#1705 = DEFINITIONAL_REPRESENTATION('',(#1706),#1710);
#1706 = LINE('',#1707,#1708);
#1707 = CARTESIAN_POINT('',(-3.108624468953E-16,-14.35));
#1708 = VECTOR('',#1709,1.);
#1709 = DIRECTION('',(-0.,-1.));
#1710 = ( GEOMETRIC_REPRESENTATION_CONTEXT(2) 
PARAMETRIC_REPRESENTATION_CONTEXT() REPRESENTATION_CONTEXT('2D SPACE',''
  ) );
#1711 = ORIENTED_EDGE('',*,*,#1712,.T.);
#1712 = EDGE_CURVE('',#1685,#1713,#1715,.T.);
#1713 = VERTEX_POINT('',#1714);
#1714 = CARTESIAN_POINT('',(-20.45,99.349999998716,72.865));
#1715 = SURFACE_CURVE('',#1716,(#1721,#1732),.PCURVE_S1.);
#1716 = CIRCLE('',#1717,2.);
#1717 = AXIS2_PLACEMENT_3D('',#1718,#1719,#1720);
#1718 = CARTESIAN_POINT('',(-20.45,97.349999997432,72.865));
#1719 = DIRECTION('',(0.,4.440892098501E-16,-1.));
#1720 = DIRECTION('',(-1.,0.,0.));
#1721 = PCURVE('',#157,#1722);
#1722 = DEFINITIONAL_REPRESENTATION('',(#1723),#1731);
#1723 = ( BOUNDED_CURVE() B_SPLINE_CURVE(2,(#1724,#1725,#1726,#1727,
#1728,#1729,#1730),.UNSPECIFIED.,.T.,.F.) B_SPLINE_CURVE_WITH_KNOTS((1,2
    ,2,2,2,1),(-2.094395102393,0.,2.094395102393,4.188790204786,
6.28318530718,8.377580409573),.UNSPECIFIED.) CURVE() 
GEOMETRIC_REPRESENTATION_ITEM() RATIONAL_B_SPLINE_CURVE((1.,0.5,1.,0.5,
1.,0.5,1.)) REPRESENTATION_ITEM('') );
#1724 = CARTESIAN_POINT('',(-37.34999999743,-14.45));
#1725 = CARTESIAN_POINT('',(-40.81410161257,-14.45));
#1726 = CARTESIAN_POINT('',(-39.082050805,-11.45));
#1727 = CARTESIAN_POINT('',(-37.34999999743,-8.45));
#1728 = CARTESIAN_POINT('',(-35.61794918986,-11.45));
#1729 = CARTESIAN_POINT('',(-33.88589838229,-14.45));
#1730 = CARTESIAN_POINT('',(-37.34999999743,-14.45));
#1731 = ( GEOMETRIC_REPRESENTATION_CONTEXT(2) 
PARAMETRIC_REPRESENTATION_CONTEXT() REPRESENTATION_CONTEXT('2D SPACE',''
  ) );
#1732 = PCURVE('',#1733,#1738);
#1733 = CYLINDRICAL_SURFACE('',#1734,2.);
#1734 = AXIS2_PLACEMENT_3D('',#1735,#1736,#1737);
#1735 = CARTESIAN_POINT('',(-20.45,97.349999997432,72.865));
#1736 = DIRECTION('',(0.,-4.440892098501E-16,1.));
#1737 = DIRECTION('',(-1.,0.,0.));
#1738 = DEFINITIONAL_REPRESENTATION('',(#1739),#1743);
#1739 = LINE('',#1740,#1741);
#1740 = CARTESIAN_POINT('',(-0.,0.));
#1741 = VECTOR('',#1742,1.);
#1742 = DIRECTION('',(-1.,0.));
#1743 = ( GEOMETRIC_REPRESENTATION_CONTEXT(2) 
PARAMETRIC_REPRESENTATION_CONTEXT() REPRESENTATION_CONTEXT('2D SPACE',''
  ) );
#1744 = ORIENTED_EDGE('',*,*,#1745,.T.);
#1745 = EDGE_CURVE('',#1713,#1746,#1748,.T.);
#1746 = VERTEX_POINT('',#1747);
#1747 = CARTESIAN_POINT('',(20.45,99.349999998716,72.865));
#1748 = SURFACE_CURVE('',#1749,(#1753,#1760),.PCURVE_S1.);
#1749 = LINE('',#1750,#1751);
#1750 = CARTESIAN_POINT('',(0.,99.35,72.865));
#1751 = VECTOR('',#1752,1.);
#1752 = DIRECTION('',(1.,0.,0.));
#1753 = PCURVE('',#157,#1754);
#1754 = DEFINITIONAL_REPRESENTATION('',(#1755),#1759);
#1755 = LINE('',#1756,#1757);
#1756 = CARTESIAN_POINT('',(-39.35,8.));
#1757 = VECTOR('',#1758,1.);
#1758 = DIRECTION('',(-0.,1.));
#1759 = ( GEOMETRIC_REPRESENTATION_CONTEXT(2) 
PARAMETRIC_REPRESENTATION_CONTEXT() REPRESENTATION_CONTEXT('2D SPACE',''
  ) );
#1760 = PCURVE('',#1761,#1766);
#1761 = PLANE('',#1762);
#1762 = AXIS2_PLACEMENT_3D('',#1763,#1764,#1765);
#1763 = CARTESIAN_POINT('',(-20.45,99.35,72.865));
#1764 = DIRECTION('',(-0.,1.,4.440892098501E-16));
#1765 = DIRECTION('',(-1.,-0.,0.));
#1766 = DEFINITIONAL_REPRESENTATION('',(#1767),#1771);
#1767 = LINE('',#1768,#1769);
#1768 = CARTESIAN_POINT('',(-20.45,-2.145701662201E-28));
#1769 = VECTOR('',#1770,1.);
#1770 = DIRECTION('',(-1.,0.));
#1771 = ( GEOMETRIC_REPRESENTATION_CONTEXT(2) 
PARAMETRIC_REPRESENTATION_CONTEXT() REPRESENTATION_CONTEXT('2D SPACE',''
  ) );
#1772 = ORIENTED_EDGE('',*,*,#1773,.T.);
#1773 = EDGE_CURVE('',#1746,#1774,#1776,.T.);
#1774 = VERTEX_POINT('',#1775);
#1775 = CARTESIAN_POINT('',(22.45,97.349999997432,72.865));
#1776 = SURFACE_CURVE('',#1777,(#1782,#1793),.PCURVE_S1.);
#1777 = CIRCLE('',#1778,2.);
#1778 = AXIS2_PLACEMENT_3D('',#1779,#1780,#1781);
#1779 = CARTESIAN_POINT('',(20.45,97.349999997432,72.865));
#1780 = DIRECTION('',(0.,4.440892098501E-16,-1.));
#1781 = DIRECTION('',(-1.,0.,0.));
#1782 = PCURVE('',#157,#1783);
#1783 = DEFINITIONAL_REPRESENTATION('',(#1784),#1792);
#1784 = ( BOUNDED_CURVE() B_SPLINE_CURVE(2,(#1785,#1786,#1787,#1788,
#1789,#1790,#1791),.UNSPECIFIED.,.T.,.F.) B_SPLINE_CURVE_WITH_KNOTS((1,2
    ,2,2,2,1),(-2.094395102393,0.,2.094395102393,4.188790204786,
6.28318530718,8.377580409573),.UNSPECIFIED.) CURVE() 
GEOMETRIC_REPRESENTATION_ITEM() RATIONAL_B_SPLINE_CURVE((1.,0.5,1.,0.5,
1.,0.5,1.)) REPRESENTATION_ITEM('') );
#1785 = CARTESIAN_POINT('',(-37.34999999743,26.45));
#1786 = CARTESIAN_POINT('',(-40.81410161257,26.45));
#1787 = CARTESIAN_POINT('',(-39.082050805,29.45));
#1788 = CARTESIAN_POINT('',(-37.34999999743,32.45));
#1789 = CARTESIAN_POINT('',(-35.61794918986,29.45));
#1790 = CARTESIAN_POINT('',(-33.88589838229,26.45));
#1791 = CARTESIAN_POINT('',(-37.34999999743,26.45));
#1792 = ( GEOMETRIC_REPRESENTATION_CONTEXT(2) 
PARAMETRIC_REPRESENTATION_CONTEXT() REPRESENTATION_CONTEXT('2D SPACE',''
  ) );
#1793 = PCURVE('',#1794,#1799);
#1794 = CYLINDRICAL_SURFACE('',#1795,2.);
#1795 = AXIS2_PLACEMENT_3D('',#1796,#1797,#1798);
#1796 = CARTESIAN_POINT('',(20.45,97.349999997432,72.865));
#1797 = DIRECTION('',(0.,-4.440892098501E-16,1.));
#1798 = DIRECTION('',(-1.,0.,0.));
#1799 = DEFINITIONAL_REPRESENTATION('',(#1800),#1804);
#1800 = LINE('',#1801,#1802);
#1801 = CARTESIAN_POINT('',(-0.,0.));
#1802 = VECTOR('',#1803,1.);
#1803 = DIRECTION('',(-1.,0.));
#1804 = ( GEOMETRIC_REPRESENTATION_CONTEXT(2) 
PARAMETRIC_REPRESENTATION_CONTEXT() REPRESENTATION_CONTEXT('2D SPACE',''
  ) );
#1805 = ORIENTED_EDGE('',*,*,#1806,.F.);
#1806 = EDGE_CURVE('',#1807,#1774,#1809,.T.);
#1807 = VERTEX_POINT('',#1808);
#1808 = CARTESIAN_POINT('',(22.45,72.65,72.865));
#1809 = SURFACE_CURVE('',#1810,(#1814,#1821),.PCURVE_S1.);
#1810 = LINE('',#1811,#1812);
#1811 = CARTESIAN_POINT('',(22.45,85.,72.865));
#1812 = VECTOR('',#1813,1.);
#1813 = DIRECTION('',(-0.,1.,4.440892098501E-16));
#1814 = PCURVE('',#157,#1815);
#1815 = DEFINITIONAL_REPRESENTATION('',(#1816),#1820);
#1816 = LINE('',#1817,#1818);
#1817 = CARTESIAN_POINT('',(-25.,30.45));
#1818 = VECTOR('',#1819,1.);
#1819 = DIRECTION('',(-1.,0.));
#1820 = ( GEOMETRIC_REPRESENTATION_CONTEXT(2) 
PARAMETRIC_REPRESENTATION_CONTEXT() REPRESENTATION_CONTEXT('2D SPACE',''
  ) );
#1821 = PCURVE('',#1822,#1827);
#1822 = PLANE('',#1823);
#1823 = AXIS2_PLACEMENT_3D('',#1824,#1825,#1826);
#1824 = CARTESIAN_POINT('',(22.45,70.65,72.865));
#1825 = DIRECTION('',(1.,0.,0.));
#1826 = DIRECTION('',(0.,-4.440892098501E-16,1.));
#1827 = DEFINITIONAL_REPRESENTATION('',(#1828),#1832);
#1828 = LINE('',#1829,#1830);
#1829 = CARTESIAN_POINT('',(-3.108624468953E-16,-14.35));
#1830 = VECTOR('',#1831,1.);
#1831 = DIRECTION('',(-0.,-1.));
#1832 = ( GEOMETRIC_REPRESENTATION_CONTEXT(2) 
PARAMETRIC_REPRESENTATION_CONTEXT() REPRESENTATION_CONTEXT('2D SPACE',''
  ) );
#1833 = ORIENTED_EDGE('',*,*,#1834,.T.);
#1834 = EDGE_CURVE('',#1807,#1835,#1837,.T.);
#1835 = VERTEX_POINT('',#1836);
#1836 = CARTESIAN_POINT('',(20.45,70.65,72.865));
#1837 = SURFACE_CURVE('',#1838,(#1843,#1854),.PCURVE_S1.);
#1838 = CIRCLE('',#1839,2.);
#1839 = AXIS2_PLACEMENT_3D('',#1840,#1841,#1842);
#1840 = CARTESIAN_POINT('',(20.45,72.65,72.865));
#1841 = DIRECTION('',(0.,4.440892098501E-16,-1.));
#1842 = DIRECTION('',(-1.,0.,0.));
#1843 = PCURVE('',#157,#1844);
#1844 = DEFINITIONAL_REPRESENTATION('',(#1845),#1853);
#1845 = ( BOUNDED_CURVE() B_SPLINE_CURVE(2,(#1846,#1847,#1848,#1849,
#1850,#1851,#1852),.UNSPECIFIED.,.T.,.F.) B_SPLINE_CURVE_WITH_KNOTS((1,2
    ,2,2,2,1),(-2.094395102393,0.,2.094395102393,4.188790204786,
6.28318530718,8.377580409573),.UNSPECIFIED.) CURVE() 
GEOMETRIC_REPRESENTATION_ITEM() RATIONAL_B_SPLINE_CURVE((1.,0.5,1.,0.5,
1.,0.5,1.)) REPRESENTATION_ITEM('') );
#1846 = CARTESIAN_POINT('',(-12.65,26.45));
#1847 = CARTESIAN_POINT('',(-16.11410161513,26.45));
#1848 = CARTESIAN_POINT('',(-14.38205080756,29.45));
#1849 = CARTESIAN_POINT('',(-12.65,32.45));
#1850 = CARTESIAN_POINT('',(-10.91794919243,29.45));
#1851 = CARTESIAN_POINT('',(-9.185898384862,26.45));
#1852 = CARTESIAN_POINT('',(-12.65,26.45));
#1853 = ( GEOMETRIC_REPRESENTATION_CONTEXT(2) 
PARAMETRIC_REPRESENTATION_CONTEXT() REPRESENTATION_CONTEXT('2D SPACE',''
  ) );
#1854 = PCURVE('',#1855,#1860);
#1855 = CYLINDRICAL_SURFACE('',#1856,2.);
#1856 = AXIS2_PLACEMENT_3D('',#1857,#1858,#1859);
#1857 = CARTESIAN_POINT('',(20.45,72.65,72.865));
#1858 = DIRECTION('',(0.,-4.440892098501E-16,1.));
#1859 = DIRECTION('',(-1.,0.,0.));
#1860 = DEFINITIONAL_REPRESENTATION('',(#1861),#1865);
#1861 = LINE('',#1862,#1863);
#1862 = CARTESIAN_POINT('',(-0.,0.));
#1863 = VECTOR('',#1864,1.);
#1864 = DIRECTION('',(-1.,0.));
#1865 = ( GEOMETRIC_REPRESENTATION_CONTEXT(2) 
PARAMETRIC_REPRESENTATION_CONTEXT() REPRESENTATION_CONTEXT('2D SPACE',''
  ) );
#1866 = ORIENTED_EDGE('',*,*,#1867,.F.);
#1867 = EDGE_CURVE('',#1868,#1835,#1870,.T.);
#1868 = VERTEX_POINT('',#1869);
#1869 = CARTESIAN_POINT('',(13.,70.65,72.865));
#1870 = SURFACE_CURVE('',#1871,(#1875,#1882),.PCURVE_S1.);
#1871 = LINE('',#1872,#1873);
#1872 = CARTESIAN_POINT('',(0.,70.65,72.865));
#1873 = VECTOR('',#1874,1.);
#1874 = DIRECTION('',(1.,0.,0.));
#1875 = PCURVE('',#157,#1876);
#1876 = DEFINITIONAL_REPRESENTATION('',(#1877),#1881);
#1877 = LINE('',#1878,#1879);
#1878 = CARTESIAN_POINT('',(-10.65,8.));
#1879 = VECTOR('',#1880,1.);
#1880 = DIRECTION('',(-0.,1.));
#1881 = ( GEOMETRIC_REPRESENTATION_CONTEXT(2) 
PARAMETRIC_REPRESENTATION_CONTEXT() REPRESENTATION_CONTEXT('2D SPACE',''
  ) );
#1882 = PCURVE('',#1883,#1888);
#1883 = PLANE('',#1884);
#1884 = AXIS2_PLACEMENT_3D('',#1885,#1886,#1887);
#1885 = CARTESIAN_POINT('',(-20.45,70.65,72.865));
#1886 = DIRECTION('',(-0.,1.,4.440892098501E-16));
#1887 = DIRECTION('',(-1.,-0.,0.));
#1888 = DEFINITIONAL_REPRESENTATION('',(#1889),#1893);
#1889 = LINE('',#1890,#1891);
#1890 = CARTESIAN_POINT('',(-20.45,-2.271919407037E-28));
#1891 = VECTOR('',#1892,1.);
#1892 = DIRECTION('',(-1.,0.));
#1893 = ( GEOMETRIC_REPRESENTATION_CONTEXT(2) 
PARAMETRIC_REPRESENTATION_CONTEXT() REPRESENTATION_CONTEXT('2D SPACE',''
  ) );
#1894 = ORIENTED_EDGE('',*,*,#1895,.F.);
#1895 = EDGE_CURVE('',#1896,#1868,#1898,.T.);
#1896 = VERTEX_POINT('',#1897);
#1897 = CARTESIAN_POINT('',(8.,65.65,72.865));
#1898 = SURFACE_CURVE('',#1899,(#1904,#1915),.PCURVE_S1.);
#1899 = CIRCLE('',#1900,5.);
#1900 = AXIS2_PLACEMENT_3D('',#1901,#1902,#1903);
#1901 = CARTESIAN_POINT('',(13.,65.65,72.865));
#1902 = DIRECTION('',(0.,2.22044604925E-16,-1.));
#1903 = DIRECTION('',(0.,-1.,-2.22044604925E-16));
#1904 = PCURVE('',#157,#1905);
#1905 = DEFINITIONAL_REPRESENTATION('',(#1906),#1914);
#1906 = ( BOUNDED_CURVE() B_SPLINE_CURVE(2,(#1907,#1908,#1909,#1910,
#1911,#1912,#1913),.UNSPECIFIED.,.T.,.F.) B_SPLINE_CURVE_WITH_KNOTS((1,2
    ,2,2,2,1),(-2.094395102393,0.,2.094395102393,4.188790204786,
6.28318530718,8.377580409573),.UNSPECIFIED.) CURVE() 
GEOMETRIC_REPRESENTATION_ITEM() RATIONAL_B_SPLINE_CURVE((1.,0.5,1.,0.5,
1.,0.5,1.)) REPRESENTATION_ITEM('') );
#1907 = CARTESIAN_POINT('',(-0.65,21.));
#1908 = CARTESIAN_POINT('',(-0.65,12.339745962156));
#1909 = CARTESIAN_POINT('',(-8.15,16.669872981078));
#1910 = CARTESIAN_POINT('',(-15.65,21.));
#1911 = CARTESIAN_POINT('',(-8.15,25.330127018922));
#1912 = CARTESIAN_POINT('',(-0.65,29.660254037844));
#1913 = CARTESIAN_POINT('',(-0.65,21.));
#1914 = ( GEOMETRIC_REPRESENTATION_CONTEXT(2) 
PARAMETRIC_REPRESENTATION_CONTEXT() REPRESENTATION_CONTEXT('2D SPACE',''
  ) );
#1915 = PCURVE('',#1916,#1921);
#1916 = CYLINDRICAL_SURFACE('',#1917,5.);
#1917 = AXIS2_PLACEMENT_3D('',#1918,#1919,#1920);
#1918 = CARTESIAN_POINT('',(13.,65.65,72.865));
#1919 = DIRECTION('',(0.,2.22044604925E-16,-1.));
#1920 = DIRECTION('',(-1.,0.,0.));
#1921 = DEFINITIONAL_REPRESENTATION('',(#1922),#1926);
#1922 = LINE('',#1923,#1924);
#1923 = CARTESIAN_POINT('',(-1.570796326795,0.));
#1924 = VECTOR('',#1925,1.);
#1925 = DIRECTION('',(1.,0.));
#1926 = ( GEOMETRIC_REPRESENTATION_CONTEXT(2) 
PARAMETRIC_REPRESENTATION_CONTEXT() REPRESENTATION_CONTEXT('2D SPACE',''
  ) );
#1927 = ORIENTED_EDGE('',*,*,#1928,.F.);
#1928 = EDGE_CURVE('',#1328,#1896,#1929,.T.);
#1929 = SURFACE_CURVE('',#1930,(#1934,#1941),.PCURVE_S1.);
#1930 = LINE('',#1931,#1932);
#1931 = CARTESIAN_POINT('',(8.,60.,72.865));
#1932 = VECTOR('',#1933,1.);
#1933 = DIRECTION('',(-0.,1.,2.22044604925E-16));
#1934 = PCURVE('',#157,#1935);
#1935 = DEFINITIONAL_REPRESENTATION('',(#1936),#1940);
#1936 = LINE('',#1937,#1938);
#1937 = CARTESIAN_POINT('',(-7.105427357601E-15,16.));
#1938 = VECTOR('',#1939,1.);
#1939 = DIRECTION('',(-1.,0.));
#1940 = ( GEOMETRIC_REPRESENTATION_CONTEXT(2) 
PARAMETRIC_REPRESENTATION_CONTEXT() REPRESENTATION_CONTEXT('2D SPACE',''
  ) );
#1941 = PCURVE('',#870,#1942);
#1942 = DEFINITIONAL_REPRESENTATION('',(#1943),#1947);
#1943 = LINE('',#1944,#1945);
#1944 = CARTESIAN_POINT('',(38.,-23.115));
#1945 = VECTOR('',#1946,1.);
#1946 = DIRECTION('',(1.,-0.));
#1947 = ( GEOMETRIC_REPRESENTATION_CONTEXT(2) 
PARAMETRIC_REPRESENTATION_CONTEXT() REPRESENTATION_CONTEXT('2D SPACE',''
  ) );
#1948 = ORIENTED_EDGE('',*,*,#1350,.F.);
#1949 = ADVANCED_FACE('',(#1950),#722,.T.);
#1950 = FACE_BOUND('',#1951,.F.);
#1951 = EDGE_LOOP('',(#1952,#1953,#1954,#1977));
#1952 = ORIENTED_EDGE('',*,*,#706,.F.);
#1953 = ORIENTED_EDGE('',*,*,#1375,.T.);
#1954 = ORIENTED_EDGE('',*,*,#1955,.F.);
#1955 = EDGE_CURVE('',#1956,#1376,#1958,.T.);
#1956 = VERTEX_POINT('',#1957);
#1957 = CARTESIAN_POINT('',(8.,13.5,52.9));
#1958 = SURFACE_CURVE('',#1959,(#1963,#1970),.PCURVE_S1.);
#1959 = LINE('',#1960,#1961);
#1960 = CARTESIAN_POINT('',(8.,13.5,59.2));
#1961 = VECTOR('',#1962,1.);
#1962 = DIRECTION('',(-3.759485374392E-16,3.407033620543E-17,-1.));
#1963 = PCURVE('',#722,#1964);
#1964 = DEFINITIONAL_REPRESENTATION('',(#1965),#1969);
#1965 = LINE('',#1966,#1967);
#1966 = CARTESIAN_POINT('',(-38.,66.45));
#1967 = VECTOR('',#1968,1.);
#1968 = DIRECTION('',(3.759485374392E-16,-1.));
#1969 = ( GEOMETRIC_REPRESENTATION_CONTEXT(2) 
PARAMETRIC_REPRESENTATION_CONTEXT() REPRESENTATION_CONTEXT('2D SPACE',''
  ) );
#1970 = PCURVE('',#870,#1971);
#1971 = DEFINITIONAL_REPRESENTATION('',(#1972),#1976);
#1972 = LINE('',#1973,#1974);
#1973 = CARTESIAN_POINT('',(-8.5,-9.45));
#1974 = VECTOR('',#1975,1.);
#1975 = DIRECTION('',(-1.879742687196E-16,1.));
#1976 = ( GEOMETRIC_REPRESENTATION_CONTEXT(2) 
PARAMETRIC_REPRESENTATION_CONTEXT() REPRESENTATION_CONTEXT('2D SPACE',''
  ) );
#1977 = ORIENTED_EDGE('',*,*,#1978,.F.);
#1978 = EDGE_CURVE('',#674,#1956,#1979,.T.);
#1979 = SURFACE_CURVE('',#1980,(#1984,#1991),.PCURVE_S1.);
#1980 = LINE('',#1981,#1982);
#1981 = CARTESIAN_POINT('',(-8.,13.5,52.9));
#1982 = VECTOR('',#1983,1.);
#1983 = DIRECTION('',(1.,0.,0.));
#1984 = PCURVE('',#722,#1985);
#1985 = DEFINITIONAL_REPRESENTATION('',(#1986),#1990);
#1986 = LINE('',#1987,#1988);
#1987 = CARTESIAN_POINT('',(-22.,60.15));
#1988 = VECTOR('',#1989,1.);
#1989 = DIRECTION('',(-1.,0.));
#1990 = ( GEOMETRIC_REPRESENTATION_CONTEXT(2) 
PARAMETRIC_REPRESENTATION_CONTEXT() REPRESENTATION_CONTEXT('2D SPACE',''
  ) );
#1991 = PCURVE('',#694,#1992);
#1992 = DEFINITIONAL_REPRESENTATION('',(#1993),#1997);
#1993 = LINE('',#1994,#1995);
#1994 = CARTESIAN_POINT('',(-0.,0.));
#1995 = VECTOR('',#1996,1.);
#1996 = DIRECTION('',(-0.,1.));
#1997 = ( GEOMETRIC_REPRESENTATION_CONTEXT(2) 
PARAMETRIC_REPRESENTATION_CONTEXT() REPRESENTATION_CONTEXT('2D SPACE',''
  ) );
#1998 = ADVANCED_FACE('',(#1999),#185,.F.);
#1999 = FACE_BOUND('',#2000,.F.);
#2000 = EDGE_LOOP('',(#2001,#2029,#2050,#2051));
#2001 = ORIENTED_EDGE('',*,*,#2002,.T.);
#2002 = EDGE_CURVE('',#170,#2003,#2005,.T.);
#2003 = VERTEX_POINT('',#2004);
#2004 = CARTESIAN_POINT('',(-13.,70.65,50.865));
#2005 = SURFACE_CURVE('',#2006,(#2011,#2018),.PCURVE_S1.);
#2006 = CIRCLE('',#2007,5.);
#2007 = AXIS2_PLACEMENT_3D('',#2008,#2009,#2010);
#2008 = CARTESIAN_POINT('',(-13.,65.65,50.865));
#2009 = DIRECTION('',(0.,-2.22044604925E-16,1.));
#2010 = DIRECTION('',(-0.,1.,2.22044604925E-16));
#2011 = PCURVE('',#185,#2012);
#2012 = DEFINITIONAL_REPRESENTATION('',(#2013),#2017);
#2013 = LINE('',#2014,#2015);
#2014 = CARTESIAN_POINT('',(-4.712388980385,0.));
#2015 = VECTOR('',#2016,1.);
#2016 = DIRECTION('',(1.,0.));
#2017 = ( GEOMETRIC_REPRESENTATION_CONTEXT(2) 
PARAMETRIC_REPRESENTATION_CONTEXT() REPRESENTATION_CONTEXT('2D SPACE',''
  ) );
#2018 = PCURVE('',#213,#2019);
#2019 = DEFINITIONAL_REPRESENTATION('',(#2020),#2028);
#2020 = ( BOUNDED_CURVE() B_SPLINE_CURVE(2,(#2021,#2022,#2023,#2024,
#2025,#2026,#2027),.UNSPECIFIED.,.T.,.F.) B_SPLINE_CURVE_WITH_KNOTS((1,2
    ,2,2,2,1),(-2.094395102393,0.,2.094395102393,4.188790204786,
6.28318530718,8.377580409573),.UNSPECIFIED.) CURVE() 
GEOMETRIC_REPRESENTATION_ITEM() RATIONAL_B_SPLINE_CURVE((1.,0.5,1.,0.5,
1.,0.5,1.)) REPRESENTATION_ITEM('') );
#2021 = CARTESIAN_POINT('',(-9.45,2.415845301584E-13));
#2022 = CARTESIAN_POINT('',(-0.789745962156,2.415845301584E-13));
#2023 = CARTESIAN_POINT('',(-5.119872981078,-7.5));
#2024 = CARTESIAN_POINT('',(-9.45,-15.));
#2025 = CARTESIAN_POINT('',(-13.78012701892,-7.5));
#2026 = CARTESIAN_POINT('',(-18.11025403784,2.335909243811E-13));
#2027 = CARTESIAN_POINT('',(-9.45,2.415845301584E-13));
#2028 = ( GEOMETRIC_REPRESENTATION_CONTEXT(2) 
PARAMETRIC_REPRESENTATION_CONTEXT() REPRESENTATION_CONTEXT('2D SPACE',''
  ) );
#2029 = ORIENTED_EDGE('',*,*,#2030,.T.);
#2030 = EDGE_CURVE('',#2003,#1600,#2031,.T.);
#2031 = SURFACE_CURVE('',#2032,(#2036,#2043),.PCURVE_S1.);
#2032 = LINE('',#2033,#2034);
#2033 = CARTESIAN_POINT('',(-13.,70.65,50.865));
#2034 = VECTOR('',#2035,1.);
#2035 = DIRECTION('',(0.,-2.22044604925E-16,1.));
#2036 = PCURVE('',#185,#2037);
#2037 = DEFINITIONAL_REPRESENTATION('',(#2038),#2042);
#2038 = LINE('',#2039,#2040);
#2039 = CARTESIAN_POINT('',(1.570796326795,0.));
#2040 = VECTOR('',#2041,1.);
#2041 = DIRECTION('',(0.,1.));
#2042 = ( GEOMETRIC_REPRESENTATION_CONTEXT(2) 
PARAMETRIC_REPRESENTATION_CONTEXT() REPRESENTATION_CONTEXT('2D SPACE',''
  ) );
#2043 = PCURVE('',#1639,#2044);
#2044 = DEFINITIONAL_REPRESENTATION('',(#2045),#2049);
#2045 = LINE('',#2046,#2047);
#2046 = CARTESIAN_POINT('',(-7.45,-22.));
#2047 = VECTOR('',#2048,1.);
#2048 = DIRECTION('',(-0.,1.));
#2049 = ( GEOMETRIC_REPRESENTATION_CONTEXT(2) 
PARAMETRIC_REPRESENTATION_CONTEXT() REPRESENTATION_CONTEXT('2D SPACE',''
  ) );
#2050 = ORIENTED_EDGE('',*,*,#1599,.F.);
#2051 = ORIENTED_EDGE('',*,*,#169,.F.);
#2052 = ADVANCED_FACE('',(#2053),#694,.F.);
#2053 = FACE_BOUND('',#2054,.T.);
#2054 = EDGE_LOOP('',(#2055,#2056,#2079,#2101));
#2055 = ORIENTED_EDGE('',*,*,#673,.T.);
#2056 = ORIENTED_EDGE('',*,*,#2057,.T.);
#2057 = EDGE_CURVE('',#646,#2058,#2060,.T.);
#2058 = VERTEX_POINT('',#2059);
#2059 = CARTESIAN_POINT('',(8.,19.8,59.2));
#2060 = SURFACE_CURVE('',#2061,(#2065,#2072),.PCURVE_S1.);
#2061 = LINE('',#2062,#2063);
#2062 = CARTESIAN_POINT('',(-8.,19.8,59.2));
#2063 = VECTOR('',#2064,1.);
#2064 = DIRECTION('',(1.,0.,0.));
#2065 = PCURVE('',#694,#2066);
#2066 = DEFINITIONAL_REPRESENTATION('',(#2067),#2071);
#2067 = LINE('',#2068,#2069);
#2068 = CARTESIAN_POINT('',(-1.570796326795,0.));
#2069 = VECTOR('',#2070,1.);
#2070 = DIRECTION('',(-0.,1.));
#2071 = ( GEOMETRIC_REPRESENTATION_CONTEXT(2) 
PARAMETRIC_REPRESENTATION_CONTEXT() REPRESENTATION_CONTEXT('2D SPACE',''
  ) );
#2072 = PCURVE('',#661,#2073);
#2073 = DEFINITIONAL_REPRESENTATION('',(#2074),#2078);
#2074 = LINE('',#2075,#2076);
#2075 = CARTESIAN_POINT('',(-9.3,0.));
#2076 = VECTOR('',#2077,1.);
#2077 = DIRECTION('',(-0.,1.));
#2078 = ( GEOMETRIC_REPRESENTATION_CONTEXT(2) 
PARAMETRIC_REPRESENTATION_CONTEXT() REPRESENTATION_CONTEXT('2D SPACE',''
  ) );
#2079 = ORIENTED_EDGE('',*,*,#2080,.F.);
#2080 = EDGE_CURVE('',#1956,#2058,#2081,.T.);
#2081 = SURFACE_CURVE('',#2082,(#2087,#2094),.PCURVE_S1.);
#2082 = CIRCLE('',#2083,6.3);
#2083 = AXIS2_PLACEMENT_3D('',#2084,#2085,#2086);
#2084 = CARTESIAN_POINT('',(8.,19.8,52.9));
#2085 = DIRECTION('',(-1.,0.,-0.));
#2086 = DIRECTION('',(-0.,1.,2.22044604925E-16));
#2087 = PCURVE('',#694,#2088);
#2088 = DEFINITIONAL_REPRESENTATION('',(#2089),#2093);
#2089 = LINE('',#2090,#2091);
#2090 = CARTESIAN_POINT('',(3.14159265359,16.));
#2091 = VECTOR('',#2092,1.);
#2092 = DIRECTION('',(-1.,0.));
#2093 = ( GEOMETRIC_REPRESENTATION_CONTEXT(2) 
PARAMETRIC_REPRESENTATION_CONTEXT() REPRESENTATION_CONTEXT('2D SPACE',''
  ) );
#2094 = PCURVE('',#870,#2095);
#2095 = DEFINITIONAL_REPRESENTATION('',(#2096),#2100);
#2096 = CIRCLE('',#2097,6.3);
#2097 = AXIS2_PLACEMENT_2D('',#2098,#2099);
#2098 = CARTESIAN_POINT('',(-2.2,-3.15));
#2099 = DIRECTION('',(1.,-0.));
#2100 = ( GEOMETRIC_REPRESENTATION_CONTEXT(2) 
PARAMETRIC_REPRESENTATION_CONTEXT() REPRESENTATION_CONTEXT('2D SPACE',''
  ) );
#2101 = ORIENTED_EDGE('',*,*,#1978,.F.);
#2102 = ADVANCED_FACE('',(#2103,#2410),#213,.T.);
#2103 = FACE_BOUND('',#2104,.F.);
#2104 = EDGE_LOOP('',(#2105,#2106,#2129,#2152,#2175,#2199,#2222,#2246,
    #2269,#2293,#2316,#2340,#2363,#2387,#2408,#2409));
#2105 = ORIENTED_EDGE('',*,*,#225,.T.);
#2106 = ORIENTED_EDGE('',*,*,#2107,.T.);
#2107 = EDGE_CURVE('',#226,#2108,#2110,.T.);
#2108 = VERTEX_POINT('',#2109);
#2109 = CARTESIAN_POINT('',(8.,72.15,50.865));
#2110 = SURFACE_CURVE('',#2111,(#2115,#2122),.PCURVE_S1.);
#2111 = LINE('',#2112,#2113);
#2112 = CARTESIAN_POINT('',(-8.,72.15,50.865));
#2113 = VECTOR('',#2114,1.);
#2114 = DIRECTION('',(1.,0.,0.));
#2115 = PCURVE('',#213,#2116);
#2116 = DEFINITIONAL_REPRESENTATION('',(#2117),#2121);
#2117 = LINE('',#2118,#2119);
#2118 = CARTESIAN_POINT('',(-14.45,1.5));
#2119 = VECTOR('',#2120,1.);
#2120 = DIRECTION('',(-1.,0.));
#2121 = ( GEOMETRIC_REPRESENTATION_CONTEXT(2) 
PARAMETRIC_REPRESENTATION_CONTEXT() REPRESENTATION_CONTEXT('2D SPACE',''
  ) );
#2122 = PCURVE('',#265,#2123);
#2123 = DEFINITIONAL_REPRESENTATION('',(#2124),#2128);
#2124 = LINE('',#2125,#2126);
#2125 = CARTESIAN_POINT('',(0.,0.));
#2126 = VECTOR('',#2127,1.);
#2127 = DIRECTION('',(0.,1.));
#2128 = ( GEOMETRIC_REPRESENTATION_CONTEXT(2) 
PARAMETRIC_REPRESENTATION_CONTEXT() REPRESENTATION_CONTEXT('2D SPACE',''
  ) );
#2129 = ORIENTED_EDGE('',*,*,#2130,.F.);
#2130 = EDGE_CURVE('',#2131,#2108,#2133,.T.);
#2131 = VERTEX_POINT('',#2132);
#2132 = CARTESIAN_POINT('',(8.,70.65,50.865));
#2133 = SURFACE_CURVE('',#2134,(#2138,#2145),.PCURVE_S1.);
#2134 = LINE('',#2135,#2136);
#2135 = CARTESIAN_POINT('',(8.,46.325,50.865));
#2136 = VECTOR('',#2137,1.);
#2137 = DIRECTION('',(-4.930380657631E-32,1.,4.440892098501E-16));
#2138 = PCURVE('',#213,#2139);
#2139 = DEFINITIONAL_REPRESENTATION('',(#2140),#2144);
#2140 = LINE('',#2141,#2142);
#2141 = CARTESIAN_POINT('',(-30.45,-24.325));
#2142 = VECTOR('',#2143,1.);
#2143 = DIRECTION('',(4.930380657631E-32,1.));
#2144 = ( GEOMETRIC_REPRESENTATION_CONTEXT(2) 
PARAMETRIC_REPRESENTATION_CONTEXT() REPRESENTATION_CONTEXT('2D SPACE',''
  ) );
#2145 = PCURVE('',#870,#2146);
#2146 = DEFINITIONAL_REPRESENTATION('',(#2147),#2151);
#2147 = LINE('',#2148,#2149);
#2148 = CARTESIAN_POINT('',(24.325,-1.115));
#2149 = VECTOR('',#2150,1.);
#2150 = DIRECTION('',(1.,-2.22044604925E-16));
#2151 = ( GEOMETRIC_REPRESENTATION_CONTEXT(2) 
PARAMETRIC_REPRESENTATION_CONTEXT() REPRESENTATION_CONTEXT('2D SPACE',''
  ) );
#2152 = ORIENTED_EDGE('',*,*,#2153,.T.);
#2153 = EDGE_CURVE('',#2131,#2154,#2156,.T.);
#2154 = VERTEX_POINT('',#2155);
#2155 = CARTESIAN_POINT('',(8.,65.65,50.865));
#2156 = SURFACE_CURVE('',#2157,(#2161,#2168),.PCURVE_S1.);
#2157 = LINE('',#2158,#2159);
#2158 = CARTESIAN_POINT('',(8.,46.325,50.865));
#2159 = VECTOR('',#2160,1.);
#2160 = DIRECTION('',(4.930380657631E-32,-1.,-4.440892098501E-16));
#2161 = PCURVE('',#213,#2162);
#2162 = DEFINITIONAL_REPRESENTATION('',(#2163),#2167);
#2163 = LINE('',#2164,#2165);
#2164 = CARTESIAN_POINT('',(-30.45,-24.325));
#2165 = VECTOR('',#2166,1.);
#2166 = DIRECTION('',(-4.930380657631E-32,-1.));
#2167 = ( GEOMETRIC_REPRESENTATION_CONTEXT(2) 
PARAMETRIC_REPRESENTATION_CONTEXT() REPRESENTATION_CONTEXT('2D SPACE',''
  ) );
#2168 = PCURVE('',#870,#2169);
#2169 = DEFINITIONAL_REPRESENTATION('',(#2170),#2174);
#2170 = LINE('',#2171,#2172);
#2171 = CARTESIAN_POINT('',(24.325,-1.115));
#2172 = VECTOR('',#2173,1.);
#2173 = DIRECTION('',(-1.,2.22044604925E-16));
#2174 = ( GEOMETRIC_REPRESENTATION_CONTEXT(2) 
PARAMETRIC_REPRESENTATION_CONTEXT() REPRESENTATION_CONTEXT('2D SPACE',''
  ) );
#2175 = ORIENTED_EDGE('',*,*,#2176,.T.);
#2176 = EDGE_CURVE('',#2154,#2177,#2179,.T.);
#2177 = VERTEX_POINT('',#2178);
#2178 = CARTESIAN_POINT('',(13.,70.65,50.865));
#2179 = SURFACE_CURVE('',#2180,(#2185,#2192),.PCURVE_S1.);
#2180 = CIRCLE('',#2181,5.);
#2181 = AXIS2_PLACEMENT_3D('',#2182,#2183,#2184);
#2182 = CARTESIAN_POINT('',(13.,65.65,50.865));
#2183 = DIRECTION('',(0.,2.22044604925E-16,-1.));
#2184 = DIRECTION('',(0.,-1.,-2.22044604925E-16));
#2185 = PCURVE('',#213,#2186);
#2186 = DEFINITIONAL_REPRESENTATION('',(#2187),#2191);
#2187 = CIRCLE('',#2188,5.);
#2188 = AXIS2_PLACEMENT_2D('',#2189,#2190);
#2189 = CARTESIAN_POINT('',(-35.45,-5.));
#2190 = DIRECTION('',(-0.,-1.));
#2191 = ( GEOMETRIC_REPRESENTATION_CONTEXT(2) 
PARAMETRIC_REPRESENTATION_CONTEXT() REPRESENTATION_CONTEXT('2D SPACE',''
  ) );
#2192 = PCURVE('',#1916,#2193);
#2193 = DEFINITIONAL_REPRESENTATION('',(#2194),#2198);
#2194 = LINE('',#2195,#2196);
#2195 = CARTESIAN_POINT('',(-1.570796326795,22.));
#2196 = VECTOR('',#2197,1.);
#2197 = DIRECTION('',(1.,0.));
#2198 = ( GEOMETRIC_REPRESENTATION_CONTEXT(2) 
PARAMETRIC_REPRESENTATION_CONTEXT() REPRESENTATION_CONTEXT('2D SPACE',''
  ) );
#2199 = ORIENTED_EDGE('',*,*,#2200,.T.);
#2200 = EDGE_CURVE('',#2177,#2201,#2203,.T.);
#2201 = VERTEX_POINT('',#2202);
#2202 = CARTESIAN_POINT('',(20.45,70.65,50.865));
#2203 = SURFACE_CURVE('',#2204,(#2208,#2215),.PCURVE_S1.);
#2204 = LINE('',#2205,#2206);
#2205 = CARTESIAN_POINT('',(0.,70.65,50.865));
#2206 = VECTOR('',#2207,1.);
#2207 = DIRECTION('',(1.,0.,0.));
#2208 = PCURVE('',#213,#2209);
#2209 = DEFINITIONAL_REPRESENTATION('',(#2210),#2214);
#2210 = LINE('',#2211,#2212);
#2211 = CARTESIAN_POINT('',(-22.45,2.84217094304E-13));
#2212 = VECTOR('',#2213,1.);
#2213 = DIRECTION('',(-1.,0.));
#2214 = ( GEOMETRIC_REPRESENTATION_CONTEXT(2) 
PARAMETRIC_REPRESENTATION_CONTEXT() REPRESENTATION_CONTEXT('2D SPACE',''
  ) );
#2215 = PCURVE('',#1883,#2216);
#2216 = DEFINITIONAL_REPRESENTATION('',(#2217),#2221);
#2217 = LINE('',#2218,#2219);
#2218 = CARTESIAN_POINT('',(-20.45,-22.));
#2219 = VECTOR('',#2220,1.);
#2220 = DIRECTION('',(-1.,0.));
#2221 = ( GEOMETRIC_REPRESENTATION_CONTEXT(2) 
PARAMETRIC_REPRESENTATION_CONTEXT() REPRESENTATION_CONTEXT('2D SPACE',''
  ) );
#2222 = ORIENTED_EDGE('',*,*,#2223,.F.);
#2223 = EDGE_CURVE('',#2224,#2201,#2226,.T.);
#2224 = VERTEX_POINT('',#2225);
#2225 = CARTESIAN_POINT('',(22.45,72.65,50.865));
#2226 = SURFACE_CURVE('',#2227,(#2232,#2239),.PCURVE_S1.);
#2227 = CIRCLE('',#2228,2.);
#2228 = AXIS2_PLACEMENT_3D('',#2229,#2230,#2231);
#2229 = CARTESIAN_POINT('',(20.45,72.65,50.865));
#2230 = DIRECTION('',(0.,4.440892098501E-16,-1.));
#2231 = DIRECTION('',(-1.,0.,0.));
#2232 = PCURVE('',#213,#2233);
#2233 = DEFINITIONAL_REPRESENTATION('',(#2234),#2238);
#2234 = CIRCLE('',#2235,2.);
#2235 = AXIS2_PLACEMENT_2D('',#2236,#2237);
#2236 = CARTESIAN_POINT('',(-42.9,2.));
#2237 = DIRECTION('',(1.,-0.));
#2238 = ( GEOMETRIC_REPRESENTATION_CONTEXT(2) 
PARAMETRIC_REPRESENTATION_CONTEXT() REPRESENTATION_CONTEXT('2D SPACE',''
  ) );
#2239 = PCURVE('',#1855,#2240);
#2240 = DEFINITIONAL_REPRESENTATION('',(#2241),#2245);
#2241 = LINE('',#2242,#2243);
#2242 = CARTESIAN_POINT('',(-0.,-22.));
#2243 = VECTOR('',#2244,1.);
#2244 = DIRECTION('',(-1.,0.));
#2245 = ( GEOMETRIC_REPRESENTATION_CONTEXT(2) 
PARAMETRIC_REPRESENTATION_CONTEXT() REPRESENTATION_CONTEXT('2D SPACE',''
  ) );
#2246 = ORIENTED_EDGE('',*,*,#2247,.T.);
#2247 = EDGE_CURVE('',#2224,#2248,#2250,.T.);
#2248 = VERTEX_POINT('',#2249);
#2249 = CARTESIAN_POINT('',(22.45,97.349999997432,50.865));
#2250 = SURFACE_CURVE('',#2251,(#2255,#2262),.PCURVE_S1.);
#2251 = LINE('',#2252,#2253);
#2252 = CARTESIAN_POINT('',(22.45,85.,50.865));
#2253 = VECTOR('',#2254,1.);
#2254 = DIRECTION('',(-0.,1.,4.440892098501E-16));
#2255 = PCURVE('',#213,#2256);
#2256 = DEFINITIONAL_REPRESENTATION('',(#2257),#2261);
#2257 = LINE('',#2258,#2259);
#2258 = CARTESIAN_POINT('',(-44.9,14.35));
#2259 = VECTOR('',#2260,1.);
#2260 = DIRECTION('',(-0.,1.));
#2261 = ( GEOMETRIC_REPRESENTATION_CONTEXT(2) 
PARAMETRIC_REPRESENTATION_CONTEXT() REPRESENTATION_CONTEXT('2D SPACE',''
  ) );
#2262 = PCURVE('',#1822,#2263);
#2263 = DEFINITIONAL_REPRESENTATION('',(#2264),#2268);
#2264 = LINE('',#2265,#2266);
#2265 = CARTESIAN_POINT('',(-22.,-14.35));
#2266 = VECTOR('',#2267,1.);
#2267 = DIRECTION('',(-0.,-1.));
#2268 = ( GEOMETRIC_REPRESENTATION_CONTEXT(2) 
PARAMETRIC_REPRESENTATION_CONTEXT() REPRESENTATION_CONTEXT('2D SPACE',''
  ) );
#2269 = ORIENTED_EDGE('',*,*,#2270,.F.);
#2270 = EDGE_CURVE('',#2271,#2248,#2273,.T.);
#2271 = VERTEX_POINT('',#2272);
#2272 = CARTESIAN_POINT('',(20.45,99.349999998716,50.865));
#2273 = SURFACE_CURVE('',#2274,(#2279,#2286),.PCURVE_S1.);
#2274 = CIRCLE('',#2275,2.);
#2275 = AXIS2_PLACEMENT_3D('',#2276,#2277,#2278);
#2276 = CARTESIAN_POINT('',(20.45,97.349999997432,50.865));
#2277 = DIRECTION('',(0.,4.440892098501E-16,-1.));
#2278 = DIRECTION('',(-1.,0.,0.));
#2279 = PCURVE('',#213,#2280);
#2280 = DEFINITIONAL_REPRESENTATION('',(#2281),#2285);
#2281 = CIRCLE('',#2282,2.);
#2282 = AXIS2_PLACEMENT_2D('',#2283,#2284);
#2283 = CARTESIAN_POINT('',(-42.9,26.699999997432));
#2284 = DIRECTION('',(1.,-0.));
#2285 = ( GEOMETRIC_REPRESENTATION_CONTEXT(2) 
PARAMETRIC_REPRESENTATION_CONTEXT() REPRESENTATION_CONTEXT('2D SPACE',''
  ) );
#2286 = PCURVE('',#1794,#2287);
#2287 = DEFINITIONAL_REPRESENTATION('',(#2288),#2292);
#2288 = LINE('',#2289,#2290);
#2289 = CARTESIAN_POINT('',(-0.,-22.));
#2290 = VECTOR('',#2291,1.);
#2291 = DIRECTION('',(-1.,0.));
#2292 = ( GEOMETRIC_REPRESENTATION_CONTEXT(2) 
PARAMETRIC_REPRESENTATION_CONTEXT() REPRESENTATION_CONTEXT('2D SPACE',''
  ) );
#2293 = ORIENTED_EDGE('',*,*,#2294,.F.);
#2294 = EDGE_CURVE('',#2295,#2271,#2297,.T.);
#2295 = VERTEX_POINT('',#2296);
#2296 = CARTESIAN_POINT('',(-20.45,99.349999998716,50.865));
#2297 = SURFACE_CURVE('',#2298,(#2302,#2309),.PCURVE_S1.);
#2298 = LINE('',#2299,#2300);
#2299 = CARTESIAN_POINT('',(0.,99.35,50.865));
#2300 = VECTOR('',#2301,1.);
#2301 = DIRECTION('',(1.,0.,0.));
#2302 = PCURVE('',#213,#2303);
#2303 = DEFINITIONAL_REPRESENTATION('',(#2304),#2308);
#2304 = LINE('',#2305,#2306);
#2305 = CARTESIAN_POINT('',(-22.45,28.7));
#2306 = VECTOR('',#2307,1.);
#2307 = DIRECTION('',(-1.,0.));
#2308 = ( GEOMETRIC_REPRESENTATION_CONTEXT(2) 
PARAMETRIC_REPRESENTATION_CONTEXT() REPRESENTATION_CONTEXT('2D SPACE',''
  ) );
#2309 = PCURVE('',#1761,#2310);
#2310 = DEFINITIONAL_REPRESENTATION('',(#2311),#2315);
#2311 = LINE('',#2312,#2313);
#2312 = CARTESIAN_POINT('',(-20.45,-22.));
#2313 = VECTOR('',#2314,1.);
#2314 = DIRECTION('',(-1.,0.));
#2315 = ( GEOMETRIC_REPRESENTATION_CONTEXT(2) 
PARAMETRIC_REPRESENTATION_CONTEXT() REPRESENTATION_CONTEXT('2D SPACE',''
  ) );
#2316 = ORIENTED_EDGE('',*,*,#2317,.F.);
#2317 = EDGE_CURVE('',#2318,#2295,#2320,.T.);
#2318 = VERTEX_POINT('',#2319);
#2319 = CARTESIAN_POINT('',(-22.45,97.349999997432,50.865));
#2320 = SURFACE_CURVE('',#2321,(#2326,#2333),.PCURVE_S1.);
#2321 = CIRCLE('',#2322,2.);
#2322 = AXIS2_PLACEMENT_3D('',#2323,#2324,#2325);
#2323 = CARTESIAN_POINT('',(-20.45,97.349999997432,50.865));
#2324 = DIRECTION('',(0.,4.440892098501E-16,-1.));
#2325 = DIRECTION('',(-1.,0.,0.));
#2326 = PCURVE('',#213,#2327);
#2327 = DEFINITIONAL_REPRESENTATION('',(#2328),#2332);
#2328 = CIRCLE('',#2329,2.);
#2329 = AXIS2_PLACEMENT_2D('',#2330,#2331);
#2330 = CARTESIAN_POINT('',(-2.,26.699999997432));
#2331 = DIRECTION('',(1.,-0.));
#2332 = ( GEOMETRIC_REPRESENTATION_CONTEXT(2) 
PARAMETRIC_REPRESENTATION_CONTEXT() REPRESENTATION_CONTEXT('2D SPACE',''
  ) );
#2333 = PCURVE('',#1733,#2334);
#2334 = DEFINITIONAL_REPRESENTATION('',(#2335),#2339);
#2335 = LINE('',#2336,#2337);
#2336 = CARTESIAN_POINT('',(-0.,-22.));
#2337 = VECTOR('',#2338,1.);
#2338 = DIRECTION('',(-1.,0.));
#2339 = ( GEOMETRIC_REPRESENTATION_CONTEXT(2) 
PARAMETRIC_REPRESENTATION_CONTEXT() REPRESENTATION_CONTEXT('2D SPACE',''
  ) );
#2340 = ORIENTED_EDGE('',*,*,#2341,.F.);
#2341 = EDGE_CURVE('',#2342,#2318,#2344,.T.);
#2342 = VERTEX_POINT('',#2343);
#2343 = CARTESIAN_POINT('',(-22.45,72.65,50.865));
#2344 = SURFACE_CURVE('',#2345,(#2349,#2356),.PCURVE_S1.);
#2345 = LINE('',#2346,#2347);
#2346 = CARTESIAN_POINT('',(-22.45,85.,50.865));
#2347 = VECTOR('',#2348,1.);
#2348 = DIRECTION('',(-0.,1.,4.440892098501E-16));
#2349 = PCURVE('',#213,#2350);
#2350 = DEFINITIONAL_REPRESENTATION('',(#2351),#2355);
#2351 = LINE('',#2352,#2353);
#2352 = CARTESIAN_POINT('',(-0.,14.35));
#2353 = VECTOR('',#2354,1.);
#2354 = DIRECTION('',(-0.,1.));
#2355 = ( GEOMETRIC_REPRESENTATION_CONTEXT(2) 
PARAMETRIC_REPRESENTATION_CONTEXT() REPRESENTATION_CONTEXT('2D SPACE',''
  ) );
#2356 = PCURVE('',#1700,#2357);
#2357 = DEFINITIONAL_REPRESENTATION('',(#2358),#2362);
#2358 = LINE('',#2359,#2360);
#2359 = CARTESIAN_POINT('',(-22.,-14.35));
#2360 = VECTOR('',#2361,1.);
#2361 = DIRECTION('',(-0.,-1.));
#2362 = ( GEOMETRIC_REPRESENTATION_CONTEXT(2) 
PARAMETRIC_REPRESENTATION_CONTEXT() REPRESENTATION_CONTEXT('2D SPACE',''
  ) );
#2363 = ORIENTED_EDGE('',*,*,#2364,.F.);
#2364 = EDGE_CURVE('',#2365,#2342,#2367,.T.);
#2365 = VERTEX_POINT('',#2366);
#2366 = CARTESIAN_POINT('',(-20.45,70.65,50.865));
#2367 = SURFACE_CURVE('',#2368,(#2373,#2380),.PCURVE_S1.);
#2368 = CIRCLE('',#2369,2.);
#2369 = AXIS2_PLACEMENT_3D('',#2370,#2371,#2372);
#2370 = CARTESIAN_POINT('',(-20.45,72.65,50.865));
#2371 = DIRECTION('',(0.,4.440892098501E-16,-1.));
#2372 = DIRECTION('',(-1.,0.,0.));
#2373 = PCURVE('',#213,#2374);
#2374 = DEFINITIONAL_REPRESENTATION('',(#2375),#2379);
#2375 = CIRCLE('',#2376,2.);
#2376 = AXIS2_PLACEMENT_2D('',#2377,#2378);
#2377 = CARTESIAN_POINT('',(-2.,2.));
#2378 = DIRECTION('',(1.,-0.));
#2379 = ( GEOMETRIC_REPRESENTATION_CONTEXT(2) 
PARAMETRIC_REPRESENTATION_CONTEXT() REPRESENTATION_CONTEXT('2D SPACE',''
  ) );
#2380 = PCURVE('',#1672,#2381);
#2381 = DEFINITIONAL_REPRESENTATION('',(#2382),#2386);
#2382 = LINE('',#2383,#2384);
#2383 = CARTESIAN_POINT('',(-0.,-22.));
#2384 = VECTOR('',#2385,1.);
#2385 = DIRECTION('',(-1.,0.));
#2386 = ( GEOMETRIC_REPRESENTATION_CONTEXT(2) 
PARAMETRIC_REPRESENTATION_CONTEXT() REPRESENTATION_CONTEXT('2D SPACE',''
  ) );
#2387 = ORIENTED_EDGE('',*,*,#2388,.T.);
#2388 = EDGE_CURVE('',#2365,#2003,#2389,.T.);
#2389 = SURFACE_CURVE('',#2390,(#2394,#2401),.PCURVE_S1.);
#2390 = LINE('',#2391,#2392);
#2391 = CARTESIAN_POINT('',(0.,70.65,50.865));
#2392 = VECTOR('',#2393,1.);
#2393 = DIRECTION('',(1.,0.,0.));
#2394 = PCURVE('',#213,#2395);
#2395 = DEFINITIONAL_REPRESENTATION('',(#2396),#2400);
#2396 = LINE('',#2397,#2398);
#2397 = CARTESIAN_POINT('',(-22.45,2.84217094304E-13));
#2398 = VECTOR('',#2399,1.);
#2399 = DIRECTION('',(-1.,0.));
#2400 = ( GEOMETRIC_REPRESENTATION_CONTEXT(2) 
PARAMETRIC_REPRESENTATION_CONTEXT() REPRESENTATION_CONTEXT('2D SPACE',''
  ) );
#2401 = PCURVE('',#1639,#2402);
#2402 = DEFINITIONAL_REPRESENTATION('',(#2403),#2407);
#2403 = LINE('',#2404,#2405);
#2404 = CARTESIAN_POINT('',(-20.45,-22.));
#2405 = VECTOR('',#2406,1.);
#2406 = DIRECTION('',(-1.,0.));
#2407 = ( GEOMETRIC_REPRESENTATION_CONTEXT(2) 
PARAMETRIC_REPRESENTATION_CONTEXT() REPRESENTATION_CONTEXT('2D SPACE',''
  ) );
#2408 = ORIENTED_EDGE('',*,*,#2002,.F.);
#2409 = ORIENTED_EDGE('',*,*,#197,.F.);
#2410 = FACE_BOUND('',#2411,.F.);
#2411 = EDGE_LOOP('',(#2412,#2442,#2470,#2498,#2526,#2554,#2582,#2610,
    #2638,#2661,#2689,#2717));
#2412 = ORIENTED_EDGE('',*,*,#2413,.T.);
#2413 = EDGE_CURVE('',#2414,#2416,#2418,.T.);
#2414 = VERTEX_POINT('',#2415);
#2415 = CARTESIAN_POINT('',(-15.4,94.25,50.865));
#2416 = VERTEX_POINT('',#2417);
#2417 = CARTESIAN_POINT('',(-15.4,97.35,50.865));
#2418 = SURFACE_CURVE('',#2419,(#2423,#2430),.PCURVE_S1.);
#2419 = LINE('',#2420,#2421);
#2420 = CARTESIAN_POINT('',(-15.4,94.25,50.865));
#2421 = VECTOR('',#2422,1.);
#2422 = DIRECTION('',(-0.,1.,4.440892098501E-16));
#2423 = PCURVE('',#213,#2424);
#2424 = DEFINITIONAL_REPRESENTATION('',(#2425),#2429);
#2425 = LINE('',#2426,#2427);
#2426 = CARTESIAN_POINT('',(-7.05,23.6));
#2427 = VECTOR('',#2428,1.);
#2428 = DIRECTION('',(-0.,1.));
#2429 = ( GEOMETRIC_REPRESENTATION_CONTEXT(2) 
PARAMETRIC_REPRESENTATION_CONTEXT() REPRESENTATION_CONTEXT('2D SPACE',''
  ) );
#2430 = PCURVE('',#2431,#2436);
#2431 = PLANE('',#2432);
#2432 = AXIS2_PLACEMENT_3D('',#2433,#2434,#2435);
#2433 = CARTESIAN_POINT('',(-15.4,70.65,67.865));
#2434 = DIRECTION('',(1.,0.,0.));
#2435 = DIRECTION('',(0.,-4.440892098501E-16,1.));
#2436 = DEFINITIONAL_REPRESENTATION('',(#2437),#2441);
#2437 = LINE('',#2438,#2439);
#2438 = CARTESIAN_POINT('',(-17.,-23.6));
#2439 = VECTOR('',#2440,1.);
#2440 = DIRECTION('',(-0.,-1.));
#2441 = ( GEOMETRIC_REPRESENTATION_CONTEXT(2) 
PARAMETRIC_REPRESENTATION_CONTEXT() REPRESENTATION_CONTEXT('2D SPACE',''
  ) );
#2442 = ORIENTED_EDGE('',*,*,#2443,.T.);
#2443 = EDGE_CURVE('',#2416,#2444,#2446,.T.);
#2444 = VERTEX_POINT('',#2445);
#2445 = CARTESIAN_POINT('',(16.4,97.35,50.865));
#2446 = SURFACE_CURVE('',#2447,(#2451,#2458),.PCURVE_S1.);
#2447 = LINE('',#2448,#2449);
#2448 = CARTESIAN_POINT('',(-17.45,97.35,50.865));
#2449 = VECTOR('',#2450,1.);
#2450 = DIRECTION('',(1.,0.,0.));
#2451 = PCURVE('',#213,#2452);
#2452 = DEFINITIONAL_REPRESENTATION('',(#2453),#2457);
#2453 = LINE('',#2454,#2455);
#2454 = CARTESIAN_POINT('',(-5.,26.7));
#2455 = VECTOR('',#2456,1.);
#2456 = DIRECTION('',(-1.,0.));
#2457 = ( GEOMETRIC_REPRESENTATION_CONTEXT(2) 
PARAMETRIC_REPRESENTATION_CONTEXT() REPRESENTATION_CONTEXT('2D SPACE',''
  ) );
#2458 = PCURVE('',#2459,#2464);
#2459 = PLANE('',#2460);
#2460 = AXIS2_PLACEMENT_3D('',#2461,#2462,#2463);
#2461 = CARTESIAN_POINT('',(-17.45,97.35,72.865));
#2462 = DIRECTION('',(-0.,1.,4.440892098501E-16));
#2463 = DIRECTION('',(0.,-4.440892098501E-16,1.));
#2464 = DEFINITIONAL_REPRESENTATION('',(#2465),#2469);
#2465 = LINE('',#2466,#2467);
#2466 = CARTESIAN_POINT('',(-22.,0.));
#2467 = VECTOR('',#2468,1.);
#2468 = DIRECTION('',(-0.,1.));
#2469 = ( GEOMETRIC_REPRESENTATION_CONTEXT(2) 
PARAMETRIC_REPRESENTATION_CONTEXT() REPRESENTATION_CONTEXT('2D SPACE',''
  ) );
#2470 = ORIENTED_EDGE('',*,*,#2471,.F.);
#2471 = EDGE_CURVE('',#2472,#2444,#2474,.T.);
#2472 = VERTEX_POINT('',#2473);
#2473 = CARTESIAN_POINT('',(16.4,92.,50.865));
#2474 = SURFACE_CURVE('',#2475,(#2479,#2486),.PCURVE_S1.);
#2475 = LINE('',#2476,#2477);
#2476 = CARTESIAN_POINT('',(16.4,92.,50.865));
#2477 = VECTOR('',#2478,1.);
#2478 = DIRECTION('',(-0.,1.,4.440892098501E-16));
#2479 = PCURVE('',#213,#2480);
#2480 = DEFINITIONAL_REPRESENTATION('',(#2481),#2485);
#2481 = LINE('',#2482,#2483);
#2482 = CARTESIAN_POINT('',(-38.85,21.35));
#2483 = VECTOR('',#2484,1.);
#2484 = DIRECTION('',(-0.,1.));
#2485 = ( GEOMETRIC_REPRESENTATION_CONTEXT(2) 
PARAMETRIC_REPRESENTATION_CONTEXT() REPRESENTATION_CONTEXT('2D SPACE',''
  ) );
#2486 = PCURVE('',#2487,#2492);
#2487 = PLANE('',#2488);
#2488 = AXIS2_PLACEMENT_3D('',#2489,#2490,#2491);
#2489 = CARTESIAN_POINT('',(16.4,92.,67.865));
#2490 = DIRECTION('',(1.,0.,0.));
#2491 = DIRECTION('',(0.,-4.440892098501E-16,1.));
#2492 = DEFINITIONAL_REPRESENTATION('',(#2493),#2497);
#2493 = LINE('',#2494,#2495);
#2494 = CARTESIAN_POINT('',(-17.,-1.33226762955E-14));
#2495 = VECTOR('',#2496,1.);
#2496 = DIRECTION('',(-0.,-1.));
#2497 = ( GEOMETRIC_REPRESENTATION_CONTEXT(2) 
PARAMETRIC_REPRESENTATION_CONTEXT() REPRESENTATION_CONTEXT('2D SPACE',''
  ) );
#2498 = ORIENTED_EDGE('',*,*,#2499,.T.);
#2499 = EDGE_CURVE('',#2472,#2500,#2502,.T.);
#2500 = VERTEX_POINT('',#2501);
#2501 = CARTESIAN_POINT('',(17.45,92.,50.865));
#2502 = SURFACE_CURVE('',#2503,(#2507,#2514),.PCURVE_S1.);
#2503 = LINE('',#2504,#2505);
#2504 = CARTESIAN_POINT('',(16.4,92.,50.865));
#2505 = VECTOR('',#2506,1.);
#2506 = DIRECTION('',(1.,0.,0.));
#2507 = PCURVE('',#213,#2508);
#2508 = DEFINITIONAL_REPRESENTATION('',(#2509),#2513);
#2509 = LINE('',#2510,#2511);
#2510 = CARTESIAN_POINT('',(-38.85,21.35));
#2511 = VECTOR('',#2512,1.);
#2512 = DIRECTION('',(-1.,0.));
#2513 = ( GEOMETRIC_REPRESENTATION_CONTEXT(2) 
PARAMETRIC_REPRESENTATION_CONTEXT() REPRESENTATION_CONTEXT('2D SPACE',''
  ) );
#2514 = PCURVE('',#2515,#2520);
#2515 = PLANE('',#2516);
#2516 = AXIS2_PLACEMENT_3D('',#2517,#2518,#2519);
#2517 = CARTESIAN_POINT('',(16.4,92.,67.865));
#2518 = DIRECTION('',(-0.,1.,4.440892098501E-16));
#2519 = DIRECTION('',(0.,-4.440892098501E-16,1.));
#2520 = DEFINITIONAL_REPRESENTATION('',(#2521),#2525);
#2521 = LINE('',#2522,#2523);
#2522 = CARTESIAN_POINT('',(-17.,0.));
#2523 = VECTOR('',#2524,1.);
#2524 = DIRECTION('',(-0.,1.));
#2525 = ( GEOMETRIC_REPRESENTATION_CONTEXT(2) 
PARAMETRIC_REPRESENTATION_CONTEXT() REPRESENTATION_CONTEXT('2D SPACE',''
  ) );
#2526 = ORIENTED_EDGE('',*,*,#2527,.F.);
#2527 = EDGE_CURVE('',#2528,#2500,#2530,.T.);
#2528 = VERTEX_POINT('',#2529);
#2529 = CARTESIAN_POINT('',(17.45,78.,50.865));
#2530 = SURFACE_CURVE('',#2531,(#2535,#2542),.PCURVE_S1.);
#2531 = LINE('',#2532,#2533);
#2532 = CARTESIAN_POINT('',(17.45,70.65,50.865));
#2533 = VECTOR('',#2534,1.);
#2534 = DIRECTION('',(-0.,1.,4.440892098501E-16));
#2535 = PCURVE('',#213,#2536);
#2536 = DEFINITIONAL_REPRESENTATION('',(#2537),#2541);
#2537 = LINE('',#2538,#2539);
#2538 = CARTESIAN_POINT('',(-39.9,2.84217094304E-14));
#2539 = VECTOR('',#2540,1.);
#2540 = DIRECTION('',(-0.,1.));
#2541 = ( GEOMETRIC_REPRESENTATION_CONTEXT(2) 
PARAMETRIC_REPRESENTATION_CONTEXT() REPRESENTATION_CONTEXT('2D SPACE',''
  ) );
#2542 = PCURVE('',#2543,#2548);
#2543 = PLANE('',#2544);
#2544 = AXIS2_PLACEMENT_3D('',#2545,#2546,#2547);
#2545 = CARTESIAN_POINT('',(17.45,70.65,72.865));
#2546 = DIRECTION('',(1.,0.,0.));
#2547 = DIRECTION('',(0.,-4.440892098501E-16,1.));
#2548 = DEFINITIONAL_REPRESENTATION('',(#2549),#2553);
#2549 = LINE('',#2550,#2551);
#2550 = CARTESIAN_POINT('',(-22.,-8.881784197001E-15));
#2551 = VECTOR('',#2552,1.);
#2552 = DIRECTION('',(-0.,-1.));
#2553 = ( GEOMETRIC_REPRESENTATION_CONTEXT(2) 
PARAMETRIC_REPRESENTATION_CONTEXT() REPRESENTATION_CONTEXT('2D SPACE',''
  ) );
#2554 = ORIENTED_EDGE('',*,*,#2555,.F.);
#2555 = EDGE_CURVE('',#2556,#2528,#2558,.T.);
#2556 = VERTEX_POINT('',#2557);
#2557 = CARTESIAN_POINT('',(16.4,78.,50.865));
#2558 = SURFACE_CURVE('',#2559,(#2563,#2570),.PCURVE_S1.);
#2559 = LINE('',#2560,#2561);
#2560 = CARTESIAN_POINT('',(16.4,78.,50.865));
#2561 = VECTOR('',#2562,1.);
#2562 = DIRECTION('',(1.,0.,0.));
#2563 = PCURVE('',#213,#2564);
#2564 = DEFINITIONAL_REPRESENTATION('',(#2565),#2569);
#2565 = LINE('',#2566,#2567);
#2566 = CARTESIAN_POINT('',(-38.85,7.35));
#2567 = VECTOR('',#2568,1.);
#2568 = DIRECTION('',(-1.,0.));
#2569 = ( GEOMETRIC_REPRESENTATION_CONTEXT(2) 
PARAMETRIC_REPRESENTATION_CONTEXT() REPRESENTATION_CONTEXT('2D SPACE',''
  ) );
#2570 = PCURVE('',#2571,#2576);
#2571 = PLANE('',#2572);
#2572 = AXIS2_PLACEMENT_3D('',#2573,#2574,#2575);
#2573 = CARTESIAN_POINT('',(16.4,78.,67.865));
#2574 = DIRECTION('',(-0.,1.,4.440892098501E-16));
#2575 = DIRECTION('',(0.,-4.440892098501E-16,1.));
#2576 = DEFINITIONAL_REPRESENTATION('',(#2577),#2581);
#2577 = LINE('',#2578,#2579);
#2578 = CARTESIAN_POINT('',(-17.,0.));
#2579 = VECTOR('',#2580,1.);
#2580 = DIRECTION('',(-0.,1.));
#2581 = ( GEOMETRIC_REPRESENTATION_CONTEXT(2) 
PARAMETRIC_REPRESENTATION_CONTEXT() REPRESENTATION_CONTEXT('2D SPACE',''
  ) );
#2582 = ORIENTED_EDGE('',*,*,#2583,.F.);
#2583 = EDGE_CURVE('',#2584,#2556,#2586,.T.);
#2584 = VERTEX_POINT('',#2585);
#2585 = CARTESIAN_POINT('',(16.4,72.65,50.865));
#2586 = SURFACE_CURVE('',#2587,(#2591,#2598),.PCURVE_S1.);
#2587 = LINE('',#2588,#2589);
#2588 = CARTESIAN_POINT('',(16.4,70.65,50.865));
#2589 = VECTOR('',#2590,1.);
#2590 = DIRECTION('',(-0.,1.,4.440892098501E-16));
#2591 = PCURVE('',#213,#2592);
#2592 = DEFINITIONAL_REPRESENTATION('',(#2593),#2597);
#2593 = LINE('',#2594,#2595);
#2594 = CARTESIAN_POINT('',(-38.85,4.263256414561E-14));
#2595 = VECTOR('',#2596,1.);
#2596 = DIRECTION('',(-0.,1.));
#2597 = ( GEOMETRIC_REPRESENTATION_CONTEXT(2) 
PARAMETRIC_REPRESENTATION_CONTEXT() REPRESENTATION_CONTEXT('2D SPACE',''
  ) );
#2598 = PCURVE('',#2599,#2604);
#2599 = PLANE('',#2600);
#2600 = AXIS2_PLACEMENT_3D('',#2601,#2602,#2603);
#2601 = CARTESIAN_POINT('',(16.4,70.65,67.865));
#2602 = DIRECTION('',(1.,0.,0.));
#2603 = DIRECTION('',(0.,-4.440892098501E-16,1.));
#2604 = DEFINITIONAL_REPRESENTATION('',(#2605),#2609);
#2605 = LINE('',#2606,#2607);
#2606 = CARTESIAN_POINT('',(-17.,-1.33226762955E-14));
#2607 = VECTOR('',#2608,1.);
#2608 = DIRECTION('',(-0.,-1.));
#2609 = ( GEOMETRIC_REPRESENTATION_CONTEXT(2) 
PARAMETRIC_REPRESENTATION_CONTEXT() REPRESENTATION_CONTEXT('2D SPACE',''
  ) );
#2610 = ORIENTED_EDGE('',*,*,#2611,.F.);
#2611 = EDGE_CURVE('',#2612,#2584,#2614,.T.);
#2612 = VERTEX_POINT('',#2613);
#2613 = CARTESIAN_POINT('',(-15.4,72.65,50.865));
#2614 = SURFACE_CURVE('',#2615,(#2619,#2626),.PCURVE_S1.);
#2615 = LINE('',#2616,#2617);
#2616 = CARTESIAN_POINT('',(-17.45,72.65,50.865));
#2617 = VECTOR('',#2618,1.);
#2618 = DIRECTION('',(1.,0.,0.));
#2619 = PCURVE('',#213,#2620);
#2620 = DEFINITIONAL_REPRESENTATION('',(#2621),#2625);
#2621 = LINE('',#2622,#2623);
#2622 = CARTESIAN_POINT('',(-5.,2.));
#2623 = VECTOR('',#2624,1.);
#2624 = DIRECTION('',(-1.,0.));
#2625 = ( GEOMETRIC_REPRESENTATION_CONTEXT(2) 
PARAMETRIC_REPRESENTATION_CONTEXT() REPRESENTATION_CONTEXT('2D SPACE',''
  ) );
#2626 = PCURVE('',#2627,#2632);
#2627 = PLANE('',#2628);
#2628 = AXIS2_PLACEMENT_3D('',#2629,#2630,#2631);
#2629 = CARTESIAN_POINT('',(-17.45,72.65,72.865));
#2630 = DIRECTION('',(-0.,1.,4.440892098501E-16));
#2631 = DIRECTION('',(0.,-4.440892098501E-16,1.));
#2632 = DEFINITIONAL_REPRESENTATION('',(#2633),#2637);
#2633 = LINE('',#2634,#2635);
#2634 = CARTESIAN_POINT('',(-22.,0.));
#2635 = VECTOR('',#2636,1.);
#2636 = DIRECTION('',(-0.,1.));
#2637 = ( GEOMETRIC_REPRESENTATION_CONTEXT(2) 
PARAMETRIC_REPRESENTATION_CONTEXT() REPRESENTATION_CONTEXT('2D SPACE',''
  ) );
#2638 = ORIENTED_EDGE('',*,*,#2639,.T.);
#2639 = EDGE_CURVE('',#2612,#2640,#2642,.T.);
#2640 = VERTEX_POINT('',#2641);
#2641 = CARTESIAN_POINT('',(-15.4,75.75,50.865));
#2642 = SURFACE_CURVE('',#2643,(#2647,#2654),.PCURVE_S1.);
#2643 = LINE('',#2644,#2645);
#2644 = CARTESIAN_POINT('',(-15.4,70.65,50.865));
#2645 = VECTOR('',#2646,1.);
#2646 = DIRECTION('',(-0.,1.,4.440892098501E-16));
#2647 = PCURVE('',#213,#2648);
#2648 = DEFINITIONAL_REPRESENTATION('',(#2649),#2653);
#2649 = LINE('',#2650,#2651);
#2650 = CARTESIAN_POINT('',(-7.05,4.263256414561E-14));
#2651 = VECTOR('',#2652,1.);
#2652 = DIRECTION('',(-0.,1.));
#2653 = ( GEOMETRIC_REPRESENTATION_CONTEXT(2) 
PARAMETRIC_REPRESENTATION_CONTEXT() REPRESENTATION_CONTEXT('2D SPACE',''
  ) );
#2654 = PCURVE('',#2431,#2655);
#2655 = DEFINITIONAL_REPRESENTATION('',(#2656),#2660);
#2656 = LINE('',#2657,#2658);
#2657 = CARTESIAN_POINT('',(-17.,-1.33226762955E-14));
#2658 = VECTOR('',#2659,1.);
#2659 = DIRECTION('',(-0.,-1.));
#2660 = ( GEOMETRIC_REPRESENTATION_CONTEXT(2) 
PARAMETRIC_REPRESENTATION_CONTEXT() REPRESENTATION_CONTEXT('2D SPACE',''
  ) );
#2661 = ORIENTED_EDGE('',*,*,#2662,.F.);
#2662 = EDGE_CURVE('',#2663,#2640,#2665,.T.);
#2663 = VERTEX_POINT('',#2664);
#2664 = CARTESIAN_POINT('',(-17.45,75.75,50.865));
#2665 = SURFACE_CURVE('',#2666,(#2670,#2677),.PCURVE_S1.);
#2666 = LINE('',#2667,#2668);
#2667 = CARTESIAN_POINT('',(-22.45,75.75,50.865));
#2668 = VECTOR('',#2669,1.);
#2669 = DIRECTION('',(1.,0.,0.));
#2670 = PCURVE('',#213,#2671);
#2671 = DEFINITIONAL_REPRESENTATION('',(#2672),#2676);
#2672 = LINE('',#2673,#2674);
#2673 = CARTESIAN_POINT('',(-0.,5.1));
#2674 = VECTOR('',#2675,1.);
#2675 = DIRECTION('',(-1.,0.));
#2676 = ( GEOMETRIC_REPRESENTATION_CONTEXT(2) 
PARAMETRIC_REPRESENTATION_CONTEXT() REPRESENTATION_CONTEXT('2D SPACE',''
  ) );
#2677 = PCURVE('',#2678,#2683);
#2678 = PLANE('',#2679);
#2679 = AXIS2_PLACEMENT_3D('',#2680,#2681,#2682);
#2680 = CARTESIAN_POINT('',(-22.45,75.75,67.865));
#2681 = DIRECTION('',(-0.,1.,4.440892098501E-16));
#2682 = DIRECTION('',(0.,-4.440892098501E-16,1.));
#2683 = DEFINITIONAL_REPRESENTATION('',(#2684),#2688);
#2684 = LINE('',#2685,#2686);
#2685 = CARTESIAN_POINT('',(-17.,0.));
#2686 = VECTOR('',#2687,1.);
#2687 = DIRECTION('',(-0.,1.));
#2688 = ( GEOMETRIC_REPRESENTATION_CONTEXT(2) 
PARAMETRIC_REPRESENTATION_CONTEXT() REPRESENTATION_CONTEXT('2D SPACE',''
  ) );
#2689 = ORIENTED_EDGE('',*,*,#2690,.T.);
#2690 = EDGE_CURVE('',#2663,#2691,#2693,.T.);
#2691 = VERTEX_POINT('',#2692);
#2692 = CARTESIAN_POINT('',(-17.45,94.25,50.865));
#2693 = SURFACE_CURVE('',#2694,(#2698,#2705),.PCURVE_S1.);
#2694 = LINE('',#2695,#2696);
#2695 = CARTESIAN_POINT('',(-17.45,70.65,50.865));
#2696 = VECTOR('',#2697,1.);
#2697 = DIRECTION('',(-0.,1.,4.440892098501E-16));
#2698 = PCURVE('',#213,#2699);
#2699 = DEFINITIONAL_REPRESENTATION('',(#2700),#2704);
#2700 = LINE('',#2701,#2702);
#2701 = CARTESIAN_POINT('',(-5.,2.84217094304E-14));
#2702 = VECTOR('',#2703,1.);
#2703 = DIRECTION('',(-0.,1.));
#2704 = ( GEOMETRIC_REPRESENTATION_CONTEXT(2) 
PARAMETRIC_REPRESENTATION_CONTEXT() REPRESENTATION_CONTEXT('2D SPACE',''
  ) );
#2705 = PCURVE('',#2706,#2711);
#2706 = PLANE('',#2707);
#2707 = AXIS2_PLACEMENT_3D('',#2708,#2709,#2710);
#2708 = CARTESIAN_POINT('',(-17.45,70.65,72.865));
#2709 = DIRECTION('',(1.,0.,0.));
#2710 = DIRECTION('',(0.,-4.440892098501E-16,1.));
#2711 = DEFINITIONAL_REPRESENTATION('',(#2712),#2716);
#2712 = LINE('',#2713,#2714);
#2713 = CARTESIAN_POINT('',(-22.,-8.881784197001E-15));
#2714 = VECTOR('',#2715,1.);
#2715 = DIRECTION('',(-0.,-1.));
#2716 = ( GEOMETRIC_REPRESENTATION_CONTEXT(2) 
PARAMETRIC_REPRESENTATION_CONTEXT() REPRESENTATION_CONTEXT('2D SPACE',''
  ) );
#2717 = ORIENTED_EDGE('',*,*,#2718,.T.);
#2718 = EDGE_CURVE('',#2691,#2414,#2719,.T.);
#2719 = SURFACE_CURVE('',#2720,(#2724,#2731),.PCURVE_S1.);
#2720 = LINE('',#2721,#2722);
#2721 = CARTESIAN_POINT('',(-22.45,94.25,50.865));
#2722 = VECTOR('',#2723,1.);
#2723 = DIRECTION('',(1.,0.,0.));
#2724 = PCURVE('',#213,#2725);
#2725 = DEFINITIONAL_REPRESENTATION('',(#2726),#2730);
#2726 = LINE('',#2727,#2728);
#2727 = CARTESIAN_POINT('',(-0.,23.6));
#2728 = VECTOR('',#2729,1.);
#2729 = DIRECTION('',(-1.,0.));
#2730 = ( GEOMETRIC_REPRESENTATION_CONTEXT(2) 
PARAMETRIC_REPRESENTATION_CONTEXT() REPRESENTATION_CONTEXT('2D SPACE',''
  ) );
#2731 = PCURVE('',#2732,#2737);
#2732 = PLANE('',#2733);
#2733 = AXIS2_PLACEMENT_3D('',#2734,#2735,#2736);
#2734 = CARTESIAN_POINT('',(-22.45,94.25,67.865));
#2735 = DIRECTION('',(-0.,1.,4.440892098501E-16));
#2736 = DIRECTION('',(0.,-4.440892098501E-16,1.));
#2737 = DEFINITIONAL_REPRESENTATION('',(#2738),#2742);
#2738 = LINE('',#2739,#2740);
#2739 = CARTESIAN_POINT('',(-17.,0.));
#2740 = VECTOR('',#2741,1.);
#2741 = DIRECTION('',(-0.,1.));
#2742 = ( GEOMETRIC_REPRESENTATION_CONTEXT(2) 
PARAMETRIC_REPRESENTATION_CONTEXT() REPRESENTATION_CONTEXT('2D SPACE',''
  ) );
#2743 = ADVANCED_FACE('',(#2744),#661,.F.);
#2744 = FACE_BOUND('',#2745,.T.);
#2745 = EDGE_LOOP('',(#2746,#2769,#2770,#2771));
#2746 = ORIENTED_EDGE('',*,*,#2747,.F.);
#2747 = EDGE_CURVE('',#2058,#2748,#2750,.T.);
#2748 = VERTEX_POINT('',#2749);
#2749 = CARTESIAN_POINT('',(8.,53.7,59.2));
#2750 = SURFACE_CURVE('',#2751,(#2755,#2762),.PCURVE_S1.);
#2751 = LINE('',#2752,#2753);
#2752 = CARTESIAN_POINT('',(8.,10.5,59.2));
#2753 = VECTOR('',#2754,1.);
#2754 = DIRECTION('',(-0.,1.,2.22044604925E-16));
#2755 = PCURVE('',#661,#2756);
#2756 = DEFINITIONAL_REPRESENTATION('',(#2757),#2761);
#2757 = LINE('',#2758,#2759);
#2758 = CARTESIAN_POINT('',(-0.,16.));
#2759 = VECTOR('',#2760,1.);
#2760 = DIRECTION('',(-1.,0.));
#2761 = ( GEOMETRIC_REPRESENTATION_CONTEXT(2) 
PARAMETRIC_REPRESENTATION_CONTEXT() REPRESENTATION_CONTEXT('2D SPACE',''
  ) );
#2762 = PCURVE('',#870,#2763);
#2763 = DEFINITIONAL_REPRESENTATION('',(#2764),#2768);
#2764 = LINE('',#2765,#2766);
#2765 = CARTESIAN_POINT('',(-11.5,-9.45));
#2766 = VECTOR('',#2767,1.);
#2767 = DIRECTION('',(1.,-0.));
#2768 = ( GEOMETRIC_REPRESENTATION_CONTEXT(2) 
PARAMETRIC_REPRESENTATION_CONTEXT() REPRESENTATION_CONTEXT('2D SPACE',''
  ) );
#2769 = ORIENTED_EDGE('',*,*,#2057,.F.);
#2770 = ORIENTED_EDGE('',*,*,#645,.T.);
#2771 = ORIENTED_EDGE('',*,*,#2772,.T.);
#2772 = EDGE_CURVE('',#617,#2748,#2773,.T.);
#2773 = SURFACE_CURVE('',#2774,(#2778,#2785),.PCURVE_S1.);
#2774 = LINE('',#2775,#2776);
#2775 = CARTESIAN_POINT('',(-8.,53.7,59.2));
#2776 = VECTOR('',#2777,1.);
#2777 = DIRECTION('',(1.,0.,0.));
#2778 = PCURVE('',#661,#2779);
#2779 = DEFINITIONAL_REPRESENTATION('',(#2780),#2784);
#2780 = LINE('',#2781,#2782);
#2781 = CARTESIAN_POINT('',(-43.2,0.));
#2782 = VECTOR('',#2783,1.);
#2783 = DIRECTION('',(-0.,1.));
#2784 = ( GEOMETRIC_REPRESENTATION_CONTEXT(2) 
PARAMETRIC_REPRESENTATION_CONTEXT() REPRESENTATION_CONTEXT('2D SPACE',''
  ) );
#2785 = PCURVE('',#633,#2786);
#2786 = DEFINITIONAL_REPRESENTATION('',(#2787),#2791);
#2787 = LINE('',#2788,#2789);
#2788 = CARTESIAN_POINT('',(1.570796326795,0.));
#2789 = VECTOR('',#2790,1.);
#2790 = DIRECTION('',(0.,1.));
#2791 = ( GEOMETRIC_REPRESENTATION_CONTEXT(2) 
PARAMETRIC_REPRESENTATION_CONTEXT() REPRESENTATION_CONTEXT('2D SPACE',''
  ) );
#2792 = ADVANCED_FACE('',(#2793),#633,.F.);
#2793 = FACE_BOUND('',#2794,.F.);
#2794 = EDGE_LOOP('',(#2795,#2796,#2797,#2825));
#2795 = ORIENTED_EDGE('',*,*,#616,.T.);
#2796 = ORIENTED_EDGE('',*,*,#2772,.T.);
#2797 = ORIENTED_EDGE('',*,*,#2798,.F.);
#2798 = EDGE_CURVE('',#2799,#2748,#2801,.T.);
#2799 = VERTEX_POINT('',#2800);
#2800 = CARTESIAN_POINT('',(8.,60.,52.9));
#2801 = SURFACE_CURVE('',#2802,(#2807,#2814),.PCURVE_S1.);
#2802 = CIRCLE('',#2803,6.3);
#2803 = AXIS2_PLACEMENT_3D('',#2804,#2805,#2806);
#2804 = CARTESIAN_POINT('',(8.,53.7,52.9));
#2805 = DIRECTION('',(1.,0.,0.));
#2806 = DIRECTION('',(-0.,1.,2.22044604925E-16));
#2807 = PCURVE('',#633,#2808);
#2808 = DEFINITIONAL_REPRESENTATION('',(#2809),#2813);
#2809 = LINE('',#2810,#2811);
#2810 = CARTESIAN_POINT('',(0.,16.));
#2811 = VECTOR('',#2812,1.);
#2812 = DIRECTION('',(1.,0.));
#2813 = ( GEOMETRIC_REPRESENTATION_CONTEXT(2) 
PARAMETRIC_REPRESENTATION_CONTEXT() REPRESENTATION_CONTEXT('2D SPACE',''
  ) );
#2814 = PCURVE('',#870,#2815);
#2815 = DEFINITIONAL_REPRESENTATION('',(#2816),#2824);
#2816 = ( BOUNDED_CURVE() B_SPLINE_CURVE(2,(#2817,#2818,#2819,#2820,
#2821,#2822,#2823),.UNSPECIFIED.,.T.,.F.) B_SPLINE_CURVE_WITH_KNOTS((1,2
    ,2,2,2,1),(-2.094395102393,0.,2.094395102393,4.188790204786,
6.28318530718,8.377580409573),.UNSPECIFIED.) CURVE() 
GEOMETRIC_REPRESENTATION_ITEM() RATIONAL_B_SPLINE_CURVE((1.,0.5,1.,0.5,
1.,0.5,1.)) REPRESENTATION_ITEM('') );
#2817 = CARTESIAN_POINT('',(38.,-3.15));
#2818 = CARTESIAN_POINT('',(38.,-14.06192008768));
#2819 = CARTESIAN_POINT('',(28.55,-8.605960043842));
#2820 = CARTESIAN_POINT('',(19.1,-3.15));
#2821 = CARTESIAN_POINT('',(28.55,2.305960043842));
#2822 = CARTESIAN_POINT('',(38.,7.761920087684));
#2823 = CARTESIAN_POINT('',(38.,-3.15));
#2824 = ( GEOMETRIC_REPRESENTATION_CONTEXT(2) 
PARAMETRIC_REPRESENTATION_CONTEXT() REPRESENTATION_CONTEXT('2D SPACE',''
  ) );
#2825 = ORIENTED_EDGE('',*,*,#2826,.F.);
#2826 = EDGE_CURVE('',#589,#2799,#2827,.T.);
#2827 = SURFACE_CURVE('',#2828,(#2832,#2839),.PCURVE_S1.);
#2828 = LINE('',#2829,#2830);
#2829 = CARTESIAN_POINT('',(-8.,60.,52.9));
#2830 = VECTOR('',#2831,1.);
#2831 = DIRECTION('',(1.,0.,0.));
#2832 = PCURVE('',#633,#2833);
#2833 = DEFINITIONAL_REPRESENTATION('',(#2834),#2838);
#2834 = LINE('',#2835,#2836);
#2835 = CARTESIAN_POINT('',(0.,0.));
#2836 = VECTOR('',#2837,1.);
#2837 = DIRECTION('',(0.,1.));
#2838 = ( GEOMETRIC_REPRESENTATION_CONTEXT(2) 
PARAMETRIC_REPRESENTATION_CONTEXT() REPRESENTATION_CONTEXT('2D SPACE',''
  ) );
#2839 = PCURVE('',#604,#2840);
#2840 = DEFINITIONAL_REPRESENTATION('',(#2841),#2845);
#2841 = LINE('',#2842,#2843);
#2842 = CARTESIAN_POINT('',(-0.,52.9));
#2843 = VECTOR('',#2844,1.);
#2844 = DIRECTION('',(-1.,0.));
#2845 = ( GEOMETRIC_REPRESENTATION_CONTEXT(2) 
PARAMETRIC_REPRESENTATION_CONTEXT() REPRESENTATION_CONTEXT('2D SPACE',''
  ) );
#2846 = ADVANCED_FACE('',(#2847),#265,.F.);
#2847 = FACE_BOUND('',#2848,.F.);
#2848 = EDGE_LOOP('',(#2849,#2850,#2873,#2899));
#2849 = ORIENTED_EDGE('',*,*,#248,.T.);
#2850 = ORIENTED_EDGE('',*,*,#2851,.T.);
#2851 = EDGE_CURVE('',#249,#2852,#2854,.T.);
#2852 = VERTEX_POINT('',#2853);
#2853 = CARTESIAN_POINT('',(8.,70.65,49.365));
#2854 = SURFACE_CURVE('',#2855,(#2859,#2866),.PCURVE_S1.);
#2855 = LINE('',#2856,#2857);
#2856 = CARTESIAN_POINT('',(-8.,70.65,49.365));
#2857 = VECTOR('',#2858,1.);
#2858 = DIRECTION('',(1.,0.,0.));
#2859 = PCURVE('',#265,#2860);
#2860 = DEFINITIONAL_REPRESENTATION('',(#2861),#2865);
#2861 = LINE('',#2862,#2863);
#2862 = CARTESIAN_POINT('',(1.570796326795,0.));
#2863 = VECTOR('',#2864,1.);
#2864 = DIRECTION('',(0.,1.));
#2865 = ( GEOMETRIC_REPRESENTATION_CONTEXT(2) 
PARAMETRIC_REPRESENTATION_CONTEXT() REPRESENTATION_CONTEXT('2D SPACE',''
  ) );
#2866 = PCURVE('',#293,#2867);
#2867 = DEFINITIONAL_REPRESENTATION('',(#2868),#2872);
#2868 = LINE('',#2869,#2870);
#2869 = CARTESIAN_POINT('',(-0.,-9.835));
#2870 = VECTOR('',#2871,1.);
#2871 = DIRECTION('',(-1.,0.));
#2872 = ( GEOMETRIC_REPRESENTATION_CONTEXT(2) 
PARAMETRIC_REPRESENTATION_CONTEXT() REPRESENTATION_CONTEXT('2D SPACE',''
  ) );
#2873 = ORIENTED_EDGE('',*,*,#2874,.F.);
#2874 = EDGE_CURVE('',#2108,#2852,#2875,.T.);
#2875 = SURFACE_CURVE('',#2876,(#2881,#2888),.PCURVE_S1.);
#2876 = CIRCLE('',#2877,1.5);
#2877 = AXIS2_PLACEMENT_3D('',#2878,#2879,#2880);
#2878 = CARTESIAN_POINT('',(8.,72.15,49.365));
#2879 = DIRECTION('',(1.,0.,0.));
#2880 = DIRECTION('',(-0.,1.,2.22044604925E-16));
#2881 = PCURVE('',#265,#2882);
#2882 = DEFINITIONAL_REPRESENTATION('',(#2883),#2887);
#2883 = LINE('',#2884,#2885);
#2884 = CARTESIAN_POINT('',(-1.570796326795,16.));
#2885 = VECTOR('',#2886,1.);
#2886 = DIRECTION('',(1.,0.));
#2887 = ( GEOMETRIC_REPRESENTATION_CONTEXT(2) 
PARAMETRIC_REPRESENTATION_CONTEXT() REPRESENTATION_CONTEXT('2D SPACE',''
  ) );
#2888 = PCURVE('',#870,#2889);
#2889 = DEFINITIONAL_REPRESENTATION('',(#2890),#2898);
#2890 = ( BOUNDED_CURVE() B_SPLINE_CURVE(2,(#2891,#2892,#2893,#2894,
#2895,#2896,#2897),.UNSPECIFIED.,.T.,.F.) B_SPLINE_CURVE_WITH_KNOTS((1,2
    ,2,2,2,1),(-2.094395102393,0.,2.094395102393,4.188790204786,
6.28318530718,8.377580409573),.UNSPECIFIED.) CURVE() 
GEOMETRIC_REPRESENTATION_ITEM() RATIONAL_B_SPLINE_CURVE((1.,0.5,1.,0.5,
1.,0.5,1.)) REPRESENTATION_ITEM('') );
#2891 = CARTESIAN_POINT('',(51.65,0.385));
#2892 = CARTESIAN_POINT('',(51.65,-2.213076211353));
#2893 = CARTESIAN_POINT('',(49.4,-0.914038105677));
#2894 = CARTESIAN_POINT('',(47.15,0.385));
#2895 = CARTESIAN_POINT('',(49.4,1.684038105677));
#2896 = CARTESIAN_POINT('',(51.65,2.983076211353));
#2897 = CARTESIAN_POINT('',(51.65,0.385));
#2898 = ( GEOMETRIC_REPRESENTATION_CONTEXT(2) 
PARAMETRIC_REPRESENTATION_CONTEXT() REPRESENTATION_CONTEXT('2D SPACE',''
  ) );
#2899 = ORIENTED_EDGE('',*,*,#2107,.F.);
#2900 = ADVANCED_FACE('',(#2901),#604,.F.);
#2901 = FACE_BOUND('',#2902,.T.);
#2902 = EDGE_LOOP('',(#2903,#2904,#2927,#2948));
#2903 = ORIENTED_EDGE('',*,*,#588,.F.);
#2904 = ORIENTED_EDGE('',*,*,#2905,.T.);
#2905 = EDGE_CURVE('',#560,#2906,#2908,.T.);
#2906 = VERTEX_POINT('',#2907);
#2907 = CARTESIAN_POINT('',(8.,60.,12.6));
#2908 = SURFACE_CURVE('',#2909,(#2913,#2920),.PCURVE_S1.);
#2909 = LINE('',#2910,#2911);
#2910 = CARTESIAN_POINT('',(-8.,60.,12.6));
#2911 = VECTOR('',#2912,1.);
#2912 = DIRECTION('',(1.,0.,0.));
#2913 = PCURVE('',#604,#2914);
#2914 = DEFINITIONAL_REPRESENTATION('',(#2915),#2919);
#2915 = LINE('',#2916,#2917);
#2916 = CARTESIAN_POINT('',(-0.,12.6));
#2917 = VECTOR('',#2918,1.);
#2918 = DIRECTION('',(-1.,0.));
#2919 = ( GEOMETRIC_REPRESENTATION_CONTEXT(2) 
PARAMETRIC_REPRESENTATION_CONTEXT() REPRESENTATION_CONTEXT('2D SPACE',''
  ) );
#2920 = PCURVE('',#576,#2921);
#2921 = DEFINITIONAL_REPRESENTATION('',(#2922),#2926);
#2922 = LINE('',#2923,#2924);
#2923 = CARTESIAN_POINT('',(1.570796326795,0.));
#2924 = VECTOR('',#2925,1.);
#2925 = DIRECTION('',(0.,1.));
#2926 = ( GEOMETRIC_REPRESENTATION_CONTEXT(2) 
PARAMETRIC_REPRESENTATION_CONTEXT() REPRESENTATION_CONTEXT('2D SPACE',''
  ) );
#2927 = ORIENTED_EDGE('',*,*,#2928,.T.);
#2928 = EDGE_CURVE('',#2906,#2799,#2929,.T.);
#2929 = SURFACE_CURVE('',#2930,(#2934,#2941),.PCURVE_S1.);
#2930 = LINE('',#2931,#2932);
#2931 = CARTESIAN_POINT('',(8.,60.,1.42108547152E-14));
#2932 = VECTOR('',#2933,1.);
#2933 = DIRECTION('',(0.,-2.22044604925E-16,1.));
#2934 = PCURVE('',#604,#2935);
#2935 = DEFINITIONAL_REPRESENTATION('',(#2936),#2940);
#2936 = LINE('',#2937,#2938);
#2937 = CARTESIAN_POINT('',(-16.,0.));
#2938 = VECTOR('',#2939,1.);
#2939 = DIRECTION('',(-0.,1.));
#2940 = ( GEOMETRIC_REPRESENTATION_CONTEXT(2) 
PARAMETRIC_REPRESENTATION_CONTEXT() REPRESENTATION_CONTEXT('2D SPACE',''
  ) );
#2941 = PCURVE('',#870,#2942);
#2942 = DEFINITIONAL_REPRESENTATION('',(#2943),#2947);
#2943 = LINE('',#2944,#2945);
#2944 = CARTESIAN_POINT('',(38.,49.75));
#2945 = VECTOR('',#2946,1.);
#2946 = DIRECTION('',(-0.,-1.));
#2947 = ( GEOMETRIC_REPRESENTATION_CONTEXT(2) 
PARAMETRIC_REPRESENTATION_CONTEXT() REPRESENTATION_CONTEXT('2D SPACE',''
  ) );
#2948 = ORIENTED_EDGE('',*,*,#2826,.F.);
#2949 = ADVANCED_FACE('',(#2950),#293,.T.);
#2950 = FACE_BOUND('',#2951,.F.);
#2951 = EDGE_LOOP('',(#2952,#2953,#2976,#2997));
#2952 = ORIENTED_EDGE('',*,*,#277,.F.);
#2953 = ORIENTED_EDGE('',*,*,#2954,.T.);
#2954 = EDGE_CURVE('',#278,#2955,#2957,.T.);
#2955 = VERTEX_POINT('',#2956);
#2956 = CARTESIAN_POINT('',(8.,70.65,1.42108547152E-14));
#2957 = SURFACE_CURVE('',#2958,(#2962,#2969),.PCURVE_S1.);
#2958 = LINE('',#2959,#2960);
#2959 = CARTESIAN_POINT('',(-8.,70.65,1.335598298624E-14));
#2960 = VECTOR('',#2961,1.);
#2961 = DIRECTION('',(1.,0.,0.));
#2962 = PCURVE('',#293,#2963);
#2963 = DEFINITIONAL_REPRESENTATION('',(#2964),#2968);
#2964 = LINE('',#2965,#2966);
#2965 = CARTESIAN_POINT('',(-0.,-59.2));
#2966 = VECTOR('',#2967,1.);
#2967 = DIRECTION('',(-1.,0.));
#2968 = ( GEOMETRIC_REPRESENTATION_CONTEXT(2) 
PARAMETRIC_REPRESENTATION_CONTEXT() REPRESENTATION_CONTEXT('2D SPACE',''
  ) );
#2969 = PCURVE('',#321,#2970);
#2970 = DEFINITIONAL_REPRESENTATION('',(#2971),#2975);
#2971 = LINE('',#2972,#2973);
#2972 = CARTESIAN_POINT('',(-60.15,0.));
#2973 = VECTOR('',#2974,1.);
#2974 = DIRECTION('',(-0.,1.));
#2975 = ( GEOMETRIC_REPRESENTATION_CONTEXT(2) 
PARAMETRIC_REPRESENTATION_CONTEXT() REPRESENTATION_CONTEXT('2D SPACE',''
  ) );
#2976 = ORIENTED_EDGE('',*,*,#2977,.F.);
#2977 = EDGE_CURVE('',#2852,#2955,#2978,.T.);
#2978 = SURFACE_CURVE('',#2979,(#2983,#2990),.PCURVE_S1.);
#2979 = LINE('',#2980,#2981);
#2980 = CARTESIAN_POINT('',(8.,70.65,72.865));
#2981 = VECTOR('',#2982,1.);
#2982 = DIRECTION('',(0.,2.22044604925E-16,-1.));
#2983 = PCURVE('',#293,#2984);
#2984 = DEFINITIONAL_REPRESENTATION('',(#2985),#2989);
#2985 = LINE('',#2986,#2987);
#2986 = CARTESIAN_POINT('',(-16.,13.665));
#2987 = VECTOR('',#2988,1.);
#2988 = DIRECTION('',(-0.,-1.));
#2989 = ( GEOMETRIC_REPRESENTATION_CONTEXT(2) 
PARAMETRIC_REPRESENTATION_CONTEXT() REPRESENTATION_CONTEXT('2D SPACE',''
  ) );
#2990 = PCURVE('',#870,#2991);
#2991 = DEFINITIONAL_REPRESENTATION('',(#2992),#2996);
#2992 = LINE('',#2993,#2994);
#2993 = CARTESIAN_POINT('',(48.65,-23.115));
#2994 = VECTOR('',#2995,1.);
#2995 = DIRECTION('',(-0.,1.));
#2996 = ( GEOMETRIC_REPRESENTATION_CONTEXT(2) 
PARAMETRIC_REPRESENTATION_CONTEXT() REPRESENTATION_CONTEXT('2D SPACE',''
  ) );
#2997 = ORIENTED_EDGE('',*,*,#2851,.F.);
#2998 = ADVANCED_FACE('',(#2999),#576,.F.);
#2999 = FACE_BOUND('',#3000,.F.);
#3000 = EDGE_LOOP('',(#3001,#3002,#3003,#3031));
#3001 = ORIENTED_EDGE('',*,*,#559,.T.);
#3002 = ORIENTED_EDGE('',*,*,#2905,.T.);
#3003 = ORIENTED_EDGE('',*,*,#3004,.F.);
#3004 = EDGE_CURVE('',#3005,#2906,#3007,.T.);
#3005 = VERTEX_POINT('',#3006);
#3006 = CARTESIAN_POINT('',(8.,53.7,6.3));
#3007 = SURFACE_CURVE('',#3008,(#3013,#3020),.PCURVE_S1.);
#3008 = CIRCLE('',#3009,6.3);
#3009 = AXIS2_PLACEMENT_3D('',#3010,#3011,#3012);
#3010 = CARTESIAN_POINT('',(8.,53.7,12.6));
#3011 = DIRECTION('',(1.,0.,0.));
#3012 = DIRECTION('',(-0.,1.,2.22044604925E-16));
#3013 = PCURVE('',#576,#3014);
#3014 = DEFINITIONAL_REPRESENTATION('',(#3015),#3019);
#3015 = LINE('',#3016,#3017);
#3016 = CARTESIAN_POINT('',(-4.712388980385,16.));
#3017 = VECTOR('',#3018,1.);
#3018 = DIRECTION('',(1.,0.));
#3019 = ( GEOMETRIC_REPRESENTATION_CONTEXT(2) 
PARAMETRIC_REPRESENTATION_CONTEXT() REPRESENTATION_CONTEXT('2D SPACE',''
  ) );
#3020 = PCURVE('',#870,#3021);
#3021 = DEFINITIONAL_REPRESENTATION('',(#3022),#3030);
#3022 = ( BOUNDED_CURVE() B_SPLINE_CURVE(2,(#3023,#3024,#3025,#3026,
#3027,#3028,#3029),.UNSPECIFIED.,.T.,.F.) B_SPLINE_CURVE_WITH_KNOTS((1,2
    ,2,2,2,1),(-2.094395102393,0.,2.094395102393,4.188790204786,
6.28318530718,8.377580409573),.UNSPECIFIED.) CURVE() 
GEOMETRIC_REPRESENTATION_ITEM() RATIONAL_B_SPLINE_CURVE((1.,0.5,1.,0.5,
1.,0.5,1.)) REPRESENTATION_ITEM('') );
#3023 = CARTESIAN_POINT('',(38.,37.15));
#3024 = CARTESIAN_POINT('',(38.,26.238079912316));
#3025 = CARTESIAN_POINT('',(28.55,31.694039956158));
#3026 = CARTESIAN_POINT('',(19.1,37.15));
#3027 = CARTESIAN_POINT('',(28.55,42.605960043842));
#3028 = CARTESIAN_POINT('',(38.,48.061920087684));
#3029 = CARTESIAN_POINT('',(38.,37.15));
#3030 = ( GEOMETRIC_REPRESENTATION_CONTEXT(2) 
PARAMETRIC_REPRESENTATION_CONTEXT() REPRESENTATION_CONTEXT('2D SPACE',''
  ) );
#3031 = ORIENTED_EDGE('',*,*,#3032,.F.);
#3032 = EDGE_CURVE('',#532,#3005,#3033,.T.);
#3033 = SURFACE_CURVE('',#3034,(#3038,#3045),.PCURVE_S1.);
#3034 = LINE('',#3035,#3036);
#3035 = CARTESIAN_POINT('',(-8.,53.7,6.3));
#3036 = VECTOR('',#3037,1.);
#3037 = DIRECTION('',(1.,0.,0.));
#3038 = PCURVE('',#576,#3039);
#3039 = DEFINITIONAL_REPRESENTATION('',(#3040),#3044);
#3040 = LINE('',#3041,#3042);
#3041 = CARTESIAN_POINT('',(0.,0.));
#3042 = VECTOR('',#3043,1.);
#3043 = DIRECTION('',(0.,1.));
#3044 = ( GEOMETRIC_REPRESENTATION_CONTEXT(2) 
PARAMETRIC_REPRESENTATION_CONTEXT() REPRESENTATION_CONTEXT('2D SPACE',''
  ) );
#3045 = PCURVE('',#547,#3046);
#3046 = DEFINITIONAL_REPRESENTATION('',(#3047),#3051);
#3047 = LINE('',#3048,#3049);
#3048 = CARTESIAN_POINT('',(-43.2,0.));
#3049 = VECTOR('',#3050,1.);
#3050 = DIRECTION('',(-0.,1.));
#3051 = ( GEOMETRIC_REPRESENTATION_CONTEXT(2) 
PARAMETRIC_REPRESENTATION_CONTEXT() REPRESENTATION_CONTEXT('2D SPACE',''
  ) );
#3052 = ADVANCED_FACE('',(#3053),#321,.F.);
#3053 = FACE_BOUND('',#3054,.T.);
#3054 = EDGE_LOOP('',(#3055,#3078,#3099,#3100));
#3055 = ORIENTED_EDGE('',*,*,#3056,.T.);
#3056 = EDGE_CURVE('',#2955,#3057,#3059,.T.);
#3057 = VERTEX_POINT('',#3058);
#3058 = CARTESIAN_POINT('',(8.,10.5,0.));
#3059 = SURFACE_CURVE('',#3060,(#3064,#3071),.PCURVE_S1.);
#3060 = LINE('',#3061,#3062);
#3061 = CARTESIAN_POINT('',(8.,70.65,1.42108547152E-14));
#3062 = VECTOR('',#3063,1.);
#3063 = DIRECTION('',(0.,-1.,-2.22044604925E-16));
#3064 = PCURVE('',#321,#3065);
#3065 = DEFINITIONAL_REPRESENTATION('',(#3066),#3070);
#3066 = LINE('',#3067,#3068);
#3067 = CARTESIAN_POINT('',(-60.15,16.));
#3068 = VECTOR('',#3069,1.);
#3069 = DIRECTION('',(1.,-0.));
#3070 = ( GEOMETRIC_REPRESENTATION_CONTEXT(2) 
PARAMETRIC_REPRESENTATION_CONTEXT() REPRESENTATION_CONTEXT('2D SPACE',''
  ) );
#3071 = PCURVE('',#870,#3072);
#3072 = DEFINITIONAL_REPRESENTATION('',(#3073),#3077);
#3073 = LINE('',#3074,#3075);
#3074 = CARTESIAN_POINT('',(48.65,49.75));
#3075 = VECTOR('',#3076,1.);
#3076 = DIRECTION('',(-1.,0.));
#3077 = ( GEOMETRIC_REPRESENTATION_CONTEXT(2) 
PARAMETRIC_REPRESENTATION_CONTEXT() REPRESENTATION_CONTEXT('2D SPACE',''
  ) );
#3078 = ORIENTED_EDGE('',*,*,#3079,.F.);
#3079 = EDGE_CURVE('',#306,#3057,#3080,.T.);
#3080 = SURFACE_CURVE('',#3081,(#3085,#3092),.PCURVE_S1.);
#3081 = LINE('',#3082,#3083);
#3082 = CARTESIAN_POINT('',(-8.,10.5,0.));
#3083 = VECTOR('',#3084,1.);
#3084 = DIRECTION('',(1.,0.,0.));
#3085 = PCURVE('',#321,#3086);
#3086 = DEFINITIONAL_REPRESENTATION('',(#3087),#3091);
#3087 = LINE('',#3088,#3089);
#3088 = CARTESIAN_POINT('',(-0.,0.));
#3089 = VECTOR('',#3090,1.);
#3090 = DIRECTION('',(-0.,1.));
#3091 = ( GEOMETRIC_REPRESENTATION_CONTEXT(2) 
PARAMETRIC_REPRESENTATION_CONTEXT() REPRESENTATION_CONTEXT('2D SPACE',''
  ) );
#3092 = PCURVE('',#349,#3093);
#3093 = DEFINITIONAL_REPRESENTATION('',(#3094),#3098);
#3094 = LINE('',#3095,#3096);
#3095 = CARTESIAN_POINT('',(-0.,0.));
#3096 = VECTOR('',#3097,1.);
#3097 = DIRECTION('',(-1.,0.));
#3098 = ( GEOMETRIC_REPRESENTATION_CONTEXT(2) 
PARAMETRIC_REPRESENTATION_CONTEXT() REPRESENTATION_CONTEXT('2D SPACE',''
  ) );
#3099 = ORIENTED_EDGE('',*,*,#305,.T.);
#3100 = ORIENTED_EDGE('',*,*,#2954,.T.);
#3101 = ADVANCED_FACE('',(#3102),#547,.T.);
#3102 = FACE_BOUND('',#3103,.F.);
#3103 = EDGE_LOOP('',(#3104,#3127,#3148,#3149));
#3104 = ORIENTED_EDGE('',*,*,#3105,.F.);
#3105 = EDGE_CURVE('',#3106,#3005,#3108,.T.);
#3106 = VERTEX_POINT('',#3107);
#3107 = CARTESIAN_POINT('',(8.,19.8,6.3));
#3108 = SURFACE_CURVE('',#3109,(#3113,#3120),.PCURVE_S1.);
#3109 = LINE('',#3110,#3111);
#3110 = CARTESIAN_POINT('',(8.,10.5,6.3));
#3111 = VECTOR('',#3112,1.);
#3112 = DIRECTION('',(-0.,1.,2.22044604925E-16));
#3113 = PCURVE('',#547,#3114);
#3114 = DEFINITIONAL_REPRESENTATION('',(#3115),#3119);
#3115 = LINE('',#3116,#3117);
#3116 = CARTESIAN_POINT('',(-0.,16.));
#3117 = VECTOR('',#3118,1.);
#3118 = DIRECTION('',(-1.,0.));
#3119 = ( GEOMETRIC_REPRESENTATION_CONTEXT(2) 
PARAMETRIC_REPRESENTATION_CONTEXT() REPRESENTATION_CONTEXT('2D SPACE',''
  ) );
#3120 = PCURVE('',#870,#3121);
#3121 = DEFINITIONAL_REPRESENTATION('',(#3122),#3126);
#3122 = LINE('',#3123,#3124);
#3123 = CARTESIAN_POINT('',(-11.5,43.45));
#3124 = VECTOR('',#3125,1.);
#3125 = DIRECTION('',(1.,-0.));
#3126 = ( GEOMETRIC_REPRESENTATION_CONTEXT(2) 
PARAMETRIC_REPRESENTATION_CONTEXT() REPRESENTATION_CONTEXT('2D SPACE',''
  ) );
#3127 = ORIENTED_EDGE('',*,*,#3128,.F.);
#3128 = EDGE_CURVE('',#503,#3106,#3129,.T.);
#3129 = SURFACE_CURVE('',#3130,(#3134,#3141),.PCURVE_S1.);
#3130 = LINE('',#3131,#3132);
#3131 = CARTESIAN_POINT('',(-8.,19.8,6.3));
#3132 = VECTOR('',#3133,1.);
#3133 = DIRECTION('',(1.,0.,0.));
#3134 = PCURVE('',#547,#3135);
#3135 = DEFINITIONAL_REPRESENTATION('',(#3136),#3140);
#3136 = LINE('',#3137,#3138);
#3137 = CARTESIAN_POINT('',(-9.3,0.));
#3138 = VECTOR('',#3139,1.);
#3139 = DIRECTION('',(-0.,1.));
#3140 = ( GEOMETRIC_REPRESENTATION_CONTEXT(2) 
PARAMETRIC_REPRESENTATION_CONTEXT() REPRESENTATION_CONTEXT('2D SPACE',''
  ) );
#3141 = PCURVE('',#519,#3142);
#3142 = DEFINITIONAL_REPRESENTATION('',(#3143),#3147);
#3143 = LINE('',#3144,#3145);
#3144 = CARTESIAN_POINT('',(1.570796326795,0.));
#3145 = VECTOR('',#3146,1.);
#3146 = DIRECTION('',(0.,1.));
#3147 = ( GEOMETRIC_REPRESENTATION_CONTEXT(2) 
PARAMETRIC_REPRESENTATION_CONTEXT() REPRESENTATION_CONTEXT('2D SPACE',''
  ) );
#3148 = ORIENTED_EDGE('',*,*,#531,.T.);
#3149 = ORIENTED_EDGE('',*,*,#3032,.T.);
#3150 = ADVANCED_FACE('',(#3151),#349,.F.);
#3151 = FACE_BOUND('',#3152,.T.);
#3152 = EDGE_LOOP('',(#3153,#3154,#3155,#3178));
#3153 = ORIENTED_EDGE('',*,*,#333,.T.);
#3154 = ORIENTED_EDGE('',*,*,#3079,.T.);
#3155 = ORIENTED_EDGE('',*,*,#3156,.F.);
#3156 = EDGE_CURVE('',#3157,#3057,#3159,.T.);
#3157 = VERTEX_POINT('',#3158);
#3158 = CARTESIAN_POINT('',(8.,10.5,5.55));
#3159 = SURFACE_CURVE('',#3160,(#3164,#3171),.PCURVE_S1.);
#3160 = LINE('',#3161,#3162);
#3161 = CARTESIAN_POINT('',(8.,10.5,13.35));
#3162 = VECTOR('',#3163,1.);
#3163 = DIRECTION('',(0.,2.22044604925E-16,-1.));
#3164 = PCURVE('',#349,#3165);
#3165 = DEFINITIONAL_REPRESENTATION('',(#3166),#3170);
#3166 = LINE('',#3167,#3168);
#3167 = CARTESIAN_POINT('',(-16.,13.35));
#3168 = VECTOR('',#3169,1.);
#3169 = DIRECTION('',(-0.,-1.));
#3170 = ( GEOMETRIC_REPRESENTATION_CONTEXT(2) 
PARAMETRIC_REPRESENTATION_CONTEXT() REPRESENTATION_CONTEXT('2D SPACE',''
  ) );
#3171 = PCURVE('',#870,#3172);
#3172 = DEFINITIONAL_REPRESENTATION('',(#3173),#3177);
#3173 = LINE('',#3174,#3175);
#3174 = CARTESIAN_POINT('',(-11.5,36.4));
#3175 = VECTOR('',#3176,1.);
#3176 = DIRECTION('',(-0.,1.));
#3177 = ( GEOMETRIC_REPRESENTATION_CONTEXT(2) 
PARAMETRIC_REPRESENTATION_CONTEXT() REPRESENTATION_CONTEXT('2D SPACE',''
  ) );
#3178 = ORIENTED_EDGE('',*,*,#3179,.T.);
#3179 = EDGE_CURVE('',#3157,#334,#3180,.T.);
#3180 = SURFACE_CURVE('',#3181,(#3185,#3192),.PCURVE_S1.);
#3181 = LINE('',#3182,#3183);
#3182 = CARTESIAN_POINT('',(8.,10.5,5.55));
#3183 = VECTOR('',#3184,1.);
#3184 = DIRECTION('',(-1.,4.930380657631E-32,-2.22044604925E-16));
#3185 = PCURVE('',#349,#3186);
#3186 = DEFINITIONAL_REPRESENTATION('',(#3187),#3191);
#3187 = LINE('',#3188,#3189);
#3188 = CARTESIAN_POINT('',(-16.,5.55));
#3189 = VECTOR('',#3190,1.);
#3190 = DIRECTION('',(1.,-2.22044604925E-16));
#3191 = ( GEOMETRIC_REPRESENTATION_CONTEXT(2) 
PARAMETRIC_REPRESENTATION_CONTEXT() REPRESENTATION_CONTEXT('2D SPACE',''
  ) );
#3192 = PCURVE('',#378,#3193);
#3193 = DEFINITIONAL_REPRESENTATION('',(#3194),#3198);
#3194 = LINE('',#3195,#3196);
#3195 = CARTESIAN_POINT('',(-0.,0.));
#3196 = VECTOR('',#3197,1.);
#3197 = DIRECTION('',(-0.,1.));
#3198 = ( GEOMETRIC_REPRESENTATION_CONTEXT(2) 
PARAMETRIC_REPRESENTATION_CONTEXT() REPRESENTATION_CONTEXT('2D SPACE',''
  ) );
#3199 = ADVANCED_FACE('',(#3200),#519,.F.);
#3200 = FACE_BOUND('',#3201,.F.);
#3201 = EDGE_LOOP('',(#3202,#3203,#3204,#3232));
#3202 = ORIENTED_EDGE('',*,*,#502,.T.);
#3203 = ORIENTED_EDGE('',*,*,#3128,.T.);
#3204 = ORIENTED_EDGE('',*,*,#3205,.F.);
#3205 = EDGE_CURVE('',#3206,#3106,#3208,.T.);
#3206 = VERTEX_POINT('',#3207);
#3207 = CARTESIAN_POINT('',(8.,13.5,12.6));
#3208 = SURFACE_CURVE('',#3209,(#3214,#3221),.PCURVE_S1.);
#3209 = CIRCLE('',#3210,6.3);
#3210 = AXIS2_PLACEMENT_3D('',#3211,#3212,#3213);
#3211 = CARTESIAN_POINT('',(8.,19.8,12.6));
#3212 = DIRECTION('',(1.,0.,0.));
#3213 = DIRECTION('',(-0.,1.,2.22044604925E-16));
#3214 = PCURVE('',#519,#3215);
#3215 = DEFINITIONAL_REPRESENTATION('',(#3216),#3220);
#3216 = LINE('',#3217,#3218);
#3217 = CARTESIAN_POINT('',(-3.14159265359,16.));
#3218 = VECTOR('',#3219,1.);
#3219 = DIRECTION('',(1.,0.));
#3220 = ( GEOMETRIC_REPRESENTATION_CONTEXT(2) 
PARAMETRIC_REPRESENTATION_CONTEXT() REPRESENTATION_CONTEXT('2D SPACE',''
  ) );
#3221 = PCURVE('',#870,#3222);
#3222 = DEFINITIONAL_REPRESENTATION('',(#3223),#3231);
#3223 = ( BOUNDED_CURVE() B_SPLINE_CURVE(2,(#3224,#3225,#3226,#3227,
#3228,#3229,#3230),.UNSPECIFIED.,.T.,.F.) B_SPLINE_CURVE_WITH_KNOTS((1,2
    ,2,2,2,1),(-2.094395102393,0.,2.094395102393,4.188790204786,
6.28318530718,8.377580409573),.UNSPECIFIED.) CURVE() 
GEOMETRIC_REPRESENTATION_ITEM() RATIONAL_B_SPLINE_CURVE((1.,0.5,1.,0.5,
1.,0.5,1.)) REPRESENTATION_ITEM('') );
#3224 = CARTESIAN_POINT('',(4.1,37.15));
#3225 = CARTESIAN_POINT('',(4.1,26.238079912316));
#3226 = CARTESIAN_POINT('',(-5.35,31.694039956158));
#3227 = CARTESIAN_POINT('',(-14.8,37.15));
#3228 = CARTESIAN_POINT('',(-5.35,42.605960043842));
#3229 = CARTESIAN_POINT('',(4.1,48.061920087684));
#3230 = CARTESIAN_POINT('',(4.1,37.15));
#3231 = ( GEOMETRIC_REPRESENTATION_CONTEXT(2) 
PARAMETRIC_REPRESENTATION_CONTEXT() REPRESENTATION_CONTEXT('2D SPACE',''
  ) );
#3232 = ORIENTED_EDGE('',*,*,#3233,.F.);
#3233 = EDGE_CURVE('',#475,#3206,#3234,.T.);
#3234 = SURFACE_CURVE('',#3235,(#3239,#3246),.PCURVE_S1.);
#3235 = LINE('',#3236,#3237);
#3236 = CARTESIAN_POINT('',(-8.,13.5,12.6));
#3237 = VECTOR('',#3238,1.);
#3238 = DIRECTION('',(1.,0.,0.));
#3239 = PCURVE('',#519,#3240);
#3240 = DEFINITIONAL_REPRESENTATION('',(#3241),#3245);
#3241 = LINE('',#3242,#3243);
#3242 = CARTESIAN_POINT('',(0.,0.));
#3243 = VECTOR('',#3244,1.);
#3244 = DIRECTION('',(0.,1.));
#3245 = ( GEOMETRIC_REPRESENTATION_CONTEXT(2) 
PARAMETRIC_REPRESENTATION_CONTEXT() REPRESENTATION_CONTEXT('2D SPACE',''
  ) );
#3246 = PCURVE('',#490,#3247);
#3247 = DEFINITIONAL_REPRESENTATION('',(#3248),#3252);
#3248 = LINE('',#3249,#3250);
#3249 = CARTESIAN_POINT('',(-22.,19.85));
#3250 = VECTOR('',#3251,1.);
#3251 = DIRECTION('',(-1.,0.));
#3252 = ( GEOMETRIC_REPRESENTATION_CONTEXT(2) 
PARAMETRIC_REPRESENTATION_CONTEXT() REPRESENTATION_CONTEXT('2D SPACE',''
  ) );
#3253 = ADVANCED_FACE('',(#3254),#378,.F.);
#3254 = FACE_BOUND('',#3255,.T.);
#3255 = EDGE_LOOP('',(#3256,#3284,#3305,#3306));
#3256 = ORIENTED_EDGE('',*,*,#3257,.T.);
#3257 = EDGE_CURVE('',#3157,#3258,#3260,.T.);
#3258 = VERTEX_POINT('',#3259);
#3259 = CARTESIAN_POINT('',(8.,9.,7.05));
#3260 = SURFACE_CURVE('',#3261,(#3266,#3273),.PCURVE_S1.);
#3261 = CIRCLE('',#3262,1.5);
#3262 = AXIS2_PLACEMENT_3D('',#3263,#3264,#3265);
#3263 = CARTESIAN_POINT('',(8.,9.,5.55));
#3264 = DIRECTION('',(1.,-4.930380657631E-32,2.22044604925E-16));
#3265 = DIRECTION('',(2.22044604925E-16,2.22044604925E-16,-1.));
#3266 = PCURVE('',#378,#3267);
#3267 = DEFINITIONAL_REPRESENTATION('',(#3268),#3272);
#3268 = LINE('',#3269,#3270);
#3269 = CARTESIAN_POINT('',(1.570796326795,-7.105427357601E-15));
#3270 = VECTOR('',#3271,1.);
#3271 = DIRECTION('',(-1.,0.));
#3272 = ( GEOMETRIC_REPRESENTATION_CONTEXT(2) 
PARAMETRIC_REPRESENTATION_CONTEXT() REPRESENTATION_CONTEXT('2D SPACE',''
  ) );
#3273 = PCURVE('',#870,#3274);
#3274 = DEFINITIONAL_REPRESENTATION('',(#3275),#3283);
#3275 = ( BOUNDED_CURVE() B_SPLINE_CURVE(2,(#3276,#3277,#3278,#3279,
#3280,#3281,#3282),.UNSPECIFIED.,.T.,.F.) B_SPLINE_CURVE_WITH_KNOTS((1,2
    ,2,2,2,1),(-2.094395102393,0.,2.094395102393,4.188790204786,
6.28318530718,8.377580409573),.UNSPECIFIED.) CURVE() 
GEOMETRIC_REPRESENTATION_ITEM() RATIONAL_B_SPLINE_CURVE((1.,0.5,1.,0.5,
1.,0.5,1.)) REPRESENTATION_ITEM('') );
#3276 = CARTESIAN_POINT('',(-13.,45.7));
#3277 = CARTESIAN_POINT('',(-10.40192378864,45.7));
#3278 = CARTESIAN_POINT('',(-11.70096189432,43.45));
#3279 = CARTESIAN_POINT('',(-13.,41.2));
#3280 = CARTESIAN_POINT('',(-14.29903810567,43.45));
#3281 = CARTESIAN_POINT('',(-15.59807621135,45.7));
#3282 = CARTESIAN_POINT('',(-13.,45.7));
#3283 = ( GEOMETRIC_REPRESENTATION_CONTEXT(2) 
PARAMETRIC_REPRESENTATION_CONTEXT() REPRESENTATION_CONTEXT('2D SPACE',''
  ) );
#3284 = ORIENTED_EDGE('',*,*,#3285,.T.);
#3285 = EDGE_CURVE('',#3258,#362,#3286,.T.);
#3286 = SURFACE_CURVE('',#3287,(#3291,#3298),.PCURVE_S1.);
#3287 = LINE('',#3288,#3289);
#3288 = CARTESIAN_POINT('',(8.,9.,7.05));
#3289 = VECTOR('',#3290,1.);
#3290 = DIRECTION('',(-1.,4.930380657631E-32,-2.22044604925E-16));
#3291 = PCURVE('',#378,#3292);
#3292 = DEFINITIONAL_REPRESENTATION('',(#3293),#3297);
#3293 = LINE('',#3294,#3295);
#3294 = CARTESIAN_POINT('',(-1.570796326795,0.));
#3295 = VECTOR('',#3296,1.);
#3296 = DIRECTION('',(-0.,1.));
#3297 = ( GEOMETRIC_REPRESENTATION_CONTEXT(2) 
PARAMETRIC_REPRESENTATION_CONTEXT() REPRESENTATION_CONTEXT('2D SPACE',''
  ) );
#3298 = PCURVE('',#406,#3299);
#3299 = DEFINITIONAL_REPRESENTATION('',(#3300),#3304);
#3300 = LINE('',#3301,#3302);
#3301 = CARTESIAN_POINT('',(-8.,9.));
#3302 = VECTOR('',#3303,1.);
#3303 = DIRECTION('',(1.,1.944692274332E-62));
#3304 = ( GEOMETRIC_REPRESENTATION_CONTEXT(2) 
PARAMETRIC_REPRESENTATION_CONTEXT() REPRESENTATION_CONTEXT('2D SPACE',''
  ) );
#3305 = ORIENTED_EDGE('',*,*,#361,.F.);
#3306 = ORIENTED_EDGE('',*,*,#3179,.F.);
#3307 = ADVANCED_FACE('',(#3308),#490,.T.);
#3308 = FACE_BOUND('',#3309,.F.);
#3309 = EDGE_LOOP('',(#3310,#3333,#3354,#3355));
#3310 = ORIENTED_EDGE('',*,*,#3311,.F.);
#3311 = EDGE_CURVE('',#3312,#3206,#3314,.T.);
#3312 = VERTEX_POINT('',#3313);
#3313 = CARTESIAN_POINT('',(8.,13.5,13.35));
#3314 = SURFACE_CURVE('',#3315,(#3319,#3326),.PCURVE_S1.);
#3315 = LINE('',#3316,#3317);
#3316 = CARTESIAN_POINT('',(8.,13.5,13.35));
#3317 = VECTOR('',#3318,1.);
#3318 = DIRECTION('',(-5.039310182696E-16,4.740101140598E-16,-1.));
#3319 = PCURVE('',#490,#3320);
#3320 = DEFINITIONAL_REPRESENTATION('',(#3321),#3325);
#3321 = LINE('',#3322,#3323);
#3322 = CARTESIAN_POINT('',(-38.,20.6));
#3323 = VECTOR('',#3324,1.);
#3324 = DIRECTION('',(5.039310182696E-16,-1.));
#3325 = ( GEOMETRIC_REPRESENTATION_CONTEXT(2) 
PARAMETRIC_REPRESENTATION_CONTEXT() REPRESENTATION_CONTEXT('2D SPACE',''
  ) );
#3326 = PCURVE('',#870,#3327);
#3327 = DEFINITIONAL_REPRESENTATION('',(#3328),#3332);
#3328 = LINE('',#3329,#3330);
#3329 = CARTESIAN_POINT('',(-8.5,36.4));
#3330 = VECTOR('',#3331,1.);
#3331 = DIRECTION('',(2.519655091348E-16,1.));
#3332 = ( GEOMETRIC_REPRESENTATION_CONTEXT(2) 
PARAMETRIC_REPRESENTATION_CONTEXT() REPRESENTATION_CONTEXT('2D SPACE',''
  ) );
#3333 = ORIENTED_EDGE('',*,*,#3334,.T.);
#3334 = EDGE_CURVE('',#3312,#447,#3335,.T.);
#3335 = SURFACE_CURVE('',#3336,(#3340,#3347),.PCURVE_S1.);
#3336 = LINE('',#3337,#3338);
#3337 = CARTESIAN_POINT('',(-15.,13.5,13.35));
#3338 = VECTOR('',#3339,1.);
#3339 = DIRECTION('',(-1.,4.930380657631E-32,-2.22044604925E-16));
#3340 = PCURVE('',#490,#3341);
#3341 = DEFINITIONAL_REPRESENTATION('',(#3342),#3346);
#3342 = LINE('',#3343,#3344);
#3343 = CARTESIAN_POINT('',(-15.,20.6));
#3344 = VECTOR('',#3345,1.);
#3345 = DIRECTION('',(1.,-2.22044604925E-16));
#3346 = ( GEOMETRIC_REPRESENTATION_CONTEXT(2) 
PARAMETRIC_REPRESENTATION_CONTEXT() REPRESENTATION_CONTEXT('2D SPACE',''
  ) );
#3347 = PCURVE('',#462,#3348);
#3348 = DEFINITIONAL_REPRESENTATION('',(#3349),#3353);
#3349 = LINE('',#3350,#3351);
#3350 = CARTESIAN_POINT('',(15.,13.5));
#3351 = VECTOR('',#3352,1.);
#3352 = DIRECTION('',(1.,-0.));
#3353 = ( GEOMETRIC_REPRESENTATION_CONTEXT(2) 
PARAMETRIC_REPRESENTATION_CONTEXT() REPRESENTATION_CONTEXT('2D SPACE',''
  ) );
#3354 = ORIENTED_EDGE('',*,*,#474,.F.);
#3355 = ORIENTED_EDGE('',*,*,#3233,.T.);
#3356 = ADVANCED_FACE('',(#3357,#3406,#3441,#3476,#3511,#3546),#406,.T.
  );
#3357 = FACE_BOUND('',#3358,.F.);
#3358 = EDGE_LOOP('',(#3359,#3360,#3384,#3405));
#3359 = ORIENTED_EDGE('',*,*,#390,.T.);
#3360 = ORIENTED_EDGE('',*,*,#3361,.F.);
#3361 = EDGE_CURVE('',#3362,#391,#3364,.T.);
#3362 = VERTEX_POINT('',#3363);
#3363 = CARTESIAN_POINT('',(8.,6.645299090335,7.05));
#3364 = SURFACE_CURVE('',#3365,(#3370,#3377),.PCURVE_S1.);
#3365 = CIRCLE('',#3366,10.4);
#3366 = AXIS2_PLACEMENT_3D('',#3367,#3368,#3369);
#3367 = CARTESIAN_POINT('',(5.706546346573E-15,8.504308368629E-15,7.05)
  );
#3368 = DIRECTION('',(2.22044604925E-16,2.22044604925E-16,-1.));
#3369 = DIRECTION('',(0.769230769231,0.638971066378,3.126836202425E-16)
  );
#3370 = PCURVE('',#406,#3371);
#3371 = DEFINITIONAL_REPRESENTATION('',(#3372),#3376);
#3372 = CIRCLE('',#3373,10.4);
#3373 = AXIS2_PLACEMENT_2D('',#3374,#3375);
#3374 = CARTESIAN_POINT('',(0.,0.));
#3375 = DIRECTION('',(-0.769230769231,0.638971066378));
#3376 = ( GEOMETRIC_REPRESENTATION_CONTEXT(2) 
PARAMETRIC_REPRESENTATION_CONTEXT() REPRESENTATION_CONTEXT('2D SPACE',''
  ) );
#3377 = PCURVE('',#434,#3378);
#3378 = DEFINITIONAL_REPRESENTATION('',(#3379),#3383);
#3379 = LINE('',#3380,#3381);
#3380 = CARTESIAN_POINT('',(-6.976345214756,6.3));
#3381 = VECTOR('',#3382,1.);
#3382 = DIRECTION('',(1.,-0.));
#3383 = ( GEOMETRIC_REPRESENTATION_CONTEXT(2) 
PARAMETRIC_REPRESENTATION_CONTEXT() REPRESENTATION_CONTEXT('2D SPACE',''
  ) );
#3384 = ORIENTED_EDGE('',*,*,#3385,.T.);
#3385 = EDGE_CURVE('',#3362,#3258,#3386,.T.);
#3386 = SURFACE_CURVE('',#3387,(#3391,#3398),.PCURVE_S1.);
#3387 = LINE('',#3388,#3389);
#3388 = CARTESIAN_POINT('',(8.,8.504308368629E-15,7.05));
#3389 = VECTOR('',#3390,1.);
#3390 = DIRECTION('',(0.,1.,2.22044604925E-16));
#3391 = PCURVE('',#406,#3392);
#3392 = DEFINITIONAL_REPRESENTATION('',(#3393),#3397);
#3393 = LINE('',#3394,#3395);
#3394 = CARTESIAN_POINT('',(-8.,7.88860905221E-31));
#3395 = VECTOR('',#3396,1.);
#3396 = DIRECTION('',(-0.,1.));
#3397 = ( GEOMETRIC_REPRESENTATION_CONTEXT(2) 
PARAMETRIC_REPRESENTATION_CONTEXT() REPRESENTATION_CONTEXT('2D SPACE',''
  ) );
#3398 = PCURVE('',#870,#3399);
#3399 = DEFINITIONAL_REPRESENTATION('',(#3400),#3404);
#3400 = LINE('',#3401,#3402);
#3401 = CARTESIAN_POINT('',(-22.,42.7));
#3402 = VECTOR('',#3403,1.);
#3403 = DIRECTION('',(1.,-0.));
#3404 = ( GEOMETRIC_REPRESENTATION_CONTEXT(2) 
PARAMETRIC_REPRESENTATION_CONTEXT() REPRESENTATION_CONTEXT('2D SPACE',''
  ) );
#3405 = ORIENTED_EDGE('',*,*,#3285,.T.);
#3406 = FACE_BOUND('',#3407,.F.);
#3407 = EDGE_LOOP('',(#3408));
#3408 = ORIENTED_EDGE('',*,*,#3409,.F.);
#3409 = EDGE_CURVE('',#3410,#3410,#3412,.T.);
#3410 = VERTEX_POINT('',#3411);
#3411 = CARTESIAN_POINT('',(-1.75,-4.95,7.05));
#3412 = SURFACE_CURVE('',#3413,(#3418,#3429),.PCURVE_S1.);
#3413 = CIRCLE('',#3414,3.2);
#3414 = AXIS2_PLACEMENT_3D('',#3415,#3416,#3417);
#3415 = CARTESIAN_POINT('',(-4.95,-4.95,7.05));
#3416 = DIRECTION('',(-2.22044604925E-16,-2.22044604925E-16,1.));
#3417 = DIRECTION('',(1.,-4.930380657631E-32,2.22044604925E-16));
#3418 = PCURVE('',#406,#3419);
#3419 = DEFINITIONAL_REPRESENTATION('',(#3420),#3428);
#3420 = ( BOUNDED_CURVE() B_SPLINE_CURVE(2,(#3421,#3422,#3423,#3424,
#3425,#3426,#3427),.UNSPECIFIED.,.T.,.F.) B_SPLINE_CURVE_WITH_KNOTS((1,2
    ,2,2,2,1),(-2.094395102393,0.,2.094395102393,4.188790204786,
6.28318530718,8.377580409573),.UNSPECIFIED.) CURVE() 
GEOMETRIC_REPRESENTATION_ITEM() RATIONAL_B_SPLINE_CURVE((1.,0.5,1.,0.5,
1.,0.5,1.)) REPRESENTATION_ITEM('') );
#3421 = CARTESIAN_POINT('',(1.75,-4.95));
#3422 = CARTESIAN_POINT('',(1.75,0.59256258422));
#3423 = CARTESIAN_POINT('',(6.55,-2.17871870789));
#3424 = CARTESIAN_POINT('',(11.35,-4.95));
#3425 = CARTESIAN_POINT('',(6.55,-7.72128129211));
#3426 = CARTESIAN_POINT('',(1.75,-10.49256258422));
#3427 = CARTESIAN_POINT('',(1.75,-4.95));
#3428 = ( GEOMETRIC_REPRESENTATION_CONTEXT(2) 
PARAMETRIC_REPRESENTATION_CONTEXT() REPRESENTATION_CONTEXT('2D SPACE',''
  ) );
#3429 = PCURVE('',#3430,#3435);
#3430 = CYLINDRICAL_SURFACE('',#3431,3.2);
#3431 = AXIS2_PLACEMENT_3D('',#3432,#3433,#3434);
#3432 = CARTESIAN_POINT('',(-4.95,-4.95,9.85));
#3433 = DIRECTION('',(2.22044604925E-16,2.22044604925E-16,-1.));
#3434 = DIRECTION('',(1.,-4.930380657631E-32,2.22044604925E-16));
#3435 = DEFINITIONAL_REPRESENTATION('',(#3436),#3440);
#3436 = LINE('',#3437,#3438);
#3437 = CARTESIAN_POINT('',(-0.,2.8));
#3438 = VECTOR('',#3439,1.);
#3439 = DIRECTION('',(-1.,0.));
#3440 = ( GEOMETRIC_REPRESENTATION_CONTEXT(2) 
PARAMETRIC_REPRESENTATION_CONTEXT() REPRESENTATION_CONTEXT('2D SPACE',''
  ) );
#3441 = FACE_BOUND('',#3442,.F.);
#3442 = EDGE_LOOP('',(#3443));
#3443 = ORIENTED_EDGE('',*,*,#3444,.F.);
#3444 = EDGE_CURVE('',#3445,#3445,#3447,.T.);
#3445 = VERTEX_POINT('',#3446);
#3446 = CARTESIAN_POINT('',(8.15,-4.95,7.05));
#3447 = SURFACE_CURVE('',#3448,(#3453,#3464),.PCURVE_S1.);
#3448 = CIRCLE('',#3449,3.2);
#3449 = AXIS2_PLACEMENT_3D('',#3450,#3451,#3452);
#3450 = CARTESIAN_POINT('',(4.95,-4.95,7.05));
#3451 = DIRECTION('',(-2.22044604925E-16,-2.22044604925E-16,1.));
#3452 = DIRECTION('',(1.,-4.930380657631E-32,2.22044604925E-16));
#3453 = PCURVE('',#406,#3454);
#3454 = DEFINITIONAL_REPRESENTATION('',(#3455),#3463);
#3455 = ( BOUNDED_CURVE() B_SPLINE_CURVE(2,(#3456,#3457,#3458,#3459,
#3460,#3461,#3462),.UNSPECIFIED.,.T.,.F.) B_SPLINE_CURVE_WITH_KNOTS((1,2
    ,2,2,2,1),(-2.094395102393,0.,2.094395102393,4.188790204786,
6.28318530718,8.377580409573),.UNSPECIFIED.) CURVE() 
GEOMETRIC_REPRESENTATION_ITEM() RATIONAL_B_SPLINE_CURVE((1.,0.5,1.,0.5,
1.,0.5,1.)) REPRESENTATION_ITEM('') );
#3456 = CARTESIAN_POINT('',(-8.15,-4.95));
#3457 = CARTESIAN_POINT('',(-8.15,0.59256258422));
#3458 = CARTESIAN_POINT('',(-3.35,-2.17871870789));
#3459 = CARTESIAN_POINT('',(1.45,-4.95));
#3460 = CARTESIAN_POINT('',(-3.35,-7.72128129211));
#3461 = CARTESIAN_POINT('',(-8.15,-10.49256258422));
#3462 = CARTESIAN_POINT('',(-8.15,-4.95));
#3463 = ( GEOMETRIC_REPRESENTATION_CONTEXT(2) 
PARAMETRIC_REPRESENTATION_CONTEXT() REPRESENTATION_CONTEXT('2D SPACE',''
  ) );
#3464 = PCURVE('',#3465,#3470);
#3465 = CYLINDRICAL_SURFACE('',#3466,3.2);
#3466 = AXIS2_PLACEMENT_3D('',#3467,#3468,#3469);
#3467 = CARTESIAN_POINT('',(4.95,-4.95,9.85));
#3468 = DIRECTION('',(2.22044604925E-16,2.22044604925E-16,-1.));
#3469 = DIRECTION('',(1.,-4.930380657631E-32,2.22044604925E-16));
#3470 = DEFINITIONAL_REPRESENTATION('',(#3471),#3475);
#3471 = LINE('',#3472,#3473);
#3472 = CARTESIAN_POINT('',(-0.,2.8));
#3473 = VECTOR('',#3474,1.);
#3474 = DIRECTION('',(-1.,0.));
#3475 = ( GEOMETRIC_REPRESENTATION_CONTEXT(2) 
PARAMETRIC_REPRESENTATION_CONTEXT() REPRESENTATION_CONTEXT('2D SPACE',''
  ) );
#3476 = FACE_BOUND('',#3477,.F.);
#3477 = EDGE_LOOP('',(#3478));
#3478 = ORIENTED_EDGE('',*,*,#3479,.F.);
#3479 = EDGE_CURVE('',#3480,#3480,#3482,.T.);
#3480 = VERTEX_POINT('',#3481);
#3481 = CARTESIAN_POINT('',(-1.75,4.95,7.05));
#3482 = SURFACE_CURVE('',#3483,(#3488,#3499),.PCURVE_S1.);
#3483 = CIRCLE('',#3484,3.2);
#3484 = AXIS2_PLACEMENT_3D('',#3485,#3486,#3487);
#3485 = CARTESIAN_POINT('',(-4.95,4.95,7.05));
#3486 = DIRECTION('',(-2.22044604925E-16,-2.22044604925E-16,1.));
#3487 = DIRECTION('',(1.,-4.930380657631E-32,2.22044604925E-16));
#3488 = PCURVE('',#406,#3489);
#3489 = DEFINITIONAL_REPRESENTATION('',(#3490),#3498);
#3490 = ( BOUNDED_CURVE() B_SPLINE_CURVE(2,(#3491,#3492,#3493,#3494,
#3495,#3496,#3497),.UNSPECIFIED.,.T.,.F.) B_SPLINE_CURVE_WITH_KNOTS((1,2
    ,2,2,2,1),(-2.094395102393,0.,2.094395102393,4.188790204786,
6.28318530718,8.377580409573),.UNSPECIFIED.) CURVE() 
GEOMETRIC_REPRESENTATION_ITEM() RATIONAL_B_SPLINE_CURVE((1.,0.5,1.,0.5,
1.,0.5,1.)) REPRESENTATION_ITEM('') );
#3491 = CARTESIAN_POINT('',(1.75,4.95));
#3492 = CARTESIAN_POINT('',(1.75,10.49256258422));
#3493 = CARTESIAN_POINT('',(6.55,7.72128129211));
#3494 = CARTESIAN_POINT('',(11.35,4.95));
#3495 = CARTESIAN_POINT('',(6.55,2.17871870789));
#3496 = CARTESIAN_POINT('',(1.75,-0.59256258422));
#3497 = CARTESIAN_POINT('',(1.75,4.95));
#3498 = ( GEOMETRIC_REPRESENTATION_CONTEXT(2) 
PARAMETRIC_REPRESENTATION_CONTEXT() REPRESENTATION_CONTEXT('2D SPACE',''
  ) );
#3499 = PCURVE('',#3500,#3505);
#3500 = CYLINDRICAL_SURFACE('',#3501,3.2);
#3501 = AXIS2_PLACEMENT_3D('',#3502,#3503,#3504);
#3502 = CARTESIAN_POINT('',(-4.95,4.95,9.85));
#3503 = DIRECTION('',(2.22044604925E-16,2.22044604925E-16,-1.));
#3504 = DIRECTION('',(1.,-4.930380657631E-32,2.22044604925E-16));
#3505 = DEFINITIONAL_REPRESENTATION('',(#3506),#3510);
#3506 = LINE('',#3507,#3508);
#3507 = CARTESIAN_POINT('',(-0.,2.8));
#3508 = VECTOR('',#3509,1.);
#3509 = DIRECTION('',(-1.,0.));
#3510 = ( GEOMETRIC_REPRESENTATION_CONTEXT(2) 
PARAMETRIC_REPRESENTATION_CONTEXT() REPRESENTATION_CONTEXT('2D SPACE',''
  ) );
#3511 = FACE_BOUND('',#3512,.F.);
#3512 = EDGE_LOOP('',(#3513));
#3513 = ORIENTED_EDGE('',*,*,#3514,.F.);
#3514 = EDGE_CURVE('',#3515,#3515,#3517,.T.);
#3515 = VERTEX_POINT('',#3516);
#3516 = CARTESIAN_POINT('',(1.6,8.112421392902E-15,7.05));
#3517 = SURFACE_CURVE('',#3518,(#3523,#3534),.PCURVE_S1.);
#3518 = CIRCLE('',#3519,1.6);
#3519 = AXIS2_PLACEMENT_3D('',#3520,#3521,#3522);
#3520 = CARTESIAN_POINT('',(5.706546346573E-15,8.504308368629E-15,7.05)
  );
#3521 = DIRECTION('',(-2.22044604925E-16,-2.22044604925E-16,1.));
#3522 = DIRECTION('',(1.,-4.930380657631E-32,2.22044604925E-16));
#3523 = PCURVE('',#406,#3524);
#3524 = DEFINITIONAL_REPRESENTATION('',(#3525),#3533);
#3525 = ( BOUNDED_CURVE() B_SPLINE_CURVE(2,(#3526,#3527,#3528,#3529,
#3530,#3531,#3532),.UNSPECIFIED.,.T.,.F.) B_SPLINE_CURVE_WITH_KNOTS((1,2
    ,2,2,2,1),(-2.094395102393,0.,2.094395102393,4.188790204786,
6.28318530718,8.377580409573),.UNSPECIFIED.) CURVE() 
GEOMETRIC_REPRESENTATION_ITEM() RATIONAL_B_SPLINE_CURVE((1.,0.5,1.,0.5,
1.,0.5,1.)) REPRESENTATION_ITEM('') );
#3526 = CARTESIAN_POINT('',(-1.6,-3.111507638931E-62));
#3527 = CARTESIAN_POINT('',(-1.6,2.77128129211));
#3528 = CARTESIAN_POINT('',(0.8,1.385640646055));
#3529 = CARTESIAN_POINT('',(3.2,3.918869757272E-16));
#3530 = CARTESIAN_POINT('',(0.8,-1.385640646055));
#3531 = CARTESIAN_POINT('',(-1.6,-2.77128129211));
#3532 = CARTESIAN_POINT('',(-1.6,-3.111507638931E-62));
#3533 = ( GEOMETRIC_REPRESENTATION_CONTEXT(2) 
PARAMETRIC_REPRESENTATION_CONTEXT() REPRESENTATION_CONTEXT('2D SPACE',''
  ) );
#3534 = PCURVE('',#3535,#3540);
#3535 = CYLINDRICAL_SURFACE('',#3536,1.6);
#3536 = AXIS2_PLACEMENT_3D('',#3537,#3538,#3539);
#3537 = CARTESIAN_POINT('',(4.307665335546E-15,7.105427357601E-15,13.35)
  );
#3538 = DIRECTION('',(2.22044604925E-16,2.22044604925E-16,-1.));
#3539 = DIRECTION('',(1.,-4.930380657631E-32,2.22044604925E-16));
#3540 = DEFINITIONAL_REPRESENTATION('',(#3541),#3545);
#3541 = LINE('',#3542,#3543);
#3542 = CARTESIAN_POINT('',(-0.,6.3));
#3543 = VECTOR('',#3544,1.);
#3544 = DIRECTION('',(-1.,0.));
#3545 = ( GEOMETRIC_REPRESENTATION_CONTEXT(2) 
PARAMETRIC_REPRESENTATION_CONTEXT() REPRESENTATION_CONTEXT('2D SPACE',''
  ) );
#3546 = FACE_BOUND('',#3547,.F.);
#3547 = EDGE_LOOP('',(#3548));
#3548 = ORIENTED_EDGE('',*,*,#3549,.F.);
#3549 = EDGE_CURVE('',#3550,#3550,#3552,.T.);
#3550 = VERTEX_POINT('',#3551);
#3551 = CARTESIAN_POINT('',(8.15,4.95,7.05));
#3552 = SURFACE_CURVE('',#3553,(#3558,#3569),.PCURVE_S1.);
#3553 = CIRCLE('',#3554,3.2);
#3554 = AXIS2_PLACEMENT_3D('',#3555,#3556,#3557);
#3555 = CARTESIAN_POINT('',(4.95,4.95,7.05));
#3556 = DIRECTION('',(-2.22044604925E-16,-2.22044604925E-16,1.));
#3557 = DIRECTION('',(1.,-4.930380657631E-32,2.22044604925E-16));
#3558 = PCURVE('',#406,#3559);
#3559 = DEFINITIONAL_REPRESENTATION('',(#3560),#3568);
#3560 = ( BOUNDED_CURVE() B_SPLINE_CURVE(2,(#3561,#3562,#3563,#3564,
#3565,#3566,#3567),.UNSPECIFIED.,.T.,.F.) B_SPLINE_CURVE_WITH_KNOTS((1,2
    ,2,2,2,1),(-2.094395102393,0.,2.094395102393,4.188790204786,
6.28318530718,8.377580409573),.UNSPECIFIED.) CURVE() 
GEOMETRIC_REPRESENTATION_ITEM() RATIONAL_B_SPLINE_CURVE((1.,0.5,1.,0.5,
1.,0.5,1.)) REPRESENTATION_ITEM('') );
#3561 = CARTESIAN_POINT('',(-8.15,4.95));
#3562 = CARTESIAN_POINT('',(-8.15,10.49256258422));
#3563 = CARTESIAN_POINT('',(-3.35,7.72128129211));
#3564 = CARTESIAN_POINT('',(1.45,4.95));
#3565 = CARTESIAN_POINT('',(-3.35,2.17871870789));
#3566 = CARTESIAN_POINT('',(-8.15,-0.59256258422));
#3567 = CARTESIAN_POINT('',(-8.15,4.95));
#3568 = ( GEOMETRIC_REPRESENTATION_CONTEXT(2) 
PARAMETRIC_REPRESENTATION_CONTEXT() REPRESENTATION_CONTEXT('2D SPACE',''
  ) );
#3569 = PCURVE('',#3570,#3575);
#3570 = CYLINDRICAL_SURFACE('',#3571,3.2);
#3571 = AXIS2_PLACEMENT_3D('',#3572,#3573,#3574);
#3572 = CARTESIAN_POINT('',(4.95,4.95,9.85));
#3573 = DIRECTION('',(2.22044604925E-16,2.22044604925E-16,-1.));
#3574 = DIRECTION('',(1.,-4.930380657631E-32,2.22044604925E-16));
#3575 = DEFINITIONAL_REPRESENTATION('',(#3576),#3580);
#3576 = LINE('',#3577,#3578);
#3577 = CARTESIAN_POINT('',(-0.,2.8));
#3578 = VECTOR('',#3579,1.);
#3579 = DIRECTION('',(-1.,0.));
#3580 = ( GEOMETRIC_REPRESENTATION_CONTEXT(2) 
PARAMETRIC_REPRESENTATION_CONTEXT() REPRESENTATION_CONTEXT('2D SPACE',''
  ) );
#3581 = ADVANCED_FACE('',(#3582,#3635,#3670,#3705,#3740,#3775),#462,.F.
  );
#3582 = FACE_BOUND('',#3583,.T.);
#3583 = EDGE_LOOP('',(#3584,#3607,#3608,#3609));
#3584 = ORIENTED_EDGE('',*,*,#3585,.F.);
#3585 = EDGE_CURVE('',#3312,#3586,#3588,.T.);
#3586 = VERTEX_POINT('',#3587);
#3587 = CARTESIAN_POINT('',(8.,6.645299090335,13.35));
#3588 = SURFACE_CURVE('',#3589,(#3593,#3600),.PCURVE_S1.);
#3589 = LINE('',#3590,#3591);
#3590 = CARTESIAN_POINT('',(8.,13.5,13.35));
#3591 = VECTOR('',#3592,1.);
#3592 = DIRECTION('',(-7.644757583576E-15,-1.,-2.22044604925E-16));
#3593 = PCURVE('',#462,#3594);
#3594 = DEFINITIONAL_REPRESENTATION('',(#3595),#3599);
#3595 = LINE('',#3596,#3597);
#3596 = CARTESIAN_POINT('',(-8.,13.5));
#3597 = VECTOR('',#3598,1.);
#3598 = DIRECTION('',(7.644757583576E-15,-1.));
#3599 = ( GEOMETRIC_REPRESENTATION_CONTEXT(2) 
PARAMETRIC_REPRESENTATION_CONTEXT() REPRESENTATION_CONTEXT('2D SPACE',''
  ) );
#3600 = PCURVE('',#870,#3601);
#3601 = DEFINITIONAL_REPRESENTATION('',(#3602),#3606);
#3602 = LINE('',#3603,#3604);
#3603 = CARTESIAN_POINT('',(-8.5,36.4));
#3604 = VECTOR('',#3605,1.);
#3605 = DIRECTION('',(-1.,-1.676329423595E-30));
#3606 = ( GEOMETRIC_REPRESENTATION_CONTEXT(2) 
PARAMETRIC_REPRESENTATION_CONTEXT() REPRESENTATION_CONTEXT('2D SPACE',''
  ) );
#3607 = ORIENTED_EDGE('',*,*,#3334,.T.);
#3608 = ORIENTED_EDGE('',*,*,#446,.F.);
#3609 = ORIENTED_EDGE('',*,*,#3610,.T.);
#3610 = EDGE_CURVE('',#419,#3586,#3611,.T.);
#3611 = SURFACE_CURVE('',#3612,(#3617,#3628),.PCURVE_S1.);
#3612 = CIRCLE('',#3613,10.4);
#3613 = AXIS2_PLACEMENT_3D('',#3614,#3615,#3616);
#3614 = CARTESIAN_POINT('',(4.307665335546E-15,7.105427357601E-15,13.35)
  );
#3615 = DIRECTION('',(-2.22044604925E-16,-2.22044604925E-16,1.));
#3616 = DIRECTION('',(-0.769230769231,0.638971066378,-2.892346425753E-17
    ));
#3617 = PCURVE('',#462,#3618);
#3618 = DEFINITIONAL_REPRESENTATION('',(#3619),#3627);
#3619 = ( BOUNDED_CURVE() B_SPLINE_CURVE(2,(#3620,#3621,#3622,#3623,
#3624,#3625,#3626),.UNSPECIFIED.,.T.,.F.) B_SPLINE_CURVE_WITH_KNOTS((1,2
    ,2,2,2,1),(-2.094395102393,0.,2.094395102393,4.188790204786,
6.28318530718,8.377580409573),.UNSPECIFIED.) CURVE() 
GEOMETRIC_REPRESENTATION_ITEM() RATIONAL_B_SPLINE_CURVE((1.,0.5,1.,0.5,
1.,0.5,1.)) REPRESENTATION_ITEM('') );
#3620 = CARTESIAN_POINT('',(8.,6.645299090334));
#3621 = CARTESIAN_POINT('',(19.50999565595,-7.211107370217));
#3622 = CARTESIAN_POINT('',(1.754997827975,-10.25085277544));
#3623 = CARTESIAN_POINT('',(-16.,-13.29059818066));
#3624 = CARTESIAN_POINT('',(-9.754997827975,3.605553685108));
#3625 = CARTESIAN_POINT('',(-3.50999565595,20.501705550886));
#3626 = CARTESIAN_POINT('',(8.,6.645299090334));
#3627 = ( GEOMETRIC_REPRESENTATION_CONTEXT(2) 
PARAMETRIC_REPRESENTATION_CONTEXT() REPRESENTATION_CONTEXT('2D SPACE',''
  ) );
#3628 = PCURVE('',#434,#3629);
#3629 = DEFINITIONAL_REPRESENTATION('',(#3630),#3634);
#3630 = LINE('',#3631,#3632);
#3631 = CARTESIAN_POINT('',(-2.448432746013,0.));
#3632 = VECTOR('',#3633,1.);
#3633 = DIRECTION('',(-1.,0.));
#3634 = ( GEOMETRIC_REPRESENTATION_CONTEXT(2) 
PARAMETRIC_REPRESENTATION_CONTEXT() REPRESENTATION_CONTEXT('2D SPACE',''
  ) );
#3635 = FACE_BOUND('',#3636,.T.);
#3636 = EDGE_LOOP('',(#3637));
#3637 = ORIENTED_EDGE('',*,*,#3638,.F.);
#3638 = EDGE_CURVE('',#3639,#3639,#3641,.T.);
#3639 = VERTEX_POINT('',#3640);
#3640 = CARTESIAN_POINT('',(-3.25,-4.95,13.35));
#3641 = SURFACE_CURVE('',#3642,(#3647,#3658),.PCURVE_S1.);
#3642 = CIRCLE('',#3643,1.7);
#3643 = AXIS2_PLACEMENT_3D('',#3644,#3645,#3646);
#3644 = CARTESIAN_POINT('',(-4.95,-4.95,13.35));
#3645 = DIRECTION('',(-2.22044604925E-16,-2.22044604925E-16,1.));
#3646 = DIRECTION('',(1.,-4.930380657631E-32,2.22044604925E-16));
#3647 = PCURVE('',#462,#3648);
#3648 = DEFINITIONAL_REPRESENTATION('',(#3649),#3657);
#3649 = ( BOUNDED_CURVE() B_SPLINE_CURVE(2,(#3650,#3651,#3652,#3653,
#3654,#3655,#3656),.UNSPECIFIED.,.T.,.F.) B_SPLINE_CURVE_WITH_KNOTS((1,2
    ,2,2,2,1),(-2.094395102393,0.,2.094395102393,4.188790204786,
6.28318530718,8.377580409573),.UNSPECIFIED.) CURVE() 
GEOMETRIC_REPRESENTATION_ITEM() RATIONAL_B_SPLINE_CURVE((1.,0.5,1.,0.5,
1.,0.5,1.)) REPRESENTATION_ITEM('') );
#3650 = CARTESIAN_POINT('',(3.25,-4.95));
#3651 = CARTESIAN_POINT('',(3.25,-2.005513627133));
#3652 = CARTESIAN_POINT('',(5.8,-3.477756813566));
#3653 = CARTESIAN_POINT('',(8.35,-4.95));
#3654 = CARTESIAN_POINT('',(5.8,-6.422243186434));
#3655 = CARTESIAN_POINT('',(3.25,-7.894486372867));
#3656 = CARTESIAN_POINT('',(3.25,-4.95));
#3657 = ( GEOMETRIC_REPRESENTATION_CONTEXT(2) 
PARAMETRIC_REPRESENTATION_CONTEXT() REPRESENTATION_CONTEXT('2D SPACE',''
  ) );
#3658 = PCURVE('',#3659,#3664);
#3659 = CYLINDRICAL_SURFACE('',#3660,1.7);
#3660 = AXIS2_PLACEMENT_3D('',#3661,#3662,#3663);
#3661 = CARTESIAN_POINT('',(-4.95,-4.95,14.35));
#3662 = DIRECTION('',(2.22044604925E-16,2.22044604925E-16,-1.));
#3663 = DIRECTION('',(1.,-4.930380657631E-32,2.22044604925E-16));
#3664 = DEFINITIONAL_REPRESENTATION('',(#3665),#3669);
#3665 = LINE('',#3666,#3667);
#3666 = CARTESIAN_POINT('',(-0.,1.));
#3667 = VECTOR('',#3668,1.);
#3668 = DIRECTION('',(-1.,0.));
#3669 = ( GEOMETRIC_REPRESENTATION_CONTEXT(2) 
PARAMETRIC_REPRESENTATION_CONTEXT() REPRESENTATION_CONTEXT('2D SPACE',''
  ) );
#3670 = FACE_BOUND('',#3671,.T.);
#3671 = EDGE_LOOP('',(#3672));
#3672 = ORIENTED_EDGE('',*,*,#3673,.F.);
#3673 = EDGE_CURVE('',#3674,#3674,#3676,.T.);
#3674 = VERTEX_POINT('',#3675);
#3675 = CARTESIAN_POINT('',(6.65,-4.95,13.35));
#3676 = SURFACE_CURVE('',#3677,(#3682,#3693),.PCURVE_S1.);
#3677 = CIRCLE('',#3678,1.7);
#3678 = AXIS2_PLACEMENT_3D('',#3679,#3680,#3681);
#3679 = CARTESIAN_POINT('',(4.95,-4.95,13.35));
#3680 = DIRECTION('',(-2.22044604925E-16,-2.22044604925E-16,1.));
#3681 = DIRECTION('',(1.,-4.930380657631E-32,2.22044604925E-16));
#3682 = PCURVE('',#462,#3683);
#3683 = DEFINITIONAL_REPRESENTATION('',(#3684),#3692);
#3684 = ( BOUNDED_CURVE() B_SPLINE_CURVE(2,(#3685,#3686,#3687,#3688,
#3689,#3690,#3691),.UNSPECIFIED.,.T.,.F.) B_SPLINE_CURVE_WITH_KNOTS((1,2
    ,2,2,2,1),(-2.094395102393,0.,2.094395102393,4.188790204786,
6.28318530718,8.377580409573),.UNSPECIFIED.) CURVE() 
GEOMETRIC_REPRESENTATION_ITEM() RATIONAL_B_SPLINE_CURVE((1.,0.5,1.,0.5,
1.,0.5,1.)) REPRESENTATION_ITEM('') );
#3685 = CARTESIAN_POINT('',(-6.65,-4.95));
#3686 = CARTESIAN_POINT('',(-6.65,-2.005513627133));
#3687 = CARTESIAN_POINT('',(-4.1,-3.477756813566));
#3688 = CARTESIAN_POINT('',(-1.55,-4.95));
#3689 = CARTESIAN_POINT('',(-4.1,-6.422243186434));
#3690 = CARTESIAN_POINT('',(-6.65,-7.894486372867));
#3691 = CARTESIAN_POINT('',(-6.65,-4.95));
#3692 = ( GEOMETRIC_REPRESENTATION_CONTEXT(2) 
PARAMETRIC_REPRESENTATION_CONTEXT() REPRESENTATION_CONTEXT('2D SPACE',''
  ) );
#3693 = PCURVE('',#3694,#3699);
#3694 = CYLINDRICAL_SURFACE('',#3695,1.7);
#3695 = AXIS2_PLACEMENT_3D('',#3696,#3697,#3698);
#3696 = CARTESIAN_POINT('',(4.95,-4.95,14.35));
#3697 = DIRECTION('',(2.22044604925E-16,2.22044604925E-16,-1.));
#3698 = DIRECTION('',(1.,-4.930380657631E-32,2.22044604925E-16));
#3699 = DEFINITIONAL_REPRESENTATION('',(#3700),#3704);
#3700 = LINE('',#3701,#3702);
#3701 = CARTESIAN_POINT('',(-0.,1.));
#3702 = VECTOR('',#3703,1.);
#3703 = DIRECTION('',(-1.,0.));
#3704 = ( GEOMETRIC_REPRESENTATION_CONTEXT(2) 
PARAMETRIC_REPRESENTATION_CONTEXT() REPRESENTATION_CONTEXT('2D SPACE',''
  ) );
#3705 = FACE_BOUND('',#3706,.T.);
#3706 = EDGE_LOOP('',(#3707));
#3707 = ORIENTED_EDGE('',*,*,#3708,.F.);
#3708 = EDGE_CURVE('',#3709,#3709,#3711,.T.);
#3709 = VERTEX_POINT('',#3710);
#3710 = CARTESIAN_POINT('',(-3.25,4.95,13.35));
#3711 = SURFACE_CURVE('',#3712,(#3717,#3728),.PCURVE_S1.);
#3712 = CIRCLE('',#3713,1.7);
#3713 = AXIS2_PLACEMENT_3D('',#3714,#3715,#3716);
#3714 = CARTESIAN_POINT('',(-4.95,4.95,13.35));
#3715 = DIRECTION('',(-2.22044604925E-16,-2.22044604925E-16,1.));
#3716 = DIRECTION('',(1.,-4.930380657631E-32,2.22044604925E-16));
#3717 = PCURVE('',#462,#3718);
#3718 = DEFINITIONAL_REPRESENTATION('',(#3719),#3727);
#3719 = ( BOUNDED_CURVE() B_SPLINE_CURVE(2,(#3720,#3721,#3722,#3723,
#3724,#3725,#3726),.UNSPECIFIED.,.T.,.F.) B_SPLINE_CURVE_WITH_KNOTS((1,2
    ,2,2,2,1),(-2.094395102393,0.,2.094395102393,4.188790204786,
6.28318530718,8.377580409573),.UNSPECIFIED.) CURVE() 
GEOMETRIC_REPRESENTATION_ITEM() RATIONAL_B_SPLINE_CURVE((1.,0.5,1.,0.5,
1.,0.5,1.)) REPRESENTATION_ITEM('') );
#3720 = CARTESIAN_POINT('',(3.25,4.95));
#3721 = CARTESIAN_POINT('',(3.25,7.894486372867));
#3722 = CARTESIAN_POINT('',(5.8,6.422243186434));
#3723 = CARTESIAN_POINT('',(8.35,4.95));
#3724 = CARTESIAN_POINT('',(5.8,3.477756813566));
#3725 = CARTESIAN_POINT('',(3.25,2.005513627133));
#3726 = CARTESIAN_POINT('',(3.25,4.95));
#3727 = ( GEOMETRIC_REPRESENTATION_CONTEXT(2) 
PARAMETRIC_REPRESENTATION_CONTEXT() REPRESENTATION_CONTEXT('2D SPACE',''
  ) );
#3728 = PCURVE('',#3729,#3734);
#3729 = CYLINDRICAL_SURFACE('',#3730,1.7);
#3730 = AXIS2_PLACEMENT_3D('',#3731,#3732,#3733);
#3731 = CARTESIAN_POINT('',(-4.95,4.95,14.35));
#3732 = DIRECTION('',(2.22044604925E-16,2.22044604925E-16,-1.));
#3733 = DIRECTION('',(1.,-4.930380657631E-32,2.22044604925E-16));
#3734 = DEFINITIONAL_REPRESENTATION('',(#3735),#3739);
#3735 = LINE('',#3736,#3737);
#3736 = CARTESIAN_POINT('',(-0.,1.));
#3737 = VECTOR('',#3738,1.);
#3738 = DIRECTION('',(-1.,0.));
#3739 = ( GEOMETRIC_REPRESENTATION_CONTEXT(2) 
PARAMETRIC_REPRESENTATION_CONTEXT() REPRESENTATION_CONTEXT('2D SPACE',''
  ) );
#3740 = FACE_BOUND('',#3741,.T.);
#3741 = EDGE_LOOP('',(#3742));
#3742 = ORIENTED_EDGE('',*,*,#3743,.F.);
#3743 = EDGE_CURVE('',#3744,#3744,#3746,.T.);
#3744 = VERTEX_POINT('',#3745);
#3745 = CARTESIAN_POINT('',(2.9,6.395132214096E-15,13.35));
#3746 = SURFACE_CURVE('',#3747,(#3752,#3763),.PCURVE_S1.);
#3747 = CIRCLE('',#3748,2.9);
#3748 = AXIS2_PLACEMENT_3D('',#3749,#3750,#3751);
#3749 = CARTESIAN_POINT('',(4.307665335546E-15,7.105427357601E-15,13.35)
  );
#3750 = DIRECTION('',(-2.22044604925E-16,-2.22044604925E-16,1.));
#3751 = DIRECTION('',(1.,-4.930380657631E-32,2.22044604925E-16));
#3752 = PCURVE('',#462,#3753);
#3753 = DEFINITIONAL_REPRESENTATION('',(#3754),#3762);
#3754 = ( BOUNDED_CURVE() B_SPLINE_CURVE(2,(#3755,#3756,#3757,#3758,
#3759,#3760,#3761),.UNSPECIFIED.,.T.,.F.) B_SPLINE_CURVE_WITH_KNOTS((1,2
    ,2,2,2,1),(-2.094395102393,0.,2.094395102393,4.188790204786,
6.28318530718,8.377580409573),.UNSPECIFIED.) CURVE() 
GEOMETRIC_REPRESENTATION_ITEM() RATIONAL_B_SPLINE_CURVE((1.,0.5,1.,0.5,
1.,0.5,1.)) REPRESENTATION_ITEM('') );
#3755 = CARTESIAN_POINT('',(-2.9,5.595524044111E-15));
#3756 = CARTESIAN_POINT('',(-2.9,5.02294734195));
#3757 = CARTESIAN_POINT('',(1.45,2.511473670975));
#3758 = CARTESIAN_POINT('',(5.8,6.305819187616E-15));
#3759 = CARTESIAN_POINT('',(1.45,-2.511473670975));
#3760 = CARTESIAN_POINT('',(-2.9,-5.02294734195));
#3761 = CARTESIAN_POINT('',(-2.9,5.595524044111E-15));
#3762 = ( GEOMETRIC_REPRESENTATION_CONTEXT(2) 
PARAMETRIC_REPRESENTATION_CONTEXT() REPRESENTATION_CONTEXT('2D SPACE',''
  ) );
#3763 = PCURVE('',#3764,#3769);
#3764 = CYLINDRICAL_SURFACE('',#3765,2.9);
#3765 = AXIS2_PLACEMENT_3D('',#3766,#3767,#3768);
#3766 = CARTESIAN_POINT('',(4.307665335546E-15,7.105427357601E-15,13.35)
  );
#3767 = DIRECTION('',(2.22044604925E-16,2.22044604925E-16,-1.));
#3768 = DIRECTION('',(1.,-4.930380657631E-32,2.22044604925E-16));
#3769 = DEFINITIONAL_REPRESENTATION('',(#3770),#3774);
#3770 = LINE('',#3771,#3772);
#3771 = CARTESIAN_POINT('',(-0.,0.));
#3772 = VECTOR('',#3773,1.);
#3773 = DIRECTION('',(-1.,0.));
#3774 = ( GEOMETRIC_REPRESENTATION_CONTEXT(2) 
PARAMETRIC_REPRESENTATION_CONTEXT() REPRESENTATION_CONTEXT('2D SPACE',''
  ) );
#3775 = FACE_BOUND('',#3776,.T.);
#3776 = EDGE_LOOP('',(#3777));
#3777 = ORIENTED_EDGE('',*,*,#3778,.F.);
#3778 = EDGE_CURVE('',#3779,#3779,#3781,.T.);
#3779 = VERTEX_POINT('',#3780);
#3780 = CARTESIAN_POINT('',(6.65,4.95,13.35));
#3781 = SURFACE_CURVE('',#3782,(#3787,#3798),.PCURVE_S1.);
#3782 = CIRCLE('',#3783,1.7);
#3783 = AXIS2_PLACEMENT_3D('',#3784,#3785,#3786);
#3784 = CARTESIAN_POINT('',(4.95,4.95,13.35));
#3785 = DIRECTION('',(-2.22044604925E-16,-2.22044604925E-16,1.));
#3786 = DIRECTION('',(1.,-4.930380657631E-32,2.22044604925E-16));
#3787 = PCURVE('',#462,#3788);
#3788 = DEFINITIONAL_REPRESENTATION('',(#3789),#3797);
#3789 = ( BOUNDED_CURVE() B_SPLINE_CURVE(2,(#3790,#3791,#3792,#3793,
#3794,#3795,#3796),.UNSPECIFIED.,.T.,.F.) B_SPLINE_CURVE_WITH_KNOTS((1,2
    ,2,2,2,1),(-2.094395102393,0.,2.094395102393,4.188790204786,
6.28318530718,8.377580409573),.UNSPECIFIED.) CURVE() 
GEOMETRIC_REPRESENTATION_ITEM() RATIONAL_B_SPLINE_CURVE((1.,0.5,1.,0.5,
1.,0.5,1.)) REPRESENTATION_ITEM('') );
#3790 = CARTESIAN_POINT('',(-6.65,4.95));
#3791 = CARTESIAN_POINT('',(-6.65,7.894486372867));
#3792 = CARTESIAN_POINT('',(-4.1,6.422243186434));
#3793 = CARTESIAN_POINT('',(-1.55,4.95));
#3794 = CARTESIAN_POINT('',(-4.1,3.477756813566));
#3795 = CARTESIAN_POINT('',(-6.65,2.005513627133));
#3796 = CARTESIAN_POINT('',(-6.65,4.95));
#3797 = ( GEOMETRIC_REPRESENTATION_CONTEXT(2) 
PARAMETRIC_REPRESENTATION_CONTEXT() REPRESENTATION_CONTEXT('2D SPACE',''
  ) );
#3798 = PCURVE('',#3799,#3804);
#3799 = CYLINDRICAL_SURFACE('',#3800,1.7);
#3800 = AXIS2_PLACEMENT_3D('',#3801,#3802,#3803);
#3801 = CARTESIAN_POINT('',(4.95,4.95,14.35));
#3802 = DIRECTION('',(2.22044604925E-16,2.22044604925E-16,-1.));
#3803 = DIRECTION('',(1.,-4.930380657631E-32,2.22044604925E-16));
#3804 = DEFINITIONAL_REPRESENTATION('',(#3805),#3809);
#3805 = LINE('',#3806,#3807);
#3806 = CARTESIAN_POINT('',(-0.,1.));
#3807 = VECTOR('',#3808,1.);
#3808 = DIRECTION('',(-1.,0.));
#3809 = ( GEOMETRIC_REPRESENTATION_CONTEXT(2) 
PARAMETRIC_REPRESENTATION_CONTEXT() REPRESENTATION_CONTEXT('2D SPACE',''
  ) );
#3810 = ADVANCED_FACE('',(#3811),#434,.T.);
#3811 = FACE_BOUND('',#3812,.F.);
#3812 = EDGE_LOOP('',(#3813,#3814,#3835,#3836));
#3813 = ORIENTED_EDGE('',*,*,#3610,.T.);
#3814 = ORIENTED_EDGE('',*,*,#3815,.T.);
#3815 = EDGE_CURVE('',#3586,#3362,#3816,.T.);
#3816 = SURFACE_CURVE('',#3817,(#3821,#3828),.PCURVE_S1.);
#3817 = LINE('',#3818,#3819);
#3818 = CARTESIAN_POINT('',(8.,6.645299090334,13.35));
#3819 = VECTOR('',#3820,1.);
#3820 = DIRECTION('',(2.22044604925E-16,2.22044604925E-16,-1.));
#3821 = PCURVE('',#434,#3822);
#3822 = DEFINITIONAL_REPRESENTATION('',(#3823),#3827);
#3823 = LINE('',#3824,#3825);
#3824 = CARTESIAN_POINT('',(-6.976345214756,0.));
#3825 = VECTOR('',#3826,1.);
#3826 = DIRECTION('',(-0.,1.));
#3827 = ( GEOMETRIC_REPRESENTATION_CONTEXT(2) 
PARAMETRIC_REPRESENTATION_CONTEXT() REPRESENTATION_CONTEXT('2D SPACE',''
  ) );
#3828 = PCURVE('',#870,#3829);
#3829 = DEFINITIONAL_REPRESENTATION('',(#3830),#3834);
#3830 = LINE('',#3831,#3832);
#3831 = CARTESIAN_POINT('',(-15.35470090966,36.4));
#3832 = VECTOR('',#3833,1.);
#3833 = DIRECTION('',(-0.,1.));
#3834 = ( GEOMETRIC_REPRESENTATION_CONTEXT(2) 
PARAMETRIC_REPRESENTATION_CONTEXT() REPRESENTATION_CONTEXT('2D SPACE',''
  ) );
#3835 = ORIENTED_EDGE('',*,*,#3361,.T.);
#3836 = ORIENTED_EDGE('',*,*,#418,.F.);
#3837 = ADVANCED_FACE('',(#3838),#870,.F.);
#3838 = FACE_BOUND('',#3839,.T.);
#3839 = EDGE_LOOP('',(#3840,#3841,#3842,#3843,#3844,#3845,#3846,#3847,
    #3848,#3849,#3850,#3851,#3852,#3853,#3854,#3855,#3856,#3857,#3858,
    #3859,#3860,#3861,#3862,#3863,#3864,#3885,#3886,#3887,#3888));
#3840 = ORIENTED_EDGE('',*,*,#852,.T.);
#3841 = ORIENTED_EDGE('',*,*,#952,.T.);
#3842 = ORIENTED_EDGE('',*,*,#1027,.T.);
#3843 = ORIENTED_EDGE('',*,*,#1301,.F.);
#3844 = ORIENTED_EDGE('',*,*,#1398,.T.);
#3845 = ORIENTED_EDGE('',*,*,#1955,.F.);
#3846 = ORIENTED_EDGE('',*,*,#2080,.T.);
#3847 = ORIENTED_EDGE('',*,*,#2747,.T.);
#3848 = ORIENTED_EDGE('',*,*,#2798,.F.);
#3849 = ORIENTED_EDGE('',*,*,#2928,.F.);
#3850 = ORIENTED_EDGE('',*,*,#3004,.F.);
#3851 = ORIENTED_EDGE('',*,*,#3105,.F.);
#3852 = ORIENTED_EDGE('',*,*,#3205,.F.);
#3853 = ORIENTED_EDGE('',*,*,#3311,.F.);
#3854 = ORIENTED_EDGE('',*,*,#3585,.T.);
#3855 = ORIENTED_EDGE('',*,*,#3815,.T.);
#3856 = ORIENTED_EDGE('',*,*,#3385,.T.);
#3857 = ORIENTED_EDGE('',*,*,#3257,.F.);
#3858 = ORIENTED_EDGE('',*,*,#3156,.T.);
#3859 = ORIENTED_EDGE('',*,*,#3056,.F.);
#3860 = ORIENTED_EDGE('',*,*,#2977,.F.);
#3861 = ORIENTED_EDGE('',*,*,#2874,.F.);
#3862 = ORIENTED_EDGE('',*,*,#2130,.F.);
#3863 = ORIENTED_EDGE('',*,*,#2153,.T.);
#3864 = ORIENTED_EDGE('',*,*,#3865,.F.);
#3865 = EDGE_CURVE('',#1896,#2154,#3866,.T.);
#3866 = SURFACE_CURVE('',#3867,(#3871,#3878),.PCURVE_S1.);
#3867 = LINE('',#3868,#3869);
#3868 = CARTESIAN_POINT('',(8.,65.65,72.865));
#3869 = VECTOR('',#3870,1.);
#3870 = DIRECTION('',(0.,2.22044604925E-16,-1.));
#3871 = PCURVE('',#870,#3872);
#3872 = DEFINITIONAL_REPRESENTATION('',(#3873),#3877);
#3873 = LINE('',#3874,#3875);
#3874 = CARTESIAN_POINT('',(43.65,-23.115));
#3875 = VECTOR('',#3876,1.);
#3876 = DIRECTION('',(-0.,1.));
#3877 = ( GEOMETRIC_REPRESENTATION_CONTEXT(2) 
PARAMETRIC_REPRESENTATION_CONTEXT() REPRESENTATION_CONTEXT('2D SPACE',''
  ) );
#3878 = PCURVE('',#1916,#3879);
#3879 = DEFINITIONAL_REPRESENTATION('',(#3880),#3884);
#3880 = LINE('',#3881,#3882);
#3881 = CARTESIAN_POINT('',(0.,0.));
#3882 = VECTOR('',#3883,1.);
#3883 = DIRECTION('',(0.,1.));
#3884 = ( GEOMETRIC_REPRESENTATION_CONTEXT(2) 
PARAMETRIC_REPRESENTATION_CONTEXT() REPRESENTATION_CONTEXT('2D SPACE',''
  ) );
#3885 = ORIENTED_EDGE('',*,*,#1928,.F.);
#3886 = ORIENTED_EDGE('',*,*,#1327,.F.);
#3887 = ORIENTED_EDGE('',*,*,#1241,.F.);
#3888 = ORIENTED_EDGE('',*,*,#978,.T.);
#3889 = ADVANCED_FACE('',(#3890),#1097,.F.);
#3890 = FACE_BOUND('',#3891,.T.);
#3891 = EDGE_LOOP('',(#3892,#3893,#3916,#3947));
#3892 = ORIENTED_EDGE('',*,*,#1076,.F.);
#3893 = ORIENTED_EDGE('',*,*,#3894,.F.);
#3894 = EDGE_CURVE('',#3895,#1077,#3897,.T.);
#3895 = VERTEX_POINT('',#3896);
#3896 = CARTESIAN_POINT('',(1.75,-4.95,53.25));
#3897 = SEAM_CURVE('',#3898,(#3902,#3909),.PCURVE_S1.);
#3898 = LINE('',#3899,#3900);
#3899 = CARTESIAN_POINT('',(1.75,-4.95,53.25));
#3900 = VECTOR('',#3901,1.);
#3901 = DIRECTION('',(-2.22044604925E-16,-2.22044604925E-16,1.));
#3902 = PCURVE('',#1097,#3903);
#3903 = DEFINITIONAL_REPRESENTATION('',(#3904),#3908);
#3904 = LINE('',#3905,#3906);
#3905 = CARTESIAN_POINT('',(-6.28318530718,-0.));
#3906 = VECTOR('',#3907,1.);
#3907 = DIRECTION('',(-0.,1.));
#3908 = ( GEOMETRIC_REPRESENTATION_CONTEXT(2) 
PARAMETRIC_REPRESENTATION_CONTEXT() REPRESENTATION_CONTEXT('2D SPACE',''
  ) );
#3909 = PCURVE('',#1097,#3910);
#3910 = DEFINITIONAL_REPRESENTATION('',(#3911),#3915);
#3911 = LINE('',#3912,#3913);
#3912 = CARTESIAN_POINT('',(-0.,-0.));
#3913 = VECTOR('',#3914,1.);
#3914 = DIRECTION('',(-0.,1.));
#3915 = ( GEOMETRIC_REPRESENTATION_CONTEXT(2) 
PARAMETRIC_REPRESENTATION_CONTEXT() REPRESENTATION_CONTEXT('2D SPACE',''
  ) );
#3916 = ORIENTED_EDGE('',*,*,#3917,.T.);
#3917 = EDGE_CURVE('',#3895,#3895,#3918,.T.);
#3918 = SURFACE_CURVE('',#3919,(#3924,#3931),.PCURVE_S1.);
#3919 = CIRCLE('',#3920,3.2);
#3920 = AXIS2_PLACEMENT_3D('',#3921,#3922,#3923);
#3921 = CARTESIAN_POINT('',(4.95,-4.95,53.25));
#3922 = DIRECTION('',(2.22044604925E-16,2.22044604925E-16,-1.));
#3923 = DIRECTION('',(-1.,4.930380657631E-32,-2.22044604925E-16));
#3924 = PCURVE('',#1097,#3925);
#3925 = DEFINITIONAL_REPRESENTATION('',(#3926),#3930);
#3926 = LINE('',#3927,#3928);
#3927 = CARTESIAN_POINT('',(-0.,0.));
#3928 = VECTOR('',#3929,1.);
#3929 = DIRECTION('',(-1.,0.));
#3930 = ( GEOMETRIC_REPRESENTATION_CONTEXT(2) 
PARAMETRIC_REPRESENTATION_CONTEXT() REPRESENTATION_CONTEXT('2D SPACE',''
  ) );
#3931 = PCURVE('',#3932,#3937);
#3932 = PLANE('',#3933);
#3933 = AXIS2_PLACEMENT_3D('',#3934,#3935,#3936);
#3934 = CARTESIAN_POINT('',(4.95,-4.95,53.25));
#3935 = DIRECTION('',(-2.22044604925E-16,-2.22044604925E-16,1.));
#3936 = DIRECTION('',(1.,-4.930380657631E-32,2.22044604925E-16));
#3937 = DEFINITIONAL_REPRESENTATION('',(#3938),#3946);
#3938 = ( BOUNDED_CURVE() B_SPLINE_CURVE(2,(#3939,#3940,#3941,#3942,
#3943,#3944,#3945),.UNSPECIFIED.,.T.,.F.) B_SPLINE_CURVE_WITH_KNOTS((1,2
    ,2,2,2,1),(-2.094395102393,0.,2.094395102393,4.188790204786,
6.28318530718,8.377580409573),.UNSPECIFIED.) CURVE() 
GEOMETRIC_REPRESENTATION_ITEM() RATIONAL_B_SPLINE_CURVE((1.,0.5,1.,0.5,
1.,0.5,1.)) REPRESENTATION_ITEM('') );
#3939 = CARTESIAN_POINT('',(-3.2,6.223015277861E-62));
#3940 = CARTESIAN_POINT('',(-3.2,5.54256258422));
#3941 = CARTESIAN_POINT('',(1.6,2.77128129211));
#3942 = CARTESIAN_POINT('',(6.4,7.837739514543E-16));
#3943 = CARTESIAN_POINT('',(1.6,-2.77128129211));
#3944 = CARTESIAN_POINT('',(-3.2,-5.54256258422));
#3945 = CARTESIAN_POINT('',(-3.2,6.223015277861E-62));
#3946 = ( GEOMETRIC_REPRESENTATION_CONTEXT(2) 
PARAMETRIC_REPRESENTATION_CONTEXT() REPRESENTATION_CONTEXT('2D SPACE',''
  ) );
#3947 = ORIENTED_EDGE('',*,*,#3894,.T.);
#3948 = ADVANCED_FACE('',(#3949),#1132,.F.);
#3949 = FACE_BOUND('',#3950,.T.);
#3950 = EDGE_LOOP('',(#3951,#3952,#3975,#4006));
#3951 = ORIENTED_EDGE('',*,*,#1111,.F.);
#3952 = ORIENTED_EDGE('',*,*,#3953,.F.);
#3953 = EDGE_CURVE('',#3954,#1112,#3956,.T.);
#3954 = VERTEX_POINT('',#3955);
#3955 = CARTESIAN_POINT('',(-8.15,-4.95,53.25));
#3956 = SEAM_CURVE('',#3957,(#3961,#3968),.PCURVE_S1.);
#3957 = LINE('',#3958,#3959);
#3958 = CARTESIAN_POINT('',(-8.15,-4.95,53.25));
#3959 = VECTOR('',#3960,1.);
#3960 = DIRECTION('',(-2.22044604925E-16,-2.22044604925E-16,1.));
#3961 = PCURVE('',#1132,#3962);
#3962 = DEFINITIONAL_REPRESENTATION('',(#3963),#3967);
#3963 = LINE('',#3964,#3965);
#3964 = CARTESIAN_POINT('',(-6.28318530718,-0.));
#3965 = VECTOR('',#3966,1.);
#3966 = DIRECTION('',(-0.,1.));
#3967 = ( GEOMETRIC_REPRESENTATION_CONTEXT(2) 
PARAMETRIC_REPRESENTATION_CONTEXT() REPRESENTATION_CONTEXT('2D SPACE',''
  ) );
#3968 = PCURVE('',#1132,#3969);
#3969 = DEFINITIONAL_REPRESENTATION('',(#3970),#3974);
#3970 = LINE('',#3971,#3972);
#3971 = CARTESIAN_POINT('',(-0.,-0.));
#3972 = VECTOR('',#3973,1.);
#3973 = DIRECTION('',(-0.,1.));
#3974 = ( GEOMETRIC_REPRESENTATION_CONTEXT(2) 
PARAMETRIC_REPRESENTATION_CONTEXT() REPRESENTATION_CONTEXT('2D SPACE',''
  ) );
#3975 = ORIENTED_EDGE('',*,*,#3976,.T.);
#3976 = EDGE_CURVE('',#3954,#3954,#3977,.T.);
#3977 = SURFACE_CURVE('',#3978,(#3983,#3990),.PCURVE_S1.);
#3978 = CIRCLE('',#3979,3.2);
#3979 = AXIS2_PLACEMENT_3D('',#3980,#3981,#3982);
#3980 = CARTESIAN_POINT('',(-4.95,-4.95,53.25));
#3981 = DIRECTION('',(2.22044604925E-16,2.22044604925E-16,-1.));
#3982 = DIRECTION('',(-1.,4.930380657631E-32,-2.22044604925E-16));
#3983 = PCURVE('',#1132,#3984);
#3984 = DEFINITIONAL_REPRESENTATION('',(#3985),#3989);
#3985 = LINE('',#3986,#3987);
#3986 = CARTESIAN_POINT('',(-0.,0.));
#3987 = VECTOR('',#3988,1.);
#3988 = DIRECTION('',(-1.,0.));
#3989 = ( GEOMETRIC_REPRESENTATION_CONTEXT(2) 
PARAMETRIC_REPRESENTATION_CONTEXT() REPRESENTATION_CONTEXT('2D SPACE',''
  ) );
#3990 = PCURVE('',#3991,#3996);
#3991 = PLANE('',#3992);
#3992 = AXIS2_PLACEMENT_3D('',#3993,#3994,#3995);
#3993 = CARTESIAN_POINT('',(-4.95,-4.95,53.25));
#3994 = DIRECTION('',(-2.22044604925E-16,-2.22044604925E-16,1.));
#3995 = DIRECTION('',(1.,-4.930380657631E-32,2.22044604925E-16));
#3996 = DEFINITIONAL_REPRESENTATION('',(#3997),#4005);
#3997 = ( BOUNDED_CURVE() B_SPLINE_CURVE(2,(#3998,#3999,#4000,#4001,
#4002,#4003,#4004),.UNSPECIFIED.,.T.,.F.) B_SPLINE_CURVE_WITH_KNOTS((1,2
    ,2,2,2,1),(-2.094395102393,0.,2.094395102393,4.188790204786,
6.28318530718,8.377580409573),.UNSPECIFIED.) CURVE() 
GEOMETRIC_REPRESENTATION_ITEM() RATIONAL_B_SPLINE_CURVE((1.,0.5,1.,0.5,
1.,0.5,1.)) REPRESENTATION_ITEM('') );
#3998 = CARTESIAN_POINT('',(-3.2,6.223015277861E-62));
#3999 = CARTESIAN_POINT('',(-3.2,5.54256258422));
#4000 = CARTESIAN_POINT('',(1.6,2.77128129211));
#4001 = CARTESIAN_POINT('',(6.4,7.837739514543E-16));
#4002 = CARTESIAN_POINT('',(1.6,-2.77128129211));
#4003 = CARTESIAN_POINT('',(-3.2,-5.54256258422));
#4004 = CARTESIAN_POINT('',(-3.2,6.223015277861E-62));
#4005 = ( GEOMETRIC_REPRESENTATION_CONTEXT(2) 
PARAMETRIC_REPRESENTATION_CONTEXT() REPRESENTATION_CONTEXT('2D SPACE',''
  ) );
#4006 = ORIENTED_EDGE('',*,*,#3953,.T.);
#4007 = ADVANCED_FACE('',(#4008),#1167,.F.);
#4008 = FACE_BOUND('',#4009,.T.);
#4009 = EDGE_LOOP('',(#4010,#4011,#4034,#4065));
#4010 = ORIENTED_EDGE('',*,*,#1146,.F.);
#4011 = ORIENTED_EDGE('',*,*,#4012,.F.);
#4012 = EDGE_CURVE('',#4013,#1147,#4015,.T.);
#4013 = VERTEX_POINT('',#4014);
#4014 = CARTESIAN_POINT('',(1.75,4.95,53.25));
#4015 = SEAM_CURVE('',#4016,(#4020,#4027),.PCURVE_S1.);
#4016 = LINE('',#4017,#4018);
#4017 = CARTESIAN_POINT('',(1.75,4.95,53.25));
#4018 = VECTOR('',#4019,1.);
#4019 = DIRECTION('',(-2.22044604925E-16,-2.22044604925E-16,1.));
#4020 = PCURVE('',#1167,#4021);
#4021 = DEFINITIONAL_REPRESENTATION('',(#4022),#4026);
#4022 = LINE('',#4023,#4024);
#4023 = CARTESIAN_POINT('',(-6.28318530718,-0.));
#4024 = VECTOR('',#4025,1.);
#4025 = DIRECTION('',(-0.,1.));
#4026 = ( GEOMETRIC_REPRESENTATION_CONTEXT(2) 
PARAMETRIC_REPRESENTATION_CONTEXT() REPRESENTATION_CONTEXT('2D SPACE',''
  ) );
#4027 = PCURVE('',#1167,#4028);
#4028 = DEFINITIONAL_REPRESENTATION('',(#4029),#4033);
#4029 = LINE('',#4030,#4031);
#4030 = CARTESIAN_POINT('',(-0.,-0.));
#4031 = VECTOR('',#4032,1.);
#4032 = DIRECTION('',(-0.,1.));
#4033 = ( GEOMETRIC_REPRESENTATION_CONTEXT(2) 
PARAMETRIC_REPRESENTATION_CONTEXT() REPRESENTATION_CONTEXT('2D SPACE',''
  ) );
#4034 = ORIENTED_EDGE('',*,*,#4035,.T.);
#4035 = EDGE_CURVE('',#4013,#4013,#4036,.T.);
#4036 = SURFACE_CURVE('',#4037,(#4042,#4049),.PCURVE_S1.);
#4037 = CIRCLE('',#4038,3.2);
#4038 = AXIS2_PLACEMENT_3D('',#4039,#4040,#4041);
#4039 = CARTESIAN_POINT('',(4.95,4.95,53.25));
#4040 = DIRECTION('',(2.22044604925E-16,2.22044604925E-16,-1.));
#4041 = DIRECTION('',(-1.,4.930380657631E-32,-2.22044604925E-16));
#4042 = PCURVE('',#1167,#4043);
#4043 = DEFINITIONAL_REPRESENTATION('',(#4044),#4048);
#4044 = LINE('',#4045,#4046);
#4045 = CARTESIAN_POINT('',(-0.,0.));
#4046 = VECTOR('',#4047,1.);
#4047 = DIRECTION('',(-1.,0.));
#4048 = ( GEOMETRIC_REPRESENTATION_CONTEXT(2) 
PARAMETRIC_REPRESENTATION_CONTEXT() REPRESENTATION_CONTEXT('2D SPACE',''
  ) );
#4049 = PCURVE('',#4050,#4055);
#4050 = PLANE('',#4051);
#4051 = AXIS2_PLACEMENT_3D('',#4052,#4053,#4054);
#4052 = CARTESIAN_POINT('',(4.95,4.95,53.25));
#4053 = DIRECTION('',(-2.22044604925E-16,-2.22044604925E-16,1.));
#4054 = DIRECTION('',(1.,-4.930380657631E-32,2.22044604925E-16));
#4055 = DEFINITIONAL_REPRESENTATION('',(#4056),#4064);
#4056 = ( BOUNDED_CURVE() B_SPLINE_CURVE(2,(#4057,#4058,#4059,#4060,
#4061,#4062,#4063),.UNSPECIFIED.,.T.,.F.) B_SPLINE_CURVE_WITH_KNOTS((1,2
    ,2,2,2,1),(-2.094395102393,0.,2.094395102393,4.188790204786,
6.28318530718,8.377580409573),.UNSPECIFIED.) CURVE() 
GEOMETRIC_REPRESENTATION_ITEM() RATIONAL_B_SPLINE_CURVE((1.,0.5,1.,0.5,
1.,0.5,1.)) REPRESENTATION_ITEM('') );
#4057 = CARTESIAN_POINT('',(-3.2,6.223015277861E-62));
#4058 = CARTESIAN_POINT('',(-3.2,5.54256258422));
#4059 = CARTESIAN_POINT('',(1.6,2.77128129211));
#4060 = CARTESIAN_POINT('',(6.4,7.837739514543E-16));
#4061 = CARTESIAN_POINT('',(1.6,-2.77128129211));
#4062 = CARTESIAN_POINT('',(-3.2,-5.54256258422));
#4063 = CARTESIAN_POINT('',(-3.2,6.223015277861E-62));
#4064 = ( GEOMETRIC_REPRESENTATION_CONTEXT(2) 
PARAMETRIC_REPRESENTATION_CONTEXT() REPRESENTATION_CONTEXT('2D SPACE',''
  ) );
#4065 = ORIENTED_EDGE('',*,*,#4012,.T.);
#4066 = ADVANCED_FACE('',(#4067),#1202,.F.);
#4067 = FACE_BOUND('',#4068,.T.);
#4068 = EDGE_LOOP('',(#4069,#4070,#4093,#4124));
#4069 = ORIENTED_EDGE('',*,*,#1181,.F.);
#4070 = ORIENTED_EDGE('',*,*,#4071,.F.);
#4071 = EDGE_CURVE('',#4072,#1182,#4074,.T.);
#4072 = VERTEX_POINT('',#4073);
#4073 = CARTESIAN_POINT('',(-8.15,4.95,53.25));
#4074 = SEAM_CURVE('',#4075,(#4079,#4086),.PCURVE_S1.);
#4075 = LINE('',#4076,#4077);
#4076 = CARTESIAN_POINT('',(-8.15,4.95,53.25));
#4077 = VECTOR('',#4078,1.);
#4078 = DIRECTION('',(-2.22044604925E-16,-2.22044604925E-16,1.));
#4079 = PCURVE('',#1202,#4080);
#4080 = DEFINITIONAL_REPRESENTATION('',(#4081),#4085);
#4081 = LINE('',#4082,#4083);
#4082 = CARTESIAN_POINT('',(-6.28318530718,-0.));
#4083 = VECTOR('',#4084,1.);
#4084 = DIRECTION('',(-0.,1.));
#4085 = ( GEOMETRIC_REPRESENTATION_CONTEXT(2) 
PARAMETRIC_REPRESENTATION_CONTEXT() REPRESENTATION_CONTEXT('2D SPACE',''
  ) );
#4086 = PCURVE('',#1202,#4087);
#4087 = DEFINITIONAL_REPRESENTATION('',(#4088),#4092);
#4088 = LINE('',#4089,#4090);
#4089 = CARTESIAN_POINT('',(-0.,-0.));
#4090 = VECTOR('',#4091,1.);
#4091 = DIRECTION('',(-0.,1.));
#4092 = ( GEOMETRIC_REPRESENTATION_CONTEXT(2) 
PARAMETRIC_REPRESENTATION_CONTEXT() REPRESENTATION_CONTEXT('2D SPACE',''
  ) );
#4093 = ORIENTED_EDGE('',*,*,#4094,.T.);
#4094 = EDGE_CURVE('',#4072,#4072,#4095,.T.);
#4095 = SURFACE_CURVE('',#4096,(#4101,#4108),.PCURVE_S1.);
#4096 = CIRCLE('',#4097,3.2);
#4097 = AXIS2_PLACEMENT_3D('',#4098,#4099,#4100);
#4098 = CARTESIAN_POINT('',(-4.95,4.95,53.25));
#4099 = DIRECTION('',(2.22044604925E-16,2.22044604925E-16,-1.));
#4100 = DIRECTION('',(-1.,4.930380657631E-32,-2.22044604925E-16));
#4101 = PCURVE('',#1202,#4102);
#4102 = DEFINITIONAL_REPRESENTATION('',(#4103),#4107);
#4103 = LINE('',#4104,#4105);
#4104 = CARTESIAN_POINT('',(-0.,0.));
#4105 = VECTOR('',#4106,1.);
#4106 = DIRECTION('',(-1.,0.));
#4107 = ( GEOMETRIC_REPRESENTATION_CONTEXT(2) 
PARAMETRIC_REPRESENTATION_CONTEXT() REPRESENTATION_CONTEXT('2D SPACE',''
  ) );
#4108 = PCURVE('',#4109,#4114);
#4109 = PLANE('',#4110);
#4110 = AXIS2_PLACEMENT_3D('',#4111,#4112,#4113);
#4111 = CARTESIAN_POINT('',(-4.95,4.95,53.25));
#4112 = DIRECTION('',(-2.22044604925E-16,-2.22044604925E-16,1.));
#4113 = DIRECTION('',(1.,-4.930380657631E-32,2.22044604925E-16));
#4114 = DEFINITIONAL_REPRESENTATION('',(#4115),#4123);
#4115 = ( BOUNDED_CURVE() B_SPLINE_CURVE(2,(#4116,#4117,#4118,#4119,
#4120,#4121,#4122),.UNSPECIFIED.,.T.,.F.) B_SPLINE_CURVE_WITH_KNOTS((1,2
    ,2,2,2,1),(-2.094395102393,0.,2.094395102393,4.188790204786,
6.28318530718,8.377580409573),.UNSPECIFIED.) CURVE() 
GEOMETRIC_REPRESENTATION_ITEM() RATIONAL_B_SPLINE_CURVE((1.,0.5,1.,0.5,
1.,0.5,1.)) REPRESENTATION_ITEM('') );
#4116 = CARTESIAN_POINT('',(-3.2,6.223015277861E-62));
#4117 = CARTESIAN_POINT('',(-3.2,5.54256258422));
#4118 = CARTESIAN_POINT('',(1.6,2.77128129211));
#4119 = CARTESIAN_POINT('',(6.4,7.837739514543E-16));
#4120 = CARTESIAN_POINT('',(1.6,-2.77128129211));
#4121 = CARTESIAN_POINT('',(-3.2,-5.54256258422));
#4122 = CARTESIAN_POINT('',(-3.2,6.223015277861E-62));
#4123 = ( GEOMETRIC_REPRESENTATION_CONTEXT(2) 
PARAMETRIC_REPRESENTATION_CONTEXT() REPRESENTATION_CONTEXT('2D SPACE',''
  ) );
#4124 = ORIENTED_EDGE('',*,*,#4071,.T.);
#4125 = ADVANCED_FACE('',(#4126),#1443,.F.);
#4126 = FACE_BOUND('',#4127,.T.);
#4127 = EDGE_LOOP('',(#4128,#4156,#4177,#4178));
#4128 = ORIENTED_EDGE('',*,*,#4129,.F.);
#4129 = EDGE_CURVE('',#4130,#4130,#4132,.T.);
#4130 = VERTEX_POINT('',#4131);
#4131 = CARTESIAN_POINT('',(3.25,-4.95,53.25));
#4132 = SURFACE_CURVE('',#4133,(#4138,#4145),.PCURVE_S1.);
#4133 = CIRCLE('',#4134,1.7);
#4134 = AXIS2_PLACEMENT_3D('',#4135,#4136,#4137);
#4135 = CARTESIAN_POINT('',(4.95,-4.95,53.25));
#4136 = DIRECTION('',(2.22044604925E-16,2.22044604925E-16,-1.));
#4137 = DIRECTION('',(-1.,4.930380657631E-32,-2.22044604925E-16));
#4138 = PCURVE('',#1443,#4139);
#4139 = DEFINITIONAL_REPRESENTATION('',(#4140),#4144);
#4140 = LINE('',#4141,#4142);
#4141 = CARTESIAN_POINT('',(-0.,4.5));
#4142 = VECTOR('',#4143,1.);
#4143 = DIRECTION('',(-1.,0.));
#4144 = ( GEOMETRIC_REPRESENTATION_CONTEXT(2) 
PARAMETRIC_REPRESENTATION_CONTEXT() REPRESENTATION_CONTEXT('2D SPACE',''
  ) );
#4145 = PCURVE('',#3932,#4146);
#4146 = DEFINITIONAL_REPRESENTATION('',(#4147),#4155);
#4147 = ( BOUNDED_CURVE() B_SPLINE_CURVE(2,(#4148,#4149,#4150,#4151,
#4152,#4153,#4154),.UNSPECIFIED.,.T.,.F.) B_SPLINE_CURVE_WITH_KNOTS((1,2
    ,2,2,2,1),(-2.094395102393,0.,2.094395102393,4.188790204786,
6.28318530718,8.377580409573),.UNSPECIFIED.) CURVE() 
GEOMETRIC_REPRESENTATION_ITEM() RATIONAL_B_SPLINE_CURVE((1.,0.5,1.,0.5,
1.,0.5,1.)) REPRESENTATION_ITEM('') );
#4148 = CARTESIAN_POINT('',(-1.7,3.305976866364E-62));
#4149 = CARTESIAN_POINT('',(-1.7,2.944486372867));
#4150 = CARTESIAN_POINT('',(0.85,1.472243186434));
#4151 = CARTESIAN_POINT('',(3.4,4.163799117101E-16));
#4152 = CARTESIAN_POINT('',(0.85,-1.472243186434));
#4153 = CARTESIAN_POINT('',(-1.7,-2.944486372867));
#4154 = CARTESIAN_POINT('',(-1.7,3.305976866364E-62));
#4155 = ( GEOMETRIC_REPRESENTATION_CONTEXT(2) 
PARAMETRIC_REPRESENTATION_CONTEXT() REPRESENTATION_CONTEXT('2D SPACE',''
  ) );
#4156 = ORIENTED_EDGE('',*,*,#4157,.F.);
#4157 = EDGE_CURVE('',#1423,#4130,#4158,.T.);
#4158 = SEAM_CURVE('',#4159,(#4163,#4170),.PCURVE_S1.);
#4159 = LINE('',#4160,#4161);
#4160 = CARTESIAN_POINT('',(3.25,-4.95,48.75));
#4161 = VECTOR('',#4162,1.);
#4162 = DIRECTION('',(-2.22044604925E-16,-2.22044604925E-16,1.));
#4163 = PCURVE('',#1443,#4164);
#4164 = DEFINITIONAL_REPRESENTATION('',(#4165),#4169);
#4165 = LINE('',#4166,#4167);
#4166 = CARTESIAN_POINT('',(-6.28318530718,-0.));
#4167 = VECTOR('',#4168,1.);
#4168 = DIRECTION('',(-0.,1.));
#4169 = ( GEOMETRIC_REPRESENTATION_CONTEXT(2) 
PARAMETRIC_REPRESENTATION_CONTEXT() REPRESENTATION_CONTEXT('2D SPACE',''
  ) );
#4170 = PCURVE('',#1443,#4171);
#4171 = DEFINITIONAL_REPRESENTATION('',(#4172),#4176);
#4172 = LINE('',#4173,#4174);
#4173 = CARTESIAN_POINT('',(-0.,-0.));
#4174 = VECTOR('',#4175,1.);
#4175 = DIRECTION('',(-0.,1.));
#4176 = ( GEOMETRIC_REPRESENTATION_CONTEXT(2) 
PARAMETRIC_REPRESENTATION_CONTEXT() REPRESENTATION_CONTEXT('2D SPACE',''
  ) );
#4177 = ORIENTED_EDGE('',*,*,#1422,.T.);
#4178 = ORIENTED_EDGE('',*,*,#4157,.T.);
#4179 = ADVANCED_FACE('',(#4180),#1478,.F.);
#4180 = FACE_BOUND('',#4181,.T.);
#4181 = EDGE_LOOP('',(#4182,#4210,#4231,#4232));
#4182 = ORIENTED_EDGE('',*,*,#4183,.F.);
#4183 = EDGE_CURVE('',#4184,#4184,#4186,.T.);
#4184 = VERTEX_POINT('',#4185);
#4185 = CARTESIAN_POINT('',(-6.65,-4.95,53.25));
#4186 = SURFACE_CURVE('',#4187,(#4192,#4199),.PCURVE_S1.);
#4187 = CIRCLE('',#4188,1.7);
#4188 = AXIS2_PLACEMENT_3D('',#4189,#4190,#4191);
#4189 = CARTESIAN_POINT('',(-4.95,-4.95,53.25));
#4190 = DIRECTION('',(2.22044604925E-16,2.22044604925E-16,-1.));
#4191 = DIRECTION('',(-1.,4.930380657631E-32,-2.22044604925E-16));
#4192 = PCURVE('',#1478,#4193);
#4193 = DEFINITIONAL_REPRESENTATION('',(#4194),#4198);
#4194 = LINE('',#4195,#4196);
#4195 = CARTESIAN_POINT('',(-0.,4.5));
#4196 = VECTOR('',#4197,1.);
#4197 = DIRECTION('',(-1.,0.));
#4198 = ( GEOMETRIC_REPRESENTATION_CONTEXT(2) 
PARAMETRIC_REPRESENTATION_CONTEXT() REPRESENTATION_CONTEXT('2D SPACE',''
  ) );
#4199 = PCURVE('',#3991,#4200);
#4200 = DEFINITIONAL_REPRESENTATION('',(#4201),#4209);
#4201 = ( BOUNDED_CURVE() B_SPLINE_CURVE(2,(#4202,#4203,#4204,#4205,
#4206,#4207,#4208),.UNSPECIFIED.,.T.,.F.) B_SPLINE_CURVE_WITH_KNOTS((1,2
    ,2,2,2,1),(-2.094395102393,0.,2.094395102393,4.188790204786,
6.28318530718,8.377580409573),.UNSPECIFIED.) CURVE() 
GEOMETRIC_REPRESENTATION_ITEM() RATIONAL_B_SPLINE_CURVE((1.,0.5,1.,0.5,
1.,0.5,1.)) REPRESENTATION_ITEM('') );
#4202 = CARTESIAN_POINT('',(-1.7,3.305976866364E-62));
#4203 = CARTESIAN_POINT('',(-1.7,2.944486372867));
#4204 = CARTESIAN_POINT('',(0.85,1.472243186434));
#4205 = CARTESIAN_POINT('',(3.4,4.163799117101E-16));
#4206 = CARTESIAN_POINT('',(0.85,-1.472243186434));
#4207 = CARTESIAN_POINT('',(-1.7,-2.944486372867));
#4208 = CARTESIAN_POINT('',(-1.7,3.305976866364E-62));
#4209 = ( GEOMETRIC_REPRESENTATION_CONTEXT(2) 
PARAMETRIC_REPRESENTATION_CONTEXT() REPRESENTATION_CONTEXT('2D SPACE',''
  ) );
#4210 = ORIENTED_EDGE('',*,*,#4211,.F.);
#4211 = EDGE_CURVE('',#1458,#4184,#4212,.T.);
#4212 = SEAM_CURVE('',#4213,(#4217,#4224),.PCURVE_S1.);
#4213 = LINE('',#4214,#4215);
#4214 = CARTESIAN_POINT('',(-6.65,-4.95,48.75));
#4215 = VECTOR('',#4216,1.);
#4216 = DIRECTION('',(-2.22044604925E-16,-2.22044604925E-16,1.));
#4217 = PCURVE('',#1478,#4218);
#4218 = DEFINITIONAL_REPRESENTATION('',(#4219),#4223);
#4219 = LINE('',#4220,#4221);
#4220 = CARTESIAN_POINT('',(-6.28318530718,-0.));
#4221 = VECTOR('',#4222,1.);
#4222 = DIRECTION('',(-0.,1.));
#4223 = ( GEOMETRIC_REPRESENTATION_CONTEXT(2) 
PARAMETRIC_REPRESENTATION_CONTEXT() REPRESENTATION_CONTEXT('2D SPACE',''
  ) );
#4224 = PCURVE('',#1478,#4225);
#4225 = DEFINITIONAL_REPRESENTATION('',(#4226),#4230);
#4226 = LINE('',#4227,#4228);
#4227 = CARTESIAN_POINT('',(-0.,-0.));
#4228 = VECTOR('',#4229,1.);
#4229 = DIRECTION('',(-0.,1.));
#4230 = ( GEOMETRIC_REPRESENTATION_CONTEXT(2) 
PARAMETRIC_REPRESENTATION_CONTEXT() REPRESENTATION_CONTEXT('2D SPACE',''
  ) );
#4231 = ORIENTED_EDGE('',*,*,#1457,.T.);
#4232 = ORIENTED_EDGE('',*,*,#4211,.T.);
#4233 = ADVANCED_FACE('',(#4234),#1513,.F.);
#4234 = FACE_BOUND('',#4235,.T.);
#4235 = EDGE_LOOP('',(#4236,#4264,#4285,#4286));
#4236 = ORIENTED_EDGE('',*,*,#4237,.F.);
#4237 = EDGE_CURVE('',#4238,#4238,#4240,.T.);
#4238 = VERTEX_POINT('',#4239);
#4239 = CARTESIAN_POINT('',(3.25,4.95,53.25));
#4240 = SURFACE_CURVE('',#4241,(#4246,#4253),.PCURVE_S1.);
#4241 = CIRCLE('',#4242,1.7);
#4242 = AXIS2_PLACEMENT_3D('',#4243,#4244,#4245);
#4243 = CARTESIAN_POINT('',(4.95,4.95,53.25));
#4244 = DIRECTION('',(2.22044604925E-16,2.22044604925E-16,-1.));
#4245 = DIRECTION('',(-1.,4.930380657631E-32,-2.22044604925E-16));
#4246 = PCURVE('',#1513,#4247);
#4247 = DEFINITIONAL_REPRESENTATION('',(#4248),#4252);
#4248 = LINE('',#4249,#4250);
#4249 = CARTESIAN_POINT('',(-0.,4.5));
#4250 = VECTOR('',#4251,1.);
#4251 = DIRECTION('',(-1.,0.));
#4252 = ( GEOMETRIC_REPRESENTATION_CONTEXT(2) 
PARAMETRIC_REPRESENTATION_CONTEXT() REPRESENTATION_CONTEXT('2D SPACE',''
  ) );
#4253 = PCURVE('',#4050,#4254);
#4254 = DEFINITIONAL_REPRESENTATION('',(#4255),#4263);
#4255 = ( BOUNDED_CURVE() B_SPLINE_CURVE(2,(#4256,#4257,#4258,#4259,
#4260,#4261,#4262),.UNSPECIFIED.,.T.,.F.) B_SPLINE_CURVE_WITH_KNOTS((1,2
    ,2,2,2,1),(-2.094395102393,0.,2.094395102393,4.188790204786,
6.28318530718,8.377580409573),.UNSPECIFIED.) CURVE() 
GEOMETRIC_REPRESENTATION_ITEM() RATIONAL_B_SPLINE_CURVE((1.,0.5,1.,0.5,
1.,0.5,1.)) REPRESENTATION_ITEM('') );
#4256 = CARTESIAN_POINT('',(-1.7,3.305976866364E-62));
#4257 = CARTESIAN_POINT('',(-1.7,2.944486372867));
#4258 = CARTESIAN_POINT('',(0.85,1.472243186434));
#4259 = CARTESIAN_POINT('',(3.4,4.163799117101E-16));
#4260 = CARTESIAN_POINT('',(0.85,-1.472243186434));
#4261 = CARTESIAN_POINT('',(-1.7,-2.944486372867));
#4262 = CARTESIAN_POINT('',(-1.7,3.305976866364E-62));
#4263 = ( GEOMETRIC_REPRESENTATION_CONTEXT(2) 
PARAMETRIC_REPRESENTATION_CONTEXT() REPRESENTATION_CONTEXT('2D SPACE',''
  ) );
#4264 = ORIENTED_EDGE('',*,*,#4265,.F.);
#4265 = EDGE_CURVE('',#1493,#4238,#4266,.T.);
#4266 = SEAM_CURVE('',#4267,(#4271,#4278),.PCURVE_S1.);
#4267 = LINE('',#4268,#4269);
#4268 = CARTESIAN_POINT('',(3.25,4.95,48.75));
#4269 = VECTOR('',#4270,1.);
#4270 = DIRECTION('',(-2.22044604925E-16,-2.22044604925E-16,1.));
#4271 = PCURVE('',#1513,#4272);
#4272 = DEFINITIONAL_REPRESENTATION('',(#4273),#4277);
#4273 = LINE('',#4274,#4275);
#4274 = CARTESIAN_POINT('',(-6.28318530718,-0.));
#4275 = VECTOR('',#4276,1.);
#4276 = DIRECTION('',(-0.,1.));
#4277 = ( GEOMETRIC_REPRESENTATION_CONTEXT(2) 
PARAMETRIC_REPRESENTATION_CONTEXT() REPRESENTATION_CONTEXT('2D SPACE',''
  ) );
#4278 = PCURVE('',#1513,#4279);
#4279 = DEFINITIONAL_REPRESENTATION('',(#4280),#4284);
#4280 = LINE('',#4281,#4282);
#4281 = CARTESIAN_POINT('',(-0.,-0.));
#4282 = VECTOR('',#4283,1.);
#4283 = DIRECTION('',(-0.,1.));
#4284 = ( GEOMETRIC_REPRESENTATION_CONTEXT(2) 
PARAMETRIC_REPRESENTATION_CONTEXT() REPRESENTATION_CONTEXT('2D SPACE',''
  ) );
#4285 = ORIENTED_EDGE('',*,*,#1492,.T.);
#4286 = ORIENTED_EDGE('',*,*,#4265,.T.);
#4287 = ADVANCED_FACE('',(#4288),#1548,.F.);
#4288 = FACE_BOUND('',#4289,.T.);
#4289 = EDGE_LOOP('',(#4290,#4323,#4344,#4345));
#4290 = ORIENTED_EDGE('',*,*,#4291,.F.);
#4291 = EDGE_CURVE('',#4292,#4292,#4294,.T.);
#4292 = VERTEX_POINT('',#4293);
#4293 = CARTESIAN_POINT('',(-4.3,-8.402872670285E-15,50.85));
#4294 = SURFACE_CURVE('',#4295,(#4300,#4307),.PCURVE_S1.);
#4295 = CIRCLE('',#4296,4.3);
#4296 = AXIS2_PLACEMENT_3D('',#4297,#4298,#4299);
#4297 = CARTESIAN_POINT('',(-4.019007349143E-15,-7.349676423019E-15,
    50.85));
#4298 = DIRECTION('',(2.22044604925E-16,2.22044604925E-16,-1.));
#4299 = DIRECTION('',(-1.,4.930380657631E-32,-2.22044604925E-16));
#4300 = PCURVE('',#1548,#4301);
#4301 = DEFINITIONAL_REPRESENTATION('',(#4302),#4306);
#4302 = LINE('',#4303,#4304);
#4303 = CARTESIAN_POINT('',(-0.,1.1));
#4304 = VECTOR('',#4305,1.);
#4305 = DIRECTION('',(-1.,0.));
#4306 = ( GEOMETRIC_REPRESENTATION_CONTEXT(2) 
PARAMETRIC_REPRESENTATION_CONTEXT() REPRESENTATION_CONTEXT('2D SPACE',''
  ) );
#4307 = PCURVE('',#4308,#4313);
#4308 = PLANE('',#4309);
#4309 = AXIS2_PLACEMENT_3D('',#4310,#4311,#4312);
#4310 = CARTESIAN_POINT('',(-4.019007349143E-15,-7.349676423019E-15,
    50.85));
#4311 = DIRECTION('',(-2.22044604925E-16,-2.22044604925E-16,1.));
#4312 = DIRECTION('',(1.,-4.930380657631E-32,2.22044604925E-16));
#4313 = DEFINITIONAL_REPRESENTATION('',(#4314),#4322);
#4314 = ( BOUNDED_CURVE() B_SPLINE_CURVE(2,(#4315,#4316,#4317,#4318,
#4319,#4320,#4321),.UNSPECIFIED.,.T.,.F.) B_SPLINE_CURVE_WITH_KNOTS((1,2
    ,2,2,2,1),(-2.094395102393,0.,2.094395102393,4.188790204786,
6.28318530718,8.377580409573),.UNSPECIFIED.) CURVE() 
GEOMETRIC_REPRESENTATION_ITEM() RATIONAL_B_SPLINE_CURVE((1.,0.5,1.,0.5,
1.,0.5,1.)) REPRESENTATION_ITEM('') );
#4315 = CARTESIAN_POINT('',(-4.3,8.362176779626E-62));
#4316 = CARTESIAN_POINT('',(-4.3,7.447818472546));
#4317 = CARTESIAN_POINT('',(2.15,3.723909236273));
#4318 = CARTESIAN_POINT('',(8.6,1.053196247267E-15));
#4319 = CARTESIAN_POINT('',(2.15,-3.723909236273));
#4320 = CARTESIAN_POINT('',(-4.3,-7.447818472546));
#4321 = CARTESIAN_POINT('',(-4.3,8.362176779626E-62));
#4322 = ( GEOMETRIC_REPRESENTATION_CONTEXT(2) 
PARAMETRIC_REPRESENTATION_CONTEXT() REPRESENTATION_CONTEXT('2D SPACE',''
  ) );
#4323 = ORIENTED_EDGE('',*,*,#4324,.F.);
#4324 = EDGE_CURVE('',#1528,#4292,#4325,.T.);
#4325 = SEAM_CURVE('',#4326,(#4330,#4337),.PCURVE_S1.);
#4326 = LINE('',#4327,#4328);
#4327 = CARTESIAN_POINT('',(-4.3,-8.158623604868E-15,49.75));
#4328 = VECTOR('',#4329,1.);
#4329 = DIRECTION('',(-2.22044604925E-16,-2.22044604925E-16,1.));
#4330 = PCURVE('',#1548,#4331);
#4331 = DEFINITIONAL_REPRESENTATION('',(#4332),#4336);
#4332 = LINE('',#4333,#4334);
#4333 = CARTESIAN_POINT('',(-6.28318530718,-0.));
#4334 = VECTOR('',#4335,1.);
#4335 = DIRECTION('',(-0.,1.));
#4336 = ( GEOMETRIC_REPRESENTATION_CONTEXT(2) 
PARAMETRIC_REPRESENTATION_CONTEXT() REPRESENTATION_CONTEXT('2D SPACE',''
  ) );
#4337 = PCURVE('',#1548,#4338);
#4338 = DEFINITIONAL_REPRESENTATION('',(#4339),#4343);
#4339 = LINE('',#4340,#4341);
#4340 = CARTESIAN_POINT('',(-0.,-0.));
#4341 = VECTOR('',#4342,1.);
#4342 = DIRECTION('',(-0.,1.));
#4343 = ( GEOMETRIC_REPRESENTATION_CONTEXT(2) 
PARAMETRIC_REPRESENTATION_CONTEXT() REPRESENTATION_CONTEXT('2D SPACE',''
  ) );
#4344 = ORIENTED_EDGE('',*,*,#1527,.T.);
#4345 = ORIENTED_EDGE('',*,*,#4324,.T.);
#4346 = ADVANCED_FACE('',(#4347),#1583,.F.);
#4347 = FACE_BOUND('',#4348,.T.);
#4348 = EDGE_LOOP('',(#4349,#4377,#4398,#4399));
#4349 = ORIENTED_EDGE('',*,*,#4350,.F.);
#4350 = EDGE_CURVE('',#4351,#4351,#4353,.T.);
#4351 = VERTEX_POINT('',#4352);
#4352 = CARTESIAN_POINT('',(-6.65,4.95,53.25));
#4353 = SURFACE_CURVE('',#4354,(#4359,#4366),.PCURVE_S1.);
#4354 = CIRCLE('',#4355,1.7);
#4355 = AXIS2_PLACEMENT_3D('',#4356,#4357,#4358);
#4356 = CARTESIAN_POINT('',(-4.95,4.95,53.25));
#4357 = DIRECTION('',(2.22044604925E-16,2.22044604925E-16,-1.));
#4358 = DIRECTION('',(-1.,4.930380657631E-32,-2.22044604925E-16));
#4359 = PCURVE('',#1583,#4360);
#4360 = DEFINITIONAL_REPRESENTATION('',(#4361),#4365);
#4361 = LINE('',#4362,#4363);
#4362 = CARTESIAN_POINT('',(-0.,4.5));
#4363 = VECTOR('',#4364,1.);
#4364 = DIRECTION('',(-1.,0.));
#4365 = ( GEOMETRIC_REPRESENTATION_CONTEXT(2) 
PARAMETRIC_REPRESENTATION_CONTEXT() REPRESENTATION_CONTEXT('2D SPACE',''
  ) );
#4366 = PCURVE('',#4109,#4367);
#4367 = DEFINITIONAL_REPRESENTATION('',(#4368),#4376);
#4368 = ( BOUNDED_CURVE() B_SPLINE_CURVE(2,(#4369,#4370,#4371,#4372,
#4373,#4374,#4375),.UNSPECIFIED.,.T.,.F.) B_SPLINE_CURVE_WITH_KNOTS((1,2
    ,2,2,2,1),(-2.094395102393,0.,2.094395102393,4.188790204786,
6.28318530718,8.377580409573),.UNSPECIFIED.) CURVE() 
GEOMETRIC_REPRESENTATION_ITEM() RATIONAL_B_SPLINE_CURVE((1.,0.5,1.,0.5,
1.,0.5,1.)) REPRESENTATION_ITEM('') );
#4369 = CARTESIAN_POINT('',(-1.7,3.305976866364E-62));
#4370 = CARTESIAN_POINT('',(-1.7,2.944486372867));
#4371 = CARTESIAN_POINT('',(0.85,1.472243186434));
#4372 = CARTESIAN_POINT('',(3.4,4.163799117101E-16));
#4373 = CARTESIAN_POINT('',(0.85,-1.472243186434));
#4374 = CARTESIAN_POINT('',(-1.7,-2.944486372867));
#4375 = CARTESIAN_POINT('',(-1.7,3.305976866364E-62));
#4376 = ( GEOMETRIC_REPRESENTATION_CONTEXT(2) 
PARAMETRIC_REPRESENTATION_CONTEXT() REPRESENTATION_CONTEXT('2D SPACE',''
  ) );
#4377 = ORIENTED_EDGE('',*,*,#4378,.F.);
#4378 = EDGE_CURVE('',#1563,#4351,#4379,.T.);
#4379 = SEAM_CURVE('',#4380,(#4384,#4391),.PCURVE_S1.);
#4380 = LINE('',#4381,#4382);
#4381 = CARTESIAN_POINT('',(-6.65,4.95,48.75));
#4382 = VECTOR('',#4383,1.);
#4383 = DIRECTION('',(-2.22044604925E-16,-2.22044604925E-16,1.));
#4384 = PCURVE('',#1583,#4385);
#4385 = DEFINITIONAL_REPRESENTATION('',(#4386),#4390);
#4386 = LINE('',#4387,#4388);
#4387 = CARTESIAN_POINT('',(-6.28318530718,-0.));
#4388 = VECTOR('',#4389,1.);
#4389 = DIRECTION('',(-0.,1.));
#4390 = ( GEOMETRIC_REPRESENTATION_CONTEXT(2) 
PARAMETRIC_REPRESENTATION_CONTEXT() REPRESENTATION_CONTEXT('2D SPACE',''
  ) );
#4391 = PCURVE('',#1583,#4392);
#4392 = DEFINITIONAL_REPRESENTATION('',(#4393),#4397);
#4393 = LINE('',#4394,#4395);
#4394 = CARTESIAN_POINT('',(-0.,-0.));
#4395 = VECTOR('',#4396,1.);
#4396 = DIRECTION('',(-0.,1.));
#4397 = ( GEOMETRIC_REPRESENTATION_CONTEXT(2) 
PARAMETRIC_REPRESENTATION_CONTEXT() REPRESENTATION_CONTEXT('2D SPACE',''
  ) );
#4398 = ORIENTED_EDGE('',*,*,#1562,.T.);
#4399 = ORIENTED_EDGE('',*,*,#4378,.T.);
#4400 = ADVANCED_FACE('',(#4401),#1639,.F.);
#4401 = FACE_BOUND('',#4402,.T.);
#4402 = EDGE_LOOP('',(#4403,#4404,#4425,#4426));
#4403 = ORIENTED_EDGE('',*,*,#1623,.F.);
#4404 = ORIENTED_EDGE('',*,*,#4405,.T.);
#4405 = EDGE_CURVE('',#1624,#2365,#4406,.T.);
#4406 = SURFACE_CURVE('',#4407,(#4411,#4418),.PCURVE_S1.);
#4407 = LINE('',#4408,#4409);
#4408 = CARTESIAN_POINT('',(-20.45,70.65,72.865));
#4409 = VECTOR('',#4410,1.);
#4410 = DIRECTION('',(0.,4.440892098501E-16,-1.));
#4411 = PCURVE('',#1639,#4412);
#4412 = DEFINITIONAL_REPRESENTATION('',(#4413),#4417);
#4413 = LINE('',#4414,#4415);
#4414 = CARTESIAN_POINT('',(-0.,0.));
#4415 = VECTOR('',#4416,1.);
#4416 = DIRECTION('',(-0.,-1.));
#4417 = ( GEOMETRIC_REPRESENTATION_CONTEXT(2) 
PARAMETRIC_REPRESENTATION_CONTEXT() REPRESENTATION_CONTEXT('2D SPACE',''
  ) );
#4418 = PCURVE('',#1672,#4419);
#4419 = DEFINITIONAL_REPRESENTATION('',(#4420),#4424);
#4420 = LINE('',#4421,#4422);
#4421 = CARTESIAN_POINT('',(-4.712388980385,0.));
#4422 = VECTOR('',#4423,1.);
#4423 = DIRECTION('',(-0.,-1.));
#4424 = ( GEOMETRIC_REPRESENTATION_CONTEXT(2) 
PARAMETRIC_REPRESENTATION_CONTEXT() REPRESENTATION_CONTEXT('2D SPACE',''
  ) );
#4425 = ORIENTED_EDGE('',*,*,#2388,.T.);
#4426 = ORIENTED_EDGE('',*,*,#2030,.T.);
#4427 = ADVANCED_FACE('',(#4428),#1672,.T.);
#4428 = FACE_BOUND('',#4429,.F.);
#4429 = EDGE_LOOP('',(#4430,#4431,#4432,#4453));
#4430 = ORIENTED_EDGE('',*,*,#4405,.T.);
#4431 = ORIENTED_EDGE('',*,*,#2364,.T.);
#4432 = ORIENTED_EDGE('',*,*,#4433,.F.);
#4433 = EDGE_CURVE('',#1652,#2342,#4434,.T.);
#4434 = SURFACE_CURVE('',#4435,(#4439,#4446),.PCURVE_S1.);
#4435 = LINE('',#4436,#4437);
#4436 = CARTESIAN_POINT('',(-22.45,72.65,72.865));
#4437 = VECTOR('',#4438,1.);
#4438 = DIRECTION('',(0.,4.440892098501E-16,-1.));
#4439 = PCURVE('',#1672,#4440);
#4440 = DEFINITIONAL_REPRESENTATION('',(#4441),#4445);
#4441 = LINE('',#4442,#4443);
#4442 = CARTESIAN_POINT('',(-6.28318530718,0.));
#4443 = VECTOR('',#4444,1.);
#4444 = DIRECTION('',(-0.,-1.));
#4445 = ( GEOMETRIC_REPRESENTATION_CONTEXT(2) 
PARAMETRIC_REPRESENTATION_CONTEXT() REPRESENTATION_CONTEXT('2D SPACE',''
  ) );
#4446 = PCURVE('',#1700,#4447);
#4447 = DEFINITIONAL_REPRESENTATION('',(#4448),#4452);
#4448 = LINE('',#4449,#4450);
#4449 = CARTESIAN_POINT('',(2.271919407037E-28,-2.));
#4450 = VECTOR('',#4451,1.);
#4451 = DIRECTION('',(-1.,0.));
#4452 = ( GEOMETRIC_REPRESENTATION_CONTEXT(2) 
PARAMETRIC_REPRESENTATION_CONTEXT() REPRESENTATION_CONTEXT('2D SPACE',''
  ) );
#4453 = ORIENTED_EDGE('',*,*,#1651,.F.);
#4454 = ADVANCED_FACE('',(#4455),#1916,.F.);
#4455 = FACE_BOUND('',#4456,.F.);
#4456 = EDGE_LOOP('',(#4457,#4458,#4479,#4480));
#4457 = ORIENTED_EDGE('',*,*,#1895,.T.);
#4458 = ORIENTED_EDGE('',*,*,#4459,.T.);
#4459 = EDGE_CURVE('',#1868,#2177,#4460,.T.);
#4460 = SURFACE_CURVE('',#4461,(#4465,#4472),.PCURVE_S1.);
#4461 = LINE('',#4462,#4463);
#4462 = CARTESIAN_POINT('',(13.,70.65,72.865));
#4463 = VECTOR('',#4464,1.);
#4464 = DIRECTION('',(0.,2.22044604925E-16,-1.));
#4465 = PCURVE('',#1916,#4466);
#4466 = DEFINITIONAL_REPRESENTATION('',(#4467),#4471);
#4467 = LINE('',#4468,#4469);
#4468 = CARTESIAN_POINT('',(1.570796326795,0.));
#4469 = VECTOR('',#4470,1.);
#4470 = DIRECTION('',(0.,1.));
#4471 = ( GEOMETRIC_REPRESENTATION_CONTEXT(2) 
PARAMETRIC_REPRESENTATION_CONTEXT() REPRESENTATION_CONTEXT('2D SPACE',''
  ) );
#4472 = PCURVE('',#1883,#4473);
#4473 = DEFINITIONAL_REPRESENTATION('',(#4474),#4478);
#4474 = LINE('',#4475,#4476);
#4475 = CARTESIAN_POINT('',(-33.45,-8.570921750106E-15));
#4476 = VECTOR('',#4477,1.);
#4477 = DIRECTION('',(-0.,-1.));
#4478 = ( GEOMETRIC_REPRESENTATION_CONTEXT(2) 
PARAMETRIC_REPRESENTATION_CONTEXT() REPRESENTATION_CONTEXT('2D SPACE',''
  ) );
#4479 = ORIENTED_EDGE('',*,*,#2176,.F.);
#4480 = ORIENTED_EDGE('',*,*,#3865,.F.);
#4481 = ADVANCED_FACE('',(#4482,#4508,#4543),#1700,.F.);
#4482 = FACE_BOUND('',#4483,.T.);
#4483 = EDGE_LOOP('',(#4484,#4485,#4486,#4507));
#4484 = ORIENTED_EDGE('',*,*,#4433,.F.);
#4485 = ORIENTED_EDGE('',*,*,#1684,.T.);
#4486 = ORIENTED_EDGE('',*,*,#4487,.T.);
#4487 = EDGE_CURVE('',#1685,#2318,#4488,.T.);
#4488 = SURFACE_CURVE('',#4489,(#4493,#4500),.PCURVE_S1.);
#4489 = LINE('',#4490,#4491);
#4490 = CARTESIAN_POINT('',(-22.45,97.349999997432,72.865));
#4491 = VECTOR('',#4492,1.);
#4492 = DIRECTION('',(0.,4.440892098501E-16,-1.));
#4493 = PCURVE('',#1700,#4494);
#4494 = DEFINITIONAL_REPRESENTATION('',(#4495),#4499);
#4495 = LINE('',#4496,#4497);
#4496 = CARTESIAN_POINT('',(-6.217248915092E-16,-26.69999999743));
#4497 = VECTOR('',#4498,1.);
#4498 = DIRECTION('',(-1.,0.));
#4499 = ( GEOMETRIC_REPRESENTATION_CONTEXT(2) 
PARAMETRIC_REPRESENTATION_CONTEXT() REPRESENTATION_CONTEXT('2D SPACE',''
  ) );
#4500 = PCURVE('',#1733,#4501);
#4501 = DEFINITIONAL_REPRESENTATION('',(#4502),#4506);
#4502 = LINE('',#4503,#4504);
#4503 = CARTESIAN_POINT('',(-0.,0.));
#4504 = VECTOR('',#4505,1.);
#4505 = DIRECTION('',(-0.,-1.));
#4506 = ( GEOMETRIC_REPRESENTATION_CONTEXT(2) 
PARAMETRIC_REPRESENTATION_CONTEXT() REPRESENTATION_CONTEXT('2D SPACE',''
  ) );
#4507 = ORIENTED_EDGE('',*,*,#2341,.F.);
#4508 = FACE_BOUND('',#4509,.T.);
#4509 = EDGE_LOOP('',(#4510));
#4510 = ORIENTED_EDGE('',*,*,#4511,.F.);
#4511 = EDGE_CURVE('',#4512,#4512,#4514,.T.);
#4512 = VERTEX_POINT('',#4513);
#4513 = CARTESIAN_POINT('',(-22.45,95.25,67.615));
#4514 = SURFACE_CURVE('',#4515,(#4520,#4531),.PCURVE_S1.);
#4515 = CIRCLE('',#4516,2.);
#4516 = AXIS2_PLACEMENT_3D('',#4517,#4518,#4519);
#4517 = CARTESIAN_POINT('',(-22.45,95.25,65.615));
#4518 = DIRECTION('',(-1.,-9.860761315263E-32,2.22044604925E-16));
#4519 = DIRECTION('',(2.22044604925E-16,-4.440892098501E-16,1.));
#4520 = PCURVE('',#1700,#4521);
#4521 = DEFINITIONAL_REPRESENTATION('',(#4522),#4530);
#4522 = ( BOUNDED_CURVE() B_SPLINE_CURVE(2,(#4523,#4524,#4525,#4526,
#4527,#4528,#4529),.UNSPECIFIED.,.T.,.F.) B_SPLINE_CURVE_WITH_KNOTS((1,2
    ,2,2,2,1),(-2.094395102393,0.,2.094395102393,4.188790204786,
6.28318530718,8.377580409573),.UNSPECIFIED.) CURVE() 
GEOMETRIC_REPRESENTATION_ITEM() RATIONAL_B_SPLINE_CURVE((1.,0.5,1.,0.5,
1.,0.5,1.)) REPRESENTATION_ITEM('') );
#4523 = CARTESIAN_POINT('',(-5.25,-24.6));
#4524 = CARTESIAN_POINT('',(-5.25,-28.06410161513));
#4525 = CARTESIAN_POINT('',(-8.25,-26.33205080756));
#4526 = CARTESIAN_POINT('',(-11.25,-24.6));
#4527 = CARTESIAN_POINT('',(-8.25,-22.86794919243));
#4528 = CARTESIAN_POINT('',(-5.25,-21.13589838486));
#4529 = CARTESIAN_POINT('',(-5.25,-24.6));
#4530 = ( GEOMETRIC_REPRESENTATION_CONTEXT(2) 
PARAMETRIC_REPRESENTATION_CONTEXT() REPRESENTATION_CONTEXT('2D SPACE',''
  ) );
#4531 = PCURVE('',#4532,#4537);
#4532 = CYLINDRICAL_SURFACE('',#4533,2.);
#4533 = AXIS2_PLACEMENT_3D('',#4534,#4535,#4536);
#4534 = CARTESIAN_POINT('',(-30.,95.25,65.615));
#4535 = DIRECTION('',(1.,9.860761315263E-32,-2.22044604925E-16));
#4536 = DIRECTION('',(2.22044604925E-16,-4.440892098501E-16,1.));
#4537 = DEFINITIONAL_REPRESENTATION('',(#4538),#4542);
#4538 = LINE('',#4539,#4540);
#4539 = CARTESIAN_POINT('',(-0.,7.55));
#4540 = VECTOR('',#4541,1.);
#4541 = DIRECTION('',(-1.,0.));
#4542 = ( GEOMETRIC_REPRESENTATION_CONTEXT(2) 
PARAMETRIC_REPRESENTATION_CONTEXT() REPRESENTATION_CONTEXT('2D SPACE',''
  ) );
#4543 = FACE_BOUND('',#4544,.T.);
#4544 = EDGE_LOOP('',(#4545));
#4545 = ORIENTED_EDGE('',*,*,#4546,.F.);
#4546 = EDGE_CURVE('',#4547,#4547,#4549,.T.);
#4547 = VERTEX_POINT('',#4548);
#4548 = CARTESIAN_POINT('',(-22.45,74.75,67.615));
#4549 = SURFACE_CURVE('',#4550,(#4555,#4566),.PCURVE_S1.);
#4550 = CIRCLE('',#4551,2.);
#4551 = AXIS2_PLACEMENT_3D('',#4552,#4553,#4554);
#4552 = CARTESIAN_POINT('',(-22.45,74.75,65.615));
#4553 = DIRECTION('',(-1.,-9.860761315263E-32,2.22044604925E-16));
#4554 = DIRECTION('',(2.22044604925E-16,-4.440892098501E-16,1.));
#4555 = PCURVE('',#1700,#4556);
#4556 = DEFINITIONAL_REPRESENTATION('',(#4557),#4565);
#4557 = ( BOUNDED_CURVE() B_SPLINE_CURVE(2,(#4558,#4559,#4560,#4561,
#4562,#4563,#4564),.UNSPECIFIED.,.T.,.F.) B_SPLINE_CURVE_WITH_KNOTS((1,2
    ,2,2,2,1),(-2.094395102393,0.,2.094395102393,4.188790204786,
6.28318530718,8.377580409573),.UNSPECIFIED.) CURVE() 
GEOMETRIC_REPRESENTATION_ITEM() RATIONAL_B_SPLINE_CURVE((1.,0.5,1.,0.5,
1.,0.5,1.)) REPRESENTATION_ITEM('') );
#4558 = CARTESIAN_POINT('',(-5.25,-4.1));
#4559 = CARTESIAN_POINT('',(-5.25,-7.564101615138));
#4560 = CARTESIAN_POINT('',(-8.25,-5.832050807569));
#4561 = CARTESIAN_POINT('',(-11.25,-4.1));
#4562 = CARTESIAN_POINT('',(-8.25,-2.367949192431));
#4563 = CARTESIAN_POINT('',(-5.25,-0.635898384862));
#4564 = CARTESIAN_POINT('',(-5.25,-4.1));
#4565 = ( GEOMETRIC_REPRESENTATION_CONTEXT(2) 
PARAMETRIC_REPRESENTATION_CONTEXT() REPRESENTATION_CONTEXT('2D SPACE',''
  ) );
#4566 = PCURVE('',#4567,#4572);
#4567 = CYLINDRICAL_SURFACE('',#4568,2.);
#4568 = AXIS2_PLACEMENT_3D('',#4569,#4570,#4571);
#4569 = CARTESIAN_POINT('',(-30.,74.75,65.615));
#4570 = DIRECTION('',(1.,9.860761315263E-32,-2.22044604925E-16));
#4571 = DIRECTION('',(2.22044604925E-16,-4.440892098501E-16,1.));
#4572 = DEFINITIONAL_REPRESENTATION('',(#4573),#4577);
#4573 = LINE('',#4574,#4575);
#4574 = CARTESIAN_POINT('',(-0.,7.55));
#4575 = VECTOR('',#4576,1.);
#4576 = DIRECTION('',(-1.,0.));
#4577 = ( GEOMETRIC_REPRESENTATION_CONTEXT(2) 
PARAMETRIC_REPRESENTATION_CONTEXT() REPRESENTATION_CONTEXT('2D SPACE',''
  ) );
#4578 = ADVANCED_FACE('',(#4579),#1883,.F.);
#4579 = FACE_BOUND('',#4580,.T.);
#4580 = EDGE_LOOP('',(#4581,#4582,#4583,#4584));
#4581 = ORIENTED_EDGE('',*,*,#1867,.F.);
#4582 = ORIENTED_EDGE('',*,*,#4459,.T.);
#4583 = ORIENTED_EDGE('',*,*,#2200,.T.);
#4584 = ORIENTED_EDGE('',*,*,#4585,.F.);
#4585 = EDGE_CURVE('',#1835,#2201,#4586,.T.);
#4586 = SURFACE_CURVE('',#4587,(#4591,#4598),.PCURVE_S1.);
#4587 = LINE('',#4588,#4589);
#4588 = CARTESIAN_POINT('',(20.45,70.65,72.865));
#4589 = VECTOR('',#4590,1.);
#4590 = DIRECTION('',(0.,4.440892098501E-16,-1.));
#4591 = PCURVE('',#1883,#4592);
#4592 = DEFINITIONAL_REPRESENTATION('',(#4593),#4597);
#4593 = LINE('',#4594,#4595);
#4594 = CARTESIAN_POINT('',(-40.9,0.));
#4595 = VECTOR('',#4596,1.);
#4596 = DIRECTION('',(-0.,-1.));
#4597 = ( GEOMETRIC_REPRESENTATION_CONTEXT(2) 
PARAMETRIC_REPRESENTATION_CONTEXT() REPRESENTATION_CONTEXT('2D SPACE',''
  ) );
#4598 = PCURVE('',#1855,#4599);
#4599 = DEFINITIONAL_REPRESENTATION('',(#4600),#4604);
#4600 = LINE('',#4601,#4602);
#4601 = CARTESIAN_POINT('',(-4.712388980385,0.));
#4602 = VECTOR('',#4603,1.);
#4603 = DIRECTION('',(-0.,-1.));
#4604 = ( GEOMETRIC_REPRESENTATION_CONTEXT(2) 
PARAMETRIC_REPRESENTATION_CONTEXT() REPRESENTATION_CONTEXT('2D SPACE',''
  ) );
#4605 = ADVANCED_FACE('',(#4606),#1733,.T.);
#4606 = FACE_BOUND('',#4607,.F.);
#4607 = EDGE_LOOP('',(#4608,#4609,#4610,#4631));
#4608 = ORIENTED_EDGE('',*,*,#4487,.T.);
#4609 = ORIENTED_EDGE('',*,*,#2317,.T.);
#4610 = ORIENTED_EDGE('',*,*,#4611,.F.);
#4611 = EDGE_CURVE('',#1713,#2295,#4612,.T.);
#4612 = SURFACE_CURVE('',#4613,(#4617,#4624),.PCURVE_S1.);
#4613 = LINE('',#4614,#4615);
#4614 = CARTESIAN_POINT('',(-20.45,99.349999998716,72.865));
#4615 = VECTOR('',#4616,1.);
#4616 = DIRECTION('',(0.,4.440892098501E-16,-1.));
#4617 = PCURVE('',#1733,#4618);
#4618 = DEFINITIONAL_REPRESENTATION('',(#4619),#4623);
#4619 = LINE('',#4620,#4621);
#4620 = CARTESIAN_POINT('',(-1.570796326795,0.));
#4621 = VECTOR('',#4622,1.);
#4622 = DIRECTION('',(-0.,-1.));
#4623 = ( GEOMETRIC_REPRESENTATION_CONTEXT(2) 
PARAMETRIC_REPRESENTATION_CONTEXT() REPRESENTATION_CONTEXT('2D SPACE',''
  ) );
#4624 = PCURVE('',#1761,#4625);
#4625 = DEFINITIONAL_REPRESENTATION('',(#4626),#4630);
#4626 = LINE('',#4627,#4628);
#4627 = CARTESIAN_POINT('',(-0.,1.262177448354E-29));
#4628 = VECTOR('',#4629,1.);
#4629 = DIRECTION('',(-0.,-1.));
#4630 = ( GEOMETRIC_REPRESENTATION_CONTEXT(2) 
PARAMETRIC_REPRESENTATION_CONTEXT() REPRESENTATION_CONTEXT('2D SPACE',''
  ) );
#4631 = ORIENTED_EDGE('',*,*,#1712,.F.);
#4632 = ADVANCED_FACE('',(#4633),#1855,.T.);
#4633 = FACE_BOUND('',#4634,.F.);
#4634 = EDGE_LOOP('',(#4635,#4656,#4657,#4658));
#4635 = ORIENTED_EDGE('',*,*,#4636,.T.);
#4636 = EDGE_CURVE('',#1807,#2224,#4637,.T.);
#4637 = SURFACE_CURVE('',#4638,(#4642,#4649),.PCURVE_S1.);
#4638 = LINE('',#4639,#4640);
#4639 = CARTESIAN_POINT('',(22.45,72.65,72.865));
#4640 = VECTOR('',#4641,1.);
#4641 = DIRECTION('',(0.,4.440892098501E-16,-1.));
#4642 = PCURVE('',#1855,#4643);
#4643 = DEFINITIONAL_REPRESENTATION('',(#4644),#4648);
#4644 = LINE('',#4645,#4646);
#4645 = CARTESIAN_POINT('',(-3.14159265359,0.));
#4646 = VECTOR('',#4647,1.);
#4647 = DIRECTION('',(-0.,-1.));
#4648 = ( GEOMETRIC_REPRESENTATION_CONTEXT(2) 
PARAMETRIC_REPRESENTATION_CONTEXT() REPRESENTATION_CONTEXT('2D SPACE',''
  ) );
#4649 = PCURVE('',#1822,#4650);
#4650 = DEFINITIONAL_REPRESENTATION('',(#4651),#4655);
#4651 = LINE('',#4652,#4653);
#4652 = CARTESIAN_POINT('',(2.271919407037E-28,-2.));
#4653 = VECTOR('',#4654,1.);
#4654 = DIRECTION('',(-1.,0.));
#4655 = ( GEOMETRIC_REPRESENTATION_CONTEXT(2) 
PARAMETRIC_REPRESENTATION_CONTEXT() REPRESENTATION_CONTEXT('2D SPACE',''
  ) );
#4656 = ORIENTED_EDGE('',*,*,#2223,.T.);
#4657 = ORIENTED_EDGE('',*,*,#4585,.F.);
#4658 = ORIENTED_EDGE('',*,*,#1834,.F.);
#4659 = ADVANCED_FACE('',(#4660),#1761,.T.);
#4660 = FACE_BOUND('',#4661,.F.);
#4661 = EDGE_LOOP('',(#4662,#4663,#4664,#4685));
#4662 = ORIENTED_EDGE('',*,*,#4611,.T.);
#4663 = ORIENTED_EDGE('',*,*,#2294,.T.);
#4664 = ORIENTED_EDGE('',*,*,#4665,.F.);
#4665 = EDGE_CURVE('',#1746,#2271,#4666,.T.);
#4666 = SURFACE_CURVE('',#4667,(#4671,#4678),.PCURVE_S1.);
#4667 = LINE('',#4668,#4669);
#4668 = CARTESIAN_POINT('',(20.45,99.349999998716,72.865));
#4669 = VECTOR('',#4670,1.);
#4670 = DIRECTION('',(0.,4.440892098501E-16,-1.));
#4671 = PCURVE('',#1761,#4672);
#4672 = DEFINITIONAL_REPRESENTATION('',(#4673),#4677);
#4673 = LINE('',#4674,#4675);
#4674 = CARTESIAN_POINT('',(-40.9,1.262177448354E-29));
#4675 = VECTOR('',#4676,1.);
#4676 = DIRECTION('',(-0.,-1.));
#4677 = ( GEOMETRIC_REPRESENTATION_CONTEXT(2) 
PARAMETRIC_REPRESENTATION_CONTEXT() REPRESENTATION_CONTEXT('2D SPACE',''
  ) );
#4678 = PCURVE('',#1794,#4679);
#4679 = DEFINITIONAL_REPRESENTATION('',(#4680),#4684);
#4680 = LINE('',#4681,#4682);
#4681 = CARTESIAN_POINT('',(-1.570796326795,0.));
#4682 = VECTOR('',#4683,1.);
#4683 = DIRECTION('',(-0.,-1.));
#4684 = ( GEOMETRIC_REPRESENTATION_CONTEXT(2) 
PARAMETRIC_REPRESENTATION_CONTEXT() REPRESENTATION_CONTEXT('2D SPACE',''
  ) );
#4685 = ORIENTED_EDGE('',*,*,#1745,.F.);
#4686 = ADVANCED_FACE('',(#4687,#4713,#4748),#1822,.T.);
#4687 = FACE_BOUND('',#4688,.F.);
#4688 = EDGE_LOOP('',(#4689,#4690,#4691,#4712));
#4689 = ORIENTED_EDGE('',*,*,#4636,.F.);
#4690 = ORIENTED_EDGE('',*,*,#1806,.T.);
#4691 = ORIENTED_EDGE('',*,*,#4692,.T.);
#4692 = EDGE_CURVE('',#1774,#2248,#4693,.T.);
#4693 = SURFACE_CURVE('',#4694,(#4698,#4705),.PCURVE_S1.);
#4694 = LINE('',#4695,#4696);
#4695 = CARTESIAN_POINT('',(22.45,97.349999997432,72.865));
#4696 = VECTOR('',#4697,1.);
#4697 = DIRECTION('',(0.,4.440892098501E-16,-1.));
#4698 = PCURVE('',#1822,#4699);
#4699 = DEFINITIONAL_REPRESENTATION('',(#4700),#4704);
#4700 = LINE('',#4701,#4702);
#4701 = CARTESIAN_POINT('',(-6.217248915092E-16,-26.69999999743));
#4702 = VECTOR('',#4703,1.);
#4703 = DIRECTION('',(-1.,0.));
#4704 = ( GEOMETRIC_REPRESENTATION_CONTEXT(2) 
PARAMETRIC_REPRESENTATION_CONTEXT() REPRESENTATION_CONTEXT('2D SPACE',''
  ) );
#4705 = PCURVE('',#1794,#4706);
#4706 = DEFINITIONAL_REPRESENTATION('',(#4707),#4711);
#4707 = LINE('',#4708,#4709);
#4708 = CARTESIAN_POINT('',(-3.14159265359,0.));
#4709 = VECTOR('',#4710,1.);
#4710 = DIRECTION('',(-0.,-1.));
#4711 = ( GEOMETRIC_REPRESENTATION_CONTEXT(2) 
PARAMETRIC_REPRESENTATION_CONTEXT() REPRESENTATION_CONTEXT('2D SPACE',''
  ) );
#4712 = ORIENTED_EDGE('',*,*,#2247,.F.);
#4713 = FACE_BOUND('',#4714,.F.);
#4714 = EDGE_LOOP('',(#4715));
#4715 = ORIENTED_EDGE('',*,*,#4716,.F.);
#4716 = EDGE_CURVE('',#4717,#4717,#4719,.T.);
#4717 = VERTEX_POINT('',#4718);
#4718 = CARTESIAN_POINT('',(22.45,95.25,64.065));
#4719 = SURFACE_CURVE('',#4720,(#4725,#4736),.PCURVE_S1.);
#4720 = CIRCLE('',#4721,2.);
#4721 = AXIS2_PLACEMENT_3D('',#4722,#4723,#4724);
#4722 = CARTESIAN_POINT('',(22.45,95.25,62.065));
#4723 = DIRECTION('',(-1.,-9.860761315263E-32,2.22044604925E-16));
#4724 = DIRECTION('',(2.22044604925E-16,-4.440892098501E-16,1.));
#4725 = PCURVE('',#1822,#4726);
#4726 = DEFINITIONAL_REPRESENTATION('',(#4727),#4735);
#4727 = ( BOUNDED_CURVE() B_SPLINE_CURVE(2,(#4728,#4729,#4730,#4731,
#4732,#4733,#4734),.UNSPECIFIED.,.T.,.F.) B_SPLINE_CURVE_WITH_KNOTS((1,2
    ,2,2,2,1),(-2.094395102393,0.,2.094395102393,4.188790204786,
6.28318530718,8.377580409573),.UNSPECIFIED.) CURVE() 
GEOMETRIC_REPRESENTATION_ITEM() RATIONAL_B_SPLINE_CURVE((1.,0.5,1.,0.5,
1.,0.5,1.)) REPRESENTATION_ITEM('') );
#4728 = CARTESIAN_POINT('',(-8.8,-24.6));
#4729 = CARTESIAN_POINT('',(-8.8,-28.06410161513));
#4730 = CARTESIAN_POINT('',(-11.8,-26.33205080756));
#4731 = CARTESIAN_POINT('',(-14.8,-24.6));
#4732 = CARTESIAN_POINT('',(-11.8,-22.86794919243));
#4733 = CARTESIAN_POINT('',(-8.8,-21.13589838486));
#4734 = CARTESIAN_POINT('',(-8.8,-24.6));
#4735 = ( GEOMETRIC_REPRESENTATION_CONTEXT(2) 
PARAMETRIC_REPRESENTATION_CONTEXT() REPRESENTATION_CONTEXT('2D SPACE',''
  ) );
#4736 = PCURVE('',#4737,#4742);
#4737 = CYLINDRICAL_SURFACE('',#4738,2.);
#4738 = AXIS2_PLACEMENT_3D('',#4739,#4740,#4741);
#4739 = CARTESIAN_POINT('',(18.6,95.25,62.065));
#4740 = DIRECTION('',(1.,9.860761315263E-32,-2.22044604925E-16));
#4741 = DIRECTION('',(2.22044604925E-16,-4.440892098501E-16,1.));
#4742 = DEFINITIONAL_REPRESENTATION('',(#4743),#4747);
#4743 = LINE('',#4744,#4745);
#4744 = CARTESIAN_POINT('',(-0.,3.85));
#4745 = VECTOR('',#4746,1.);
#4746 = DIRECTION('',(-1.,0.));
#4747 = ( GEOMETRIC_REPRESENTATION_CONTEXT(2) 
PARAMETRIC_REPRESENTATION_CONTEXT() REPRESENTATION_CONTEXT('2D SPACE',''
  ) );
#4748 = FACE_BOUND('',#4749,.F.);
#4749 = EDGE_LOOP('',(#4750));
#4750 = ORIENTED_EDGE('',*,*,#4751,.F.);
#4751 = EDGE_CURVE('',#4752,#4752,#4754,.T.);
#4752 = VERTEX_POINT('',#4753);
#4753 = CARTESIAN_POINT('',(22.45,74.75,64.065));
#4754 = SURFACE_CURVE('',#4755,(#4760,#4771),.PCURVE_S1.);
#4755 = CIRCLE('',#4756,2.);
#4756 = AXIS2_PLACEMENT_3D('',#4757,#4758,#4759);
#4757 = CARTESIAN_POINT('',(22.45,74.75,62.065));
#4758 = DIRECTION('',(-1.,-9.860761315263E-32,2.22044604925E-16));
#4759 = DIRECTION('',(2.22044604925E-16,-4.440892098501E-16,1.));
#4760 = PCURVE('',#1822,#4761);
#4761 = DEFINITIONAL_REPRESENTATION('',(#4762),#4770);
#4762 = ( BOUNDED_CURVE() B_SPLINE_CURVE(2,(#4763,#4764,#4765,#4766,
#4767,#4768,#4769),.UNSPECIFIED.,.T.,.F.) B_SPLINE_CURVE_WITH_KNOTS((1,2
    ,2,2,2,1),(-2.094395102393,0.,2.094395102393,4.188790204786,
6.28318530718,8.377580409573),.UNSPECIFIED.) CURVE() 
GEOMETRIC_REPRESENTATION_ITEM() RATIONAL_B_SPLINE_CURVE((1.,0.5,1.,0.5,
1.,0.5,1.)) REPRESENTATION_ITEM('') );
#4763 = CARTESIAN_POINT('',(-8.8,-4.1));
#4764 = CARTESIAN_POINT('',(-8.8,-7.564101615138));
#4765 = CARTESIAN_POINT('',(-11.8,-5.832050807569));
#4766 = CARTESIAN_POINT('',(-14.8,-4.1));
#4767 = CARTESIAN_POINT('',(-11.8,-2.367949192431));
#4768 = CARTESIAN_POINT('',(-8.8,-0.635898384862));
#4769 = CARTESIAN_POINT('',(-8.8,-4.1));
#4770 = ( GEOMETRIC_REPRESENTATION_CONTEXT(2) 
PARAMETRIC_REPRESENTATION_CONTEXT() REPRESENTATION_CONTEXT('2D SPACE',''
  ) );
#4771 = PCURVE('',#4772,#4777);
#4772 = CYLINDRICAL_SURFACE('',#4773,2.);
#4773 = AXIS2_PLACEMENT_3D('',#4774,#4775,#4776);
#4774 = CARTESIAN_POINT('',(18.6,74.75,62.065));
#4775 = DIRECTION('',(1.,9.860761315263E-32,-2.22044604925E-16));
#4776 = DIRECTION('',(2.22044604925E-16,-4.440892098501E-16,1.));
#4777 = DEFINITIONAL_REPRESENTATION('',(#4778),#4782);
#4778 = LINE('',#4779,#4780);
#4779 = CARTESIAN_POINT('',(-0.,3.85));
#4780 = VECTOR('',#4781,1.);
#4781 = DIRECTION('',(-1.,0.));
#4782 = ( GEOMETRIC_REPRESENTATION_CONTEXT(2) 
PARAMETRIC_REPRESENTATION_CONTEXT() REPRESENTATION_CONTEXT('2D SPACE',''
  ) );
#4783 = ADVANCED_FACE('',(#4784),#1794,.T.);
#4784 = FACE_BOUND('',#4785,.F.);
#4785 = EDGE_LOOP('',(#4786,#4787,#4788,#4789));
#4786 = ORIENTED_EDGE('',*,*,#4665,.T.);
#4787 = ORIENTED_EDGE('',*,*,#2270,.T.);
#4788 = ORIENTED_EDGE('',*,*,#4692,.F.);
#4789 = ORIENTED_EDGE('',*,*,#1773,.F.);
#4790 = ADVANCED_FACE('',(#4791,#4939,#4974),#2431,.T.);
#4791 = FACE_BOUND('',#4792,.F.);
#4792 = EDGE_LOOP('',(#4793,#4816,#4844,#4865,#4866,#4889,#4917,#4938));
#4793 = ORIENTED_EDGE('',*,*,#4794,.F.);
#4794 = EDGE_CURVE('',#4795,#2612,#4797,.T.);
#4795 = VERTEX_POINT('',#4796);
#4796 = CARTESIAN_POINT('',(-15.4,72.65,67.865));
#4797 = SURFACE_CURVE('',#4798,(#4802,#4809),.PCURVE_S1.);
#4798 = LINE('',#4799,#4800);
#4799 = CARTESIAN_POINT('',(-15.4,72.65,70.365));
#4800 = VECTOR('',#4801,1.);
#4801 = DIRECTION('',(0.,4.440892098501E-16,-1.));
#4802 = PCURVE('',#2431,#4803);
#4803 = DEFINITIONAL_REPRESENTATION('',(#4804),#4808);
#4804 = LINE('',#4805,#4806);
#4805 = CARTESIAN_POINT('',(2.5,-2.));
#4806 = VECTOR('',#4807,1.);
#4807 = DIRECTION('',(-1.,0.));
#4808 = ( GEOMETRIC_REPRESENTATION_CONTEXT(2) 
PARAMETRIC_REPRESENTATION_CONTEXT() REPRESENTATION_CONTEXT('2D SPACE',''
  ) );
#4809 = PCURVE('',#2627,#4810);
#4810 = DEFINITIONAL_REPRESENTATION('',(#4811),#4815);
#4811 = LINE('',#4812,#4813);
#4812 = CARTESIAN_POINT('',(-2.5,2.05));
#4813 = VECTOR('',#4814,1.);
#4814 = DIRECTION('',(-1.,0.));
#4815 = ( GEOMETRIC_REPRESENTATION_CONTEXT(2) 
PARAMETRIC_REPRESENTATION_CONTEXT() REPRESENTATION_CONTEXT('2D SPACE',''
  ) );
#4816 = ORIENTED_EDGE('',*,*,#4817,.F.);
#4817 = EDGE_CURVE('',#4818,#4795,#4820,.T.);
#4818 = VERTEX_POINT('',#4819);
#4819 = CARTESIAN_POINT('',(-15.4,97.35,67.865));
#4820 = SURFACE_CURVE('',#4821,(#4825,#4832),.PCURVE_S1.);
#4821 = LINE('',#4822,#4823);
#4822 = CARTESIAN_POINT('',(-15.4,99.35,67.865));
#4823 = VECTOR('',#4824,1.);
#4824 = DIRECTION('',(0.,-1.,-4.440892098501E-16));
#4825 = PCURVE('',#2431,#4826);
#4826 = DEFINITIONAL_REPRESENTATION('',(#4827),#4831);
#4827 = LINE('',#4828,#4829);
#4828 = CARTESIAN_POINT('',(-0.,-28.7));
#4829 = VECTOR('',#4830,1.);
#4830 = DIRECTION('',(-0.,1.));
#4831 = ( GEOMETRIC_REPRESENTATION_CONTEXT(2) 
PARAMETRIC_REPRESENTATION_CONTEXT() REPRESENTATION_CONTEXT('2D SPACE',''
  ) );
#4832 = PCURVE('',#4833,#4838);
#4833 = PLANE('',#4834);
#4834 = AXIS2_PLACEMENT_3D('',#4835,#4836,#4837);
#4835 = CARTESIAN_POINT('',(-22.45,70.65,67.865));
#4836 = DIRECTION('',(0.,4.440892098501E-16,-1.));
#4837 = DIRECTION('',(-1.,-0.,0.));
#4838 = DEFINITIONAL_REPRESENTATION('',(#4839),#4843);
#4839 = LINE('',#4840,#4841);
#4840 = CARTESIAN_POINT('',(-7.05,28.7));
#4841 = VECTOR('',#4842,1.);
#4842 = DIRECTION('',(-0.,-1.));
#4843 = ( GEOMETRIC_REPRESENTATION_CONTEXT(2) 
PARAMETRIC_REPRESENTATION_CONTEXT() REPRESENTATION_CONTEXT('2D SPACE',''
  ) );
#4844 = ORIENTED_EDGE('',*,*,#4845,.T.);
#4845 = EDGE_CURVE('',#4818,#2416,#4846,.T.);
#4846 = SURFACE_CURVE('',#4847,(#4851,#4858),.PCURVE_S1.);
#4847 = LINE('',#4848,#4849);
#4848 = CARTESIAN_POINT('',(-15.4,97.35,70.365));
#4849 = VECTOR('',#4850,1.);
#4850 = DIRECTION('',(0.,4.440892098501E-16,-1.));
#4851 = PCURVE('',#2431,#4852);
#4852 = DEFINITIONAL_REPRESENTATION('',(#4853),#4857);
#4853 = LINE('',#4854,#4855);
#4854 = CARTESIAN_POINT('',(2.5,-26.7));
#4855 = VECTOR('',#4856,1.);
#4856 = DIRECTION('',(-1.,0.));
#4857 = ( GEOMETRIC_REPRESENTATION_CONTEXT(2) 
PARAMETRIC_REPRESENTATION_CONTEXT() REPRESENTATION_CONTEXT('2D SPACE',''
  ) );
#4858 = PCURVE('',#2459,#4859);
#4859 = DEFINITIONAL_REPRESENTATION('',(#4860),#4864);
#4860 = LINE('',#4861,#4862);
#4861 = CARTESIAN_POINT('',(-2.5,2.05));
#4862 = VECTOR('',#4863,1.);
#4863 = DIRECTION('',(-1.,0.));
#4864 = ( GEOMETRIC_REPRESENTATION_CONTEXT(2) 
PARAMETRIC_REPRESENTATION_CONTEXT() REPRESENTATION_CONTEXT('2D SPACE',''
  ) );
#4865 = ORIENTED_EDGE('',*,*,#2413,.F.);
#4866 = ORIENTED_EDGE('',*,*,#4867,.F.);
#4867 = EDGE_CURVE('',#4868,#2414,#4870,.T.);
#4868 = VERTEX_POINT('',#4869);
#4869 = CARTESIAN_POINT('',(-15.4,94.25,62.865));
#4870 = SURFACE_CURVE('',#4871,(#4875,#4882),.PCURVE_S1.);
#4871 = LINE('',#4872,#4873);
#4872 = CARTESIAN_POINT('',(-15.4,94.25,67.865));
#4873 = VECTOR('',#4874,1.);
#4874 = DIRECTION('',(0.,4.440892098501E-16,-1.));
#4875 = PCURVE('',#2431,#4876);
#4876 = DEFINITIONAL_REPRESENTATION('',(#4877),#4881);
#4877 = LINE('',#4878,#4879);
#4878 = CARTESIAN_POINT('',(-8.215650382226E-15,-23.6));
#4879 = VECTOR('',#4880,1.);
#4880 = DIRECTION('',(-1.,0.));
#4881 = ( GEOMETRIC_REPRESENTATION_CONTEXT(2) 
PARAMETRIC_REPRESENTATION_CONTEXT() REPRESENTATION_CONTEXT('2D SPACE',''
  ) );
#4882 = PCURVE('',#2732,#4883);
#4883 = DEFINITIONAL_REPRESENTATION('',(#4884),#4888);
#4884 = LINE('',#4885,#4886);
#4885 = CARTESIAN_POINT('',(-0.,7.05));
#4886 = VECTOR('',#4887,1.);
#4887 = DIRECTION('',(-1.,0.));
#4888 = ( GEOMETRIC_REPRESENTATION_CONTEXT(2) 
PARAMETRIC_REPRESENTATION_CONTEXT() REPRESENTATION_CONTEXT('2D SPACE',''
  ) );
#4889 = ORIENTED_EDGE('',*,*,#4890,.F.);
#4890 = EDGE_CURVE('',#4891,#4868,#4893,.T.);
#4891 = VERTEX_POINT('',#4892);
#4892 = CARTESIAN_POINT('',(-15.4,75.75,62.865));
#4893 = SURFACE_CURVE('',#4894,(#4898,#4905),.PCURVE_S1.);
#4894 = LINE('',#4895,#4896);
#4895 = CARTESIAN_POINT('',(-15.4,70.65,62.865));
#4896 = VECTOR('',#4897,1.);
#4897 = DIRECTION('',(-0.,1.,4.440892098501E-16));
#4898 = PCURVE('',#2431,#4899);
#4899 = DEFINITIONAL_REPRESENTATION('',(#4900),#4904);
#4900 = LINE('',#4901,#4902);
#4901 = CARTESIAN_POINT('',(-5.,4.440892098501E-15));
#4902 = VECTOR('',#4903,1.);
#4903 = DIRECTION('',(-0.,-1.));
#4904 = ( GEOMETRIC_REPRESENTATION_CONTEXT(2) 
PARAMETRIC_REPRESENTATION_CONTEXT() REPRESENTATION_CONTEXT('2D SPACE',''
  ) );
#4905 = PCURVE('',#4906,#4911);
#4906 = PLANE('',#4907);
#4907 = AXIS2_PLACEMENT_3D('',#4908,#4909,#4910);
#4908 = CARTESIAN_POINT('',(-22.45,70.65,62.865));
#4909 = DIRECTION('',(0.,4.440892098501E-16,-1.));
#4910 = DIRECTION('',(-1.,-0.,0.));
#4911 = DEFINITIONAL_REPRESENTATION('',(#4912),#4916);
#4912 = LINE('',#4913,#4914);
#4913 = CARTESIAN_POINT('',(-7.05,-0.));
#4914 = VECTOR('',#4915,1.);
#4915 = DIRECTION('',(-0.,1.));
#4916 = ( GEOMETRIC_REPRESENTATION_CONTEXT(2) 
PARAMETRIC_REPRESENTATION_CONTEXT() REPRESENTATION_CONTEXT('2D SPACE',''
  ) );
#4917 = ORIENTED_EDGE('',*,*,#4918,.T.);
#4918 = EDGE_CURVE('',#4891,#2640,#4919,.T.);
#4919 = SURFACE_CURVE('',#4920,(#4924,#4931),.PCURVE_S1.);
#4920 = LINE('',#4921,#4922);
#4921 = CARTESIAN_POINT('',(-15.4,75.75,67.865));
#4922 = VECTOR('',#4923,1.);
#4923 = DIRECTION('',(0.,4.440892098501E-16,-1.));
#4924 = PCURVE('',#2431,#4925);
#4925 = DEFINITIONAL_REPRESENTATION('',(#4926),#4930);
#4926 = LINE('',#4927,#4928);
#4927 = CARTESIAN_POINT('',(-1.567634910771E-14,-5.1));
#4928 = VECTOR('',#4929,1.);
#4929 = DIRECTION('',(-1.,0.));
#4930 = ( GEOMETRIC_REPRESENTATION_CONTEXT(2) 
PARAMETRIC_REPRESENTATION_CONTEXT() REPRESENTATION_CONTEXT('2D SPACE',''
  ) );
#4931 = PCURVE('',#2678,#4932);
#4932 = DEFINITIONAL_REPRESENTATION('',(#4933),#4937);
#4933 = LINE('',#4934,#4935);
#4934 = CARTESIAN_POINT('',(-0.,7.05));
#4935 = VECTOR('',#4936,1.);
#4936 = DIRECTION('',(-1.,0.));
#4937 = ( GEOMETRIC_REPRESENTATION_CONTEXT(2) 
PARAMETRIC_REPRESENTATION_CONTEXT() REPRESENTATION_CONTEXT('2D SPACE',''
  ) );
#4938 = ORIENTED_EDGE('',*,*,#2639,.F.);
#4939 = FACE_BOUND('',#4940,.F.);
#4940 = EDGE_LOOP('',(#4941));
#4941 = ORIENTED_EDGE('',*,*,#4942,.F.);
#4942 = EDGE_CURVE('',#4943,#4943,#4945,.T.);
#4943 = VERTEX_POINT('',#4944);
#4944 = CARTESIAN_POINT('',(-15.4,95.25,66.615));
#4945 = SURFACE_CURVE('',#4946,(#4951,#4962),.PCURVE_S1.);
#4946 = CIRCLE('',#4947,1.);
#4947 = AXIS2_PLACEMENT_3D('',#4948,#4949,#4950);
#4948 = CARTESIAN_POINT('',(-15.4,95.25,65.615));
#4949 = DIRECTION('',(-1.,-9.860761315263E-32,2.22044604925E-16));
#4950 = DIRECTION('',(2.22044604925E-16,-4.440892098501E-16,1.));
#4951 = PCURVE('',#2431,#4952);
#4952 = DEFINITIONAL_REPRESENTATION('',(#4953),#4961);
#4953 = ( BOUNDED_CURVE() B_SPLINE_CURVE(2,(#4954,#4955,#4956,#4957,
#4958,#4959,#4960),.UNSPECIFIED.,.T.,.F.) B_SPLINE_CURVE_WITH_KNOTS((1,2
    ,2,2,2,1),(-2.094395102393,0.,2.094395102393,4.188790204786,
6.28318530718,8.377580409573),.UNSPECIFIED.) CURVE() 
GEOMETRIC_REPRESENTATION_ITEM() RATIONAL_B_SPLINE_CURVE((1.,0.5,1.,0.5,
1.,0.5,1.)) REPRESENTATION_ITEM('') );
#4954 = CARTESIAN_POINT('',(-1.25,-24.6));
#4955 = CARTESIAN_POINT('',(-1.25,-26.33205080756));
#4956 = CARTESIAN_POINT('',(-2.75,-25.46602540378));
#4957 = CARTESIAN_POINT('',(-4.25,-24.6));
#4958 = CARTESIAN_POINT('',(-2.75,-23.73397459621));
#4959 = CARTESIAN_POINT('',(-1.25,-22.86794919243));
#4960 = CARTESIAN_POINT('',(-1.25,-24.6));
#4961 = ( GEOMETRIC_REPRESENTATION_CONTEXT(2) 
PARAMETRIC_REPRESENTATION_CONTEXT() REPRESENTATION_CONTEXT('2D SPACE',''
  ) );
#4962 = PCURVE('',#4963,#4968);
#4963 = CYLINDRICAL_SURFACE('',#4964,1.);
#4964 = AXIS2_PLACEMENT_3D('',#4965,#4966,#4967);
#4965 = CARTESIAN_POINT('',(-30.,95.25,65.615));
#4966 = DIRECTION('',(1.,9.860761315263E-32,-2.22044604925E-16));
#4967 = DIRECTION('',(2.22044604925E-16,-4.440892098501E-16,1.));
#4968 = DEFINITIONAL_REPRESENTATION('',(#4969),#4973);
#4969 = LINE('',#4970,#4971);
#4970 = CARTESIAN_POINT('',(-0.,14.6));
#4971 = VECTOR('',#4972,1.);
#4972 = DIRECTION('',(-1.,0.));
#4973 = ( GEOMETRIC_REPRESENTATION_CONTEXT(2) 
PARAMETRIC_REPRESENTATION_CONTEXT() REPRESENTATION_CONTEXT('2D SPACE',''
  ) );
#4974 = FACE_BOUND('',#4975,.F.);
#4975 = EDGE_LOOP('',(#4976));
#4976 = ORIENTED_EDGE('',*,*,#4977,.F.);
#4977 = EDGE_CURVE('',#4978,#4978,#4980,.T.);
#4978 = VERTEX_POINT('',#4979);
#4979 = CARTESIAN_POINT('',(-15.4,74.75,66.615));
#4980 = SURFACE_CURVE('',#4981,(#4986,#4997),.PCURVE_S1.);
#4981 = CIRCLE('',#4982,1.);
#4982 = AXIS2_PLACEMENT_3D('',#4983,#4984,#4985);
#4983 = CARTESIAN_POINT('',(-15.4,74.75,65.615));
#4984 = DIRECTION('',(-1.,-9.860761315263E-32,2.22044604925E-16));
#4985 = DIRECTION('',(2.22044604925E-16,-4.440892098501E-16,1.));
#4986 = PCURVE('',#2431,#4987);
#4987 = DEFINITIONAL_REPRESENTATION('',(#4988),#4996);
#4988 = ( BOUNDED_CURVE() B_SPLINE_CURVE(2,(#4989,#4990,#4991,#4992,
#4993,#4994,#4995),.UNSPECIFIED.,.T.,.F.) B_SPLINE_CURVE_WITH_KNOTS((1,2
    ,2,2,2,1),(-2.094395102393,0.,2.094395102393,4.188790204786,
6.28318530718,8.377580409573),.UNSPECIFIED.) CURVE() 
GEOMETRIC_REPRESENTATION_ITEM() RATIONAL_B_SPLINE_CURVE((1.,0.5,1.,0.5,
1.,0.5,1.)) REPRESENTATION_ITEM('') );
#4989 = CARTESIAN_POINT('',(-1.25,-4.1));
#4990 = CARTESIAN_POINT('',(-1.25,-5.832050807569));
#4991 = CARTESIAN_POINT('',(-2.75,-4.966025403784));
#4992 = CARTESIAN_POINT('',(-4.25,-4.1));
#4993 = CARTESIAN_POINT('',(-2.75,-3.233974596216));
#4994 = CARTESIAN_POINT('',(-1.25,-2.367949192431));
#4995 = CARTESIAN_POINT('',(-1.25,-4.1));
#4996 = ( GEOMETRIC_REPRESENTATION_CONTEXT(2) 
PARAMETRIC_REPRESENTATION_CONTEXT() REPRESENTATION_CONTEXT('2D SPACE',''
  ) );
#4997 = PCURVE('',#4998,#5003);
#4998 = CYLINDRICAL_SURFACE('',#4999,1.);
#4999 = AXIS2_PLACEMENT_3D('',#5000,#5001,#5002);
#5000 = CARTESIAN_POINT('',(-30.,74.75,65.615));
#5001 = DIRECTION('',(1.,9.860761315263E-32,-2.22044604925E-16));
#5002 = DIRECTION('',(2.22044604925E-16,-4.440892098501E-16,1.));
#5003 = DEFINITIONAL_REPRESENTATION('',(#5004),#5008);
#5004 = LINE('',#5005,#5006);
#5005 = CARTESIAN_POINT('',(-0.,14.6));
#5006 = VECTOR('',#5007,1.);
#5007 = DIRECTION('',(-1.,0.));
#5008 = ( GEOMETRIC_REPRESENTATION_CONTEXT(2) 
PARAMETRIC_REPRESENTATION_CONTEXT() REPRESENTATION_CONTEXT('2D SPACE',''
  ) );
#5009 = ADVANCED_FACE('',(#5010),#2732,.F.);
#5010 = FACE_BOUND('',#5011,.T.);
#5011 = EDGE_LOOP('',(#5012,#5035,#5056,#5057));
#5012 = ORIENTED_EDGE('',*,*,#5013,.F.);
#5013 = EDGE_CURVE('',#5014,#4868,#5016,.T.);
#5014 = VERTEX_POINT('',#5015);
#5015 = CARTESIAN_POINT('',(-17.45,94.25,62.865));
#5016 = SURFACE_CURVE('',#5017,(#5021,#5028),.PCURVE_S1.);
#5017 = LINE('',#5018,#5019);
#5018 = CARTESIAN_POINT('',(-22.45,94.25,62.865));
#5019 = VECTOR('',#5020,1.);
#5020 = DIRECTION('',(1.,0.,0.));
#5021 = PCURVE('',#2732,#5022);
#5022 = DEFINITIONAL_REPRESENTATION('',(#5023),#5027);
#5023 = LINE('',#5024,#5025);
#5024 = CARTESIAN_POINT('',(-5.,0.));
#5025 = VECTOR('',#5026,1.);
#5026 = DIRECTION('',(-0.,1.));
#5027 = ( GEOMETRIC_REPRESENTATION_CONTEXT(2) 
PARAMETRIC_REPRESENTATION_CONTEXT() REPRESENTATION_CONTEXT('2D SPACE',''
  ) );
#5028 = PCURVE('',#4906,#5029);
#5029 = DEFINITIONAL_REPRESENTATION('',(#5030),#5034);
#5030 = LINE('',#5031,#5032);
#5031 = CARTESIAN_POINT('',(-0.,23.6));
#5032 = VECTOR('',#5033,1.);
#5033 = DIRECTION('',(-1.,0.));
#5034 = ( GEOMETRIC_REPRESENTATION_CONTEXT(2) 
PARAMETRIC_REPRESENTATION_CONTEXT() REPRESENTATION_CONTEXT('2D SPACE',''
  ) );
#5035 = ORIENTED_EDGE('',*,*,#5036,.T.);
#5036 = EDGE_CURVE('',#5014,#2691,#5037,.T.);
#5037 = SURFACE_CURVE('',#5038,(#5042,#5049),.PCURVE_S1.);
#5038 = LINE('',#5039,#5040);
#5039 = CARTESIAN_POINT('',(-17.45,94.25,70.365));
#5040 = VECTOR('',#5041,1.);
#5041 = DIRECTION('',(0.,4.440892098501E-16,-1.));
#5042 = PCURVE('',#2732,#5043);
#5043 = DEFINITIONAL_REPRESENTATION('',(#5044),#5048);
#5044 = LINE('',#5045,#5046);
#5045 = CARTESIAN_POINT('',(2.5,5.));
#5046 = VECTOR('',#5047,1.);
#5047 = DIRECTION('',(-1.,0.));
#5048 = ( GEOMETRIC_REPRESENTATION_CONTEXT(2) 
PARAMETRIC_REPRESENTATION_CONTEXT() REPRESENTATION_CONTEXT('2D SPACE',''
  ) );
#5049 = PCURVE('',#2706,#5050);
#5050 = DEFINITIONAL_REPRESENTATION('',(#5051),#5055);
#5051 = LINE('',#5052,#5053);
#5052 = CARTESIAN_POINT('',(-2.5,-23.6));
#5053 = VECTOR('',#5054,1.);
#5054 = DIRECTION('',(-1.,0.));
#5055 = ( GEOMETRIC_REPRESENTATION_CONTEXT(2) 
PARAMETRIC_REPRESENTATION_CONTEXT() REPRESENTATION_CONTEXT('2D SPACE',''
  ) );
#5056 = ORIENTED_EDGE('',*,*,#2718,.T.);
#5057 = ORIENTED_EDGE('',*,*,#4867,.F.);
#5058 = ADVANCED_FACE('',(#5059),#2459,.F.);
#5059 = FACE_BOUND('',#5060,.T.);
#5060 = EDGE_LOOP('',(#5061,#5062,#5085,#5106));
#5061 = ORIENTED_EDGE('',*,*,#2443,.T.);
#5062 = ORIENTED_EDGE('',*,*,#5063,.F.);
#5063 = EDGE_CURVE('',#5064,#2444,#5066,.T.);
#5064 = VERTEX_POINT('',#5065);
#5065 = CARTESIAN_POINT('',(16.4,97.35,67.865));
#5066 = SURFACE_CURVE('',#5067,(#5071,#5078),.PCURVE_S1.);
#5067 = LINE('',#5068,#5069);
#5068 = CARTESIAN_POINT('',(16.4,97.35,70.365));
#5069 = VECTOR('',#5070,1.);
#5070 = DIRECTION('',(0.,4.440892098501E-16,-1.));
#5071 = PCURVE('',#2459,#5072);
#5072 = DEFINITIONAL_REPRESENTATION('',(#5073),#5077);
#5073 = LINE('',#5074,#5075);
#5074 = CARTESIAN_POINT('',(-2.5,33.85));
#5075 = VECTOR('',#5076,1.);
#5076 = DIRECTION('',(-1.,0.));
#5077 = ( GEOMETRIC_REPRESENTATION_CONTEXT(2) 
PARAMETRIC_REPRESENTATION_CONTEXT() REPRESENTATION_CONTEXT('2D SPACE',''
  ) );
#5078 = PCURVE('',#2487,#5079);
#5079 = DEFINITIONAL_REPRESENTATION('',(#5080),#5084);
#5080 = LINE('',#5081,#5082);
#5081 = CARTESIAN_POINT('',(2.5,-5.35));
#5082 = VECTOR('',#5083,1.);
#5083 = DIRECTION('',(-1.,0.));
#5084 = ( GEOMETRIC_REPRESENTATION_CONTEXT(2) 
PARAMETRIC_REPRESENTATION_CONTEXT() REPRESENTATION_CONTEXT('2D SPACE',''
  ) );
#5085 = ORIENTED_EDGE('',*,*,#5086,.T.);
#5086 = EDGE_CURVE('',#5064,#4818,#5087,.T.);
#5087 = SURFACE_CURVE('',#5088,(#5092,#5099),.PCURVE_S1.);
#5088 = LINE('',#5089,#5090);
#5089 = CARTESIAN_POINT('',(-19.95,97.35,67.865));
#5090 = VECTOR('',#5091,1.);
#5091 = DIRECTION('',(-1.,0.,-0.));
#5092 = PCURVE('',#2459,#5093);
#5093 = DEFINITIONAL_REPRESENTATION('',(#5094),#5098);
#5094 = LINE('',#5095,#5096);
#5095 = CARTESIAN_POINT('',(-5.,-2.5));
#5096 = VECTOR('',#5097,1.);
#5097 = DIRECTION('',(-0.,-1.));
#5098 = ( GEOMETRIC_REPRESENTATION_CONTEXT(2) 
PARAMETRIC_REPRESENTATION_CONTEXT() REPRESENTATION_CONTEXT('2D SPACE',''
  ) );
#5099 = PCURVE('',#4833,#5100);
#5100 = DEFINITIONAL_REPRESENTATION('',(#5101),#5105);
#5101 = LINE('',#5102,#5103);
#5102 = CARTESIAN_POINT('',(-2.5,26.7));
#5103 = VECTOR('',#5104,1.);
#5104 = DIRECTION('',(1.,-0.));
#5105 = ( GEOMETRIC_REPRESENTATION_CONTEXT(2) 
PARAMETRIC_REPRESENTATION_CONTEXT() REPRESENTATION_CONTEXT('2D SPACE',''
  ) );
#5106 = ORIENTED_EDGE('',*,*,#4845,.T.);
#5107 = ADVANCED_FACE('',(#5108),#2706,.T.);
#5108 = FACE_BOUND('',#5109,.F.);
#5109 = EDGE_LOOP('',(#5110,#5133,#5154,#5155));
#5110 = ORIENTED_EDGE('',*,*,#5111,.F.);
#5111 = EDGE_CURVE('',#5112,#2663,#5114,.T.);
#5112 = VERTEX_POINT('',#5113);
#5113 = CARTESIAN_POINT('',(-17.45,75.75,62.865));
#5114 = SURFACE_CURVE('',#5115,(#5119,#5126),.PCURVE_S1.);
#5115 = LINE('',#5116,#5117);
#5116 = CARTESIAN_POINT('',(-17.45,75.75,70.365));
#5117 = VECTOR('',#5118,1.);
#5118 = DIRECTION('',(0.,4.440892098501E-16,-1.));
#5119 = PCURVE('',#2706,#5120);
#5120 = DEFINITIONAL_REPRESENTATION('',(#5121),#5125);
#5121 = LINE('',#5122,#5123);
#5122 = CARTESIAN_POINT('',(-2.5,-5.1));
#5123 = VECTOR('',#5124,1.);
#5124 = DIRECTION('',(-1.,0.));
#5125 = ( GEOMETRIC_REPRESENTATION_CONTEXT(2) 
PARAMETRIC_REPRESENTATION_CONTEXT() REPRESENTATION_CONTEXT('2D SPACE',''
  ) );
#5126 = PCURVE('',#2678,#5127);
#5127 = DEFINITIONAL_REPRESENTATION('',(#5128),#5132);
#5128 = LINE('',#5129,#5130);
#5129 = CARTESIAN_POINT('',(2.5,5.));
#5130 = VECTOR('',#5131,1.);
#5131 = DIRECTION('',(-1.,0.));
#5132 = ( GEOMETRIC_REPRESENTATION_CONTEXT(2) 
PARAMETRIC_REPRESENTATION_CONTEXT() REPRESENTATION_CONTEXT('2D SPACE',''
  ) );
#5133 = ORIENTED_EDGE('',*,*,#5134,.F.);
#5134 = EDGE_CURVE('',#5014,#5112,#5135,.T.);
#5135 = SURFACE_CURVE('',#5136,(#5140,#5147),.PCURVE_S1.);
#5136 = LINE('',#5137,#5138);
#5137 = CARTESIAN_POINT('',(-17.45,70.65,62.865));
#5138 = VECTOR('',#5139,1.);
#5139 = DIRECTION('',(0.,-1.,-4.440892098501E-16));
#5140 = PCURVE('',#2706,#5141);
#5141 = DEFINITIONAL_REPRESENTATION('',(#5142),#5146);
#5142 = LINE('',#5143,#5144);
#5143 = CARTESIAN_POINT('',(-10.,-1.95399252334E-14));
#5144 = VECTOR('',#5145,1.);
#5145 = DIRECTION('',(-0.,1.));
#5146 = ( GEOMETRIC_REPRESENTATION_CONTEXT(2) 
PARAMETRIC_REPRESENTATION_CONTEXT() REPRESENTATION_CONTEXT('2D SPACE',''
  ) );
#5147 = PCURVE('',#4906,#5148);
#5148 = DEFINITIONAL_REPRESENTATION('',(#5149),#5153);
#5149 = LINE('',#5150,#5151);
#5150 = CARTESIAN_POINT('',(-5.,-0.));
#5151 = VECTOR('',#5152,1.);
#5152 = DIRECTION('',(-0.,-1.));
#5153 = ( GEOMETRIC_REPRESENTATION_CONTEXT(2) 
PARAMETRIC_REPRESENTATION_CONTEXT() REPRESENTATION_CONTEXT('2D SPACE',''
  ) );
#5154 = ORIENTED_EDGE('',*,*,#5036,.T.);
#5155 = ORIENTED_EDGE('',*,*,#2690,.F.);
#5156 = ADVANCED_FACE('',(#5157,#5205),#2487,.F.);
#5157 = FACE_BOUND('',#5158,.T.);
#5158 = EDGE_LOOP('',(#5159,#5160,#5183,#5204));
#5159 = ORIENTED_EDGE('',*,*,#2471,.F.);
#5160 = ORIENTED_EDGE('',*,*,#5161,.F.);
#5161 = EDGE_CURVE('',#5162,#2472,#5164,.T.);
#5162 = VERTEX_POINT('',#5163);
#5163 = CARTESIAN_POINT('',(16.4,92.,67.865));
#5164 = SURFACE_CURVE('',#5165,(#5169,#5176),.PCURVE_S1.);
#5165 = LINE('',#5166,#5167);
#5166 = CARTESIAN_POINT('',(16.4,92.,67.865));
#5167 = VECTOR('',#5168,1.);
#5168 = DIRECTION('',(0.,4.440892098501E-16,-1.));
#5169 = PCURVE('',#2487,#5170);
#5170 = DEFINITIONAL_REPRESENTATION('',(#5171),#5175);
#5171 = LINE('',#5172,#5173);
#5172 = CARTESIAN_POINT('',(-0.,0.));
#5173 = VECTOR('',#5174,1.);
#5174 = DIRECTION('',(-1.,0.));
#5175 = ( GEOMETRIC_REPRESENTATION_CONTEXT(2) 
PARAMETRIC_REPRESENTATION_CONTEXT() REPRESENTATION_CONTEXT('2D SPACE',''
  ) );
#5176 = PCURVE('',#2515,#5177);
#5177 = DEFINITIONAL_REPRESENTATION('',(#5178),#5182);
#5178 = LINE('',#5179,#5180);
#5179 = CARTESIAN_POINT('',(-0.,0.));
#5180 = VECTOR('',#5181,1.);
#5181 = DIRECTION('',(-1.,0.));
#5182 = ( GEOMETRIC_REPRESENTATION_CONTEXT(2) 
PARAMETRIC_REPRESENTATION_CONTEXT() REPRESENTATION_CONTEXT('2D SPACE',''
  ) );
#5183 = ORIENTED_EDGE('',*,*,#5184,.T.);
#5184 = EDGE_CURVE('',#5162,#5064,#5185,.T.);
#5185 = SURFACE_CURVE('',#5186,(#5190,#5197),.PCURVE_S1.);
#5186 = LINE('',#5187,#5188);
#5187 = CARTESIAN_POINT('',(16.4,92.,67.865));
#5188 = VECTOR('',#5189,1.);
#5189 = DIRECTION('',(-0.,1.,4.440892098501E-16));
#5190 = PCURVE('',#2487,#5191);
#5191 = DEFINITIONAL_REPRESENTATION('',(#5192),#5196);
#5192 = LINE('',#5193,#5194);
#5193 = CARTESIAN_POINT('',(-0.,0.));
#5194 = VECTOR('',#5195,1.);
#5195 = DIRECTION('',(-0.,-1.));
#5196 = ( GEOMETRIC_REPRESENTATION_CONTEXT(2) 
PARAMETRIC_REPRESENTATION_CONTEXT() REPRESENTATION_CONTEXT('2D SPACE',''
  ) );
#5197 = PCURVE('',#4833,#5198);
#5198 = DEFINITIONAL_REPRESENTATION('',(#5199),#5203);
#5199 = LINE('',#5200,#5201);
#5200 = CARTESIAN_POINT('',(-38.85,21.35));
#5201 = VECTOR('',#5202,1.);
#5202 = DIRECTION('',(-0.,1.));
#5203 = ( GEOMETRIC_REPRESENTATION_CONTEXT(2) 
PARAMETRIC_REPRESENTATION_CONTEXT() REPRESENTATION_CONTEXT('2D SPACE',''
  ) );
#5204 = ORIENTED_EDGE('',*,*,#5063,.T.);
#5205 = FACE_BOUND('',#5206,.T.);
#5206 = EDGE_LOOP('',(#5207));
#5207 = ORIENTED_EDGE('',*,*,#5208,.F.);
#5208 = EDGE_CURVE('',#5209,#5209,#5211,.T.);
#5209 = VERTEX_POINT('',#5210);
#5210 = CARTESIAN_POINT('',(16.4,95.25,63.065));
#5211 = SURFACE_CURVE('',#5212,(#5217,#5228),.PCURVE_S1.);
#5212 = CIRCLE('',#5213,1.);
#5213 = AXIS2_PLACEMENT_3D('',#5214,#5215,#5216);
#5214 = CARTESIAN_POINT('',(16.4,95.25,62.065));
#5215 = DIRECTION('',(-1.,-9.860761315263E-32,2.22044604925E-16));
#5216 = DIRECTION('',(2.22044604925E-16,-4.440892098501E-16,1.));
#5217 = PCURVE('',#2487,#5218);
#5218 = DEFINITIONAL_REPRESENTATION('',(#5219),#5227);
#5219 = ( BOUNDED_CURVE() B_SPLINE_CURVE(2,(#5220,#5221,#5222,#5223,
#5224,#5225,#5226),.UNSPECIFIED.,.T.,.F.) B_SPLINE_CURVE_WITH_KNOTS((1,2
    ,2,2,2,1),(-2.094395102393,0.,2.094395102393,4.188790204786,
6.28318530718,8.377580409573),.UNSPECIFIED.) CURVE() 
GEOMETRIC_REPRESENTATION_ITEM() RATIONAL_B_SPLINE_CURVE((1.,0.5,1.,0.5,
1.,0.5,1.)) REPRESENTATION_ITEM('') );
#5220 = CARTESIAN_POINT('',(-4.8,-3.25));
#5221 = CARTESIAN_POINT('',(-4.8,-4.982050807569));
#5222 = CARTESIAN_POINT('',(-6.3,-4.116025403784));
#5223 = CARTESIAN_POINT('',(-7.8,-3.25));
#5224 = CARTESIAN_POINT('',(-6.3,-2.383974596216));
#5225 = CARTESIAN_POINT('',(-4.8,-1.517949192431));
#5226 = CARTESIAN_POINT('',(-4.8,-3.25));
#5227 = ( GEOMETRIC_REPRESENTATION_CONTEXT(2) 
PARAMETRIC_REPRESENTATION_CONTEXT() REPRESENTATION_CONTEXT('2D SPACE',''
  ) );
#5228 = PCURVE('',#5229,#5234);
#5229 = CYLINDRICAL_SURFACE('',#5230,1.);
#5230 = AXIS2_PLACEMENT_3D('',#5231,#5232,#5233);
#5231 = CARTESIAN_POINT('',(-30.,95.25,62.065));
#5232 = DIRECTION('',(1.,9.860761315263E-32,-2.22044604925E-16));
#5233 = DIRECTION('',(2.22044604925E-16,-4.440892098501E-16,1.));
#5234 = DEFINITIONAL_REPRESENTATION('',(#5235),#5239);
#5235 = LINE('',#5236,#5237);
#5236 = CARTESIAN_POINT('',(-0.,46.4));
#5237 = VECTOR('',#5238,1.);
#5238 = DIRECTION('',(-1.,0.));
#5239 = ( GEOMETRIC_REPRESENTATION_CONTEXT(2) 
PARAMETRIC_REPRESENTATION_CONTEXT() REPRESENTATION_CONTEXT('2D SPACE',''
  ) );
#5240 = ADVANCED_FACE('',(#5241),#2678,.T.);
#5241 = FACE_BOUND('',#5242,.F.);
#5242 = EDGE_LOOP('',(#5243,#5264,#5265,#5266));
#5243 = ORIENTED_EDGE('',*,*,#5244,.F.);
#5244 = EDGE_CURVE('',#5112,#4891,#5245,.T.);
#5245 = SURFACE_CURVE('',#5246,(#5250,#5257),.PCURVE_S1.);
#5246 = LINE('',#5247,#5248);
#5247 = CARTESIAN_POINT('',(-22.45,75.75,62.865));
#5248 = VECTOR('',#5249,1.);
#5249 = DIRECTION('',(1.,0.,0.));
#5250 = PCURVE('',#2678,#5251);
#5251 = DEFINITIONAL_REPRESENTATION('',(#5252),#5256);
#5252 = LINE('',#5253,#5254);
#5253 = CARTESIAN_POINT('',(-5.,0.));
#5254 = VECTOR('',#5255,1.);
#5255 = DIRECTION('',(-0.,1.));
#5256 = ( GEOMETRIC_REPRESENTATION_CONTEXT(2) 
PARAMETRIC_REPRESENTATION_CONTEXT() REPRESENTATION_CONTEXT('2D SPACE',''
  ) );
#5257 = PCURVE('',#4906,#5258);
#5258 = DEFINITIONAL_REPRESENTATION('',(#5259),#5263);
#5259 = LINE('',#5260,#5261);
#5260 = CARTESIAN_POINT('',(-0.,5.1));
#5261 = VECTOR('',#5262,1.);
#5262 = DIRECTION('',(-1.,0.));
#5263 = ( GEOMETRIC_REPRESENTATION_CONTEXT(2) 
PARAMETRIC_REPRESENTATION_CONTEXT() REPRESENTATION_CONTEXT('2D SPACE',''
  ) );
#5264 = ORIENTED_EDGE('',*,*,#5111,.T.);
#5265 = ORIENTED_EDGE('',*,*,#2662,.T.);
#5266 = ORIENTED_EDGE('',*,*,#4918,.F.);
#5267 = ADVANCED_FACE('',(#5268),#2515,.F.);
#5268 = FACE_BOUND('',#5269,.T.);
#5269 = EDGE_LOOP('',(#5270,#5293,#5294,#5295));
#5270 = ORIENTED_EDGE('',*,*,#5271,.F.);
#5271 = EDGE_CURVE('',#5162,#5272,#5274,.T.);
#5272 = VERTEX_POINT('',#5273);
#5273 = CARTESIAN_POINT('',(17.45,92.,67.865));
#5274 = SURFACE_CURVE('',#5275,(#5279,#5286),.PCURVE_S1.);
#5275 = LINE('',#5276,#5277);
#5276 = CARTESIAN_POINT('',(16.4,92.,67.865));
#5277 = VECTOR('',#5278,1.);
#5278 = DIRECTION('',(1.,0.,0.));
#5279 = PCURVE('',#2515,#5280);
#5280 = DEFINITIONAL_REPRESENTATION('',(#5281),#5285);
#5281 = LINE('',#5282,#5283);
#5282 = CARTESIAN_POINT('',(-0.,0.));
#5283 = VECTOR('',#5284,1.);
#5284 = DIRECTION('',(-0.,1.));
#5285 = ( GEOMETRIC_REPRESENTATION_CONTEXT(2) 
PARAMETRIC_REPRESENTATION_CONTEXT() REPRESENTATION_CONTEXT('2D SPACE',''
  ) );
#5286 = PCURVE('',#4833,#5287);
#5287 = DEFINITIONAL_REPRESENTATION('',(#5288),#5292);
#5288 = LINE('',#5289,#5290);
#5289 = CARTESIAN_POINT('',(-38.85,21.35));
#5290 = VECTOR('',#5291,1.);
#5291 = DIRECTION('',(-1.,0.));
#5292 = ( GEOMETRIC_REPRESENTATION_CONTEXT(2) 
PARAMETRIC_REPRESENTATION_CONTEXT() REPRESENTATION_CONTEXT('2D SPACE',''
  ) );
#5293 = ORIENTED_EDGE('',*,*,#5161,.T.);
#5294 = ORIENTED_EDGE('',*,*,#2499,.T.);
#5295 = ORIENTED_EDGE('',*,*,#5296,.F.);
#5296 = EDGE_CURVE('',#5272,#2500,#5297,.T.);
#5297 = SURFACE_CURVE('',#5298,(#5302,#5309),.PCURVE_S1.);
#5298 = LINE('',#5299,#5300);
#5299 = CARTESIAN_POINT('',(17.45,92.,70.365));
#5300 = VECTOR('',#5301,1.);
#5301 = DIRECTION('',(0.,4.440892098501E-16,-1.));
#5302 = PCURVE('',#2515,#5303);
#5303 = DEFINITIONAL_REPRESENTATION('',(#5304),#5308);
#5304 = LINE('',#5305,#5306);
#5305 = CARTESIAN_POINT('',(2.5,1.05));
#5306 = VECTOR('',#5307,1.);
#5307 = DIRECTION('',(-1.,0.));
#5308 = ( GEOMETRIC_REPRESENTATION_CONTEXT(2) 
PARAMETRIC_REPRESENTATION_CONTEXT() REPRESENTATION_CONTEXT('2D SPACE',''
  ) );
#5309 = PCURVE('',#2543,#5310);
#5310 = DEFINITIONAL_REPRESENTATION('',(#5311),#5315);
#5311 = LINE('',#5312,#5313);
#5312 = CARTESIAN_POINT('',(-2.5,-21.35));
#5313 = VECTOR('',#5314,1.);
#5314 = DIRECTION('',(-1.,0.));
#5315 = ( GEOMETRIC_REPRESENTATION_CONTEXT(2) 
PARAMETRIC_REPRESENTATION_CONTEXT() REPRESENTATION_CONTEXT('2D SPACE',''
  ) );
#5316 = ADVANCED_FACE('',(#5317),#2543,.F.);
#5317 = FACE_BOUND('',#5318,.T.);
#5318 = EDGE_LOOP('',(#5319,#5342,#5363,#5364));
#5319 = ORIENTED_EDGE('',*,*,#5320,.F.);
#5320 = EDGE_CURVE('',#5321,#2528,#5323,.T.);
#5321 = VERTEX_POINT('',#5322);
#5322 = CARTESIAN_POINT('',(17.45,78.,67.865));
#5323 = SURFACE_CURVE('',#5324,(#5328,#5335),.PCURVE_S1.);
#5324 = LINE('',#5325,#5326);
#5325 = CARTESIAN_POINT('',(17.45,78.,70.365));
#5326 = VECTOR('',#5327,1.);
#5327 = DIRECTION('',(0.,4.440892098501E-16,-1.));
#5328 = PCURVE('',#2543,#5329);
#5329 = DEFINITIONAL_REPRESENTATION('',(#5330),#5334);
#5330 = LINE('',#5331,#5332);
#5331 = CARTESIAN_POINT('',(-2.5,-7.35));
#5332 = VECTOR('',#5333,1.);
#5333 = DIRECTION('',(-1.,0.));
#5334 = ( GEOMETRIC_REPRESENTATION_CONTEXT(2) 
PARAMETRIC_REPRESENTATION_CONTEXT() REPRESENTATION_CONTEXT('2D SPACE',''
  ) );
#5335 = PCURVE('',#2571,#5336);
#5336 = DEFINITIONAL_REPRESENTATION('',(#5337),#5341);
#5337 = LINE('',#5338,#5339);
#5338 = CARTESIAN_POINT('',(2.5,1.05));
#5339 = VECTOR('',#5340,1.);
#5340 = DIRECTION('',(-1.,0.));
#5341 = ( GEOMETRIC_REPRESENTATION_CONTEXT(2) 
PARAMETRIC_REPRESENTATION_CONTEXT() REPRESENTATION_CONTEXT('2D SPACE',''
  ) );
#5342 = ORIENTED_EDGE('',*,*,#5343,.T.);
#5343 = EDGE_CURVE('',#5321,#5272,#5344,.T.);
#5344 = SURFACE_CURVE('',#5345,(#5349,#5356),.PCURVE_S1.);
#5345 = LINE('',#5346,#5347);
#5346 = CARTESIAN_POINT('',(17.45,70.65,67.865));
#5347 = VECTOR('',#5348,1.);
#5348 = DIRECTION('',(-0.,1.,4.440892098501E-16));
#5349 = PCURVE('',#2543,#5350);
#5350 = DEFINITIONAL_REPRESENTATION('',(#5351),#5355);
#5351 = LINE('',#5352,#5353);
#5352 = CARTESIAN_POINT('',(-5.,-2.39808173319E-14));
#5353 = VECTOR('',#5354,1.);
#5354 = DIRECTION('',(-0.,-1.));
#5355 = ( GEOMETRIC_REPRESENTATION_CONTEXT(2) 
PARAMETRIC_REPRESENTATION_CONTEXT() REPRESENTATION_CONTEXT('2D SPACE',''
  ) );
#5356 = PCURVE('',#4833,#5357);
#5357 = DEFINITIONAL_REPRESENTATION('',(#5358),#5362);
#5358 = LINE('',#5359,#5360);
#5359 = CARTESIAN_POINT('',(-39.9,2.84217094304E-14));
#5360 = VECTOR('',#5361,1.);
#5361 = DIRECTION('',(-0.,1.));
#5362 = ( GEOMETRIC_REPRESENTATION_CONTEXT(2) 
PARAMETRIC_REPRESENTATION_CONTEXT() REPRESENTATION_CONTEXT('2D SPACE',''
  ) );
#5363 = ORIENTED_EDGE('',*,*,#5296,.T.);
#5364 = ORIENTED_EDGE('',*,*,#2527,.F.);
#5365 = ADVANCED_FACE('',(#5366),#2627,.T.);
#5366 = FACE_BOUND('',#5367,.F.);
#5367 = EDGE_LOOP('',(#5368,#5369,#5392,#5413));
#5368 = ORIENTED_EDGE('',*,*,#2611,.T.);
#5369 = ORIENTED_EDGE('',*,*,#5370,.F.);
#5370 = EDGE_CURVE('',#5371,#2584,#5373,.T.);
#5371 = VERTEX_POINT('',#5372);
#5372 = CARTESIAN_POINT('',(16.4,72.65,67.865));
#5373 = SURFACE_CURVE('',#5374,(#5378,#5385),.PCURVE_S1.);
#5374 = LINE('',#5375,#5376);
#5375 = CARTESIAN_POINT('',(16.4,72.65,70.365));
#5376 = VECTOR('',#5377,1.);
#5377 = DIRECTION('',(0.,4.440892098501E-16,-1.));
#5378 = PCURVE('',#2627,#5379);
#5379 = DEFINITIONAL_REPRESENTATION('',(#5380),#5384);
#5380 = LINE('',#5381,#5382);
#5381 = CARTESIAN_POINT('',(-2.5,33.85));
#5382 = VECTOR('',#5383,1.);
#5383 = DIRECTION('',(-1.,0.));
#5384 = ( GEOMETRIC_REPRESENTATION_CONTEXT(2) 
PARAMETRIC_REPRESENTATION_CONTEXT() REPRESENTATION_CONTEXT('2D SPACE',''
  ) );
#5385 = PCURVE('',#2599,#5386);
#5386 = DEFINITIONAL_REPRESENTATION('',(#5387),#5391);
#5387 = LINE('',#5388,#5389);
#5388 = CARTESIAN_POINT('',(2.5,-2.));
#5389 = VECTOR('',#5390,1.);
#5390 = DIRECTION('',(-1.,0.));
#5391 = ( GEOMETRIC_REPRESENTATION_CONTEXT(2) 
PARAMETRIC_REPRESENTATION_CONTEXT() REPRESENTATION_CONTEXT('2D SPACE',''
  ) );
#5392 = ORIENTED_EDGE('',*,*,#5393,.T.);
#5393 = EDGE_CURVE('',#5371,#4795,#5394,.T.);
#5394 = SURFACE_CURVE('',#5395,(#5399,#5406),.PCURVE_S1.);
#5395 = LINE('',#5396,#5397);
#5396 = CARTESIAN_POINT('',(-19.95,72.65,67.865));
#5397 = VECTOR('',#5398,1.);
#5398 = DIRECTION('',(-1.,0.,-0.));
#5399 = PCURVE('',#2627,#5400);
#5400 = DEFINITIONAL_REPRESENTATION('',(#5401),#5405);
#5401 = LINE('',#5402,#5403);
#5402 = CARTESIAN_POINT('',(-5.,-2.5));
#5403 = VECTOR('',#5404,1.);
#5404 = DIRECTION('',(-0.,-1.));
#5405 = ( GEOMETRIC_REPRESENTATION_CONTEXT(2) 
PARAMETRIC_REPRESENTATION_CONTEXT() REPRESENTATION_CONTEXT('2D SPACE',''
  ) );
#5406 = PCURVE('',#4833,#5407);
#5407 = DEFINITIONAL_REPRESENTATION('',(#5408),#5412);
#5408 = LINE('',#5409,#5410);
#5409 = CARTESIAN_POINT('',(-2.5,2.));
#5410 = VECTOR('',#5411,1.);
#5411 = DIRECTION('',(1.,-0.));
#5412 = ( GEOMETRIC_REPRESENTATION_CONTEXT(2) 
PARAMETRIC_REPRESENTATION_CONTEXT() REPRESENTATION_CONTEXT('2D SPACE',''
  ) );
#5413 = ORIENTED_EDGE('',*,*,#4794,.T.);
#5414 = ADVANCED_FACE('',(#5415),#2571,.T.);
#5415 = FACE_BOUND('',#5416,.F.);
#5416 = EDGE_LOOP('',(#5417,#5440,#5461,#5462));
#5417 = ORIENTED_EDGE('',*,*,#5418,.F.);
#5418 = EDGE_CURVE('',#5419,#5321,#5421,.T.);
#5419 = VERTEX_POINT('',#5420);
#5420 = CARTESIAN_POINT('',(16.4,78.,67.865));
#5421 = SURFACE_CURVE('',#5422,(#5426,#5433),.PCURVE_S1.);
#5422 = LINE('',#5423,#5424);
#5423 = CARTESIAN_POINT('',(16.4,78.,67.865));
#5424 = VECTOR('',#5425,1.);
#5425 = DIRECTION('',(1.,0.,0.));
#5426 = PCURVE('',#2571,#5427);
#5427 = DEFINITIONAL_REPRESENTATION('',(#5428),#5432);
#5428 = LINE('',#5429,#5430);
#5429 = CARTESIAN_POINT('',(-0.,0.));
#5430 = VECTOR('',#5431,1.);
#5431 = DIRECTION('',(-0.,1.));
#5432 = ( GEOMETRIC_REPRESENTATION_CONTEXT(2) 
PARAMETRIC_REPRESENTATION_CONTEXT() REPRESENTATION_CONTEXT('2D SPACE',''
  ) );
#5433 = PCURVE('',#4833,#5434);
#5434 = DEFINITIONAL_REPRESENTATION('',(#5435),#5439);
#5435 = LINE('',#5436,#5437);
#5436 = CARTESIAN_POINT('',(-38.85,7.35));
#5437 = VECTOR('',#5438,1.);
#5438 = DIRECTION('',(-1.,0.));
#5439 = ( GEOMETRIC_REPRESENTATION_CONTEXT(2) 
PARAMETRIC_REPRESENTATION_CONTEXT() REPRESENTATION_CONTEXT('2D SPACE',''
  ) );
#5440 = ORIENTED_EDGE('',*,*,#5441,.T.);
#5441 = EDGE_CURVE('',#5419,#2556,#5442,.T.);
#5442 = SURFACE_CURVE('',#5443,(#5447,#5454),.PCURVE_S1.);
#5443 = LINE('',#5444,#5445);
#5444 = CARTESIAN_POINT('',(16.4,78.,67.865));
#5445 = VECTOR('',#5446,1.);
#5446 = DIRECTION('',(0.,4.440892098501E-16,-1.));
#5447 = PCURVE('',#2571,#5448);
#5448 = DEFINITIONAL_REPRESENTATION('',(#5449),#5453);
#5449 = LINE('',#5450,#5451);
#5450 = CARTESIAN_POINT('',(-0.,0.));
#5451 = VECTOR('',#5452,1.);
#5452 = DIRECTION('',(-1.,0.));
#5453 = ( GEOMETRIC_REPRESENTATION_CONTEXT(2) 
PARAMETRIC_REPRESENTATION_CONTEXT() REPRESENTATION_CONTEXT('2D SPACE',''
  ) );
#5454 = PCURVE('',#2599,#5455);
#5455 = DEFINITIONAL_REPRESENTATION('',(#5456),#5460);
#5456 = LINE('',#5457,#5458);
#5457 = CARTESIAN_POINT('',(-0.,-7.35));
#5458 = VECTOR('',#5459,1.);
#5459 = DIRECTION('',(-1.,0.));
#5460 = ( GEOMETRIC_REPRESENTATION_CONTEXT(2) 
PARAMETRIC_REPRESENTATION_CONTEXT() REPRESENTATION_CONTEXT('2D SPACE',''
  ) );
#5461 = ORIENTED_EDGE('',*,*,#2555,.T.);
#5462 = ORIENTED_EDGE('',*,*,#5320,.F.);
#5463 = ADVANCED_FACE('',(#5464,#5490),#2599,.F.);
#5464 = FACE_BOUND('',#5465,.T.);
#5465 = EDGE_LOOP('',(#5466,#5467,#5468,#5489));
#5466 = ORIENTED_EDGE('',*,*,#2583,.F.);
#5467 = ORIENTED_EDGE('',*,*,#5370,.F.);
#5468 = ORIENTED_EDGE('',*,*,#5469,.T.);
#5469 = EDGE_CURVE('',#5371,#5419,#5470,.T.);
#5470 = SURFACE_CURVE('',#5471,(#5475,#5482),.PCURVE_S1.);
#5471 = LINE('',#5472,#5473);
#5472 = CARTESIAN_POINT('',(16.4,70.65,67.865));
#5473 = VECTOR('',#5474,1.);
#5474 = DIRECTION('',(-0.,1.,4.440892098501E-16));
#5475 = PCURVE('',#2599,#5476);
#5476 = DEFINITIONAL_REPRESENTATION('',(#5477),#5481);
#5477 = LINE('',#5478,#5479);
#5478 = CARTESIAN_POINT('',(-0.,0.));
#5479 = VECTOR('',#5480,1.);
#5480 = DIRECTION('',(-0.,-1.));
#5481 = ( GEOMETRIC_REPRESENTATION_CONTEXT(2) 
PARAMETRIC_REPRESENTATION_CONTEXT() REPRESENTATION_CONTEXT('2D SPACE',''
  ) );
#5482 = PCURVE('',#4833,#5483);
#5483 = DEFINITIONAL_REPRESENTATION('',(#5484),#5488);
#5484 = LINE('',#5485,#5486);
#5485 = CARTESIAN_POINT('',(-38.85,2.84217094304E-14));
#5486 = VECTOR('',#5487,1.);
#5487 = DIRECTION('',(-0.,1.));
#5488 = ( GEOMETRIC_REPRESENTATION_CONTEXT(2) 
PARAMETRIC_REPRESENTATION_CONTEXT() REPRESENTATION_CONTEXT('2D SPACE',''
  ) );
#5489 = ORIENTED_EDGE('',*,*,#5441,.T.);
#5490 = FACE_BOUND('',#5491,.T.);
#5491 = EDGE_LOOP('',(#5492));
#5492 = ORIENTED_EDGE('',*,*,#5493,.F.);
#5493 = EDGE_CURVE('',#5494,#5494,#5496,.T.);
#5494 = VERTEX_POINT('',#5495);
#5495 = CARTESIAN_POINT('',(16.4,74.75,63.065));
#5496 = SURFACE_CURVE('',#5497,(#5502,#5513),.PCURVE_S1.);
#5497 = CIRCLE('',#5498,1.);
#5498 = AXIS2_PLACEMENT_3D('',#5499,#5500,#5501);
#5499 = CARTESIAN_POINT('',(16.4,74.75,62.065));
#5500 = DIRECTION('',(-1.,-9.860761315263E-32,2.22044604925E-16));
#5501 = DIRECTION('',(2.22044604925E-16,-4.440892098501E-16,1.));
#5502 = PCURVE('',#2599,#5503);
#5503 = DEFINITIONAL_REPRESENTATION('',(#5504),#5512);
#5504 = ( BOUNDED_CURVE() B_SPLINE_CURVE(2,(#5505,#5506,#5507,#5508,
#5509,#5510,#5511),.UNSPECIFIED.,.T.,.F.) B_SPLINE_CURVE_WITH_KNOTS((1,2
    ,2,2,2,1),(-2.094395102393,0.,2.094395102393,4.188790204786,
6.28318530718,8.377580409573),.UNSPECIFIED.) CURVE() 
GEOMETRIC_REPRESENTATION_ITEM() RATIONAL_B_SPLINE_CURVE((1.,0.5,1.,0.5,
1.,0.5,1.)) REPRESENTATION_ITEM('') );
#5505 = CARTESIAN_POINT('',(-4.8,-4.1));
#5506 = CARTESIAN_POINT('',(-4.8,-5.832050807569));
#5507 = CARTESIAN_POINT('',(-6.3,-4.966025403784));
#5508 = CARTESIAN_POINT('',(-7.8,-4.1));
#5509 = CARTESIAN_POINT('',(-6.3,-3.233974596216));
#5510 = CARTESIAN_POINT('',(-4.8,-2.367949192431));
#5511 = CARTESIAN_POINT('',(-4.8,-4.1));
#5512 = ( GEOMETRIC_REPRESENTATION_CONTEXT(2) 
PARAMETRIC_REPRESENTATION_CONTEXT() REPRESENTATION_CONTEXT('2D SPACE',''
  ) );
#5513 = PCURVE('',#5514,#5519);
#5514 = CYLINDRICAL_SURFACE('',#5515,1.);
#5515 = AXIS2_PLACEMENT_3D('',#5516,#5517,#5518);
#5516 = CARTESIAN_POINT('',(-30.,74.75,62.065));
#5517 = DIRECTION('',(1.,9.860761315263E-32,-2.22044604925E-16));
#5518 = DIRECTION('',(2.22044604925E-16,-4.440892098501E-16,1.));
#5519 = DEFINITIONAL_REPRESENTATION('',(#5520),#5524);
#5520 = LINE('',#5521,#5522);
#5521 = CARTESIAN_POINT('',(-0.,46.4));
#5522 = VECTOR('',#5523,1.);
#5523 = DIRECTION('',(-1.,0.));
#5524 = ( GEOMETRIC_REPRESENTATION_CONTEXT(2) 
PARAMETRIC_REPRESENTATION_CONTEXT() REPRESENTATION_CONTEXT('2D SPACE',''
  ) );
#5525 = ADVANCED_FACE('',(#5526),#3430,.F.);
#5526 = FACE_BOUND('',#5527,.T.);
#5527 = EDGE_LOOP('',(#5528,#5529,#5552,#5583));
#5528 = ORIENTED_EDGE('',*,*,#3409,.F.);
#5529 = ORIENTED_EDGE('',*,*,#5530,.F.);
#5530 = EDGE_CURVE('',#5531,#3410,#5533,.T.);
#5531 = VERTEX_POINT('',#5532);
#5532 = CARTESIAN_POINT('',(-1.75,-4.95,9.85));
#5533 = SEAM_CURVE('',#5534,(#5538,#5545),.PCURVE_S1.);
#5534 = LINE('',#5535,#5536);
#5535 = CARTESIAN_POINT('',(-1.75,-4.95,9.85));
#5536 = VECTOR('',#5537,1.);
#5537 = DIRECTION('',(2.22044604925E-16,2.22044604925E-16,-1.));
#5538 = PCURVE('',#3430,#5539);
#5539 = DEFINITIONAL_REPRESENTATION('',(#5540),#5544);
#5540 = LINE('',#5541,#5542);
#5541 = CARTESIAN_POINT('',(-6.28318530718,-0.));
#5542 = VECTOR('',#5543,1.);
#5543 = DIRECTION('',(-0.,1.));
#5544 = ( GEOMETRIC_REPRESENTATION_CONTEXT(2) 
PARAMETRIC_REPRESENTATION_CONTEXT() REPRESENTATION_CONTEXT('2D SPACE',''
  ) );
#5545 = PCURVE('',#3430,#5546);
#5546 = DEFINITIONAL_REPRESENTATION('',(#5547),#5551);
#5547 = LINE('',#5548,#5549);
#5548 = CARTESIAN_POINT('',(-0.,-0.));
#5549 = VECTOR('',#5550,1.);
#5550 = DIRECTION('',(-0.,1.));
#5551 = ( GEOMETRIC_REPRESENTATION_CONTEXT(2) 
PARAMETRIC_REPRESENTATION_CONTEXT() REPRESENTATION_CONTEXT('2D SPACE',''
  ) );
#5552 = ORIENTED_EDGE('',*,*,#5553,.T.);
#5553 = EDGE_CURVE('',#5531,#5531,#5554,.T.);
#5554 = SURFACE_CURVE('',#5555,(#5560,#5567),.PCURVE_S1.);
#5555 = CIRCLE('',#5556,3.2);
#5556 = AXIS2_PLACEMENT_3D('',#5557,#5558,#5559);
#5557 = CARTESIAN_POINT('',(-4.95,-4.95,9.85));
#5558 = DIRECTION('',(-2.22044604925E-16,-2.22044604925E-16,1.));
#5559 = DIRECTION('',(1.,-4.930380657631E-32,2.22044604925E-16));
#5560 = PCURVE('',#3430,#5561);
#5561 = DEFINITIONAL_REPRESENTATION('',(#5562),#5566);
#5562 = LINE('',#5563,#5564);
#5563 = CARTESIAN_POINT('',(-0.,0.));
#5564 = VECTOR('',#5565,1.);
#5565 = DIRECTION('',(-1.,0.));
#5566 = ( GEOMETRIC_REPRESENTATION_CONTEXT(2) 
PARAMETRIC_REPRESENTATION_CONTEXT() REPRESENTATION_CONTEXT('2D SPACE',''
  ) );
#5567 = PCURVE('',#5568,#5573);
#5568 = PLANE('',#5569);
#5569 = AXIS2_PLACEMENT_3D('',#5570,#5571,#5572);
#5570 = CARTESIAN_POINT('',(-4.95,-4.95,9.85));
#5571 = DIRECTION('',(2.22044604925E-16,2.22044604925E-16,-1.));
#5572 = DIRECTION('',(-1.,4.930380657631E-32,-2.22044604925E-16));
#5573 = DEFINITIONAL_REPRESENTATION('',(#5574),#5582);
#5574 = ( BOUNDED_CURVE() B_SPLINE_CURVE(2,(#5575,#5576,#5577,#5578,
#5579,#5580,#5581),.UNSPECIFIED.,.T.,.F.) B_SPLINE_CURVE_WITH_KNOTS((1,2
    ,2,2,2,1),(-2.094395102393,0.,2.094395102393,4.188790204786,
6.28318530718,8.377580409573),.UNSPECIFIED.) CURVE() 
GEOMETRIC_REPRESENTATION_ITEM() RATIONAL_B_SPLINE_CURVE((1.,0.5,1.,0.5,
1.,0.5,1.)) REPRESENTATION_ITEM('') );
#5575 = CARTESIAN_POINT('',(-3.2,-6.223015277861E-62));
#5576 = CARTESIAN_POINT('',(-3.2,5.54256258422));
#5577 = CARTESIAN_POINT('',(1.6,2.77128129211));
#5578 = CARTESIAN_POINT('',(6.4,7.837739514543E-16));
#5579 = CARTESIAN_POINT('',(1.6,-2.77128129211));
#5580 = CARTESIAN_POINT('',(-3.2,-5.54256258422));
#5581 = CARTESIAN_POINT('',(-3.2,-6.223015277861E-62));
#5582 = ( GEOMETRIC_REPRESENTATION_CONTEXT(2) 
PARAMETRIC_REPRESENTATION_CONTEXT() REPRESENTATION_CONTEXT('2D SPACE',''
  ) );
#5583 = ORIENTED_EDGE('',*,*,#5530,.T.);
#5584 = ADVANCED_FACE('',(#5585),#3465,.F.);
#5585 = FACE_BOUND('',#5586,.T.);
#5586 = EDGE_LOOP('',(#5587,#5588,#5611,#5642));
#5587 = ORIENTED_EDGE('',*,*,#3444,.F.);
#5588 = ORIENTED_EDGE('',*,*,#5589,.F.);
#5589 = EDGE_CURVE('',#5590,#3445,#5592,.T.);
#5590 = VERTEX_POINT('',#5591);
#5591 = CARTESIAN_POINT('',(8.15,-4.95,9.85));
#5592 = SEAM_CURVE('',#5593,(#5597,#5604),.PCURVE_S1.);
#5593 = LINE('',#5594,#5595);
#5594 = CARTESIAN_POINT('',(8.15,-4.95,9.85));
#5595 = VECTOR('',#5596,1.);
#5596 = DIRECTION('',(2.22044604925E-16,2.22044604925E-16,-1.));
#5597 = PCURVE('',#3465,#5598);
#5598 = DEFINITIONAL_REPRESENTATION('',(#5599),#5603);
#5599 = LINE('',#5600,#5601);
#5600 = CARTESIAN_POINT('',(-6.28318530718,-0.));
#5601 = VECTOR('',#5602,1.);
#5602 = DIRECTION('',(-0.,1.));
#5603 = ( GEOMETRIC_REPRESENTATION_CONTEXT(2) 
PARAMETRIC_REPRESENTATION_CONTEXT() REPRESENTATION_CONTEXT('2D SPACE',''
  ) );
#5604 = PCURVE('',#3465,#5605);
#5605 = DEFINITIONAL_REPRESENTATION('',(#5606),#5610);
#5606 = LINE('',#5607,#5608);
#5607 = CARTESIAN_POINT('',(-0.,-0.));
#5608 = VECTOR('',#5609,1.);
#5609 = DIRECTION('',(-0.,1.));
#5610 = ( GEOMETRIC_REPRESENTATION_CONTEXT(2) 
PARAMETRIC_REPRESENTATION_CONTEXT() REPRESENTATION_CONTEXT('2D SPACE',''
  ) );
#5611 = ORIENTED_EDGE('',*,*,#5612,.T.);
#5612 = EDGE_CURVE('',#5590,#5590,#5613,.T.);
#5613 = SURFACE_CURVE('',#5614,(#5619,#5626),.PCURVE_S1.);
#5614 = CIRCLE('',#5615,3.2);
#5615 = AXIS2_PLACEMENT_3D('',#5616,#5617,#5618);
#5616 = CARTESIAN_POINT('',(4.95,-4.95,9.85));
#5617 = DIRECTION('',(-2.22044604925E-16,-2.22044604925E-16,1.));
#5618 = DIRECTION('',(1.,-4.930380657631E-32,2.22044604925E-16));
#5619 = PCURVE('',#3465,#5620);
#5620 = DEFINITIONAL_REPRESENTATION('',(#5621),#5625);
#5621 = LINE('',#5622,#5623);
#5622 = CARTESIAN_POINT('',(-0.,0.));
#5623 = VECTOR('',#5624,1.);
#5624 = DIRECTION('',(-1.,0.));
#5625 = ( GEOMETRIC_REPRESENTATION_CONTEXT(2) 
PARAMETRIC_REPRESENTATION_CONTEXT() REPRESENTATION_CONTEXT('2D SPACE',''
  ) );
#5626 = PCURVE('',#5627,#5632);
#5627 = PLANE('',#5628);
#5628 = AXIS2_PLACEMENT_3D('',#5629,#5630,#5631);
#5629 = CARTESIAN_POINT('',(4.95,-4.95,9.85));
#5630 = DIRECTION('',(2.22044604925E-16,2.22044604925E-16,-1.));
#5631 = DIRECTION('',(-1.,4.930380657631E-32,-2.22044604925E-16));
#5632 = DEFINITIONAL_REPRESENTATION('',(#5633),#5641);
#5633 = ( BOUNDED_CURVE() B_SPLINE_CURVE(2,(#5634,#5635,#5636,#5637,
#5638,#5639,#5640),.UNSPECIFIED.,.T.,.F.) B_SPLINE_CURVE_WITH_KNOTS((1,2
    ,2,2,2,1),(-2.094395102393,0.,2.094395102393,4.188790204786,
6.28318530718,8.377580409573),.UNSPECIFIED.) CURVE() 
GEOMETRIC_REPRESENTATION_ITEM() RATIONAL_B_SPLINE_CURVE((1.,0.5,1.,0.5,
1.,0.5,1.)) REPRESENTATION_ITEM('') );
#5634 = CARTESIAN_POINT('',(-3.2,-6.223015277861E-62));
#5635 = CARTESIAN_POINT('',(-3.2,5.54256258422));
#5636 = CARTESIAN_POINT('',(1.6,2.77128129211));
#5637 = CARTESIAN_POINT('',(6.4,7.837739514543E-16));
#5638 = CARTESIAN_POINT('',(1.6,-2.77128129211));
#5639 = CARTESIAN_POINT('',(-3.2,-5.54256258422));
#5640 = CARTESIAN_POINT('',(-3.2,-6.223015277861E-62));
#5641 = ( GEOMETRIC_REPRESENTATION_CONTEXT(2) 
PARAMETRIC_REPRESENTATION_CONTEXT() REPRESENTATION_CONTEXT('2D SPACE',''
  ) );
#5642 = ORIENTED_EDGE('',*,*,#5589,.T.);
#5643 = ADVANCED_FACE('',(#5644),#3500,.F.);
#5644 = FACE_BOUND('',#5645,.T.);
#5645 = EDGE_LOOP('',(#5646,#5647,#5670,#5701));
#5646 = ORIENTED_EDGE('',*,*,#3479,.F.);
#5647 = ORIENTED_EDGE('',*,*,#5648,.F.);
#5648 = EDGE_CURVE('',#5649,#3480,#5651,.T.);
#5649 = VERTEX_POINT('',#5650);
#5650 = CARTESIAN_POINT('',(-1.75,4.95,9.85));
#5651 = SEAM_CURVE('',#5652,(#5656,#5663),.PCURVE_S1.);
#5652 = LINE('',#5653,#5654);
#5653 = CARTESIAN_POINT('',(-1.75,4.95,9.85));
#5654 = VECTOR('',#5655,1.);
#5655 = DIRECTION('',(2.22044604925E-16,2.22044604925E-16,-1.));
#5656 = PCURVE('',#3500,#5657);
#5657 = DEFINITIONAL_REPRESENTATION('',(#5658),#5662);
#5658 = LINE('',#5659,#5660);
#5659 = CARTESIAN_POINT('',(-6.28318530718,-0.));
#5660 = VECTOR('',#5661,1.);
#5661 = DIRECTION('',(-0.,1.));
#5662 = ( GEOMETRIC_REPRESENTATION_CONTEXT(2) 
PARAMETRIC_REPRESENTATION_CONTEXT() REPRESENTATION_CONTEXT('2D SPACE',''
  ) );
#5663 = PCURVE('',#3500,#5664);
#5664 = DEFINITIONAL_REPRESENTATION('',(#5665),#5669);
#5665 = LINE('',#5666,#5667);
#5666 = CARTESIAN_POINT('',(-0.,-0.));
#5667 = VECTOR('',#5668,1.);
#5668 = DIRECTION('',(-0.,1.));
#5669 = ( GEOMETRIC_REPRESENTATION_CONTEXT(2) 
PARAMETRIC_REPRESENTATION_CONTEXT() REPRESENTATION_CONTEXT('2D SPACE',''
  ) );
#5670 = ORIENTED_EDGE('',*,*,#5671,.T.);
#5671 = EDGE_CURVE('',#5649,#5649,#5672,.T.);
#5672 = SURFACE_CURVE('',#5673,(#5678,#5685),.PCURVE_S1.);
#5673 = CIRCLE('',#5674,3.2);
#5674 = AXIS2_PLACEMENT_3D('',#5675,#5676,#5677);
#5675 = CARTESIAN_POINT('',(-4.95,4.95,9.85));
#5676 = DIRECTION('',(-2.22044604925E-16,-2.22044604925E-16,1.));
#5677 = DIRECTION('',(1.,-4.930380657631E-32,2.22044604925E-16));
#5678 = PCURVE('',#3500,#5679);
#5679 = DEFINITIONAL_REPRESENTATION('',(#5680),#5684);
#5680 = LINE('',#5681,#5682);
#5681 = CARTESIAN_POINT('',(-0.,0.));
#5682 = VECTOR('',#5683,1.);
#5683 = DIRECTION('',(-1.,0.));
#5684 = ( GEOMETRIC_REPRESENTATION_CONTEXT(2) 
PARAMETRIC_REPRESENTATION_CONTEXT() REPRESENTATION_CONTEXT('2D SPACE',''
  ) );
#5685 = PCURVE('',#5686,#5691);
#5686 = PLANE('',#5687);
#5687 = AXIS2_PLACEMENT_3D('',#5688,#5689,#5690);
#5688 = CARTESIAN_POINT('',(-4.95,4.95,9.85));
#5689 = DIRECTION('',(2.22044604925E-16,2.22044604925E-16,-1.));
#5690 = DIRECTION('',(-1.,4.930380657631E-32,-2.22044604925E-16));
#5691 = DEFINITIONAL_REPRESENTATION('',(#5692),#5700);
#5692 = ( BOUNDED_CURVE() B_SPLINE_CURVE(2,(#5693,#5694,#5695,#5696,
#5697,#5698,#5699),.UNSPECIFIED.,.T.,.F.) B_SPLINE_CURVE_WITH_KNOTS((1,2
    ,2,2,2,1),(-2.094395102393,0.,2.094395102393,4.188790204786,
6.28318530718,8.377580409573),.UNSPECIFIED.) CURVE() 
GEOMETRIC_REPRESENTATION_ITEM() RATIONAL_B_SPLINE_CURVE((1.,0.5,1.,0.5,
1.,0.5,1.)) REPRESENTATION_ITEM('') );
#5693 = CARTESIAN_POINT('',(-3.2,-6.223015277861E-62));
#5694 = CARTESIAN_POINT('',(-3.2,5.54256258422));
#5695 = CARTESIAN_POINT('',(1.6,2.77128129211));
#5696 = CARTESIAN_POINT('',(6.4,7.837739514543E-16));
#5697 = CARTESIAN_POINT('',(1.6,-2.77128129211));
#5698 = CARTESIAN_POINT('',(-3.2,-5.54256258422));
#5699 = CARTESIAN_POINT('',(-3.2,-6.223015277861E-62));
#5700 = ( GEOMETRIC_REPRESENTATION_CONTEXT(2) 
PARAMETRIC_REPRESENTATION_CONTEXT() REPRESENTATION_CONTEXT('2D SPACE',''
  ) );
#5701 = ORIENTED_EDGE('',*,*,#5648,.T.);
#5702 = ADVANCED_FACE('',(#5703),#3535,.F.);
#5703 = FACE_BOUND('',#5704,.T.);
#5704 = EDGE_LOOP('',(#5705,#5728,#5729,#5730));
#5705 = ORIENTED_EDGE('',*,*,#5706,.T.);
#5706 = EDGE_CURVE('',#5707,#3515,#5709,.T.);
#5707 = VERTEX_POINT('',#5708);
#5708 = CARTESIAN_POINT('',(1.6,7.246447433694E-15,10.95));
#5709 = SEAM_CURVE('',#5710,(#5714,#5721),.PCURVE_S1.);
#5710 = LINE('',#5711,#5712);
#5711 = CARTESIAN_POINT('',(1.6,6.713540381874E-15,13.35));
#5712 = VECTOR('',#5713,1.);
#5713 = DIRECTION('',(2.22044604925E-16,2.22044604925E-16,-1.));
#5714 = PCURVE('',#3535,#5715);
#5715 = DEFINITIONAL_REPRESENTATION('',(#5716),#5720);
#5716 = LINE('',#5717,#5718);
#5717 = CARTESIAN_POINT('',(-6.28318530718,-0.));
#5718 = VECTOR('',#5719,1.);
#5719 = DIRECTION('',(-0.,1.));
#5720 = ( GEOMETRIC_REPRESENTATION_CONTEXT(2) 
PARAMETRIC_REPRESENTATION_CONTEXT() REPRESENTATION_CONTEXT('2D SPACE',''
  ) );
#5721 = PCURVE('',#3535,#5722);
#5722 = DEFINITIONAL_REPRESENTATION('',(#5723),#5727);
#5723 = LINE('',#5724,#5725);
#5724 = CARTESIAN_POINT('',(-0.,-0.));
#5725 = VECTOR('',#5726,1.);
#5726 = DIRECTION('',(-0.,1.));
#5727 = ( GEOMETRIC_REPRESENTATION_CONTEXT(2) 
PARAMETRIC_REPRESENTATION_CONTEXT() REPRESENTATION_CONTEXT('2D SPACE',''
  ) );
#5728 = ORIENTED_EDGE('',*,*,#3514,.F.);
#5729 = ORIENTED_EDGE('',*,*,#5706,.F.);
#5730 = ORIENTED_EDGE('',*,*,#5731,.T.);
#5731 = EDGE_CURVE('',#5707,#5707,#5732,.T.);
#5732 = SURFACE_CURVE('',#5733,(#5738,#5745),.PCURVE_S1.);
#5733 = CIRCLE('',#5734,1.6);
#5734 = AXIS2_PLACEMENT_3D('',#5735,#5736,#5737);
#5735 = CARTESIAN_POINT('',(4.840572387366E-15,7.638334409421E-15,10.95)
  );
#5736 = DIRECTION('',(-2.22044604925E-16,-2.22044604925E-16,1.));
#5737 = DIRECTION('',(1.,-4.930380657631E-32,2.22044604925E-16));
#5738 = PCURVE('',#3535,#5739);
#5739 = DEFINITIONAL_REPRESENTATION('',(#5740),#5744);
#5740 = LINE('',#5741,#5742);
#5741 = CARTESIAN_POINT('',(-0.,2.4));
#5742 = VECTOR('',#5743,1.);
#5743 = DIRECTION('',(-1.,0.));
#5744 = ( GEOMETRIC_REPRESENTATION_CONTEXT(2) 
PARAMETRIC_REPRESENTATION_CONTEXT() REPRESENTATION_CONTEXT('2D SPACE',''
  ) );
#5745 = PCURVE('',#5746,#5751);
#5746 = PLANE('',#5747);
#5747 = AXIS2_PLACEMENT_3D('',#5748,#5749,#5750);
#5748 = CARTESIAN_POINT('',(4.840572387366E-15,7.638334409421E-15,10.95)
  );
#5749 = DIRECTION('',(2.22044604925E-16,2.22044604925E-16,-1.));
#5750 = DIRECTION('',(-1.,4.930380657631E-32,-2.22044604925E-16));
#5751 = DEFINITIONAL_REPRESENTATION('',(#5752),#5760);
#5752 = ( BOUNDED_CURVE() B_SPLINE_CURVE(2,(#5753,#5754,#5755,#5756,
#5757,#5758,#5759),.UNSPECIFIED.,.T.,.F.) B_SPLINE_CURVE_WITH_KNOTS((1,2
    ,2,2,2,1),(-2.094395102393,0.,2.094395102393,4.188790204786,
6.28318530718,8.377580409573),.UNSPECIFIED.) CURVE() 
GEOMETRIC_REPRESENTATION_ITEM() RATIONAL_B_SPLINE_CURVE((1.,0.5,1.,0.5,
1.,0.5,1.)) REPRESENTATION_ITEM('') );
#5753 = CARTESIAN_POINT('',(-1.6,-3.111507638931E-62));
#5754 = CARTESIAN_POINT('',(-1.6,2.77128129211));
#5755 = CARTESIAN_POINT('',(0.8,1.385640646055));
#5756 = CARTESIAN_POINT('',(3.2,3.918869757272E-16));
#5757 = CARTESIAN_POINT('',(0.8,-1.385640646055));
#5758 = CARTESIAN_POINT('',(-1.6,-2.77128129211));
#5759 = CARTESIAN_POINT('',(-1.6,-3.111507638931E-62));
#5760 = ( GEOMETRIC_REPRESENTATION_CONTEXT(2) 
PARAMETRIC_REPRESENTATION_CONTEXT() REPRESENTATION_CONTEXT('2D SPACE',''
  ) );
#5761 = ADVANCED_FACE('',(#5762),#3570,.F.);
#5762 = FACE_BOUND('',#5763,.T.);
#5763 = EDGE_LOOP('',(#5764,#5765,#5788,#5819));
#5764 = ORIENTED_EDGE('',*,*,#3549,.F.);
#5765 = ORIENTED_EDGE('',*,*,#5766,.F.);
#5766 = EDGE_CURVE('',#5767,#3550,#5769,.T.);
#5767 = VERTEX_POINT('',#5768);
#5768 = CARTESIAN_POINT('',(8.15,4.95,9.85));
#5769 = SEAM_CURVE('',#5770,(#5774,#5781),.PCURVE_S1.);
#5770 = LINE('',#5771,#5772);
#5771 = CARTESIAN_POINT('',(8.15,4.95,9.85));
#5772 = VECTOR('',#5773,1.);
#5773 = DIRECTION('',(2.22044604925E-16,2.22044604925E-16,-1.));
#5774 = PCURVE('',#3570,#5775);
#5775 = DEFINITIONAL_REPRESENTATION('',(#5776),#5780);
#5776 = LINE('',#5777,#5778);
#5777 = CARTESIAN_POINT('',(-6.28318530718,-0.));
#5778 = VECTOR('',#5779,1.);
#5779 = DIRECTION('',(-0.,1.));
#5780 = ( GEOMETRIC_REPRESENTATION_CONTEXT(2) 
PARAMETRIC_REPRESENTATION_CONTEXT() REPRESENTATION_CONTEXT('2D SPACE',''
  ) );
#5781 = PCURVE('',#3570,#5782);
#5782 = DEFINITIONAL_REPRESENTATION('',(#5783),#5787);
#5783 = LINE('',#5784,#5785);
#5784 = CARTESIAN_POINT('',(-0.,-0.));
#5785 = VECTOR('',#5786,1.);
#5786 = DIRECTION('',(-0.,1.));
#5787 = ( GEOMETRIC_REPRESENTATION_CONTEXT(2) 
PARAMETRIC_REPRESENTATION_CONTEXT() REPRESENTATION_CONTEXT('2D SPACE',''
  ) );
#5788 = ORIENTED_EDGE('',*,*,#5789,.T.);
#5789 = EDGE_CURVE('',#5767,#5767,#5790,.T.);
#5790 = SURFACE_CURVE('',#5791,(#5796,#5803),.PCURVE_S1.);
#5791 = CIRCLE('',#5792,3.2);
#5792 = AXIS2_PLACEMENT_3D('',#5793,#5794,#5795);
#5793 = CARTESIAN_POINT('',(4.95,4.95,9.85));
#5794 = DIRECTION('',(-2.22044604925E-16,-2.22044604925E-16,1.));
#5795 = DIRECTION('',(1.,-4.930380657631E-32,2.22044604925E-16));
#5796 = PCURVE('',#3570,#5797);
#5797 = DEFINITIONAL_REPRESENTATION('',(#5798),#5802);
#5798 = LINE('',#5799,#5800);
#5799 = CARTESIAN_POINT('',(-0.,0.));
#5800 = VECTOR('',#5801,1.);
#5801 = DIRECTION('',(-1.,0.));
#5802 = ( GEOMETRIC_REPRESENTATION_CONTEXT(2) 
PARAMETRIC_REPRESENTATION_CONTEXT() REPRESENTATION_CONTEXT('2D SPACE',''
  ) );
#5803 = PCURVE('',#5804,#5809);
#5804 = PLANE('',#5805);
#5805 = AXIS2_PLACEMENT_3D('',#5806,#5807,#5808);
#5806 = CARTESIAN_POINT('',(4.95,4.95,9.85));
#5807 = DIRECTION('',(2.22044604925E-16,2.22044604925E-16,-1.));
#5808 = DIRECTION('',(-1.,4.930380657631E-32,-2.22044604925E-16));
#5809 = DEFINITIONAL_REPRESENTATION('',(#5810),#5818);
#5810 = ( BOUNDED_CURVE() B_SPLINE_CURVE(2,(#5811,#5812,#5813,#5814,
#5815,#5816,#5817),.UNSPECIFIED.,.T.,.F.) B_SPLINE_CURVE_WITH_KNOTS((1,2
    ,2,2,2,1),(-2.094395102393,0.,2.094395102393,4.188790204786,
6.28318530718,8.377580409573),.UNSPECIFIED.) CURVE() 
GEOMETRIC_REPRESENTATION_ITEM() RATIONAL_B_SPLINE_CURVE((1.,0.5,1.,0.5,
1.,0.5,1.)) REPRESENTATION_ITEM('') );
#5811 = CARTESIAN_POINT('',(-3.2,-6.223015277861E-62));
#5812 = CARTESIAN_POINT('',(-3.2,5.54256258422));
#5813 = CARTESIAN_POINT('',(1.6,2.77128129211));
#5814 = CARTESIAN_POINT('',(6.4,7.837739514543E-16));
#5815 = CARTESIAN_POINT('',(1.6,-2.77128129211));
#5816 = CARTESIAN_POINT('',(-3.2,-5.54256258422));
#5817 = CARTESIAN_POINT('',(-3.2,-6.223015277861E-62));
#5818 = ( GEOMETRIC_REPRESENTATION_CONTEXT(2) 
PARAMETRIC_REPRESENTATION_CONTEXT() REPRESENTATION_CONTEXT('2D SPACE',''
  ) );
#5819 = ORIENTED_EDGE('',*,*,#5766,.T.);
#5820 = ADVANCED_FACE('',(#5821),#3659,.F.);
#5821 = FACE_BOUND('',#5822,.T.);
#5822 = EDGE_LOOP('',(#5823,#5851,#5872,#5873));
#5823 = ORIENTED_EDGE('',*,*,#5824,.F.);
#5824 = EDGE_CURVE('',#5825,#5825,#5827,.T.);
#5825 = VERTEX_POINT('',#5826);
#5826 = CARTESIAN_POINT('',(-3.25,-4.95,9.85));
#5827 = SURFACE_CURVE('',#5828,(#5833,#5840),.PCURVE_S1.);
#5828 = CIRCLE('',#5829,1.7);
#5829 = AXIS2_PLACEMENT_3D('',#5830,#5831,#5832);
#5830 = CARTESIAN_POINT('',(-4.95,-4.95,9.85));
#5831 = DIRECTION('',(-2.22044604925E-16,-2.22044604925E-16,1.));
#5832 = DIRECTION('',(1.,-4.930380657631E-32,2.22044604925E-16));
#5833 = PCURVE('',#3659,#5834);
#5834 = DEFINITIONAL_REPRESENTATION('',(#5835),#5839);
#5835 = LINE('',#5836,#5837);
#5836 = CARTESIAN_POINT('',(-0.,4.5));
#5837 = VECTOR('',#5838,1.);
#5838 = DIRECTION('',(-1.,0.));
#5839 = ( GEOMETRIC_REPRESENTATION_CONTEXT(2) 
PARAMETRIC_REPRESENTATION_CONTEXT() REPRESENTATION_CONTEXT('2D SPACE',''
  ) );
#5840 = PCURVE('',#5568,#5841);
#5841 = DEFINITIONAL_REPRESENTATION('',(#5842),#5850);
#5842 = ( BOUNDED_CURVE() B_SPLINE_CURVE(2,(#5843,#5844,#5845,#5846,
#5847,#5848,#5849),.UNSPECIFIED.,.T.,.F.) B_SPLINE_CURVE_WITH_KNOTS((1,2
    ,2,2,2,1),(-2.094395102393,0.,2.094395102393,4.188790204786,
6.28318530718,8.377580409573),.UNSPECIFIED.) CURVE() 
GEOMETRIC_REPRESENTATION_ITEM() RATIONAL_B_SPLINE_CURVE((1.,0.5,1.,0.5,
1.,0.5,1.)) REPRESENTATION_ITEM('') );
#5843 = CARTESIAN_POINT('',(-1.7,-3.305976866364E-62));
#5844 = CARTESIAN_POINT('',(-1.7,2.944486372867));
#5845 = CARTESIAN_POINT('',(0.85,1.472243186434));
#5846 = CARTESIAN_POINT('',(3.4,4.163799117101E-16));
#5847 = CARTESIAN_POINT('',(0.85,-1.472243186434));
#5848 = CARTESIAN_POINT('',(-1.7,-2.944486372867));
#5849 = CARTESIAN_POINT('',(-1.7,-3.305976866364E-62));
#5850 = ( GEOMETRIC_REPRESENTATION_CONTEXT(2) 
PARAMETRIC_REPRESENTATION_CONTEXT() REPRESENTATION_CONTEXT('2D SPACE',''
  ) );
#5851 = ORIENTED_EDGE('',*,*,#5852,.F.);
#5852 = EDGE_CURVE('',#3639,#5825,#5853,.T.);
#5853 = SEAM_CURVE('',#5854,(#5858,#5865),.PCURVE_S1.);
#5854 = LINE('',#5855,#5856);
#5855 = CARTESIAN_POINT('',(-3.25,-4.95,14.35));
#5856 = VECTOR('',#5857,1.);
#5857 = DIRECTION('',(2.22044604925E-16,2.22044604925E-16,-1.));
#5858 = PCURVE('',#3659,#5859);
#5859 = DEFINITIONAL_REPRESENTATION('',(#5860),#5864);
#5860 = LINE('',#5861,#5862);
#5861 = CARTESIAN_POINT('',(-6.28318530718,-0.));
#5862 = VECTOR('',#5863,1.);
#5863 = DIRECTION('',(-0.,1.));
#5864 = ( GEOMETRIC_REPRESENTATION_CONTEXT(2) 
PARAMETRIC_REPRESENTATION_CONTEXT() REPRESENTATION_CONTEXT('2D SPACE',''
  ) );
#5865 = PCURVE('',#3659,#5866);
#5866 = DEFINITIONAL_REPRESENTATION('',(#5867),#5871);
#5867 = LINE('',#5868,#5869);
#5868 = CARTESIAN_POINT('',(-0.,-0.));
#5869 = VECTOR('',#5870,1.);
#5870 = DIRECTION('',(-0.,1.));
#5871 = ( GEOMETRIC_REPRESENTATION_CONTEXT(2) 
PARAMETRIC_REPRESENTATION_CONTEXT() REPRESENTATION_CONTEXT('2D SPACE',''
  ) );
#5872 = ORIENTED_EDGE('',*,*,#3638,.T.);
#5873 = ORIENTED_EDGE('',*,*,#5852,.T.);
#5874 = ADVANCED_FACE('',(#5875),#3694,.F.);
#5875 = FACE_BOUND('',#5876,.T.);
#5876 = EDGE_LOOP('',(#5877,#5905,#5926,#5927));
#5877 = ORIENTED_EDGE('',*,*,#5878,.F.);
#5878 = EDGE_CURVE('',#5879,#5879,#5881,.T.);
#5879 = VERTEX_POINT('',#5880);
#5880 = CARTESIAN_POINT('',(6.65,-4.95,9.85));
#5881 = SURFACE_CURVE('',#5882,(#5887,#5894),.PCURVE_S1.);
#5882 = CIRCLE('',#5883,1.7);
#5883 = AXIS2_PLACEMENT_3D('',#5884,#5885,#5886);
#5884 = CARTESIAN_POINT('',(4.95,-4.95,9.85));
#5885 = DIRECTION('',(-2.22044604925E-16,-2.22044604925E-16,1.));
#5886 = DIRECTION('',(1.,-4.930380657631E-32,2.22044604925E-16));
#5887 = PCURVE('',#3694,#5888);
#5888 = DEFINITIONAL_REPRESENTATION('',(#5889),#5893);
#5889 = LINE('',#5890,#5891);
#5890 = CARTESIAN_POINT('',(-0.,4.5));
#5891 = VECTOR('',#5892,1.);
#5892 = DIRECTION('',(-1.,0.));
#5893 = ( GEOMETRIC_REPRESENTATION_CONTEXT(2) 
PARAMETRIC_REPRESENTATION_CONTEXT() REPRESENTATION_CONTEXT('2D SPACE',''
  ) );
#5894 = PCURVE('',#5627,#5895);
#5895 = DEFINITIONAL_REPRESENTATION('',(#5896),#5904);
#5896 = ( BOUNDED_CURVE() B_SPLINE_CURVE(2,(#5897,#5898,#5899,#5900,
#5901,#5902,#5903),.UNSPECIFIED.,.T.,.F.) B_SPLINE_CURVE_WITH_KNOTS((1,2
    ,2,2,2,1),(-2.094395102393,0.,2.094395102393,4.188790204786,
6.28318530718,8.377580409573),.UNSPECIFIED.) CURVE() 
GEOMETRIC_REPRESENTATION_ITEM() RATIONAL_B_SPLINE_CURVE((1.,0.5,1.,0.5,
1.,0.5,1.)) REPRESENTATION_ITEM('') );
#5897 = CARTESIAN_POINT('',(-1.7,-3.305976866364E-62));
#5898 = CARTESIAN_POINT('',(-1.7,2.944486372867));
#5899 = CARTESIAN_POINT('',(0.85,1.472243186434));
#5900 = CARTESIAN_POINT('',(3.4,4.163799117101E-16));
#5901 = CARTESIAN_POINT('',(0.85,-1.472243186434));
#5902 = CARTESIAN_POINT('',(-1.7,-2.944486372867));
#5903 = CARTESIAN_POINT('',(-1.7,-3.305976866364E-62));
#5904 = ( GEOMETRIC_REPRESENTATION_CONTEXT(2) 
PARAMETRIC_REPRESENTATION_CONTEXT() REPRESENTATION_CONTEXT('2D SPACE',''
  ) );
#5905 = ORIENTED_EDGE('',*,*,#5906,.F.);
#5906 = EDGE_CURVE('',#3674,#5879,#5907,.T.);
#5907 = SEAM_CURVE('',#5908,(#5912,#5919),.PCURVE_S1.);
#5908 = LINE('',#5909,#5910);
#5909 = CARTESIAN_POINT('',(6.65,-4.95,14.35));
#5910 = VECTOR('',#5911,1.);
#5911 = DIRECTION('',(2.22044604925E-16,2.22044604925E-16,-1.));
#5912 = PCURVE('',#3694,#5913);
#5913 = DEFINITIONAL_REPRESENTATION('',(#5914),#5918);
#5914 = LINE('',#5915,#5916);
#5915 = CARTESIAN_POINT('',(-6.28318530718,-0.));
#5916 = VECTOR('',#5917,1.);
#5917 = DIRECTION('',(-0.,1.));
#5918 = ( GEOMETRIC_REPRESENTATION_CONTEXT(2) 
PARAMETRIC_REPRESENTATION_CONTEXT() REPRESENTATION_CONTEXT('2D SPACE',''
  ) );
#5919 = PCURVE('',#3694,#5920);
#5920 = DEFINITIONAL_REPRESENTATION('',(#5921),#5925);
#5921 = LINE('',#5922,#5923);
#5922 = CARTESIAN_POINT('',(-0.,-0.));
#5923 = VECTOR('',#5924,1.);
#5924 = DIRECTION('',(-0.,1.));
#5925 = ( GEOMETRIC_REPRESENTATION_CONTEXT(2) 
PARAMETRIC_REPRESENTATION_CONTEXT() REPRESENTATION_CONTEXT('2D SPACE',''
  ) );
#5926 = ORIENTED_EDGE('',*,*,#3673,.T.);
#5927 = ORIENTED_EDGE('',*,*,#5906,.T.);
#5928 = ADVANCED_FACE('',(#5929),#3729,.F.);
#5929 = FACE_BOUND('',#5930,.T.);
#5930 = EDGE_LOOP('',(#5931,#5959,#5980,#5981));
#5931 = ORIENTED_EDGE('',*,*,#5932,.F.);
#5932 = EDGE_CURVE('',#5933,#5933,#5935,.T.);
#5933 = VERTEX_POINT('',#5934);
#5934 = CARTESIAN_POINT('',(-3.25,4.95,9.85));
#5935 = SURFACE_CURVE('',#5936,(#5941,#5948),.PCURVE_S1.);
#5936 = CIRCLE('',#5937,1.7);
#5937 = AXIS2_PLACEMENT_3D('',#5938,#5939,#5940);
#5938 = CARTESIAN_POINT('',(-4.95,4.95,9.85));
#5939 = DIRECTION('',(-2.22044604925E-16,-2.22044604925E-16,1.));
#5940 = DIRECTION('',(1.,-4.930380657631E-32,2.22044604925E-16));
#5941 = PCURVE('',#3729,#5942);
#5942 = DEFINITIONAL_REPRESENTATION('',(#5943),#5947);
#5943 = LINE('',#5944,#5945);
#5944 = CARTESIAN_POINT('',(-0.,4.5));
#5945 = VECTOR('',#5946,1.);
#5946 = DIRECTION('',(-1.,0.));
#5947 = ( GEOMETRIC_REPRESENTATION_CONTEXT(2) 
PARAMETRIC_REPRESENTATION_CONTEXT() REPRESENTATION_CONTEXT('2D SPACE',''
  ) );
#5948 = PCURVE('',#5686,#5949);
#5949 = DEFINITIONAL_REPRESENTATION('',(#5950),#5958);
#5950 = ( BOUNDED_CURVE() B_SPLINE_CURVE(2,(#5951,#5952,#5953,#5954,
#5955,#5956,#5957),.UNSPECIFIED.,.T.,.F.) B_SPLINE_CURVE_WITH_KNOTS((1,2
    ,2,2,2,1),(-2.094395102393,0.,2.094395102393,4.188790204786,
6.28318530718,8.377580409573),.UNSPECIFIED.) CURVE() 
GEOMETRIC_REPRESENTATION_ITEM() RATIONAL_B_SPLINE_CURVE((1.,0.5,1.,0.5,
1.,0.5,1.)) REPRESENTATION_ITEM('') );
#5951 = CARTESIAN_POINT('',(-1.7,-3.305976866364E-62));
#5952 = CARTESIAN_POINT('',(-1.7,2.944486372867));
#5953 = CARTESIAN_POINT('',(0.85,1.472243186434));
#5954 = CARTESIAN_POINT('',(3.4,4.163799117101E-16));
#5955 = CARTESIAN_POINT('',(0.85,-1.472243186434));
#5956 = CARTESIAN_POINT('',(-1.7,-2.944486372867));
#5957 = CARTESIAN_POINT('',(-1.7,-3.305976866364E-62));
#5958 = ( GEOMETRIC_REPRESENTATION_CONTEXT(2) 
PARAMETRIC_REPRESENTATION_CONTEXT() REPRESENTATION_CONTEXT('2D SPACE',''
  ) );
#5959 = ORIENTED_EDGE('',*,*,#5960,.F.);
#5960 = EDGE_CURVE('',#3709,#5933,#5961,.T.);
#5961 = SEAM_CURVE('',#5962,(#5966,#5973),.PCURVE_S1.);
#5962 = LINE('',#5963,#5964);
#5963 = CARTESIAN_POINT('',(-3.25,4.95,14.35));
#5964 = VECTOR('',#5965,1.);
#5965 = DIRECTION('',(2.22044604925E-16,2.22044604925E-16,-1.));
#5966 = PCURVE('',#3729,#5967);
#5967 = DEFINITIONAL_REPRESENTATION('',(#5968),#5972);
#5968 = LINE('',#5969,#5970);
#5969 = CARTESIAN_POINT('',(-6.28318530718,-0.));
#5970 = VECTOR('',#5971,1.);
#5971 = DIRECTION('',(-0.,1.));
#5972 = ( GEOMETRIC_REPRESENTATION_CONTEXT(2) 
PARAMETRIC_REPRESENTATION_CONTEXT() REPRESENTATION_CONTEXT('2D SPACE',''
  ) );
#5973 = PCURVE('',#3729,#5974);
#5974 = DEFINITIONAL_REPRESENTATION('',(#5975),#5979);
#5975 = LINE('',#5976,#5977);
#5976 = CARTESIAN_POINT('',(-0.,-0.));
#5977 = VECTOR('',#5978,1.);
#5978 = DIRECTION('',(-0.,1.));
#5979 = ( GEOMETRIC_REPRESENTATION_CONTEXT(2) 
PARAMETRIC_REPRESENTATION_CONTEXT() REPRESENTATION_CONTEXT('2D SPACE',''
  ) );
#5980 = ORIENTED_EDGE('',*,*,#3708,.T.);
#5981 = ORIENTED_EDGE('',*,*,#5960,.T.);
#5982 = ADVANCED_FACE('',(#5983),#3764,.F.);
#5983 = FACE_BOUND('',#5984,.T.);
#5984 = EDGE_LOOP('',(#5985,#6013,#6034,#6035));
#5985 = ORIENTED_EDGE('',*,*,#5986,.F.);
#5986 = EDGE_CURVE('',#5987,#5987,#5989,.T.);
#5987 = VERTEX_POINT('',#5988);
#5988 = CARTESIAN_POINT('',(2.9,6.928039265916E-15,10.95));
#5989 = SURFACE_CURVE('',#5990,(#5995,#6002),.PCURVE_S1.);
#5990 = CIRCLE('',#5991,2.9);
#5991 = AXIS2_PLACEMENT_3D('',#5992,#5993,#5994);
#5992 = CARTESIAN_POINT('',(4.840572387366E-15,7.638334409421E-15,10.95)
  );
#5993 = DIRECTION('',(-2.22044604925E-16,-2.22044604925E-16,1.));
#5994 = DIRECTION('',(1.,-4.930380657631E-32,2.22044604925E-16));
#5995 = PCURVE('',#3764,#5996);
#5996 = DEFINITIONAL_REPRESENTATION('',(#5997),#6001);
#5997 = LINE('',#5998,#5999);
#5998 = CARTESIAN_POINT('',(-0.,2.4));
#5999 = VECTOR('',#6000,1.);
#6000 = DIRECTION('',(-1.,0.));
#6001 = ( GEOMETRIC_REPRESENTATION_CONTEXT(2) 
PARAMETRIC_REPRESENTATION_CONTEXT() REPRESENTATION_CONTEXT('2D SPACE',''
  ) );
#6002 = PCURVE('',#5746,#6003);
#6003 = DEFINITIONAL_REPRESENTATION('',(#6004),#6012);
#6004 = ( BOUNDED_CURVE() B_SPLINE_CURVE(2,(#6005,#6006,#6007,#6008,
#6009,#6010,#6011),.UNSPECIFIED.,.T.,.F.) B_SPLINE_CURVE_WITH_KNOTS((1,2
    ,2,2,2,1),(-2.094395102393,0.,2.094395102393,4.188790204786,
6.28318530718,8.377580409573),.UNSPECIFIED.) CURVE() 
GEOMETRIC_REPRESENTATION_ITEM() RATIONAL_B_SPLINE_CURVE((1.,0.5,1.,0.5,
1.,0.5,1.)) REPRESENTATION_ITEM('') );
#6005 = CARTESIAN_POINT('',(-2.9,-5.639607595562E-62));
#6006 = CARTESIAN_POINT('',(-2.9,5.02294734195));
#6007 = CARTESIAN_POINT('',(1.45,2.511473670975));
#6008 = CARTESIAN_POINT('',(5.8,7.102951435055E-16));
#6009 = CARTESIAN_POINT('',(1.45,-2.511473670975));
#6010 = CARTESIAN_POINT('',(-2.9,-5.02294734195));
#6011 = CARTESIAN_POINT('',(-2.9,-5.639607595562E-62));
#6012 = ( GEOMETRIC_REPRESENTATION_CONTEXT(2) 
PARAMETRIC_REPRESENTATION_CONTEXT() REPRESENTATION_CONTEXT('2D SPACE',''
  ) );
#6013 = ORIENTED_EDGE('',*,*,#6014,.F.);
#6014 = EDGE_CURVE('',#3744,#5987,#6015,.T.);
#6015 = SEAM_CURVE('',#6016,(#6020,#6027),.PCURVE_S1.);
#6016 = LINE('',#6017,#6018);
#6017 = CARTESIAN_POINT('',(2.9,6.395132214096E-15,13.35));
#6018 = VECTOR('',#6019,1.);
#6019 = DIRECTION('',(2.22044604925E-16,2.22044604925E-16,-1.));
#6020 = PCURVE('',#3764,#6021);
#6021 = DEFINITIONAL_REPRESENTATION('',(#6022),#6026);
#6022 = LINE('',#6023,#6024);
#6023 = CARTESIAN_POINT('',(-6.28318530718,-0.));
#6024 = VECTOR('',#6025,1.);
#6025 = DIRECTION('',(-0.,1.));
#6026 = ( GEOMETRIC_REPRESENTATION_CONTEXT(2) 
PARAMETRIC_REPRESENTATION_CONTEXT() REPRESENTATION_CONTEXT('2D SPACE',''
  ) );
#6027 = PCURVE('',#3764,#6028);
#6028 = DEFINITIONAL_REPRESENTATION('',(#6029),#6033);
#6029 = LINE('',#6030,#6031);
#6030 = CARTESIAN_POINT('',(-0.,-0.));
#6031 = VECTOR('',#6032,1.);
#6032 = DIRECTION('',(-0.,1.));
#6033 = ( GEOMETRIC_REPRESENTATION_CONTEXT(2) 
PARAMETRIC_REPRESENTATION_CONTEXT() REPRESENTATION_CONTEXT('2D SPACE',''
  ) );
#6034 = ORIENTED_EDGE('',*,*,#3743,.T.);
#6035 = ORIENTED_EDGE('',*,*,#6014,.T.);
#6036 = ADVANCED_FACE('',(#6037),#3799,.F.);
#6037 = FACE_BOUND('',#6038,.T.);
#6038 = EDGE_LOOP('',(#6039,#6067,#6088,#6089));
#6039 = ORIENTED_EDGE('',*,*,#6040,.F.);
#6040 = EDGE_CURVE('',#6041,#6041,#6043,.T.);
#6041 = VERTEX_POINT('',#6042);
#6042 = CARTESIAN_POINT('',(6.65,4.95,9.85));
#6043 = SURFACE_CURVE('',#6044,(#6049,#6056),.PCURVE_S1.);
#6044 = CIRCLE('',#6045,1.7);
#6045 = AXIS2_PLACEMENT_3D('',#6046,#6047,#6048);
#6046 = CARTESIAN_POINT('',(4.95,4.95,9.85));
#6047 = DIRECTION('',(-2.22044604925E-16,-2.22044604925E-16,1.));
#6048 = DIRECTION('',(1.,-4.930380657631E-32,2.22044604925E-16));
#6049 = PCURVE('',#3799,#6050);
#6050 = DEFINITIONAL_REPRESENTATION('',(#6051),#6055);
#6051 = LINE('',#6052,#6053);
#6052 = CARTESIAN_POINT('',(-0.,4.5));
#6053 = VECTOR('',#6054,1.);
#6054 = DIRECTION('',(-1.,0.));
#6055 = ( GEOMETRIC_REPRESENTATION_CONTEXT(2) 
PARAMETRIC_REPRESENTATION_CONTEXT() REPRESENTATION_CONTEXT('2D SPACE',''
  ) );
#6056 = PCURVE('',#5804,#6057);
#6057 = DEFINITIONAL_REPRESENTATION('',(#6058),#6066);
#6058 = ( BOUNDED_CURVE() B_SPLINE_CURVE(2,(#6059,#6060,#6061,#6062,
#6063,#6064,#6065),.UNSPECIFIED.,.T.,.F.) B_SPLINE_CURVE_WITH_KNOTS((1,2
    ,2,2,2,1),(-2.094395102393,0.,2.094395102393,4.188790204786,
6.28318530718,8.377580409573),.UNSPECIFIED.) CURVE() 
GEOMETRIC_REPRESENTATION_ITEM() RATIONAL_B_SPLINE_CURVE((1.,0.5,1.,0.5,
1.,0.5,1.)) REPRESENTATION_ITEM('') );
#6059 = CARTESIAN_POINT('',(-1.7,-3.305976866364E-62));
#6060 = CARTESIAN_POINT('',(-1.7,2.944486372867));
#6061 = CARTESIAN_POINT('',(0.85,1.472243186434));
#6062 = CARTESIAN_POINT('',(3.4,4.163799117101E-16));
#6063 = CARTESIAN_POINT('',(0.85,-1.472243186434));
#6064 = CARTESIAN_POINT('',(-1.7,-2.944486372867));
#6065 = CARTESIAN_POINT('',(-1.7,-3.305976866364E-62));
#6066 = ( GEOMETRIC_REPRESENTATION_CONTEXT(2) 
PARAMETRIC_REPRESENTATION_CONTEXT() REPRESENTATION_CONTEXT('2D SPACE',''
  ) );
#6067 = ORIENTED_EDGE('',*,*,#6068,.F.);
#6068 = EDGE_CURVE('',#3779,#6041,#6069,.T.);
#6069 = SEAM_CURVE('',#6070,(#6074,#6081),.PCURVE_S1.);
#6070 = LINE('',#6071,#6072);
#6071 = CARTESIAN_POINT('',(6.65,4.95,14.35));
#6072 = VECTOR('',#6073,1.);
#6073 = DIRECTION('',(2.22044604925E-16,2.22044604925E-16,-1.));
#6074 = PCURVE('',#3799,#6075);
#6075 = DEFINITIONAL_REPRESENTATION('',(#6076),#6080);
#6076 = LINE('',#6077,#6078);
#6077 = CARTESIAN_POINT('',(-6.28318530718,-0.));
#6078 = VECTOR('',#6079,1.);
#6079 = DIRECTION('',(-0.,1.));
#6080 = ( GEOMETRIC_REPRESENTATION_CONTEXT(2) 
PARAMETRIC_REPRESENTATION_CONTEXT() REPRESENTATION_CONTEXT('2D SPACE',''
  ) );
#6081 = PCURVE('',#3799,#6082);
#6082 = DEFINITIONAL_REPRESENTATION('',(#6083),#6087);
#6083 = LINE('',#6084,#6085);
#6084 = CARTESIAN_POINT('',(-0.,-0.));
#6085 = VECTOR('',#6086,1.);
#6086 = DIRECTION('',(-0.,1.));
#6087 = ( GEOMETRIC_REPRESENTATION_CONTEXT(2) 
PARAMETRIC_REPRESENTATION_CONTEXT() REPRESENTATION_CONTEXT('2D SPACE',''
  ) );
#6088 = ORIENTED_EDGE('',*,*,#3778,.T.);
#6089 = ORIENTED_EDGE('',*,*,#6068,.T.);
#6090 = ADVANCED_FACE('',(#6091,#6094),#3932,.T.);
#6091 = FACE_BOUND('',#6092,.F.);
#6092 = EDGE_LOOP('',(#6093));
#6093 = ORIENTED_EDGE('',*,*,#3917,.T.);
#6094 = FACE_BOUND('',#6095,.F.);
#6095 = EDGE_LOOP('',(#6096));
#6096 = ORIENTED_EDGE('',*,*,#4129,.F.);
#6097 = ADVANCED_FACE('',(#6098,#6101),#3991,.T.);
#6098 = FACE_BOUND('',#6099,.F.);
#6099 = EDGE_LOOP('',(#6100));
#6100 = ORIENTED_EDGE('',*,*,#3976,.T.);
#6101 = FACE_BOUND('',#6102,.F.);
#6102 = EDGE_LOOP('',(#6103));
#6103 = ORIENTED_EDGE('',*,*,#4183,.F.);
#6104 = ADVANCED_FACE('',(#6105,#6108),#4050,.T.);
#6105 = FACE_BOUND('',#6106,.F.);
#6106 = EDGE_LOOP('',(#6107));
#6107 = ORIENTED_EDGE('',*,*,#4035,.T.);
#6108 = FACE_BOUND('',#6109,.F.);
#6109 = EDGE_LOOP('',(#6110));
#6110 = ORIENTED_EDGE('',*,*,#4237,.F.);
#6111 = ADVANCED_FACE('',(#6112,#6115),#4109,.T.);
#6112 = FACE_BOUND('',#6113,.F.);
#6113 = EDGE_LOOP('',(#6114));
#6114 = ORIENTED_EDGE('',*,*,#4094,.T.);
#6115 = FACE_BOUND('',#6116,.F.);
#6116 = EDGE_LOOP('',(#6117));
#6117 = ORIENTED_EDGE('',*,*,#4350,.F.);
#6118 = ADVANCED_FACE('',(#6119),#4308,.F.);
#6119 = FACE_BOUND('',#6120,.T.);
#6120 = EDGE_LOOP('',(#6121));
#6121 = ORIENTED_EDGE('',*,*,#4291,.T.);
#6122 = ADVANCED_FACE('',(#6123),#4532,.F.);
#6123 = FACE_BOUND('',#6124,.T.);
#6124 = EDGE_LOOP('',(#6125,#6148,#6179,#6180));
#6125 = ORIENTED_EDGE('',*,*,#6126,.T.);
#6126 = EDGE_CURVE('',#4512,#6127,#6129,.T.);
#6127 = VERTEX_POINT('',#6128);
#6128 = CARTESIAN_POINT('',(-17.6,95.25,67.615));
#6129 = SEAM_CURVE('',#6130,(#6134,#6141),.PCURVE_S1.);
#6130 = LINE('',#6131,#6132);
#6131 = CARTESIAN_POINT('',(-30.,95.25,67.615));
#6132 = VECTOR('',#6133,1.);
#6133 = DIRECTION('',(1.,9.860761315263E-32,-2.22044604925E-16));
#6134 = PCURVE('',#4532,#6135);
#6135 = DEFINITIONAL_REPRESENTATION('',(#6136),#6140);
#6136 = LINE('',#6137,#6138);
#6137 = CARTESIAN_POINT('',(-6.28318530718,-0.));
#6138 = VECTOR('',#6139,1.);
#6139 = DIRECTION('',(-0.,1.));
#6140 = ( GEOMETRIC_REPRESENTATION_CONTEXT(2) 
PARAMETRIC_REPRESENTATION_CONTEXT() REPRESENTATION_CONTEXT('2D SPACE',''
  ) );
#6141 = PCURVE('',#4532,#6142);
#6142 = DEFINITIONAL_REPRESENTATION('',(#6143),#6147);
#6143 = LINE('',#6144,#6145);
#6144 = CARTESIAN_POINT('',(-0.,-0.));
#6145 = VECTOR('',#6146,1.);
#6146 = DIRECTION('',(-0.,1.));
#6147 = ( GEOMETRIC_REPRESENTATION_CONTEXT(2) 
PARAMETRIC_REPRESENTATION_CONTEXT() REPRESENTATION_CONTEXT('2D SPACE',''
  ) );
#6148 = ORIENTED_EDGE('',*,*,#6149,.F.);
#6149 = EDGE_CURVE('',#6127,#6127,#6150,.T.);
#6150 = SURFACE_CURVE('',#6151,(#6156,#6163),.PCURVE_S1.);
#6151 = CIRCLE('',#6152,2.);
#6152 = AXIS2_PLACEMENT_3D('',#6153,#6154,#6155);
#6153 = CARTESIAN_POINT('',(-17.6,95.25,65.615));
#6154 = DIRECTION('',(-1.,-9.860761315263E-32,2.22044604925E-16));
#6155 = DIRECTION('',(2.22044604925E-16,-4.440892098501E-16,1.));
#6156 = PCURVE('',#4532,#6157);
#6157 = DEFINITIONAL_REPRESENTATION('',(#6158),#6162);
#6158 = LINE('',#6159,#6160);
#6159 = CARTESIAN_POINT('',(-0.,12.4));
#6160 = VECTOR('',#6161,1.);
#6161 = DIRECTION('',(-1.,0.));
#6162 = ( GEOMETRIC_REPRESENTATION_CONTEXT(2) 
PARAMETRIC_REPRESENTATION_CONTEXT() REPRESENTATION_CONTEXT('2D SPACE',''
  ) );
#6163 = PCURVE('',#6164,#6169);
#6164 = PLANE('',#6165);
#6165 = AXIS2_PLACEMENT_3D('',#6166,#6167,#6168);
#6166 = CARTESIAN_POINT('',(-17.6,95.25,65.615));
#6167 = DIRECTION('',(1.,9.860761315263E-32,-2.22044604925E-16));
#6168 = DIRECTION('',(-2.22044604925E-16,4.440892098501E-16,-1.));
#6169 = DEFINITIONAL_REPRESENTATION('',(#6170),#6178);
#6170 = ( BOUNDED_CURVE() B_SPLINE_CURVE(2,(#6171,#6172,#6173,#6174,
#6175,#6176,#6177),.UNSPECIFIED.,.T.,.F.) B_SPLINE_CURVE_WITH_KNOTS((1,2
    ,2,2,2,1),(-2.094395102393,0.,2.094395102393,4.188790204786,
6.28318530718,8.377580409573),.UNSPECIFIED.) CURVE() 
GEOMETRIC_REPRESENTATION_ITEM() RATIONAL_B_SPLINE_CURVE((1.,0.5,1.,0.5,
1.,0.5,1.)) REPRESENTATION_ITEM('') );
#6171 = CARTESIAN_POINT('',(-2.,-6.908934844076E-77));
#6172 = CARTESIAN_POINT('',(-2.,3.464101615138));
#6173 = CARTESIAN_POINT('',(1.,1.732050807569));
#6174 = CARTESIAN_POINT('',(4.,4.898587196589E-16));
#6175 = CARTESIAN_POINT('',(1.,-1.732050807569));
#6176 = CARTESIAN_POINT('',(-2.,-3.464101615138));
#6177 = CARTESIAN_POINT('',(-2.,-6.908934844076E-77));
#6178 = ( GEOMETRIC_REPRESENTATION_CONTEXT(2) 
PARAMETRIC_REPRESENTATION_CONTEXT() REPRESENTATION_CONTEXT('2D SPACE',''
  ) );
#6179 = ORIENTED_EDGE('',*,*,#6126,.F.);
#6180 = ORIENTED_EDGE('',*,*,#4511,.T.);
#6181 = ADVANCED_FACE('',(#6182),#4567,.F.);
#6182 = FACE_BOUND('',#6183,.T.);
#6183 = EDGE_LOOP('',(#6184,#6207,#6238,#6239));
#6184 = ORIENTED_EDGE('',*,*,#6185,.T.);
#6185 = EDGE_CURVE('',#4547,#6186,#6188,.T.);
#6186 = VERTEX_POINT('',#6187);
#6187 = CARTESIAN_POINT('',(-17.6,74.75,67.615));
#6188 = SEAM_CURVE('',#6189,(#6193,#6200),.PCURVE_S1.);
#6189 = LINE('',#6190,#6191);
#6190 = CARTESIAN_POINT('',(-30.,74.75,67.615));
#6191 = VECTOR('',#6192,1.);
#6192 = DIRECTION('',(1.,9.860761315263E-32,-2.22044604925E-16));
#6193 = PCURVE('',#4567,#6194);
#6194 = DEFINITIONAL_REPRESENTATION('',(#6195),#6199);
#6195 = LINE('',#6196,#6197);
#6196 = CARTESIAN_POINT('',(-6.28318530718,-0.));
#6197 = VECTOR('',#6198,1.);
#6198 = DIRECTION('',(-0.,1.));
#6199 = ( GEOMETRIC_REPRESENTATION_CONTEXT(2) 
PARAMETRIC_REPRESENTATION_CONTEXT() REPRESENTATION_CONTEXT('2D SPACE',''
  ) );
#6200 = PCURVE('',#4567,#6201);
#6201 = DEFINITIONAL_REPRESENTATION('',(#6202),#6206);
#6202 = LINE('',#6203,#6204);
#6203 = CARTESIAN_POINT('',(-0.,-0.));
#6204 = VECTOR('',#6205,1.);
#6205 = DIRECTION('',(-0.,1.));
#6206 = ( GEOMETRIC_REPRESENTATION_CONTEXT(2) 
PARAMETRIC_REPRESENTATION_CONTEXT() REPRESENTATION_CONTEXT('2D SPACE',''
  ) );
#6207 = ORIENTED_EDGE('',*,*,#6208,.F.);
#6208 = EDGE_CURVE('',#6186,#6186,#6209,.T.);
#6209 = SURFACE_CURVE('',#6210,(#6215,#6222),.PCURVE_S1.);
#6210 = CIRCLE('',#6211,2.);
#6211 = AXIS2_PLACEMENT_3D('',#6212,#6213,#6214);
#6212 = CARTESIAN_POINT('',(-17.6,74.75,65.615));
#6213 = DIRECTION('',(-1.,-9.860761315263E-32,2.22044604925E-16));
#6214 = DIRECTION('',(2.22044604925E-16,-4.440892098501E-16,1.));
#6215 = PCURVE('',#4567,#6216);
#6216 = DEFINITIONAL_REPRESENTATION('',(#6217),#6221);
#6217 = LINE('',#6218,#6219);
#6218 = CARTESIAN_POINT('',(-0.,12.4));
#6219 = VECTOR('',#6220,1.);
#6220 = DIRECTION('',(-1.,0.));
#6221 = ( GEOMETRIC_REPRESENTATION_CONTEXT(2) 
PARAMETRIC_REPRESENTATION_CONTEXT() REPRESENTATION_CONTEXT('2D SPACE',''
  ) );
#6222 = PCURVE('',#6223,#6228);
#6223 = PLANE('',#6224);
#6224 = AXIS2_PLACEMENT_3D('',#6225,#6226,#6227);
#6225 = CARTESIAN_POINT('',(-17.6,74.75,65.615));
#6226 = DIRECTION('',(1.,9.860761315263E-32,-2.22044604925E-16));
#6227 = DIRECTION('',(-2.22044604925E-16,4.440892098501E-16,-1.));
#6228 = DEFINITIONAL_REPRESENTATION('',(#6229),#6237);
#6229 = ( BOUNDED_CURVE() B_SPLINE_CURVE(2,(#6230,#6231,#6232,#6233,
#6234,#6235,#6236),.UNSPECIFIED.,.T.,.F.) B_SPLINE_CURVE_WITH_KNOTS((1,2
    ,2,2,2,1),(-2.094395102393,0.,2.094395102393,4.188790204786,
6.28318530718,8.377580409573),.UNSPECIFIED.) CURVE() 
GEOMETRIC_REPRESENTATION_ITEM() RATIONAL_B_SPLINE_CURVE((1.,0.5,1.,0.5,
1.,0.5,1.)) REPRESENTATION_ITEM('') );
#6230 = CARTESIAN_POINT('',(-2.,-6.908934844076E-77));
#6231 = CARTESIAN_POINT('',(-2.,3.464101615138));
#6232 = CARTESIAN_POINT('',(1.,1.732050807569));
#6233 = CARTESIAN_POINT('',(4.,4.898587196589E-16));
#6234 = CARTESIAN_POINT('',(1.,-1.732050807569));
#6235 = CARTESIAN_POINT('',(-2.,-3.464101615138));
#6236 = CARTESIAN_POINT('',(-2.,-6.908934844076E-77));
#6237 = ( GEOMETRIC_REPRESENTATION_CONTEXT(2) 
PARAMETRIC_REPRESENTATION_CONTEXT() REPRESENTATION_CONTEXT('2D SPACE',''
  ) );
#6238 = ORIENTED_EDGE('',*,*,#6185,.F.);
#6239 = ORIENTED_EDGE('',*,*,#4546,.T.);
#6240 = ADVANCED_FACE('',(#6241),#4737,.F.);
#6241 = FACE_BOUND('',#6242,.T.);
#6242 = EDGE_LOOP('',(#6243,#6244,#6267,#6298));
#6243 = ORIENTED_EDGE('',*,*,#4716,.F.);
#6244 = ORIENTED_EDGE('',*,*,#6245,.F.);
#6245 = EDGE_CURVE('',#6246,#4717,#6248,.T.);
#6246 = VERTEX_POINT('',#6247);
#6247 = CARTESIAN_POINT('',(18.6,95.25,64.065));
#6248 = SEAM_CURVE('',#6249,(#6253,#6260),.PCURVE_S1.);
#6249 = LINE('',#6250,#6251);
#6250 = CARTESIAN_POINT('',(18.6,95.25,64.065));
#6251 = VECTOR('',#6252,1.);
#6252 = DIRECTION('',(1.,9.860761315263E-32,-2.22044604925E-16));
#6253 = PCURVE('',#4737,#6254);
#6254 = DEFINITIONAL_REPRESENTATION('',(#6255),#6259);
#6255 = LINE('',#6256,#6257);
#6256 = CARTESIAN_POINT('',(-6.28318530718,-0.));
#6257 = VECTOR('',#6258,1.);
#6258 = DIRECTION('',(-0.,1.));
#6259 = ( GEOMETRIC_REPRESENTATION_CONTEXT(2) 
PARAMETRIC_REPRESENTATION_CONTEXT() REPRESENTATION_CONTEXT('2D SPACE',''
  ) );
#6260 = PCURVE('',#4737,#6261);
#6261 = DEFINITIONAL_REPRESENTATION('',(#6262),#6266);
#6262 = LINE('',#6263,#6264);
#6263 = CARTESIAN_POINT('',(-0.,-0.));
#6264 = VECTOR('',#6265,1.);
#6265 = DIRECTION('',(-0.,1.));
#6266 = ( GEOMETRIC_REPRESENTATION_CONTEXT(2) 
PARAMETRIC_REPRESENTATION_CONTEXT() REPRESENTATION_CONTEXT('2D SPACE',''
  ) );
#6267 = ORIENTED_EDGE('',*,*,#6268,.T.);
#6268 = EDGE_CURVE('',#6246,#6246,#6269,.T.);
#6269 = SURFACE_CURVE('',#6270,(#6275,#6282),.PCURVE_S1.);
#6270 = CIRCLE('',#6271,2.);
#6271 = AXIS2_PLACEMENT_3D('',#6272,#6273,#6274);
#6272 = CARTESIAN_POINT('',(18.6,95.25,62.065));
#6273 = DIRECTION('',(-1.,-9.860761315263E-32,2.22044604925E-16));
#6274 = DIRECTION('',(2.22044604925E-16,-4.440892098501E-16,1.));
#6275 = PCURVE('',#4737,#6276);
#6276 = DEFINITIONAL_REPRESENTATION('',(#6277),#6281);
#6277 = LINE('',#6278,#6279);
#6278 = CARTESIAN_POINT('',(-0.,0.));
#6279 = VECTOR('',#6280,1.);
#6280 = DIRECTION('',(-1.,0.));
#6281 = ( GEOMETRIC_REPRESENTATION_CONTEXT(2) 
PARAMETRIC_REPRESENTATION_CONTEXT() REPRESENTATION_CONTEXT('2D SPACE',''
  ) );
#6282 = PCURVE('',#6283,#6288);
#6283 = PLANE('',#6284);
#6284 = AXIS2_PLACEMENT_3D('',#6285,#6286,#6287);
#6285 = CARTESIAN_POINT('',(18.6,95.25,62.065));
#6286 = DIRECTION('',(1.,9.860761315263E-32,-2.22044604925E-16));
#6287 = DIRECTION('',(-2.22044604925E-16,4.440892098501E-16,-1.));
#6288 = DEFINITIONAL_REPRESENTATION('',(#6289),#6297);
#6289 = ( BOUNDED_CURVE() B_SPLINE_CURVE(2,(#6290,#6291,#6292,#6293,
#6294,#6295,#6296),.UNSPECIFIED.,.T.,.F.) B_SPLINE_CURVE_WITH_KNOTS((1,2
    ,2,2,2,1),(-2.094395102393,0.,2.094395102393,4.188790204786,
6.28318530718,8.377580409573),.UNSPECIFIED.) CURVE() 
GEOMETRIC_REPRESENTATION_ITEM() RATIONAL_B_SPLINE_CURVE((1.,0.5,1.,0.5,
1.,0.5,1.)) REPRESENTATION_ITEM('') );
#6290 = CARTESIAN_POINT('',(-2.,-6.908934844076E-77));
#6291 = CARTESIAN_POINT('',(-2.,3.464101615138));
#6292 = CARTESIAN_POINT('',(1.,1.732050807569));
#6293 = CARTESIAN_POINT('',(4.,4.898587196589E-16));
#6294 = CARTESIAN_POINT('',(1.,-1.732050807569));
#6295 = CARTESIAN_POINT('',(-2.,-3.464101615138));
#6296 = CARTESIAN_POINT('',(-2.,-6.908934844076E-77));
#6297 = ( GEOMETRIC_REPRESENTATION_CONTEXT(2) 
PARAMETRIC_REPRESENTATION_CONTEXT() REPRESENTATION_CONTEXT('2D SPACE',''
  ) );
#6298 = ORIENTED_EDGE('',*,*,#6245,.T.);
#6299 = ADVANCED_FACE('',(#6300),#4772,.F.);
#6300 = FACE_BOUND('',#6301,.T.);
#6301 = EDGE_LOOP('',(#6302,#6303,#6326,#6357));
#6302 = ORIENTED_EDGE('',*,*,#4751,.F.);
#6303 = ORIENTED_EDGE('',*,*,#6304,.F.);
#6304 = EDGE_CURVE('',#6305,#4752,#6307,.T.);
#6305 = VERTEX_POINT('',#6306);
#6306 = CARTESIAN_POINT('',(18.6,74.75,64.065));
#6307 = SEAM_CURVE('',#6308,(#6312,#6319),.PCURVE_S1.);
#6308 = LINE('',#6309,#6310);
#6309 = CARTESIAN_POINT('',(18.6,74.75,64.065));
#6310 = VECTOR('',#6311,1.);
#6311 = DIRECTION('',(1.,9.860761315263E-32,-2.22044604925E-16));
#6312 = PCURVE('',#4772,#6313);
#6313 = DEFINITIONAL_REPRESENTATION('',(#6314),#6318);
#6314 = LINE('',#6315,#6316);
#6315 = CARTESIAN_POINT('',(-6.28318530718,-0.));
#6316 = VECTOR('',#6317,1.);
#6317 = DIRECTION('',(-0.,1.));
#6318 = ( GEOMETRIC_REPRESENTATION_CONTEXT(2) 
PARAMETRIC_REPRESENTATION_CONTEXT() REPRESENTATION_CONTEXT('2D SPACE',''
  ) );
#6319 = PCURVE('',#4772,#6320);
#6320 = DEFINITIONAL_REPRESENTATION('',(#6321),#6325);
#6321 = LINE('',#6322,#6323);
#6322 = CARTESIAN_POINT('',(-0.,-0.));
#6323 = VECTOR('',#6324,1.);
#6324 = DIRECTION('',(-0.,1.));
#6325 = ( GEOMETRIC_REPRESENTATION_CONTEXT(2) 
PARAMETRIC_REPRESENTATION_CONTEXT() REPRESENTATION_CONTEXT('2D SPACE',''
  ) );
#6326 = ORIENTED_EDGE('',*,*,#6327,.T.);
#6327 = EDGE_CURVE('',#6305,#6305,#6328,.T.);
#6328 = SURFACE_CURVE('',#6329,(#6334,#6341),.PCURVE_S1.);
#6329 = CIRCLE('',#6330,2.);
#6330 = AXIS2_PLACEMENT_3D('',#6331,#6332,#6333);
#6331 = CARTESIAN_POINT('',(18.6,74.75,62.065));
#6332 = DIRECTION('',(-1.,-9.860761315263E-32,2.22044604925E-16));
#6333 = DIRECTION('',(2.22044604925E-16,-4.440892098501E-16,1.));
#6334 = PCURVE('',#4772,#6335);
#6335 = DEFINITIONAL_REPRESENTATION('',(#6336),#6340);
#6336 = LINE('',#6337,#6338);
#6337 = CARTESIAN_POINT('',(-0.,0.));
#6338 = VECTOR('',#6339,1.);
#6339 = DIRECTION('',(-1.,0.));
#6340 = ( GEOMETRIC_REPRESENTATION_CONTEXT(2) 
PARAMETRIC_REPRESENTATION_CONTEXT() REPRESENTATION_CONTEXT('2D SPACE',''
  ) );
#6341 = PCURVE('',#6342,#6347);
#6342 = PLANE('',#6343);
#6343 = AXIS2_PLACEMENT_3D('',#6344,#6345,#6346);
#6344 = CARTESIAN_POINT('',(18.6,74.75,62.065));
#6345 = DIRECTION('',(1.,9.860761315263E-32,-2.22044604925E-16));
#6346 = DIRECTION('',(-2.22044604925E-16,4.440892098501E-16,-1.));
#6347 = DEFINITIONAL_REPRESENTATION('',(#6348),#6356);
#6348 = ( BOUNDED_CURVE() B_SPLINE_CURVE(2,(#6349,#6350,#6351,#6352,
#6353,#6354,#6355),.UNSPECIFIED.,.T.,.F.) B_SPLINE_CURVE_WITH_KNOTS((1,2
    ,2,2,2,1),(-2.094395102393,0.,2.094395102393,4.188790204786,
6.28318530718,8.377580409573),.UNSPECIFIED.) CURVE() 
GEOMETRIC_REPRESENTATION_ITEM() RATIONAL_B_SPLINE_CURVE((1.,0.5,1.,0.5,
1.,0.5,1.)) REPRESENTATION_ITEM('') );
#6349 = CARTESIAN_POINT('',(-2.,-6.908934844076E-77));
#6350 = CARTESIAN_POINT('',(-2.,3.464101615138));
#6351 = CARTESIAN_POINT('',(1.,1.732050807569));
#6352 = CARTESIAN_POINT('',(4.,4.898587196589E-16));
#6353 = CARTESIAN_POINT('',(1.,-1.732050807569));
#6354 = CARTESIAN_POINT('',(-2.,-3.464101615138));
#6355 = CARTESIAN_POINT('',(-2.,-6.908934844076E-77));
#6356 = ( GEOMETRIC_REPRESENTATION_CONTEXT(2) 
PARAMETRIC_REPRESENTATION_CONTEXT() REPRESENTATION_CONTEXT('2D SPACE',''
  ) );
#6357 = ORIENTED_EDGE('',*,*,#6304,.T.);
#6358 = ADVANCED_FACE('',(#6359),#4906,.T.);
#6359 = FACE_BOUND('',#6360,.F.);
#6360 = EDGE_LOOP('',(#6361,#6362,#6363,#6364));
#6361 = ORIENTED_EDGE('',*,*,#4890,.T.);
#6362 = ORIENTED_EDGE('',*,*,#5013,.F.);
#6363 = ORIENTED_EDGE('',*,*,#5134,.T.);
#6364 = ORIENTED_EDGE('',*,*,#5244,.T.);
#6365 = ADVANCED_FACE('',(#6366),#4833,.T.);
#6366 = FACE_BOUND('',#6367,.F.);
#6367 = EDGE_LOOP('',(#6368,#6369,#6370,#6371,#6372,#6373,#6374,#6375));
#6368 = ORIENTED_EDGE('',*,*,#5086,.T.);
#6369 = ORIENTED_EDGE('',*,*,#4817,.T.);
#6370 = ORIENTED_EDGE('',*,*,#5393,.F.);
#6371 = ORIENTED_EDGE('',*,*,#5469,.T.);
#6372 = ORIENTED_EDGE('',*,*,#5418,.T.);
#6373 = ORIENTED_EDGE('',*,*,#5343,.T.);
#6374 = ORIENTED_EDGE('',*,*,#5271,.F.);
#6375 = ORIENTED_EDGE('',*,*,#5184,.T.);
#6376 = ADVANCED_FACE('',(#6377),#4963,.F.);
#6377 = FACE_BOUND('',#6378,.T.);
#6378 = EDGE_LOOP('',(#6379,#6402,#6403,#6404));
#6379 = ORIENTED_EDGE('',*,*,#6380,.T.);
#6380 = EDGE_CURVE('',#6381,#4943,#6383,.T.);
#6381 = VERTEX_POINT('',#6382);
#6382 = CARTESIAN_POINT('',(-17.6,95.25,66.615));
#6383 = SEAM_CURVE('',#6384,(#6388,#6395),.PCURVE_S1.);
#6384 = LINE('',#6385,#6386);
#6385 = CARTESIAN_POINT('',(-30.,95.25,66.615));
#6386 = VECTOR('',#6387,1.);
#6387 = DIRECTION('',(1.,9.860761315263E-32,-2.22044604925E-16));
#6388 = PCURVE('',#4963,#6389);
#6389 = DEFINITIONAL_REPRESENTATION('',(#6390),#6394);
#6390 = LINE('',#6391,#6392);
#6391 = CARTESIAN_POINT('',(-6.28318530718,-0.));
#6392 = VECTOR('',#6393,1.);
#6393 = DIRECTION('',(-0.,1.));
#6394 = ( GEOMETRIC_REPRESENTATION_CONTEXT(2) 
PARAMETRIC_REPRESENTATION_CONTEXT() REPRESENTATION_CONTEXT('2D SPACE',''
  ) );
#6395 = PCURVE('',#4963,#6396);
#6396 = DEFINITIONAL_REPRESENTATION('',(#6397),#6401);
#6397 = LINE('',#6398,#6399);
#6398 = CARTESIAN_POINT('',(-0.,-0.));
#6399 = VECTOR('',#6400,1.);
#6400 = DIRECTION('',(-0.,1.));
#6401 = ( GEOMETRIC_REPRESENTATION_CONTEXT(2) 
PARAMETRIC_REPRESENTATION_CONTEXT() REPRESENTATION_CONTEXT('2D SPACE',''
  ) );
#6402 = ORIENTED_EDGE('',*,*,#4942,.F.);
#6403 = ORIENTED_EDGE('',*,*,#6380,.F.);
#6404 = ORIENTED_EDGE('',*,*,#6405,.T.);
#6405 = EDGE_CURVE('',#6381,#6381,#6406,.T.);
#6406 = SURFACE_CURVE('',#6407,(#6412,#6419),.PCURVE_S1.);
#6407 = CIRCLE('',#6408,1.);
#6408 = AXIS2_PLACEMENT_3D('',#6409,#6410,#6411);
#6409 = CARTESIAN_POINT('',(-17.6,95.25,65.615));
#6410 = DIRECTION('',(-1.,-9.860761315263E-32,2.22044604925E-16));
#6411 = DIRECTION('',(2.22044604925E-16,-4.440892098501E-16,1.));
#6412 = PCURVE('',#4963,#6413);
#6413 = DEFINITIONAL_REPRESENTATION('',(#6414),#6418);
#6414 = LINE('',#6415,#6416);
#6415 = CARTESIAN_POINT('',(-0.,12.4));
#6416 = VECTOR('',#6417,1.);
#6417 = DIRECTION('',(-1.,0.));
#6418 = ( GEOMETRIC_REPRESENTATION_CONTEXT(2) 
PARAMETRIC_REPRESENTATION_CONTEXT() REPRESENTATION_CONTEXT('2D SPACE',''
  ) );
#6419 = PCURVE('',#6164,#6420);
#6420 = DEFINITIONAL_REPRESENTATION('',(#6421),#6429);
#6421 = ( BOUNDED_CURVE() B_SPLINE_CURVE(2,(#6422,#6423,#6424,#6425,
#6426,#6427,#6428),.UNSPECIFIED.,.T.,.F.) B_SPLINE_CURVE_WITH_KNOTS((1,2
    ,2,2,2,1),(-2.094395102393,0.,2.094395102393,4.188790204786,
6.28318530718,8.377580409573),.UNSPECIFIED.) CURVE() 
GEOMETRIC_REPRESENTATION_ITEM() RATIONAL_B_SPLINE_CURVE((1.,0.5,1.,0.5,
1.,0.5,1.)) REPRESENTATION_ITEM('') );
#6422 = CARTESIAN_POINT('',(-1.,7.88860905221E-30));
#6423 = CARTESIAN_POINT('',(-1.,1.732050807569));
#6424 = CARTESIAN_POINT('',(0.5,0.866025403784));
#6425 = CARTESIAN_POINT('',(2.,2.449293598295E-16));
#6426 = CARTESIAN_POINT('',(0.5,-0.866025403784));
#6427 = CARTESIAN_POINT('',(-1.,-1.732050807569));
#6428 = CARTESIAN_POINT('',(-1.,7.88860905221E-30));
#6429 = ( GEOMETRIC_REPRESENTATION_CONTEXT(2) 
PARAMETRIC_REPRESENTATION_CONTEXT() REPRESENTATION_CONTEXT('2D SPACE',''
  ) );
#6430 = ADVANCED_FACE('',(#6431),#4998,.F.);
#6431 = FACE_BOUND('',#6432,.T.);
#6432 = EDGE_LOOP('',(#6433,#6456,#6457,#6458));
#6433 = ORIENTED_EDGE('',*,*,#6434,.T.);
#6434 = EDGE_CURVE('',#6435,#4978,#6437,.T.);
#6435 = VERTEX_POINT('',#6436);
#6436 = CARTESIAN_POINT('',(-17.6,74.75,66.615));
#6437 = SEAM_CURVE('',#6438,(#6442,#6449),.PCURVE_S1.);
#6438 = LINE('',#6439,#6440);
#6439 = CARTESIAN_POINT('',(-30.,74.75,66.615));
#6440 = VECTOR('',#6441,1.);
#6441 = DIRECTION('',(1.,9.860761315263E-32,-2.22044604925E-16));
#6442 = PCURVE('',#4998,#6443);
#6443 = DEFINITIONAL_REPRESENTATION('',(#6444),#6448);
#6444 = LINE('',#6445,#6446);
#6445 = CARTESIAN_POINT('',(-6.28318530718,-0.));
#6446 = VECTOR('',#6447,1.);
#6447 = DIRECTION('',(-0.,1.));
#6448 = ( GEOMETRIC_REPRESENTATION_CONTEXT(2) 
PARAMETRIC_REPRESENTATION_CONTEXT() REPRESENTATION_CONTEXT('2D SPACE',''
  ) );
#6449 = PCURVE('',#4998,#6450);
#6450 = DEFINITIONAL_REPRESENTATION('',(#6451),#6455);
#6451 = LINE('',#6452,#6453);
#6452 = CARTESIAN_POINT('',(-0.,-0.));
#6453 = VECTOR('',#6454,1.);
#6454 = DIRECTION('',(-0.,1.));
#6455 = ( GEOMETRIC_REPRESENTATION_CONTEXT(2) 
PARAMETRIC_REPRESENTATION_CONTEXT() REPRESENTATION_CONTEXT('2D SPACE',''
  ) );
#6456 = ORIENTED_EDGE('',*,*,#4977,.F.);
#6457 = ORIENTED_EDGE('',*,*,#6434,.F.);
#6458 = ORIENTED_EDGE('',*,*,#6459,.T.);
#6459 = EDGE_CURVE('',#6435,#6435,#6460,.T.);
#6460 = SURFACE_CURVE('',#6461,(#6466,#6473),.PCURVE_S1.);
#6461 = CIRCLE('',#6462,1.);
#6462 = AXIS2_PLACEMENT_3D('',#6463,#6464,#6465);
#6463 = CARTESIAN_POINT('',(-17.6,74.75,65.615));
#6464 = DIRECTION('',(-1.,-9.860761315263E-32,2.22044604925E-16));
#6465 = DIRECTION('',(2.22044604925E-16,-4.440892098501E-16,1.));
#6466 = PCURVE('',#4998,#6467);
#6467 = DEFINITIONAL_REPRESENTATION('',(#6468),#6472);
#6468 = LINE('',#6469,#6470);
#6469 = CARTESIAN_POINT('',(-0.,12.4));
#6470 = VECTOR('',#6471,1.);
#6471 = DIRECTION('',(-1.,0.));
#6472 = ( GEOMETRIC_REPRESENTATION_CONTEXT(2) 
PARAMETRIC_REPRESENTATION_CONTEXT() REPRESENTATION_CONTEXT('2D SPACE',''
  ) );
#6473 = PCURVE('',#6223,#6474);
#6474 = DEFINITIONAL_REPRESENTATION('',(#6475),#6483);
#6475 = ( BOUNDED_CURVE() B_SPLINE_CURVE(2,(#6476,#6477,#6478,#6479,
#6480,#6481,#6482),.UNSPECIFIED.,.T.,.F.) B_SPLINE_CURVE_WITH_KNOTS((1,2
    ,2,2,2,1),(-2.094395102393,0.,2.094395102393,4.188790204786,
6.28318530718,8.377580409573),.UNSPECIFIED.) CURVE() 
GEOMETRIC_REPRESENTATION_ITEM() RATIONAL_B_SPLINE_CURVE((1.,0.5,1.,0.5,
1.,0.5,1.)) REPRESENTATION_ITEM('') );
#6476 = CARTESIAN_POINT('',(-1.,4.733165431326E-30));
#6477 = CARTESIAN_POINT('',(-1.,1.732050807569));
#6478 = CARTESIAN_POINT('',(0.5,0.866025403784));
#6479 = CARTESIAN_POINT('',(2.,2.449293598295E-16));
#6480 = CARTESIAN_POINT('',(0.5,-0.866025403784));
#6481 = CARTESIAN_POINT('',(-1.,-1.732050807569));
#6482 = CARTESIAN_POINT('',(-1.,4.733165431326E-30));
#6483 = ( GEOMETRIC_REPRESENTATION_CONTEXT(2) 
PARAMETRIC_REPRESENTATION_CONTEXT() REPRESENTATION_CONTEXT('2D SPACE',''
  ) );
#6484 = ADVANCED_FACE('',(#6485),#5229,.F.);
#6485 = FACE_BOUND('',#6486,.T.);
#6486 = EDGE_LOOP('',(#6487,#6515,#6536,#6537));
#6487 = ORIENTED_EDGE('',*,*,#6488,.F.);
#6488 = EDGE_CURVE('',#6489,#6489,#6491,.T.);
#6489 = VERTEX_POINT('',#6490);
#6490 = CARTESIAN_POINT('',(18.6,95.25,63.065));
#6491 = SURFACE_CURVE('',#6492,(#6497,#6504),.PCURVE_S1.);
#6492 = CIRCLE('',#6493,1.);
#6493 = AXIS2_PLACEMENT_3D('',#6494,#6495,#6496);
#6494 = CARTESIAN_POINT('',(18.6,95.25,62.065));
#6495 = DIRECTION('',(-1.,-9.860761315263E-32,2.22044604925E-16));
#6496 = DIRECTION('',(2.22044604925E-16,-4.440892098501E-16,1.));
#6497 = PCURVE('',#5229,#6498);
#6498 = DEFINITIONAL_REPRESENTATION('',(#6499),#6503);
#6499 = LINE('',#6500,#6501);
#6500 = CARTESIAN_POINT('',(-0.,48.6));
#6501 = VECTOR('',#6502,1.);
#6502 = DIRECTION('',(-1.,0.));
#6503 = ( GEOMETRIC_REPRESENTATION_CONTEXT(2) 
PARAMETRIC_REPRESENTATION_CONTEXT() REPRESENTATION_CONTEXT('2D SPACE',''
  ) );
#6504 = PCURVE('',#6283,#6505);
#6505 = DEFINITIONAL_REPRESENTATION('',(#6506),#6514);
#6506 = ( BOUNDED_CURVE() B_SPLINE_CURVE(2,(#6507,#6508,#6509,#6510,
#6511,#6512,#6513),.UNSPECIFIED.,.T.,.F.) B_SPLINE_CURVE_WITH_KNOTS((1,2
    ,2,2,2,1),(-2.094395102393,0.,2.094395102393,4.188790204786,
6.28318530718,8.377580409573),.UNSPECIFIED.) CURVE() 
GEOMETRIC_REPRESENTATION_ITEM() RATIONAL_B_SPLINE_CURVE((1.,0.5,1.,0.5,
1.,0.5,1.)) REPRESENTATION_ITEM('') );
#6507 = CARTESIAN_POINT('',(-1.,-1.577721810442E-30));
#6508 = CARTESIAN_POINT('',(-1.,1.732050807569));
#6509 = CARTESIAN_POINT('',(0.5,0.866025403784));
#6510 = CARTESIAN_POINT('',(2.,2.449293598295E-16));
#6511 = CARTESIAN_POINT('',(0.5,-0.866025403784));
#6512 = CARTESIAN_POINT('',(-1.,-1.732050807569));
#6513 = CARTESIAN_POINT('',(-1.,-1.577721810442E-30));
#6514 = ( GEOMETRIC_REPRESENTATION_CONTEXT(2) 
PARAMETRIC_REPRESENTATION_CONTEXT() REPRESENTATION_CONTEXT('2D SPACE',''
  ) );
#6515 = ORIENTED_EDGE('',*,*,#6516,.F.);
#6516 = EDGE_CURVE('',#5209,#6489,#6517,.T.);
#6517 = SEAM_CURVE('',#6518,(#6522,#6529),.PCURVE_S1.);
#6518 = LINE('',#6519,#6520);
#6519 = CARTESIAN_POINT('',(-30.,95.25,63.065));
#6520 = VECTOR('',#6521,1.);
#6521 = DIRECTION('',(1.,9.860761315263E-32,-2.22044604925E-16));
#6522 = PCURVE('',#5229,#6523);
#6523 = DEFINITIONAL_REPRESENTATION('',(#6524),#6528);
#6524 = LINE('',#6525,#6526);
#6525 = CARTESIAN_POINT('',(-6.28318530718,-0.));
#6526 = VECTOR('',#6527,1.);
#6527 = DIRECTION('',(-0.,1.));
#6528 = ( GEOMETRIC_REPRESENTATION_CONTEXT(2) 
PARAMETRIC_REPRESENTATION_CONTEXT() REPRESENTATION_CONTEXT('2D SPACE',''
  ) );
#6529 = PCURVE('',#5229,#6530);
#6530 = DEFINITIONAL_REPRESENTATION('',(#6531),#6535);
#6531 = LINE('',#6532,#6533);
#6532 = CARTESIAN_POINT('',(-0.,-0.));
#6533 = VECTOR('',#6534,1.);
#6534 = DIRECTION('',(-0.,1.));
#6535 = ( GEOMETRIC_REPRESENTATION_CONTEXT(2) 
PARAMETRIC_REPRESENTATION_CONTEXT() REPRESENTATION_CONTEXT('2D SPACE',''
  ) );
#6536 = ORIENTED_EDGE('',*,*,#5208,.T.);
#6537 = ORIENTED_EDGE('',*,*,#6516,.T.);
#6538 = ADVANCED_FACE('',(#6539),#5514,.F.);
#6539 = FACE_BOUND('',#6540,.T.);
#6540 = EDGE_LOOP('',(#6541,#6569,#6590,#6591));
#6541 = ORIENTED_EDGE('',*,*,#6542,.F.);
#6542 = EDGE_CURVE('',#6543,#6543,#6545,.T.);
#6543 = VERTEX_POINT('',#6544);
#6544 = CARTESIAN_POINT('',(18.6,74.75,63.065));
#6545 = SURFACE_CURVE('',#6546,(#6551,#6558),.PCURVE_S1.);
#6546 = CIRCLE('',#6547,1.);
#6547 = AXIS2_PLACEMENT_3D('',#6548,#6549,#6550);
#6548 = CARTESIAN_POINT('',(18.6,74.75,62.065));
#6549 = DIRECTION('',(-1.,-9.860761315263E-32,2.22044604925E-16));
#6550 = DIRECTION('',(2.22044604925E-16,-4.440892098501E-16,1.));
#6551 = PCURVE('',#5514,#6552);
#6552 = DEFINITIONAL_REPRESENTATION('',(#6553),#6557);
#6553 = LINE('',#6554,#6555);
#6554 = CARTESIAN_POINT('',(-0.,48.6));
#6555 = VECTOR('',#6556,1.);
#6556 = DIRECTION('',(-1.,0.));
#6557 = ( GEOMETRIC_REPRESENTATION_CONTEXT(2) 
PARAMETRIC_REPRESENTATION_CONTEXT() REPRESENTATION_CONTEXT('2D SPACE',''
  ) );
#6558 = PCURVE('',#6342,#6559);
#6559 = DEFINITIONAL_REPRESENTATION('',(#6560),#6568);
#6560 = ( BOUNDED_CURVE() B_SPLINE_CURVE(2,(#6561,#6562,#6563,#6564,
#6565,#6566,#6567),.UNSPECIFIED.,.T.,.F.) B_SPLINE_CURVE_WITH_KNOTS((1,2
    ,2,2,2,1),(-2.094395102393,0.,2.094395102393,4.188790204786,
6.28318530718,8.377580409573),.UNSPECIFIED.) CURVE() 
GEOMETRIC_REPRESENTATION_ITEM() RATIONAL_B_SPLINE_CURVE((1.,0.5,1.,0.5,
1.,0.5,1.)) REPRESENTATION_ITEM('') );
#6561 = CARTESIAN_POINT('',(-1.,1.577721810442E-30));
#6562 = CARTESIAN_POINT('',(-1.,1.732050807569));
#6563 = CARTESIAN_POINT('',(0.5,0.866025403784));
#6564 = CARTESIAN_POINT('',(2.,2.449293598295E-16));
#6565 = CARTESIAN_POINT('',(0.5,-0.866025403784));
#6566 = CARTESIAN_POINT('',(-1.,-1.732050807569));
#6567 = CARTESIAN_POINT('',(-1.,1.577721810442E-30));
#6568 = ( GEOMETRIC_REPRESENTATION_CONTEXT(2) 
PARAMETRIC_REPRESENTATION_CONTEXT() REPRESENTATION_CONTEXT('2D SPACE',''
  ) );
#6569 = ORIENTED_EDGE('',*,*,#6570,.F.);
#6570 = EDGE_CURVE('',#5494,#6543,#6571,.T.);
#6571 = SEAM_CURVE('',#6572,(#6576,#6583),.PCURVE_S1.);
#6572 = LINE('',#6573,#6574);
#6573 = CARTESIAN_POINT('',(-30.,74.75,63.065));
#6574 = VECTOR('',#6575,1.);
#6575 = DIRECTION('',(1.,9.860761315263E-32,-2.22044604925E-16));
#6576 = PCURVE('',#5514,#6577);
#6577 = DEFINITIONAL_REPRESENTATION('',(#6578),#6582);
#6578 = LINE('',#6579,#6580);
#6579 = CARTESIAN_POINT('',(-6.28318530718,-0.));
#6580 = VECTOR('',#6581,1.);
#6581 = DIRECTION('',(-0.,1.));
#6582 = ( GEOMETRIC_REPRESENTATION_CONTEXT(2) 
PARAMETRIC_REPRESENTATION_CONTEXT() REPRESENTATION_CONTEXT('2D SPACE',''
  ) );
#6583 = PCURVE('',#5514,#6584);
#6584 = DEFINITIONAL_REPRESENTATION('',(#6585),#6589);
#6585 = LINE('',#6586,#6587);
#6586 = CARTESIAN_POINT('',(-0.,-0.));
#6587 = VECTOR('',#6588,1.);
#6588 = DIRECTION('',(-0.,1.));
#6589 = ( GEOMETRIC_REPRESENTATION_CONTEXT(2) 
PARAMETRIC_REPRESENTATION_CONTEXT() REPRESENTATION_CONTEXT('2D SPACE',''
  ) );
#6590 = ORIENTED_EDGE('',*,*,#5493,.T.);
#6591 = ORIENTED_EDGE('',*,*,#6570,.T.);
#6592 = ADVANCED_FACE('',(#6593,#6596),#5568,.T.);
#6593 = FACE_BOUND('',#6594,.F.);
#6594 = EDGE_LOOP('',(#6595));
#6595 = ORIENTED_EDGE('',*,*,#5553,.T.);
#6596 = FACE_BOUND('',#6597,.F.);
#6597 = EDGE_LOOP('',(#6598));
#6598 = ORIENTED_EDGE('',*,*,#5824,.F.);
#6599 = ADVANCED_FACE('',(#6600,#6603),#5627,.T.);
#6600 = FACE_BOUND('',#6601,.F.);
#6601 = EDGE_LOOP('',(#6602));
#6602 = ORIENTED_EDGE('',*,*,#5612,.T.);
#6603 = FACE_BOUND('',#6604,.F.);
#6604 = EDGE_LOOP('',(#6605));
#6605 = ORIENTED_EDGE('',*,*,#5878,.F.);
#6606 = ADVANCED_FACE('',(#6607,#6610),#5686,.T.);
#6607 = FACE_BOUND('',#6608,.F.);
#6608 = EDGE_LOOP('',(#6609));
#6609 = ORIENTED_EDGE('',*,*,#5671,.T.);
#6610 = FACE_BOUND('',#6611,.F.);
#6611 = EDGE_LOOP('',(#6612));
#6612 = ORIENTED_EDGE('',*,*,#5932,.F.);
#6613 = ADVANCED_FACE('',(#6614,#6617),#5746,.F.);
#6614 = FACE_BOUND('',#6615,.T.);
#6615 = EDGE_LOOP('',(#6616));
#6616 = ORIENTED_EDGE('',*,*,#5986,.T.);
#6617 = FACE_BOUND('',#6618,.T.);
#6618 = EDGE_LOOP('',(#6619));
#6619 = ORIENTED_EDGE('',*,*,#5731,.F.);
#6620 = ADVANCED_FACE('',(#6621,#6624),#5804,.T.);
#6621 = FACE_BOUND('',#6622,.F.);
#6622 = EDGE_LOOP('',(#6623));
#6623 = ORIENTED_EDGE('',*,*,#5789,.T.);
#6624 = FACE_BOUND('',#6625,.F.);
#6625 = EDGE_LOOP('',(#6626));
#6626 = ORIENTED_EDGE('',*,*,#6040,.F.);
#6627 = ADVANCED_FACE('',(#6628,#6631),#6164,.F.);
#6628 = FACE_BOUND('',#6629,.T.);
#6629 = EDGE_LOOP('',(#6630));
#6630 = ORIENTED_EDGE('',*,*,#6149,.T.);
#6631 = FACE_BOUND('',#6632,.T.);
#6632 = EDGE_LOOP('',(#6633));
#6633 = ORIENTED_EDGE('',*,*,#6405,.F.);
#6634 = ADVANCED_FACE('',(#6635,#6638),#6223,.F.);
#6635 = FACE_BOUND('',#6636,.T.);
#6636 = EDGE_LOOP('',(#6637));
#6637 = ORIENTED_EDGE('',*,*,#6208,.T.);
#6638 = FACE_BOUND('',#6639,.T.);
#6639 = EDGE_LOOP('',(#6640));
#6640 = ORIENTED_EDGE('',*,*,#6459,.F.);
#6641 = ADVANCED_FACE('',(#6642,#6645),#6283,.T.);
#6642 = FACE_BOUND('',#6643,.F.);
#6643 = EDGE_LOOP('',(#6644));
#6644 = ORIENTED_EDGE('',*,*,#6268,.T.);
#6645 = FACE_BOUND('',#6646,.F.);
#6646 = EDGE_LOOP('',(#6647));
#6647 = ORIENTED_EDGE('',*,*,#6488,.F.);
#6648 = ADVANCED_FACE('',(#6649,#6652),#6342,.T.);
#6649 = FACE_BOUND('',#6650,.F.);
#6650 = EDGE_LOOP('',(#6651));
#6651 = ORIENTED_EDGE('',*,*,#6327,.T.);
#6652 = FACE_BOUND('',#6653,.F.);
#6653 = EDGE_LOOP('',(#6654));
#6654 = ORIENTED_EDGE('',*,*,#6542,.F.);
#6655 = ( GEOMETRIC_REPRESENTATION_CONTEXT(3) 
GLOBAL_UNCERTAINTY_ASSIGNED_CONTEXT((#6659)) 
GLOBAL_UNIT_ASSIGNED_CONTEXT((#6656,#6657,#6658)) REPRESENTATION_CONTEXT
('Context #1','3D Context with UNIT and UNCERTAINTY') );
#6656 = ( LENGTH_UNIT() NAMED_UNIT(*) SI_UNIT(.MILLI.,.METRE.) );
#6657 = ( NAMED_UNIT(*) PLANE_ANGLE_UNIT() SI_UNIT($,.RADIAN.) );
#6658 = ( NAMED_UNIT(*) SI_UNIT($,.STERADIAN.) SOLID_ANGLE_UNIT() );
#6659 = UNCERTAINTY_MEASURE_WITH_UNIT(LENGTH_MEASURE(2.E-06),#6656,
  'distance_accuracy_value','confusion accuracy');
#6660 = PRODUCT_RELATED_PRODUCT_CATEGORY('part',$,(#7));
ENDSEC;
END-ISO-10303-21;
