ISO-10303-21;
HEADER;
FILE_DESCRIPTION(('Open CASCADE Model'),'2;1');
FILE_NAME('Under_arm_SO101_v1','2026-09-10T22:32:44',('Author'),(
    'Open CASCADE'),'Open CASCADE STEP processor 7.9','build123d',
  'Unknown');
FILE_SCHEMA(('AUTOMOTIVE_DESIGN { 1 0 10303 214 1 1 1 1 }'));
ENDSEC;
DATA;
#1 = APPLICATION_PROTOCOL_DEFINITION('international standard',
  'automotive_design',2000,#2);
#2 = APPLICATION_CONTEXT(
  'core data for automotive mechanical design processes');
#3 = SHAPE_DEFINITION_REPRESENTATION(#4,#10);
#4 = PRODUCT_DEFINITION_SHAPE('','',#5);
#5 = PRODUCT_DEFINITION('design','',#6,#9);
#6 = PRODUCT_DEFINITION_FORMATION('','',#7);
#7 = PRODUCT('Under_arm_SO101_v1','Under_arm_SO101_v1','',(#8));
#8 = PRODUCT_CONTEXT('',#2,'mechanical');
#9 = PRODUCT_DEFINITION_CONTEXT('part definition',#2,'design');
#10 = ADVANCED_BREP_SHAPE_REPRESENTATION('',(#11,#15),#7567);
#11 = AXIS2_PLACEMENT_3D('',#12,#13,#14);
#12 = CARTESIAN_POINT('',(0.,0.,0.));
#13 = DIRECTION('',(0.,0.,1.));
#14 = DIRECTION('',(1.,0.,-0.));
#15 = MANIFOLD_SOLID_BREP('',#16);
#16 = CLOSED_SHELL('',(#17,#1269,#1351,#1515,#1752,#1834,#2013,#2189,
    #2243,#2399,#2514,#2568,#2679,#2807,#2878,#2927,#2976,#3003,#3074,
    #3123,#3172,#3199,#3270,#3319,#3368,#3395,#3466,#3515,#3564,#3591,
    #3662,#3711,#3811,#3884,#3955,#4004,#4053,#4080,#4151,#4200,#4249,
    #4276,#4347,#4396,#4491,#4569,#4596,#4623,#4751,#4862,#5051,#5123,
    #5392,#5475,#5525,#5685,#5768,#5815,#5822,#5894,#5990,#6039,#6073,
    #6250,#6258,#6307,#6340,#6349,#6422,#6449,#6642,#6692,#6763,#6790,
    #6839,#6866,#6873,#6991,#7018,#7051,#7101,#7151,#7158,#7240,#7289,
    #7316,#7398,#7405,#7452,#7479,#7486,#7533,#7560));
#17 = ADVANCED_FACE('',(#18,#357,#471,#585,#699,#813,#927,#1041,#1155),
  #32,.F.);
#18 = FACE_BOUND('',#19,.F.);
#19 = EDGE_LOOP('',(#20,#55,#81,#109,#137,#165,#191,#219,#247,#275,#303,
    #331));
#20 = ORIENTED_EDGE('',*,*,#21,.T.);
#21 = EDGE_CURVE('',#22,#24,#26,.T.);
#22 = VERTEX_POINT('',#23);
#23 = CARTESIAN_POINT('',(-25.8499073366,-20.,-21.));
#24 = VERTEX_POINT('',#25);
#25 = CARTESIAN_POINT('',(-24.85,-20.,-21.));
#26 = SURFACE_CURVE('',#27,(#31,#43),.PCURVE_S1.);
#27 = LINE('',#28,#29);
#28 = CARTESIAN_POINT('',(-19.6749536683,-20.,-21.));
#29 = VECTOR('',#30,1.);
#30 = DIRECTION('',(1.,-3.551733912669E-18,0.));
#31 = PCURVE('',#32,#37);
#32 = PLANE('',#33);
#33 = AXIS2_PLACEMENT_3D('',#34,#35,#36);
#34 = CARTESIAN_POINT('',(-64.8499073366,-20.,25.));
#35 = DIRECTION('',(-3.551733912669E-18,-1.,0.));
#36 = DIRECTION('',(-0.,0.,-1.));
#37 = DEFINITIONAL_REPRESENTATION('',(#38),#42);
#38 = LINE('',#39,#40);
#39 = CARTESIAN_POINT('',(46.,45.174953668304));
#40 = VECTOR('',#41,1.);
#41 = DIRECTION('',(-0.,1.));
#42 = ( GEOMETRIC_REPRESENTATION_CONTEXT(2) 
PARAMETRIC_REPRESENTATION_CONTEXT() REPRESENTATION_CONTEXT('2D SPACE',''
  ) );
#43 = PCURVE('',#44,#49);
#44 = CYLINDRICAL_SURFACE('',#45,5.);
#45 = AXIS2_PLACEMENT_3D('',#46,#47,#48);
#46 = CARTESIAN_POINT('',(-19.6749536683,-25.,-21.));
#47 = DIRECTION('',(-1.,3.551733912669E-18,0.));
#48 = DIRECTION('',(2.511455134618E-18,0.707106781187,-0.707106781187));
#49 = DEFINITIONAL_REPRESENTATION('',(#50),#54);
#50 = LINE('',#51,#52);
#51 = CARTESIAN_POINT('',(-0.785398163397,0.));
#52 = VECTOR('',#53,1.);
#53 = DIRECTION('',(0.,-1.));
#54 = ( GEOMETRIC_REPRESENTATION_CONTEXT(2) 
PARAMETRIC_REPRESENTATION_CONTEXT() REPRESENTATION_CONTEXT('2D SPACE',''
  ) );
#55 = ORIENTED_EDGE('',*,*,#56,.T.);
#56 = EDGE_CURVE('',#24,#57,#59,.T.);
#57 = VERTEX_POINT('',#58);
#58 = CARTESIAN_POINT('',(-24.85,-20.,-13.));
#59 = SURFACE_CURVE('',#60,(#64,#70),.PCURVE_S1.);
#60 = LINE('',#61,#62);
#61 = CARTESIAN_POINT('',(-24.85,-20.,-37.5));
#62 = VECTOR('',#63,1.);
#63 = DIRECTION('',(0.,0.,1.));
#64 = PCURVE('',#32,#65);
#65 = DEFINITIONAL_REPRESENTATION('',(#66),#69);
#66 = B_SPLINE_CURVE_WITH_KNOTS('',1,(#67,#68),.UNSPECIFIED.,.F.,.F.,(2,
    2),(12.3,62.7),.PIECEWISE_BEZIER_KNOTS.);
#67 = CARTESIAN_POINT('',(50.2,39.999907336607));
#68 = CARTESIAN_POINT('',(-0.2,39.999907336607));
#69 = ( GEOMETRIC_REPRESENTATION_CONTEXT(2) 
PARAMETRIC_REPRESENTATION_CONTEXT() REPRESENTATION_CONTEXT('2D SPACE',''
  ) );
#70 = PCURVE('',#71,#76);
#71 = PLANE('',#72);
#72 = AXIS2_PLACEMENT_3D('',#73,#74,#75);
#73 = CARTESIAN_POINT('',(-24.85,-100.,-100.));
#74 = DIRECTION('',(1.,0.,-0.));
#75 = DIRECTION('',(0.,0.,1.));
#76 = DEFINITIONAL_REPRESENTATION('',(#77),#80);
#77 = B_SPLINE_CURVE_WITH_KNOTS('',1,(#78,#79),.UNSPECIFIED.,.F.,.F.,(2,
    2),(12.3,62.7),.PIECEWISE_BEZIER_KNOTS.);
#78 = CARTESIAN_POINT('',(74.8,-80.));
#79 = CARTESIAN_POINT('',(125.2,-80.));
#80 = ( GEOMETRIC_REPRESENTATION_CONTEXT(2) 
PARAMETRIC_REPRESENTATION_CONTEXT() REPRESENTATION_CONTEXT('2D SPACE',''
  ) );
#81 = ORIENTED_EDGE('',*,*,#82,.T.);
#82 = EDGE_CURVE('',#57,#83,#85,.T.);
#83 = VERTEX_POINT('',#84);
#84 = CARTESIAN_POINT('',(-28.8499073366,-20.,-13.));
#85 = SURFACE_CURVE('',#86,(#90,#97),.PCURVE_S1.);
#86 = LINE('',#87,#88);
#87 = CARTESIAN_POINT('',(-49.8499073366,-20.,-13.));
#88 = VECTOR('',#89,1.);
#89 = DIRECTION('',(-1.,3.551733912669E-18,1.084202172486E-16));
#90 = PCURVE('',#32,#91);
#91 = DEFINITIONAL_REPRESENTATION('',(#92),#96);
#92 = LINE('',#93,#94);
#93 = CARTESIAN_POINT('',(38.,15.));
#94 = VECTOR('',#95,1.);
#95 = DIRECTION('',(-1.084202172486E-16,-1.));
#96 = ( GEOMETRIC_REPRESENTATION_CONTEXT(2) 
PARAMETRIC_REPRESENTATION_CONTEXT() REPRESENTATION_CONTEXT('2D SPACE',''
  ) );
#97 = PCURVE('',#98,#103);
#98 = CYLINDRICAL_SURFACE('',#99,5.);
#99 = AXIS2_PLACEMENT_3D('',#100,#101,#102);
#100 = CARTESIAN_POINT('',(-49.8499073366,-25.,-13.));
#101 = DIRECTION('',(1.,-3.551733912669E-18,-1.084202172485E-16));
#102 = DIRECTION('',(7.917612596879E-17,0.707106781187,0.707106781187));
#103 = DEFINITIONAL_REPRESENTATION('',(#104),#108);
#104 = LINE('',#105,#106);
#105 = CARTESIAN_POINT('',(-0.785398163397,0.));
#106 = VECTOR('',#107,1.);
#107 = DIRECTION('',(0.,-1.));
#108 = ( GEOMETRIC_REPRESENTATION_CONTEXT(2) 
PARAMETRIC_REPRESENTATION_CONTEXT() REPRESENTATION_CONTEXT('2D SPACE',''
  ) );
#109 = ORIENTED_EDGE('',*,*,#110,.T.);
#110 = EDGE_CURVE('',#83,#111,#113,.T.);
#111 = VERTEX_POINT('',#112);
#112 = CARTESIAN_POINT('',(-28.8499073366,-20.,13.));
#113 = SURFACE_CURVE('',#114,(#118,#125),.PCURVE_S1.);
#114 = LINE('',#115,#116);
#115 = CARTESIAN_POINT('',(-28.8499073366,-20.,12.5));
#116 = VECTOR('',#117,1.);
#117 = DIRECTION('',(0.,0.,1.));
#118 = PCURVE('',#32,#119);
#119 = DEFINITIONAL_REPRESENTATION('',(#120),#124);
#120 = LINE('',#121,#122);
#121 = CARTESIAN_POINT('',(12.5,36.));
#122 = VECTOR('',#123,1.);
#123 = DIRECTION('',(-1.,0.));
#124 = ( GEOMETRIC_REPRESENTATION_CONTEXT(2) 
PARAMETRIC_REPRESENTATION_CONTEXT() REPRESENTATION_CONTEXT('2D SPACE',''
  ) );
#125 = PCURVE('',#126,#131);
#126 = PLANE('',#127);
#127 = AXIS2_PLACEMENT_3D('',#128,#129,#130);
#128 = CARTESIAN_POINT('',(-28.8499073366,-20.,0.));
#129 = DIRECTION('',(1.,0.,0.));
#130 = DIRECTION('',(0.,0.,-1.));
#131 = DEFINITIONAL_REPRESENTATION('',(#132),#136);
#132 = LINE('',#133,#134);
#133 = CARTESIAN_POINT('',(-12.5,0.));
#134 = VECTOR('',#135,1.);
#135 = DIRECTION('',(-1.,0.));
#136 = ( GEOMETRIC_REPRESENTATION_CONTEXT(2) 
PARAMETRIC_REPRESENTATION_CONTEXT() REPRESENTATION_CONTEXT('2D SPACE',''
  ) );
#137 = ORIENTED_EDGE('',*,*,#138,.T.);
#138 = EDGE_CURVE('',#111,#139,#141,.T.);
#139 = VERTEX_POINT('',#140);
#140 = CARTESIAN_POINT('',(-24.85,-20.,13.));
#141 = SURFACE_CURVE('',#142,(#146,#153),.PCURVE_S1.);
#142 = LINE('',#143,#144);
#143 = CARTESIAN_POINT('',(-41.8499073366,-20.,13.));
#144 = VECTOR('',#145,1.);
#145 = DIRECTION('',(1.,-3.551733912669E-18,-1.084202172486E-16));
#146 = PCURVE('',#32,#147);
#147 = DEFINITIONAL_REPRESENTATION('',(#148),#152);
#148 = LINE('',#149,#150);
#149 = CARTESIAN_POINT('',(12.,23.));
#150 = VECTOR('',#151,1.);
#151 = DIRECTION('',(1.084202172486E-16,1.));
#152 = ( GEOMETRIC_REPRESENTATION_CONTEXT(2) 
PARAMETRIC_REPRESENTATION_CONTEXT() REPRESENTATION_CONTEXT('2D SPACE',''
  ) );
#153 = PCURVE('',#154,#159);
#154 = CYLINDRICAL_SURFACE('',#155,5.);
#155 = AXIS2_PLACEMENT_3D('',#156,#157,#158);
#156 = CARTESIAN_POINT('',(-41.8499073366,-25.,13.));
#157 = DIRECTION('',(1.,-3.551733912669E-18,-1.084202172485E-16));
#158 = DIRECTION('',(-7.415321569955E-17,0.707106781187,-0.707106781187)
  );
#159 = DEFINITIONAL_REPRESENTATION('',(#160),#164);
#160 = LINE('',#161,#162);
#161 = CARTESIAN_POINT('',(0.785398163397,0.));
#162 = VECTOR('',#163,1.);
#163 = DIRECTION('',(0.,1.));
#164 = ( GEOMETRIC_REPRESENTATION_CONTEXT(2) 
PARAMETRIC_REPRESENTATION_CONTEXT() REPRESENTATION_CONTEXT('2D SPACE',''
  ) );
#165 = ORIENTED_EDGE('',*,*,#166,.T.);
#166 = EDGE_CURVE('',#139,#167,#169,.T.);
#167 = VERTEX_POINT('',#168);
#168 = CARTESIAN_POINT('',(-24.85,-20.,21.));
#169 = SURFACE_CURVE('',#170,(#174,#180),.PCURVE_S1.);
#170 = LINE('',#171,#172);
#171 = CARTESIAN_POINT('',(-24.85,-20.,-37.5));
#172 = VECTOR('',#173,1.);
#173 = DIRECTION('',(0.,0.,1.));
#174 = PCURVE('',#32,#175);
#175 = DEFINITIONAL_REPRESENTATION('',(#176),#179);
#176 = B_SPLINE_CURVE_WITH_KNOTS('',1,(#177,#178),.UNSPECIFIED.,.F.,.F.,
  (2,2),(12.3,62.7),.PIECEWISE_BEZIER_KNOTS.);
#177 = CARTESIAN_POINT('',(50.2,39.999907336607));
#178 = CARTESIAN_POINT('',(-0.2,39.999907336607));
#179 = ( GEOMETRIC_REPRESENTATION_CONTEXT(2) 
PARAMETRIC_REPRESENTATION_CONTEXT() REPRESENTATION_CONTEXT('2D SPACE',''
  ) );
#180 = PCURVE('',#181,#186);
#181 = PLANE('',#182);
#182 = AXIS2_PLACEMENT_3D('',#183,#184,#185);
#183 = CARTESIAN_POINT('',(-24.85,-100.,-100.));
#184 = DIRECTION('',(1.,0.,-0.));
#185 = DIRECTION('',(0.,0.,1.));
#186 = DEFINITIONAL_REPRESENTATION('',(#187),#190);
#187 = B_SPLINE_CURVE_WITH_KNOTS('',1,(#188,#189),.UNSPECIFIED.,.F.,.F.,
  (2,2),(12.3,62.7),.PIECEWISE_BEZIER_KNOTS.);
#188 = CARTESIAN_POINT('',(74.8,-80.));
#189 = CARTESIAN_POINT('',(125.2,-80.));
#190 = ( GEOMETRIC_REPRESENTATION_CONTEXT(2) 
PARAMETRIC_REPRESENTATION_CONTEXT() REPRESENTATION_CONTEXT('2D SPACE',''
  ) );
#191 = ORIENTED_EDGE('',*,*,#192,.T.);
#192 = EDGE_CURVE('',#167,#193,#195,.T.);
#193 = VERTEX_POINT('',#194);
#194 = CARTESIAN_POINT('',(-25.8499073366,-20.,21.));
#195 = SURFACE_CURVE('',#196,(#200,#207),.PCURVE_S1.);
#196 = LINE('',#197,#198);
#197 = CARTESIAN_POINT('',(-19.6749536683,-20.,21.));
#198 = VECTOR('',#199,1.);
#199 = DIRECTION('',(-1.,3.551733912669E-18,0.));
#200 = PCURVE('',#32,#201);
#201 = DEFINITIONAL_REPRESENTATION('',(#202),#206);
#202 = LINE('',#203,#204);
#203 = CARTESIAN_POINT('',(4.,45.174953668304));
#204 = VECTOR('',#205,1.);
#205 = DIRECTION('',(0.,-1.));
#206 = ( GEOMETRIC_REPRESENTATION_CONTEXT(2) 
PARAMETRIC_REPRESENTATION_CONTEXT() REPRESENTATION_CONTEXT('2D SPACE',''
  ) );
#207 = PCURVE('',#208,#213);
#208 = CYLINDRICAL_SURFACE('',#209,5.);
#209 = AXIS2_PLACEMENT_3D('',#210,#211,#212);
#210 = CARTESIAN_POINT('',(-19.6749536683,-25.,21.));
#211 = DIRECTION('',(-1.,3.551733912669E-18,0.));
#212 = DIRECTION('',(2.511455134618E-18,0.707106781187,0.707106781187));
#213 = DEFINITIONAL_REPRESENTATION('',(#214),#218);
#214 = LINE('',#215,#216);
#215 = CARTESIAN_POINT('',(7.068583470577,0.));
#216 = VECTOR('',#217,1.);
#217 = DIRECTION('',(0.,1.));
#218 = ( GEOMETRIC_REPRESENTATION_CONTEXT(2) 
PARAMETRIC_REPRESENTATION_CONTEXT() REPRESENTATION_CONTEXT('2D SPACE',''
  ) );
#219 = ORIENTED_EDGE('',*,*,#220,.T.);
#220 = EDGE_CURVE('',#193,#221,#223,.T.);
#221 = VERTEX_POINT('',#222);
#222 = CARTESIAN_POINT('',(-25.8499073366,-20.,18.));
#223 = SURFACE_CURVE('',#224,(#228,#235),.PCURVE_S1.);
#224 = LINE('',#225,#226);
#225 = CARTESIAN_POINT('',(-25.8499073366,-20.,24.));
#226 = VECTOR('',#227,1.);
#227 = DIRECTION('',(0.,0.,-1.));
#228 = PCURVE('',#32,#229);
#229 = DEFINITIONAL_REPRESENTATION('',(#230),#234);
#230 = LINE('',#231,#232);
#231 = CARTESIAN_POINT('',(1.,39.));
#232 = VECTOR('',#233,1.);
#233 = DIRECTION('',(1.,0.));
#234 = ( GEOMETRIC_REPRESENTATION_CONTEXT(2) 
PARAMETRIC_REPRESENTATION_CONTEXT() REPRESENTATION_CONTEXT('2D SPACE',''
  ) );
#235 = PCURVE('',#236,#241);
#236 = PLANE('',#237);
#237 = AXIS2_PLACEMENT_3D('',#238,#239,#240);
#238 = CARTESIAN_POINT('',(-25.8499073366,-20.,23.));
#239 = DIRECTION('',(-1.,0.,0.));
#240 = DIRECTION('',(0.,-1.,0.));
#241 = DEFINITIONAL_REPRESENTATION('',(#242),#246);
#242 = LINE('',#243,#244);
#243 = CARTESIAN_POINT('',(0.,1.));
#244 = VECTOR('',#245,1.);
#245 = DIRECTION('',(0.,-1.));
#246 = ( GEOMETRIC_REPRESENTATION_CONTEXT(2) 
PARAMETRIC_REPRESENTATION_CONTEXT() REPRESENTATION_CONTEXT('2D SPACE',''
  ) );
#247 = ORIENTED_EDGE('',*,*,#248,.T.);
#248 = EDGE_CURVE('',#221,#249,#251,.T.);
#249 = VERTEX_POINT('',#250);
#250 = CARTESIAN_POINT('',(-50.8499073366,-20.,18.));
#251 = SURFACE_CURVE('',#252,(#256,#263),.PCURVE_S1.);
#252 = LINE('',#253,#254);
#253 = CARTESIAN_POINT('',(-45.3499073366,-20.,18.));
#254 = VECTOR('',#255,1.);
#255 = DIRECTION('',(-1.,3.551733912669E-18,0.));
#256 = PCURVE('',#32,#257);
#257 = DEFINITIONAL_REPRESENTATION('',(#258),#262);
#258 = LINE('',#259,#260);
#259 = CARTESIAN_POINT('',(7.,19.5));
#260 = VECTOR('',#261,1.);
#261 = DIRECTION('',(0.,-1.));
#262 = ( GEOMETRIC_REPRESENTATION_CONTEXT(2) 
PARAMETRIC_REPRESENTATION_CONTEXT() REPRESENTATION_CONTEXT('2D SPACE',''
  ) );
#263 = PCURVE('',#264,#269);
#264 = CYLINDRICAL_SURFACE('',#265,5.);
#265 = AXIS2_PLACEMENT_3D('',#266,#267,#268);
#266 = CARTESIAN_POINT('',(-45.3499073366,-25.,18.));
#267 = DIRECTION('',(1.,-3.551733912669E-18,0.));
#268 = DIRECTION('',(2.511455134618E-18,0.707106781187,0.707106781187));
#269 = DEFINITIONAL_REPRESENTATION('',(#270),#274);
#270 = LINE('',#271,#272);
#271 = CARTESIAN_POINT('',(-0.785398163397,0.));
#272 = VECTOR('',#273,1.);
#273 = DIRECTION('',(0.,-1.));
#274 = ( GEOMETRIC_REPRESENTATION_CONTEXT(2) 
PARAMETRIC_REPRESENTATION_CONTEXT() REPRESENTATION_CONTEXT('2D SPACE',''
  ) );
#275 = ORIENTED_EDGE('',*,*,#276,.T.);
#276 = EDGE_CURVE('',#249,#277,#279,.T.);
#277 = VERTEX_POINT('',#278);
#278 = CARTESIAN_POINT('',(-50.8499073366,-20.,-18.));
#279 = SURFACE_CURVE('',#280,(#284,#291),.PCURVE_S1.);
#280 = LINE('',#281,#282);
#281 = CARTESIAN_POINT('',(-50.8499073366,-20.,-5.));
#282 = VECTOR('',#283,1.);
#283 = DIRECTION('',(0.,0.,-1.));
#284 = PCURVE('',#32,#285);
#285 = DEFINITIONAL_REPRESENTATION('',(#286),#290);
#286 = LINE('',#287,#288);
#287 = CARTESIAN_POINT('',(30.,14.));
#288 = VECTOR('',#289,1.);
#289 = DIRECTION('',(1.,0.));
#290 = ( GEOMETRIC_REPRESENTATION_CONTEXT(2) 
PARAMETRIC_REPRESENTATION_CONTEXT() REPRESENTATION_CONTEXT('2D SPACE',''
  ) );
#291 = PCURVE('',#292,#297);
#292 = CYLINDRICAL_SURFACE('',#293,3.);
#293 = AXIS2_PLACEMENT_3D('',#294,#295,#296);
#294 = CARTESIAN_POINT('',(-50.8499073366,-23.,-5.));
#295 = DIRECTION('',(0.,0.,-1.));
#296 = DIRECTION('',(-0.707106781187,0.707106781187,0.));
#297 = DEFINITIONAL_REPRESENTATION('',(#298),#302);
#298 = LINE('',#299,#300);
#299 = CARTESIAN_POINT('',(0.785398163397,0.));
#300 = VECTOR('',#301,1.);
#301 = DIRECTION('',(0.,1.));
#302 = ( GEOMETRIC_REPRESENTATION_CONTEXT(2) 
PARAMETRIC_REPRESENTATION_CONTEXT() REPRESENTATION_CONTEXT('2D SPACE',''
  ) );
#303 = ORIENTED_EDGE('',*,*,#304,.T.);
#304 = EDGE_CURVE('',#277,#305,#307,.T.);
#305 = VERTEX_POINT('',#306);
#306 = CARTESIAN_POINT('',(-25.8499073366,-20.,-18.));
#307 = SURFACE_CURVE('',#308,(#312,#319),.PCURVE_S1.);
#308 = LINE('',#309,#310);
#309 = CARTESIAN_POINT('',(-45.3499073366,-20.,-18.));
#310 = VECTOR('',#311,1.);
#311 = DIRECTION('',(1.,-3.551733912669E-18,0.));
#312 = PCURVE('',#32,#313);
#313 = DEFINITIONAL_REPRESENTATION('',(#314),#318);
#314 = LINE('',#315,#316);
#315 = CARTESIAN_POINT('',(43.,19.5));
#316 = VECTOR('',#317,1.);
#317 = DIRECTION('',(-0.,1.));
#318 = ( GEOMETRIC_REPRESENTATION_CONTEXT(2) 
PARAMETRIC_REPRESENTATION_CONTEXT() REPRESENTATION_CONTEXT('2D SPACE',''
  ) );
#319 = PCURVE('',#320,#325);
#320 = CYLINDRICAL_SURFACE('',#321,5.);
#321 = AXIS2_PLACEMENT_3D('',#322,#323,#324);
#322 = CARTESIAN_POINT('',(-45.3499073366,-25.,-18.));
#323 = DIRECTION('',(1.,-3.551733912669E-18,0.));
#324 = DIRECTION('',(2.511455134618E-18,0.707106781187,-0.707106781187)
  );
#325 = DEFINITIONAL_REPRESENTATION('',(#326),#330);
#326 = LINE('',#327,#328);
#327 = CARTESIAN_POINT('',(0.785398163397,0.));
#328 = VECTOR('',#329,1.);
#329 = DIRECTION('',(0.,1.));
#330 = ( GEOMETRIC_REPRESENTATION_CONTEXT(2) 
PARAMETRIC_REPRESENTATION_CONTEXT() REPRESENTATION_CONTEXT('2D SPACE',''
  ) );
#331 = ORIENTED_EDGE('',*,*,#332,.T.);
#332 = EDGE_CURVE('',#305,#22,#333,.T.);
#333 = SURFACE_CURVE('',#334,(#338,#345),.PCURVE_S1.);
#334 = LINE('',#335,#336);
#335 = CARTESIAN_POINT('',(-25.8499073366,-20.,12.5));
#336 = VECTOR('',#337,1.);
#337 = DIRECTION('',(1.003088512702E-30,-3.562703487971E-48,-1.));
#338 = PCURVE('',#32,#339);
#339 = DEFINITIONAL_REPRESENTATION('',(#340),#344);
#340 = LINE('',#341,#342);
#341 = CARTESIAN_POINT('',(12.5,39.));
#342 = VECTOR('',#343,1.);
#343 = DIRECTION('',(1.,1.003088512702E-30));
#344 = ( GEOMETRIC_REPRESENTATION_CONTEXT(2) 
PARAMETRIC_REPRESENTATION_CONTEXT() REPRESENTATION_CONTEXT('2D SPACE',''
  ) );
#345 = PCURVE('',#346,#351);
#346 = PLANE('',#347);
#347 = AXIS2_PLACEMENT_3D('',#348,#349,#350);
#348 = CARTESIAN_POINT('',(-25.8499073366,-20.,-5.40162234594E-29));
#349 = DIRECTION('',(1.,-2.891205793295E-16,1.003088512702E-30));
#350 = DIRECTION('',(1.003088512702E-30,0.,-1.));
#351 = DEFINITIONAL_REPRESENTATION('',(#352),#356);
#352 = LINE('',#353,#354);
#353 = CARTESIAN_POINT('',(-12.5,3.625169148888E-45));
#354 = VECTOR('',#355,1.);
#355 = DIRECTION('',(1.,-3.562703487971E-48));
#356 = ( GEOMETRIC_REPRESENTATION_CONTEXT(2) 
PARAMETRIC_REPRESENTATION_CONTEXT() REPRESENTATION_CONTEXT('2D SPACE',''
  ) );
#357 = FACE_BOUND('',#358,.F.);
#358 = EDGE_LOOP('',(#359,#389,#417,#445));
#359 = ORIENTED_EDGE('',*,*,#360,.T.);
#360 = EDGE_CURVE('',#361,#363,#365,.T.);
#361 = VERTEX_POINT('',#362);
#362 = CARTESIAN_POINT('',(-47.30070664511,-20.,11.8));
#363 = VERTEX_POINT('',#364);
#364 = CARTESIAN_POINT('',(-44.8499073366,-20.,14.2));
#365 = SURFACE_CURVE('',#366,(#370,#377),.PCURVE_S1.);
#366 = LINE('',#367,#368);
#367 = CARTESIAN_POINT('',(-47.30070664511,-20.,11.8));
#368 = VECTOR('',#369,1.);
#369 = DIRECTION('',(0.714472679633,0.,0.699663340513));
#370 = PCURVE('',#32,#371);
#371 = DEFINITIONAL_REPRESENTATION('',(#372),#376);
#372 = LINE('',#373,#374);
#373 = CARTESIAN_POINT('',(13.2,17.549200691492));
#374 = VECTOR('',#375,1.);
#375 = DIRECTION('',(-0.699663340513,0.714472679633));
#376 = ( GEOMETRIC_REPRESENTATION_CONTEXT(2) 
PARAMETRIC_REPRESENTATION_CONTEXT() REPRESENTATION_CONTEXT('2D SPACE',''
  ) );
#377 = PCURVE('',#378,#383);
#378 = PLANE('',#379);
#379 = AXIS2_PLACEMENT_3D('',#380,#381,#382);
#380 = CARTESIAN_POINT('',(-44.8499073366,-17.,14.2));
#381 = DIRECTION('',(-0.699663340513,2.912933812965E-16,0.714472679633)
  );
#382 = DIRECTION('',(0.714472679633,0.,0.699663340513));
#383 = DEFINITIONAL_REPRESENTATION('',(#384),#388);
#384 = LINE('',#385,#386);
#385 = CARTESIAN_POINT('',(-3.430221166424,-3.));
#386 = VECTOR('',#387,1.);
#387 = DIRECTION('',(1.,2.465190328816E-32));
#388 = ( GEOMETRIC_REPRESENTATION_CONTEXT(2) 
PARAMETRIC_REPRESENTATION_CONTEXT() REPRESENTATION_CONTEXT('2D SPACE',''
  ) );
#389 = ORIENTED_EDGE('',*,*,#390,.T.);
#390 = EDGE_CURVE('',#363,#391,#393,.T.);
#391 = VERTEX_POINT('',#392);
#392 = CARTESIAN_POINT('',(-42.39910802809,-20.,11.8));
#393 = SURFACE_CURVE('',#394,(#398,#405),.PCURVE_S1.);
#394 = LINE('',#395,#396);
#395 = CARTESIAN_POINT('',(-44.8499073366,-20.,14.2));
#396 = VECTOR('',#397,1.);
#397 = DIRECTION('',(0.714472679633,0.,-0.699663340513));
#398 = PCURVE('',#32,#399);
#399 = DEFINITIONAL_REPRESENTATION('',(#400),#404);
#400 = LINE('',#401,#402);
#401 = CARTESIAN_POINT('',(10.8,20.));
#402 = VECTOR('',#403,1.);
#403 = DIRECTION('',(0.699663340513,0.714472679633));
#404 = ( GEOMETRIC_REPRESENTATION_CONTEXT(2) 
PARAMETRIC_REPRESENTATION_CONTEXT() REPRESENTATION_CONTEXT('2D SPACE',''
  ) );
#405 = PCURVE('',#406,#411);
#406 = PLANE('',#407);
#407 = AXIS2_PLACEMENT_3D('',#408,#409,#410);
#408 = CARTESIAN_POINT('',(-42.39910802809,-17.,11.8));
#409 = DIRECTION('',(0.699663340513,-2.912933812965E-16,0.714472679633)
  );
#410 = DIRECTION('',(0.714472679633,0.,-0.699663340513));
#411 = DEFINITIONAL_REPRESENTATION('',(#412),#416);
#412 = LINE('',#413,#414);
#413 = CARTESIAN_POINT('',(-3.430221166424,-3.));
#414 = VECTOR('',#415,1.);
#415 = DIRECTION('',(1.,1.725633230171E-31));
#416 = ( GEOMETRIC_REPRESENTATION_CONTEXT(2) 
PARAMETRIC_REPRESENTATION_CONTEXT() REPRESENTATION_CONTEXT('2D SPACE',''
  ) );
#417 = ORIENTED_EDGE('',*,*,#418,.T.);
#418 = EDGE_CURVE('',#391,#419,#421,.T.);
#419 = VERTEX_POINT('',#420);
#420 = CARTESIAN_POINT('',(-44.8499073366,-20.,9.4));
#421 = SURFACE_CURVE('',#422,(#426,#433),.PCURVE_S1.);
#422 = LINE('',#423,#424);
#423 = CARTESIAN_POINT('',(-42.39910802809,-20.,11.8));
#424 = VECTOR('',#425,1.);
#425 = DIRECTION('',(-0.714472679633,0.,-0.699663340513));
#426 = PCURVE('',#32,#427);
#427 = DEFINITIONAL_REPRESENTATION('',(#428),#432);
#428 = LINE('',#429,#430);
#429 = CARTESIAN_POINT('',(13.2,22.450799308508));
#430 = VECTOR('',#431,1.);
#431 = DIRECTION('',(0.699663340513,-0.714472679633));
#432 = ( GEOMETRIC_REPRESENTATION_CONTEXT(2) 
PARAMETRIC_REPRESENTATION_CONTEXT() REPRESENTATION_CONTEXT('2D SPACE',''
  ) );
#433 = PCURVE('',#434,#439);
#434 = PLANE('',#435);
#435 = AXIS2_PLACEMENT_3D('',#436,#437,#438);
#436 = CARTESIAN_POINT('',(-42.39910802809,-17.,11.8));
#437 = DIRECTION('',(0.699663340513,-2.912933812965E-16,-0.714472679633)
  );
#438 = DIRECTION('',(-0.714472679633,0.,-0.699663340513));
#439 = DEFINITIONAL_REPRESENTATION('',(#440),#444);
#440 = LINE('',#441,#442);
#441 = CARTESIAN_POINT('',(-0.,-3.));
#442 = VECTOR('',#443,1.);
#443 = DIRECTION('',(1.,-3.944304526105E-31));
#444 = ( GEOMETRIC_REPRESENTATION_CONTEXT(2) 
PARAMETRIC_REPRESENTATION_CONTEXT() REPRESENTATION_CONTEXT('2D SPACE',''
  ) );
#445 = ORIENTED_EDGE('',*,*,#446,.T.);
#446 = EDGE_CURVE('',#419,#361,#447,.T.);
#447 = SURFACE_CURVE('',#448,(#452,#459),.PCURVE_S1.);
#448 = LINE('',#449,#450);
#449 = CARTESIAN_POINT('',(-44.8499073366,-20.,9.4));
#450 = VECTOR('',#451,1.);
#451 = DIRECTION('',(-0.714472679633,0.,0.699663340513));
#452 = PCURVE('',#32,#453);
#453 = DEFINITIONAL_REPRESENTATION('',(#454),#458);
#454 = LINE('',#455,#456);
#455 = CARTESIAN_POINT('',(15.6,20.));
#456 = VECTOR('',#457,1.);
#457 = DIRECTION('',(-0.699663340513,-0.714472679633));
#458 = ( GEOMETRIC_REPRESENTATION_CONTEXT(2) 
PARAMETRIC_REPRESENTATION_CONTEXT() REPRESENTATION_CONTEXT('2D SPACE',''
  ) );
#459 = PCURVE('',#460,#465);
#460 = PLANE('',#461);
#461 = AXIS2_PLACEMENT_3D('',#462,#463,#464);
#462 = CARTESIAN_POINT('',(-44.8499073366,-17.,9.4));
#463 = DIRECTION('',(-0.699663340513,2.912933812965E-16,-0.714472679633)
  );
#464 = DIRECTION('',(-0.714472679633,0.,0.699663340513));
#465 = DEFINITIONAL_REPRESENTATION('',(#466),#470);
#466 = LINE('',#467,#468);
#467 = CARTESIAN_POINT('',(0.,-3.));
#468 = VECTOR('',#469,1.);
#469 = DIRECTION('',(1.,3.944304526105E-31));
#470 = ( GEOMETRIC_REPRESENTATION_CONTEXT(2) 
PARAMETRIC_REPRESENTATION_CONTEXT() REPRESENTATION_CONTEXT('2D SPACE',''
  ) );
#471 = FACE_BOUND('',#472,.F.);
#472 = EDGE_LOOP('',(#473,#503,#531,#559));
#473 = ORIENTED_EDGE('',*,*,#474,.T.);
#474 = EDGE_CURVE('',#475,#477,#479,.T.);
#475 = VERTEX_POINT('',#476);
#476 = CARTESIAN_POINT('',(-47.30070664511,-20.,3.6));
#477 = VERTEX_POINT('',#478);
#478 = CARTESIAN_POINT('',(-44.8499073366,-20.,6.));
#479 = SURFACE_CURVE('',#480,(#484,#491),.PCURVE_S1.);
#480 = LINE('',#481,#482);
#481 = CARTESIAN_POINT('',(-47.30070664511,-20.,3.6));
#482 = VECTOR('',#483,1.);
#483 = DIRECTION('',(0.714472679633,0.,0.699663340513));
#484 = PCURVE('',#32,#485);
#485 = DEFINITIONAL_REPRESENTATION('',(#486),#490);
#486 = LINE('',#487,#488);
#487 = CARTESIAN_POINT('',(21.4,17.549200691492));
#488 = VECTOR('',#489,1.);
#489 = DIRECTION('',(-0.699663340513,0.714472679633));
#490 = ( GEOMETRIC_REPRESENTATION_CONTEXT(2) 
PARAMETRIC_REPRESENTATION_CONTEXT() REPRESENTATION_CONTEXT('2D SPACE',''
  ) );
#491 = PCURVE('',#492,#497);
#492 = PLANE('',#493);
#493 = AXIS2_PLACEMENT_3D('',#494,#495,#496);
#494 = CARTESIAN_POINT('',(-44.8499073366,-17.,6.));
#495 = DIRECTION('',(-0.699663340513,2.912933812965E-16,0.714472679633)
  );
#496 = DIRECTION('',(0.714472679633,0.,0.699663340513));
#497 = DEFINITIONAL_REPRESENTATION('',(#498),#502);
#498 = LINE('',#499,#500);
#499 = CARTESIAN_POINT('',(-3.430221166424,-3.));
#500 = VECTOR('',#501,1.);
#501 = DIRECTION('',(1.,2.465190328816E-32));
#502 = ( GEOMETRIC_REPRESENTATION_CONTEXT(2) 
PARAMETRIC_REPRESENTATION_CONTEXT() REPRESENTATION_CONTEXT('2D SPACE',''
  ) );
#503 = ORIENTED_EDGE('',*,*,#504,.T.);
#504 = EDGE_CURVE('',#477,#505,#507,.T.);
#505 = VERTEX_POINT('',#506);
#506 = CARTESIAN_POINT('',(-42.39910802809,-20.,3.6));
#507 = SURFACE_CURVE('',#508,(#512,#519),.PCURVE_S1.);
#508 = LINE('',#509,#510);
#509 = CARTESIAN_POINT('',(-44.8499073366,-20.,6.));
#510 = VECTOR('',#511,1.);
#511 = DIRECTION('',(0.714472679633,0.,-0.699663340513));
#512 = PCURVE('',#32,#513);
#513 = DEFINITIONAL_REPRESENTATION('',(#514),#518);
#514 = LINE('',#515,#516);
#515 = CARTESIAN_POINT('',(19.,20.));
#516 = VECTOR('',#517,1.);
#517 = DIRECTION('',(0.699663340513,0.714472679633));
#518 = ( GEOMETRIC_REPRESENTATION_CONTEXT(2) 
PARAMETRIC_REPRESENTATION_CONTEXT() REPRESENTATION_CONTEXT('2D SPACE',''
  ) );
#519 = PCURVE('',#520,#525);
#520 = PLANE('',#521);
#521 = AXIS2_PLACEMENT_3D('',#522,#523,#524);
#522 = CARTESIAN_POINT('',(-42.39910802809,-17.,3.6));
#523 = DIRECTION('',(0.699663340513,-2.912933812965E-16,0.714472679633)
  );
#524 = DIRECTION('',(0.714472679633,0.,-0.699663340513));
#525 = DEFINITIONAL_REPRESENTATION('',(#526),#530);
#526 = LINE('',#527,#528);
#527 = CARTESIAN_POINT('',(-3.430221166424,-3.));
#528 = VECTOR('',#529,1.);
#529 = DIRECTION('',(1.,5.916456789158E-31));
#530 = ( GEOMETRIC_REPRESENTATION_CONTEXT(2) 
PARAMETRIC_REPRESENTATION_CONTEXT() REPRESENTATION_CONTEXT('2D SPACE',''
  ) );
#531 = ORIENTED_EDGE('',*,*,#532,.T.);
#532 = EDGE_CURVE('',#505,#533,#535,.T.);
#533 = VERTEX_POINT('',#534);
#534 = CARTESIAN_POINT('',(-44.8499073366,-20.,1.2));
#535 = SURFACE_CURVE('',#536,(#540,#547),.PCURVE_S1.);
#536 = LINE('',#537,#538);
#537 = CARTESIAN_POINT('',(-42.39910802809,-20.,3.6));
#538 = VECTOR('',#539,1.);
#539 = DIRECTION('',(-0.714472679633,0.,-0.699663340513));
#540 = PCURVE('',#32,#541);
#541 = DEFINITIONAL_REPRESENTATION('',(#542),#546);
#542 = LINE('',#543,#544);
#543 = CARTESIAN_POINT('',(21.4,22.450799308508));
#544 = VECTOR('',#545,1.);
#545 = DIRECTION('',(0.699663340513,-0.714472679633));
#546 = ( GEOMETRIC_REPRESENTATION_CONTEXT(2) 
PARAMETRIC_REPRESENTATION_CONTEXT() REPRESENTATION_CONTEXT('2D SPACE',''
  ) );
#547 = PCURVE('',#548,#553);
#548 = PLANE('',#549);
#549 = AXIS2_PLACEMENT_3D('',#550,#551,#552);
#550 = CARTESIAN_POINT('',(-42.39910802809,-17.,3.6));
#551 = DIRECTION('',(0.699663340513,-2.912933812965E-16,-0.714472679633)
  );
#552 = DIRECTION('',(-0.714472679633,0.,-0.699663340513));
#553 = DEFINITIONAL_REPRESENTATION('',(#554),#558);
#554 = LINE('',#555,#556);
#555 = CARTESIAN_POINT('',(-9.115901944767E-15,-3.));
#556 = VECTOR('',#557,1.);
#557 = DIRECTION('',(1.,0.));
#558 = ( GEOMETRIC_REPRESENTATION_CONTEXT(2) 
PARAMETRIC_REPRESENTATION_CONTEXT() REPRESENTATION_CONTEXT('2D SPACE',''
  ) );
#559 = ORIENTED_EDGE('',*,*,#560,.T.);
#560 = EDGE_CURVE('',#533,#475,#561,.T.);
#561 = SURFACE_CURVE('',#562,(#566,#573),.PCURVE_S1.);
#562 = LINE('',#563,#564);
#563 = CARTESIAN_POINT('',(-44.8499073366,-20.,1.2));
#564 = VECTOR('',#565,1.);
#565 = DIRECTION('',(-0.714472679633,0.,0.699663340513));
#566 = PCURVE('',#32,#567);
#567 = DEFINITIONAL_REPRESENTATION('',(#568),#572);
#568 = LINE('',#569,#570);
#569 = CARTESIAN_POINT('',(23.8,20.));
#570 = VECTOR('',#571,1.);
#571 = DIRECTION('',(-0.699663340513,-0.714472679633));
#572 = ( GEOMETRIC_REPRESENTATION_CONTEXT(2) 
PARAMETRIC_REPRESENTATION_CONTEXT() REPRESENTATION_CONTEXT('2D SPACE',''
  ) );
#573 = PCURVE('',#574,#579);
#574 = PLANE('',#575);
#575 = AXIS2_PLACEMENT_3D('',#576,#577,#578);
#576 = CARTESIAN_POINT('',(-44.8499073366,-17.,1.2));
#577 = DIRECTION('',(-0.699663340513,2.912933812965E-16,-0.714472679633)
  );
#578 = DIRECTION('',(-0.714472679633,0.,0.699663340513));
#579 = DEFINITIONAL_REPRESENTATION('',(#580),#584);
#580 = LINE('',#581,#582);
#581 = CARTESIAN_POINT('',(8.028406654593E-15,-3.));
#582 = VECTOR('',#583,1.);
#583 = DIRECTION('',(1.,2.465190328816E-31));
#584 = ( GEOMETRIC_REPRESENTATION_CONTEXT(2) 
PARAMETRIC_REPRESENTATION_CONTEXT() REPRESENTATION_CONTEXT('2D SPACE',''
  ) );
#585 = FACE_BOUND('',#586,.F.);
#586 = EDGE_LOOP('',(#587,#617,#645,#673));
#587 = ORIENTED_EDGE('',*,*,#588,.T.);
#588 = EDGE_CURVE('',#589,#591,#593,.T.);
#589 = VERTEX_POINT('',#590);
#590 = CARTESIAN_POINT('',(-47.30070664511,-20.,-4.6));
#591 = VERTEX_POINT('',#592);
#592 = CARTESIAN_POINT('',(-44.8499073366,-20.,-2.2));
#593 = SURFACE_CURVE('',#594,(#598,#605),.PCURVE_S1.);
#594 = LINE('',#595,#596);
#595 = CARTESIAN_POINT('',(-47.30070664511,-20.,-4.6));
#596 = VECTOR('',#597,1.);
#597 = DIRECTION('',(0.714472679633,0.,0.699663340513));
#598 = PCURVE('',#32,#599);
#599 = DEFINITIONAL_REPRESENTATION('',(#600),#604);
#600 = LINE('',#601,#602);
#601 = CARTESIAN_POINT('',(29.6,17.549200691492));
#602 = VECTOR('',#603,1.);
#603 = DIRECTION('',(-0.699663340513,0.714472679633));
#604 = ( GEOMETRIC_REPRESENTATION_CONTEXT(2) 
PARAMETRIC_REPRESENTATION_CONTEXT() REPRESENTATION_CONTEXT('2D SPACE',''
  ) );
#605 = PCURVE('',#606,#611);
#606 = PLANE('',#607);
#607 = AXIS2_PLACEMENT_3D('',#608,#609,#610);
#608 = CARTESIAN_POINT('',(-44.8499073366,-17.,-2.2));
#609 = DIRECTION('',(-0.699663340513,2.912933812965E-16,0.714472679633)
  );
#610 = DIRECTION('',(0.714472679633,0.,0.699663340513));
#611 = DEFINITIONAL_REPRESENTATION('',(#612),#616);
#612 = LINE('',#613,#614);
#613 = CARTESIAN_POINT('',(-3.430221166424,-3.));
#614 = VECTOR('',#615,1.);
#615 = DIRECTION('',(1.,2.465190328816E-32));
#616 = ( GEOMETRIC_REPRESENTATION_CONTEXT(2) 
PARAMETRIC_REPRESENTATION_CONTEXT() REPRESENTATION_CONTEXT('2D SPACE',''
  ) );
#617 = ORIENTED_EDGE('',*,*,#618,.T.);
#618 = EDGE_CURVE('',#591,#619,#621,.T.);
#619 = VERTEX_POINT('',#620);
#620 = CARTESIAN_POINT('',(-42.39910802809,-20.,-4.6));
#621 = SURFACE_CURVE('',#622,(#626,#633),.PCURVE_S1.);
#622 = LINE('',#623,#624);
#623 = CARTESIAN_POINT('',(-44.8499073366,-20.,-2.2));
#624 = VECTOR('',#625,1.);
#625 = DIRECTION('',(0.714472679633,0.,-0.699663340513));
#626 = PCURVE('',#32,#627);
#627 = DEFINITIONAL_REPRESENTATION('',(#628),#632);
#628 = LINE('',#629,#630);
#629 = CARTESIAN_POINT('',(27.2,20.));
#630 = VECTOR('',#631,1.);
#631 = DIRECTION('',(0.699663340513,0.714472679633));
#632 = ( GEOMETRIC_REPRESENTATION_CONTEXT(2) 
PARAMETRIC_REPRESENTATION_CONTEXT() REPRESENTATION_CONTEXT('2D SPACE',''
  ) );
#633 = PCURVE('',#634,#639);
#634 = PLANE('',#635);
#635 = AXIS2_PLACEMENT_3D('',#636,#637,#638);
#636 = CARTESIAN_POINT('',(-42.39910802809,-17.,-4.6));
#637 = DIRECTION('',(0.699663340513,-2.912933812965E-16,0.714472679633)
  );
#638 = DIRECTION('',(0.714472679633,0.,-0.699663340513));
#639 = DEFINITIONAL_REPRESENTATION('',(#640),#644);
#640 = LINE('',#641,#642);
#641 = CARTESIAN_POINT('',(-3.430221166424,-3.));
#642 = VECTOR('',#643,1.);
#643 = DIRECTION('',(1.,-3.944304526105E-31));
#644 = ( GEOMETRIC_REPRESENTATION_CONTEXT(2) 
PARAMETRIC_REPRESENTATION_CONTEXT() REPRESENTATION_CONTEXT('2D SPACE',''
  ) );
#645 = ORIENTED_EDGE('',*,*,#646,.T.);
#646 = EDGE_CURVE('',#619,#647,#649,.T.);
#647 = VERTEX_POINT('',#648);
#648 = CARTESIAN_POINT('',(-44.8499073366,-20.,-7.));
#649 = SURFACE_CURVE('',#650,(#654,#661),.PCURVE_S1.);
#650 = LINE('',#651,#652);
#651 = CARTESIAN_POINT('',(-42.39910802809,-20.,-4.6));
#652 = VECTOR('',#653,1.);
#653 = DIRECTION('',(-0.714472679633,0.,-0.699663340513));
#654 = PCURVE('',#32,#655);
#655 = DEFINITIONAL_REPRESENTATION('',(#656),#660);
#656 = LINE('',#657,#658);
#657 = CARTESIAN_POINT('',(29.6,22.450799308508));
#658 = VECTOR('',#659,1.);
#659 = DIRECTION('',(0.699663340513,-0.714472679633));
#660 = ( GEOMETRIC_REPRESENTATION_CONTEXT(2) 
PARAMETRIC_REPRESENTATION_CONTEXT() REPRESENTATION_CONTEXT('2D SPACE',''
  ) );
#661 = PCURVE('',#662,#667);
#662 = PLANE('',#663);
#663 = AXIS2_PLACEMENT_3D('',#664,#665,#666);
#664 = CARTESIAN_POINT('',(-42.39910802809,-17.,-4.6));
#665 = DIRECTION('',(0.699663340513,-2.912933812965E-16,-0.714472679633)
  );
#666 = DIRECTION('',(-0.714472679633,0.,-0.699663340513));
#667 = DEFINITIONAL_REPRESENTATION('',(#668),#672);
#668 = LINE('',#669,#670);
#669 = CARTESIAN_POINT('',(-6.214258800993E-16,-3.));
#670 = VECTOR('',#671,1.);
#671 = DIRECTION('',(1.,-2.218671295934E-31));
#672 = ( GEOMETRIC_REPRESENTATION_CONTEXT(2) 
PARAMETRIC_REPRESENTATION_CONTEXT() REPRESENTATION_CONTEXT('2D SPACE',''
  ) );
#673 = ORIENTED_EDGE('',*,*,#674,.T.);
#674 = EDGE_CURVE('',#647,#589,#675,.T.);
#675 = SURFACE_CURVE('',#676,(#680,#687),.PCURVE_S1.);
#676 = LINE('',#677,#678);
#677 = CARTESIAN_POINT('',(-44.8499073366,-20.,-7.));
#678 = VECTOR('',#679,1.);
#679 = DIRECTION('',(-0.714472679633,0.,0.699663340513));
#680 = PCURVE('',#32,#681);
#681 = DEFINITIONAL_REPRESENTATION('',(#682),#686);
#682 = LINE('',#683,#684);
#683 = CARTESIAN_POINT('',(32.,20.));
#684 = VECTOR('',#685,1.);
#685 = DIRECTION('',(-0.699663340513,-0.714472679633));
#686 = ( GEOMETRIC_REPRESENTATION_CONTEXT(2) 
PARAMETRIC_REPRESENTATION_CONTEXT() REPRESENTATION_CONTEXT('2D SPACE',''
  ) );
#687 = PCURVE('',#688,#693);
#688 = PLANE('',#689);
#689 = AXIS2_PLACEMENT_3D('',#690,#691,#692);
#690 = CARTESIAN_POINT('',(-44.8499073366,-17.,-7.));
#691 = DIRECTION('',(-0.699663340513,2.912933812965E-16,-0.714472679633)
  );
#692 = DIRECTION('',(-0.714472679633,0.,0.699663340513));
#693 = DEFINITIONAL_REPRESENTATION('',(#694),#698);
#694 = LINE('',#695,#696);
#695 = CARTESIAN_POINT('',(8.183763124618E-15,-3.));
#696 = VECTOR('',#697,1.);
#697 = DIRECTION('',(1.,0.));
#698 = ( GEOMETRIC_REPRESENTATION_CONTEXT(2) 
PARAMETRIC_REPRESENTATION_CONTEXT() REPRESENTATION_CONTEXT('2D SPACE',''
  ) );
#699 = FACE_BOUND('',#700,.F.);
#700 = EDGE_LOOP('',(#701,#731,#759,#787));
#701 = ORIENTED_EDGE('',*,*,#702,.T.);
#702 = EDGE_CURVE('',#703,#705,#707,.T.);
#703 = VERTEX_POINT('',#704);
#704 = CARTESIAN_POINT('',(-47.30070664511,-20.,-12.8));
#705 = VERTEX_POINT('',#706);
#706 = CARTESIAN_POINT('',(-44.8499073366,-20.,-10.4));
#707 = SURFACE_CURVE('',#708,(#712,#719),.PCURVE_S1.);
#708 = LINE('',#709,#710);
#709 = CARTESIAN_POINT('',(-47.30070664511,-20.,-12.8));
#710 = VECTOR('',#711,1.);
#711 = DIRECTION('',(0.714472679633,0.,0.699663340513));
#712 = PCURVE('',#32,#713);
#713 = DEFINITIONAL_REPRESENTATION('',(#714),#718);
#714 = LINE('',#715,#716);
#715 = CARTESIAN_POINT('',(37.8,17.549200691492));
#716 = VECTOR('',#717,1.);
#717 = DIRECTION('',(-0.699663340513,0.714472679633));
#718 = ( GEOMETRIC_REPRESENTATION_CONTEXT(2) 
PARAMETRIC_REPRESENTATION_CONTEXT() REPRESENTATION_CONTEXT('2D SPACE',''
  ) );
#719 = PCURVE('',#720,#725);
#720 = PLANE('',#721);
#721 = AXIS2_PLACEMENT_3D('',#722,#723,#724);
#722 = CARTESIAN_POINT('',(-44.8499073366,-17.,-10.4));
#723 = DIRECTION('',(-0.699663340513,2.912933812965E-16,0.714472679633)
  );
#724 = DIRECTION('',(0.714472679633,0.,0.699663340513));
#725 = DEFINITIONAL_REPRESENTATION('',(#726),#730);
#726 = LINE('',#727,#728);
#727 = CARTESIAN_POINT('',(-3.430221166424,-3.));
#728 = VECTOR('',#729,1.);
#729 = DIRECTION('',(1.,2.465190328816E-32));
#730 = ( GEOMETRIC_REPRESENTATION_CONTEXT(2) 
PARAMETRIC_REPRESENTATION_CONTEXT() REPRESENTATION_CONTEXT('2D SPACE',''
  ) );
#731 = ORIENTED_EDGE('',*,*,#732,.T.);
#732 = EDGE_CURVE('',#705,#733,#735,.T.);
#733 = VERTEX_POINT('',#734);
#734 = CARTESIAN_POINT('',(-42.39910802809,-20.,-12.8));
#735 = SURFACE_CURVE('',#736,(#740,#747),.PCURVE_S1.);
#736 = LINE('',#737,#738);
#737 = CARTESIAN_POINT('',(-44.8499073366,-20.,-10.4));
#738 = VECTOR('',#739,1.);
#739 = DIRECTION('',(0.714472679633,0.,-0.699663340513));
#740 = PCURVE('',#32,#741);
#741 = DEFINITIONAL_REPRESENTATION('',(#742),#746);
#742 = LINE('',#743,#744);
#743 = CARTESIAN_POINT('',(35.4,20.));
#744 = VECTOR('',#745,1.);
#745 = DIRECTION('',(0.699663340513,0.714472679633));
#746 = ( GEOMETRIC_REPRESENTATION_CONTEXT(2) 
PARAMETRIC_REPRESENTATION_CONTEXT() REPRESENTATION_CONTEXT('2D SPACE',''
  ) );
#747 = PCURVE('',#748,#753);
#748 = PLANE('',#749);
#749 = AXIS2_PLACEMENT_3D('',#750,#751,#752);
#750 = CARTESIAN_POINT('',(-42.39910802809,-17.,-12.8));
#751 = DIRECTION('',(0.699663340513,-2.912933812965E-16,0.714472679633)
  );
#752 = DIRECTION('',(0.714472679633,0.,-0.699663340513));
#753 = DEFINITIONAL_REPRESENTATION('',(#754),#758);
#754 = LINE('',#755,#756);
#755 = CARTESIAN_POINT('',(-3.430221166424,-3.));
#756 = VECTOR('',#757,1.);
#757 = DIRECTION('',(1.,1.725633230171E-31));
#758 = ( GEOMETRIC_REPRESENTATION_CONTEXT(2) 
PARAMETRIC_REPRESENTATION_CONTEXT() REPRESENTATION_CONTEXT('2D SPACE',''
  ) );
#759 = ORIENTED_EDGE('',*,*,#760,.T.);
#760 = EDGE_CURVE('',#733,#761,#763,.T.);
#761 = VERTEX_POINT('',#762);
#762 = CARTESIAN_POINT('',(-44.8499073366,-20.,-15.2));
#763 = SURFACE_CURVE('',#764,(#768,#775),.PCURVE_S1.);
#764 = LINE('',#765,#766);
#765 = CARTESIAN_POINT('',(-42.39910802809,-20.,-12.8));
#766 = VECTOR('',#767,1.);
#767 = DIRECTION('',(-0.714472679633,0.,-0.699663340513));
#768 = PCURVE('',#32,#769);
#769 = DEFINITIONAL_REPRESENTATION('',(#770),#774);
#770 = LINE('',#771,#772);
#771 = CARTESIAN_POINT('',(37.8,22.450799308508));
#772 = VECTOR('',#773,1.);
#773 = DIRECTION('',(0.699663340513,-0.714472679633));
#774 = ( GEOMETRIC_REPRESENTATION_CONTEXT(2) 
PARAMETRIC_REPRESENTATION_CONTEXT() REPRESENTATION_CONTEXT('2D SPACE',''
  ) );
#775 = PCURVE('',#776,#781);
#776 = PLANE('',#777);
#777 = AXIS2_PLACEMENT_3D('',#778,#779,#780);
#778 = CARTESIAN_POINT('',(-42.39910802809,-17.,-12.8));
#779 = DIRECTION('',(0.699663340513,-2.912933812965E-16,-0.714472679633)
  );
#780 = DIRECTION('',(-0.714472679633,0.,-0.699663340513));
#781 = DEFINITIONAL_REPRESENTATION('',(#782),#786);
#782 = LINE('',#783,#784);
#783 = CARTESIAN_POINT('',(-0.,-3.));
#784 = VECTOR('',#785,1.);
#785 = DIRECTION('',(1.,-2.218671295934E-31));
#786 = ( GEOMETRIC_REPRESENTATION_CONTEXT(2) 
PARAMETRIC_REPRESENTATION_CONTEXT() REPRESENTATION_CONTEXT('2D SPACE',''
  ) );
#787 = ORIENTED_EDGE('',*,*,#788,.T.);
#788 = EDGE_CURVE('',#761,#703,#789,.T.);
#789 = SURFACE_CURVE('',#790,(#794,#801),.PCURVE_S1.);
#790 = LINE('',#791,#792);
#791 = CARTESIAN_POINT('',(-44.8499073366,-20.,-15.2));
#792 = VECTOR('',#793,1.);
#793 = DIRECTION('',(-0.714472679633,0.,0.699663340513));
#794 = PCURVE('',#32,#795);
#795 = DEFINITIONAL_REPRESENTATION('',(#796),#800);
#796 = LINE('',#797,#798);
#797 = CARTESIAN_POINT('',(40.2,20.));
#798 = VECTOR('',#799,1.);
#799 = DIRECTION('',(-0.699663340513,-0.714472679633));
#800 = ( GEOMETRIC_REPRESENTATION_CONTEXT(2) 
PARAMETRIC_REPRESENTATION_CONTEXT() REPRESENTATION_CONTEXT('2D SPACE',''
  ) );
#801 = PCURVE('',#802,#807);
#802 = PLANE('',#803);
#803 = AXIS2_PLACEMENT_3D('',#804,#805,#806);
#804 = CARTESIAN_POINT('',(-44.8499073366,-17.,-15.2));
#805 = DIRECTION('',(-0.699663340513,2.912933812965E-16,-0.714472679633)
  );
#806 = DIRECTION('',(-0.714472679633,0.,0.699663340513));
#807 = DEFINITIONAL_REPRESENTATION('',(#808),#812);
#808 = LINE('',#809,#810);
#809 = CARTESIAN_POINT('',(0.,-3.));
#810 = VECTOR('',#811,1.);
#811 = DIRECTION('',(1.,6.656013887802E-31));
#812 = ( GEOMETRIC_REPRESENTATION_CONTEXT(2) 
PARAMETRIC_REPRESENTATION_CONTEXT() REPRESENTATION_CONTEXT('2D SPACE',''
  ) );
#813 = FACE_BOUND('',#814,.F.);
#814 = EDGE_LOOP('',(#815,#845,#873,#901));
#815 = ORIENTED_EDGE('',*,*,#816,.T.);
#816 = EDGE_CURVE('',#817,#819,#821,.T.);
#817 = VERTEX_POINT('',#818);
#818 = CARTESIAN_POINT('',(-37.30070664511,-20.,11.8));
#819 = VERTEX_POINT('',#820);
#820 = CARTESIAN_POINT('',(-34.8499073366,-20.,14.2));
#821 = SURFACE_CURVE('',#822,(#826,#833),.PCURVE_S1.);
#822 = LINE('',#823,#824);
#823 = CARTESIAN_POINT('',(-37.30070664511,-20.,11.8));
#824 = VECTOR('',#825,1.);
#825 = DIRECTION('',(0.714472679633,0.,0.699663340513));
#826 = PCURVE('',#32,#827);
#827 = DEFINITIONAL_REPRESENTATION('',(#828),#832);
#828 = LINE('',#829,#830);
#829 = CARTESIAN_POINT('',(13.2,27.549200691492));
#830 = VECTOR('',#831,1.);
#831 = DIRECTION('',(-0.699663340513,0.714472679633));
#832 = ( GEOMETRIC_REPRESENTATION_CONTEXT(2) 
PARAMETRIC_REPRESENTATION_CONTEXT() REPRESENTATION_CONTEXT('2D SPACE',''
  ) );
#833 = PCURVE('',#834,#839);
#834 = PLANE('',#835);
#835 = AXIS2_PLACEMENT_3D('',#836,#837,#838);
#836 = CARTESIAN_POINT('',(-34.8499073366,-17.,14.2));
#837 = DIRECTION('',(-0.699663340513,2.912933812965E-16,0.714472679633)
  );
#838 = DIRECTION('',(0.714472679633,0.,0.699663340513));
#839 = DEFINITIONAL_REPRESENTATION('',(#840),#844);
#840 = LINE('',#841,#842);
#841 = CARTESIAN_POINT('',(-3.430221166424,-3.));
#842 = VECTOR('',#843,1.);
#843 = DIRECTION('',(1.,2.465190328816E-32));
#844 = ( GEOMETRIC_REPRESENTATION_CONTEXT(2) 
PARAMETRIC_REPRESENTATION_CONTEXT() REPRESENTATION_CONTEXT('2D SPACE',''
  ) );
#845 = ORIENTED_EDGE('',*,*,#846,.T.);
#846 = EDGE_CURVE('',#819,#847,#849,.T.);
#847 = VERTEX_POINT('',#848);
#848 = CARTESIAN_POINT('',(-32.39910802809,-20.,11.8));
#849 = SURFACE_CURVE('',#850,(#854,#861),.PCURVE_S1.);
#850 = LINE('',#851,#852);
#851 = CARTESIAN_POINT('',(-34.8499073366,-20.,14.2));
#852 = VECTOR('',#853,1.);
#853 = DIRECTION('',(0.714472679633,0.,-0.699663340513));
#854 = PCURVE('',#32,#855);
#855 = DEFINITIONAL_REPRESENTATION('',(#856),#860);
#856 = LINE('',#857,#858);
#857 = CARTESIAN_POINT('',(10.8,30.));
#858 = VECTOR('',#859,1.);
#859 = DIRECTION('',(0.699663340513,0.714472679633));
#860 = ( GEOMETRIC_REPRESENTATION_CONTEXT(2) 
PARAMETRIC_REPRESENTATION_CONTEXT() REPRESENTATION_CONTEXT('2D SPACE',''
  ) );
#861 = PCURVE('',#862,#867);
#862 = PLANE('',#863);
#863 = AXIS2_PLACEMENT_3D('',#864,#865,#866);
#864 = CARTESIAN_POINT('',(-32.39910802809,-17.,11.8));
#865 = DIRECTION('',(0.699663340513,-2.912933812965E-16,0.714472679633)
  );
#866 = DIRECTION('',(0.714472679633,0.,-0.699663340513));
#867 = DEFINITIONAL_REPRESENTATION('',(#868),#872);
#868 = LINE('',#869,#870);
#869 = CARTESIAN_POINT('',(-3.430221166424,-3.));
#870 = VECTOR('',#871,1.);
#871 = DIRECTION('',(1.,0.));
#872 = ( GEOMETRIC_REPRESENTATION_CONTEXT(2) 
PARAMETRIC_REPRESENTATION_CONTEXT() REPRESENTATION_CONTEXT('2D SPACE',''
  ) );
#873 = ORIENTED_EDGE('',*,*,#874,.T.);
#874 = EDGE_CURVE('',#847,#875,#877,.T.);
#875 = VERTEX_POINT('',#876);
#876 = CARTESIAN_POINT('',(-34.8499073366,-20.,9.4));
#877 = SURFACE_CURVE('',#878,(#882,#889),.PCURVE_S1.);
#878 = LINE('',#879,#880);
#879 = CARTESIAN_POINT('',(-32.39910802809,-20.,11.8));
#880 = VECTOR('',#881,1.);
#881 = DIRECTION('',(-0.714472679633,0.,-0.699663340513));
#882 = PCURVE('',#32,#883);
#883 = DEFINITIONAL_REPRESENTATION('',(#884),#888);
#884 = LINE('',#885,#886);
#885 = CARTESIAN_POINT('',(13.2,32.450799308508));
#886 = VECTOR('',#887,1.);
#887 = DIRECTION('',(0.699663340513,-0.714472679633));
#888 = ( GEOMETRIC_REPRESENTATION_CONTEXT(2) 
PARAMETRIC_REPRESENTATION_CONTEXT() REPRESENTATION_CONTEXT('2D SPACE',''
  ) );
#889 = PCURVE('',#890,#895);
#890 = PLANE('',#891);
#891 = AXIS2_PLACEMENT_3D('',#892,#893,#894);
#892 = CARTESIAN_POINT('',(-32.39910802809,-17.,11.8));
#893 = DIRECTION('',(0.699663340513,-2.912933812965E-16,-0.714472679633)
  );
#894 = DIRECTION('',(-0.714472679633,0.,-0.699663340513));
#895 = DEFINITIONAL_REPRESENTATION('',(#896),#900);
#896 = LINE('',#897,#898);
#897 = CARTESIAN_POINT('',(-0.,-3.));
#898 = VECTOR('',#899,1.);
#899 = DIRECTION('',(1.,0.));
#900 = ( GEOMETRIC_REPRESENTATION_CONTEXT(2) 
PARAMETRIC_REPRESENTATION_CONTEXT() REPRESENTATION_CONTEXT('2D SPACE',''
  ) );
#901 = ORIENTED_EDGE('',*,*,#902,.T.);
#902 = EDGE_CURVE('',#875,#817,#903,.T.);
#903 = SURFACE_CURVE('',#904,(#908,#915),.PCURVE_S1.);
#904 = LINE('',#905,#906);
#905 = CARTESIAN_POINT('',(-34.8499073366,-20.,9.4));
#906 = VECTOR('',#907,1.);
#907 = DIRECTION('',(-0.714472679633,0.,0.699663340513));
#908 = PCURVE('',#32,#909);
#909 = DEFINITIONAL_REPRESENTATION('',(#910),#914);
#910 = LINE('',#911,#912);
#911 = CARTESIAN_POINT('',(15.6,30.));
#912 = VECTOR('',#913,1.);
#913 = DIRECTION('',(-0.699663340513,-0.714472679633));
#914 = ( GEOMETRIC_REPRESENTATION_CONTEXT(2) 
PARAMETRIC_REPRESENTATION_CONTEXT() REPRESENTATION_CONTEXT('2D SPACE',''
  ) );
#915 = PCURVE('',#916,#921);
#916 = PLANE('',#917);
#917 = AXIS2_PLACEMENT_3D('',#918,#919,#920);
#918 = CARTESIAN_POINT('',(-34.8499073366,-17.,9.4));
#919 = DIRECTION('',(-0.699663340513,2.912933812965E-16,-0.714472679633)
  );
#920 = DIRECTION('',(-0.714472679633,0.,0.699663340513));
#921 = DEFINITIONAL_REPRESENTATION('',(#922),#926);
#922 = LINE('',#923,#924);
#923 = CARTESIAN_POINT('',(0.,-3.));
#924 = VECTOR('',#925,1.);
#925 = DIRECTION('',(1.,0.));
#926 = ( GEOMETRIC_REPRESENTATION_CONTEXT(2) 
PARAMETRIC_REPRESENTATION_CONTEXT() REPRESENTATION_CONTEXT('2D SPACE',''
  ) );
#927 = FACE_BOUND('',#928,.F.);
#928 = EDGE_LOOP('',(#929,#959,#987,#1015));
#929 = ORIENTED_EDGE('',*,*,#930,.T.);
#930 = EDGE_CURVE('',#931,#933,#935,.T.);
#931 = VERTEX_POINT('',#932);
#932 = CARTESIAN_POINT('',(-37.30070664511,-20.,3.6));
#933 = VERTEX_POINT('',#934);
#934 = CARTESIAN_POINT('',(-34.8499073366,-20.,6.));
#935 = SURFACE_CURVE('',#936,(#940,#947),.PCURVE_S1.);
#936 = LINE('',#937,#938);
#937 = CARTESIAN_POINT('',(-37.30070664511,-20.,3.6));
#938 = VECTOR('',#939,1.);
#939 = DIRECTION('',(0.714472679633,0.,0.699663340513));
#940 = PCURVE('',#32,#941);
#941 = DEFINITIONAL_REPRESENTATION('',(#942),#946);
#942 = LINE('',#943,#944);
#943 = CARTESIAN_POINT('',(21.4,27.549200691492));
#944 = VECTOR('',#945,1.);
#945 = DIRECTION('',(-0.699663340513,0.714472679633));
#946 = ( GEOMETRIC_REPRESENTATION_CONTEXT(2) 
PARAMETRIC_REPRESENTATION_CONTEXT() REPRESENTATION_CONTEXT('2D SPACE',''
  ) );
#947 = PCURVE('',#948,#953);
#948 = PLANE('',#949);
#949 = AXIS2_PLACEMENT_3D('',#950,#951,#952);
#950 = CARTESIAN_POINT('',(-34.8499073366,-17.,6.));
#951 = DIRECTION('',(-0.699663340513,2.912933812965E-16,0.714472679633)
  );
#952 = DIRECTION('',(0.714472679633,0.,0.699663340513));
#953 = DEFINITIONAL_REPRESENTATION('',(#954),#958);
#954 = LINE('',#955,#956);
#955 = CARTESIAN_POINT('',(-3.430221166424,-3.));
#956 = VECTOR('',#957,1.);
#957 = DIRECTION('',(1.,2.465190328816E-32));
#958 = ( GEOMETRIC_REPRESENTATION_CONTEXT(2) 
PARAMETRIC_REPRESENTATION_CONTEXT() REPRESENTATION_CONTEXT('2D SPACE',''
  ) );
#959 = ORIENTED_EDGE('',*,*,#960,.T.);
#960 = EDGE_CURVE('',#933,#961,#963,.T.);
#961 = VERTEX_POINT('',#962);
#962 = CARTESIAN_POINT('',(-32.39910802809,-20.,3.6));
#963 = SURFACE_CURVE('',#964,(#968,#975),.PCURVE_S1.);
#964 = LINE('',#965,#966);
#965 = CARTESIAN_POINT('',(-34.8499073366,-20.,6.));
#966 = VECTOR('',#967,1.);
#967 = DIRECTION('',(0.714472679633,0.,-0.699663340513));
#968 = PCURVE('',#32,#969);
#969 = DEFINITIONAL_REPRESENTATION('',(#970),#974);
#970 = LINE('',#971,#972);
#971 = CARTESIAN_POINT('',(19.,30.));
#972 = VECTOR('',#973,1.);
#973 = DIRECTION('',(0.699663340513,0.714472679633));
#974 = ( GEOMETRIC_REPRESENTATION_CONTEXT(2) 
PARAMETRIC_REPRESENTATION_CONTEXT() REPRESENTATION_CONTEXT('2D SPACE',''
  ) );
#975 = PCURVE('',#976,#981);
#976 = PLANE('',#977);
#977 = AXIS2_PLACEMENT_3D('',#978,#979,#980);
#978 = CARTESIAN_POINT('',(-32.39910802809,-17.,3.6));
#979 = DIRECTION('',(0.699663340513,-2.912933812965E-16,0.714472679633)
  );
#980 = DIRECTION('',(0.714472679633,0.,-0.699663340513));
#981 = DEFINITIONAL_REPRESENTATION('',(#982),#986);
#982 = LINE('',#983,#984);
#983 = CARTESIAN_POINT('',(-3.430221166424,-3.));
#984 = VECTOR('',#985,1.);
#985 = DIRECTION('',(1.,-2.218671295934E-31));
#986 = ( GEOMETRIC_REPRESENTATION_CONTEXT(2) 
PARAMETRIC_REPRESENTATION_CONTEXT() REPRESENTATION_CONTEXT('2D SPACE',''
  ) );
#987 = ORIENTED_EDGE('',*,*,#988,.T.);
#988 = EDGE_CURVE('',#961,#989,#991,.T.);
#989 = VERTEX_POINT('',#990);
#990 = CARTESIAN_POINT('',(-34.8499073366,-20.,1.2));
#991 = SURFACE_CURVE('',#992,(#996,#1003),.PCURVE_S1.);
#992 = LINE('',#993,#994);
#993 = CARTESIAN_POINT('',(-32.39910802809,-20.,3.6));
#994 = VECTOR('',#995,1.);
#995 = DIRECTION('',(-0.714472679633,0.,-0.699663340513));
#996 = PCURVE('',#32,#997);
#997 = DEFINITIONAL_REPRESENTATION('',(#998),#1002);
#998 = LINE('',#999,#1000);
#999 = CARTESIAN_POINT('',(21.4,32.450799308508));
#1000 = VECTOR('',#1001,1.);
#1001 = DIRECTION('',(0.699663340513,-0.714472679633));
#1002 = ( GEOMETRIC_REPRESENTATION_CONTEXT(2) 
PARAMETRIC_REPRESENTATION_CONTEXT() REPRESENTATION_CONTEXT('2D SPACE',''
  ) );
#1003 = PCURVE('',#1004,#1009);
#1004 = PLANE('',#1005);
#1005 = AXIS2_PLACEMENT_3D('',#1006,#1007,#1008);
#1006 = CARTESIAN_POINT('',(-32.39910802809,-17.,3.6));
#1007 = DIRECTION('',(0.699663340513,-2.912933812965E-16,-0.714472679633
    ));
#1008 = DIRECTION('',(-0.714472679633,0.,-0.699663340513));
#1009 = DEFINITIONAL_REPRESENTATION('',(#1010),#1014);
#1010 = LINE('',#1011,#1012);
#1011 = CARTESIAN_POINT('',(-3.107129400496E-16,-3.));
#1012 = VECTOR('',#1013,1.);
#1013 = DIRECTION('',(1.,-2.218671295934E-31));
#1014 = ( GEOMETRIC_REPRESENTATION_CONTEXT(2) 
PARAMETRIC_REPRESENTATION_CONTEXT() REPRESENTATION_CONTEXT('2D SPACE',''
  ) );
#1015 = ORIENTED_EDGE('',*,*,#1016,.T.);
#1016 = EDGE_CURVE('',#989,#931,#1017,.T.);
#1017 = SURFACE_CURVE('',#1018,(#1022,#1029),.PCURVE_S1.);
#1018 = LINE('',#1019,#1020);
#1019 = CARTESIAN_POINT('',(-34.8499073366,-20.,1.2));
#1020 = VECTOR('',#1021,1.);
#1021 = DIRECTION('',(-0.714472679633,0.,0.699663340513));
#1022 = PCURVE('',#32,#1023);
#1023 = DEFINITIONAL_REPRESENTATION('',(#1024),#1028);
#1024 = LINE('',#1025,#1026);
#1025 = CARTESIAN_POINT('',(23.8,30.));
#1026 = VECTOR('',#1027,1.);
#1027 = DIRECTION('',(-0.699663340513,-0.714472679633));
#1028 = ( GEOMETRIC_REPRESENTATION_CONTEXT(2) 
PARAMETRIC_REPRESENTATION_CONTEXT() REPRESENTATION_CONTEXT('2D SPACE',''
  ) );
#1029 = PCURVE('',#1030,#1035);
#1030 = PLANE('',#1031);
#1031 = AXIS2_PLACEMENT_3D('',#1032,#1033,#1034);
#1032 = CARTESIAN_POINT('',(-34.8499073366,-17.,1.2));
#1033 = DIRECTION('',(-0.699663340513,2.912933812965E-16,-0.714472679633
    ));
#1034 = DIRECTION('',(-0.714472679633,0.,0.699663340513));
#1035 = DEFINITIONAL_REPRESENTATION('',(#1036),#1040);
#1036 = LINE('',#1037,#1038);
#1037 = CARTESIAN_POINT('',(8.028406654593E-15,-3.));
#1038 = VECTOR('',#1039,1.);
#1039 = DIRECTION('',(1.,0.));
#1040 = ( GEOMETRIC_REPRESENTATION_CONTEXT(2) 
PARAMETRIC_REPRESENTATION_CONTEXT() REPRESENTATION_CONTEXT('2D SPACE',''
  ) );
#1041 = FACE_BOUND('',#1042,.F.);
#1042 = EDGE_LOOP('',(#1043,#1073,#1101,#1129));
#1043 = ORIENTED_EDGE('',*,*,#1044,.T.);
#1044 = EDGE_CURVE('',#1045,#1047,#1049,.T.);
#1045 = VERTEX_POINT('',#1046);
#1046 = CARTESIAN_POINT('',(-37.30070664511,-20.,-4.6));
#1047 = VERTEX_POINT('',#1048);
#1048 = CARTESIAN_POINT('',(-34.8499073366,-20.,-2.2));
#1049 = SURFACE_CURVE('',#1050,(#1054,#1061),.PCURVE_S1.);
#1050 = LINE('',#1051,#1052);
#1051 = CARTESIAN_POINT('',(-37.30070664511,-20.,-4.6));
#1052 = VECTOR('',#1053,1.);
#1053 = DIRECTION('',(0.714472679633,0.,0.699663340513));
#1054 = PCURVE('',#32,#1055);
#1055 = DEFINITIONAL_REPRESENTATION('',(#1056),#1060);
#1056 = LINE('',#1057,#1058);
#1057 = CARTESIAN_POINT('',(29.6,27.549200691492));
#1058 = VECTOR('',#1059,1.);
#1059 = DIRECTION('',(-0.699663340513,0.714472679633));
#1060 = ( GEOMETRIC_REPRESENTATION_CONTEXT(2) 
PARAMETRIC_REPRESENTATION_CONTEXT() REPRESENTATION_CONTEXT('2D SPACE',''
  ) );
#1061 = PCURVE('',#1062,#1067);
#1062 = PLANE('',#1063);
#1063 = AXIS2_PLACEMENT_3D('',#1064,#1065,#1066);
#1064 = CARTESIAN_POINT('',(-34.8499073366,-17.,-2.2));
#1065 = DIRECTION('',(-0.699663340513,2.912933812965E-16,0.714472679633)
  );
#1066 = DIRECTION('',(0.714472679633,0.,0.699663340513));
#1067 = DEFINITIONAL_REPRESENTATION('',(#1068),#1072);
#1068 = LINE('',#1069,#1070);
#1069 = CARTESIAN_POINT('',(-3.430221166424,-3.));
#1070 = VECTOR('',#1071,1.);
#1071 = DIRECTION('',(1.,2.465190328816E-32));
#1072 = ( GEOMETRIC_REPRESENTATION_CONTEXT(2) 
PARAMETRIC_REPRESENTATION_CONTEXT() REPRESENTATION_CONTEXT('2D SPACE',''
  ) );
#1073 = ORIENTED_EDGE('',*,*,#1074,.T.);
#1074 = EDGE_CURVE('',#1047,#1075,#1077,.T.);
#1075 = VERTEX_POINT('',#1076);
#1076 = CARTESIAN_POINT('',(-32.39910802809,-20.,-4.6));
#1077 = SURFACE_CURVE('',#1078,(#1082,#1089),.PCURVE_S1.);
#1078 = LINE('',#1079,#1080);
#1079 = CARTESIAN_POINT('',(-34.8499073366,-20.,-2.2));
#1080 = VECTOR('',#1081,1.);
#1081 = DIRECTION('',(0.714472679633,0.,-0.699663340513));
#1082 = PCURVE('',#32,#1083);
#1083 = DEFINITIONAL_REPRESENTATION('',(#1084),#1088);
#1084 = LINE('',#1085,#1086);
#1085 = CARTESIAN_POINT('',(27.2,30.));
#1086 = VECTOR('',#1087,1.);
#1087 = DIRECTION('',(0.699663340513,0.714472679633));
#1088 = ( GEOMETRIC_REPRESENTATION_CONTEXT(2) 
PARAMETRIC_REPRESENTATION_CONTEXT() REPRESENTATION_CONTEXT('2D SPACE',''
  ) );
#1089 = PCURVE('',#1090,#1095);
#1090 = PLANE('',#1091);
#1091 = AXIS2_PLACEMENT_3D('',#1092,#1093,#1094);
#1092 = CARTESIAN_POINT('',(-32.39910802809,-17.,-4.6));
#1093 = DIRECTION('',(0.699663340513,-2.912933812965E-16,0.714472679633)
  );
#1094 = DIRECTION('',(0.714472679633,0.,-0.699663340513));
#1095 = DEFINITIONAL_REPRESENTATION('',(#1096),#1100);
#1096 = LINE('',#1097,#1098);
#1097 = CARTESIAN_POINT('',(-3.430221166424,-3.));
#1098 = VECTOR('',#1099,1.);
#1099 = DIRECTION('',(1.,-2.218671295934E-31));
#1100 = ( GEOMETRIC_REPRESENTATION_CONTEXT(2) 
PARAMETRIC_REPRESENTATION_CONTEXT() REPRESENTATION_CONTEXT('2D SPACE',''
  ) );
#1101 = ORIENTED_EDGE('',*,*,#1102,.T.);
#1102 = EDGE_CURVE('',#1075,#1103,#1105,.T.);
#1103 = VERTEX_POINT('',#1104);
#1104 = CARTESIAN_POINT('',(-34.8499073366,-20.,-7.));
#1105 = SURFACE_CURVE('',#1106,(#1110,#1117),.PCURVE_S1.);
#1106 = LINE('',#1107,#1108);
#1107 = CARTESIAN_POINT('',(-32.39910802809,-20.,-4.6));
#1108 = VECTOR('',#1109,1.);
#1109 = DIRECTION('',(-0.714472679633,0.,-0.699663340513));
#1110 = PCURVE('',#32,#1111);
#1111 = DEFINITIONAL_REPRESENTATION('',(#1112),#1116);
#1112 = LINE('',#1113,#1114);
#1113 = CARTESIAN_POINT('',(29.6,32.450799308508));
#1114 = VECTOR('',#1115,1.);
#1115 = DIRECTION('',(0.699663340513,-0.714472679633));
#1116 = ( GEOMETRIC_REPRESENTATION_CONTEXT(2) 
PARAMETRIC_REPRESENTATION_CONTEXT() REPRESENTATION_CONTEXT('2D SPACE',''
  ) );
#1117 = PCURVE('',#1118,#1123);
#1118 = PLANE('',#1119);
#1119 = AXIS2_PLACEMENT_3D('',#1120,#1121,#1122);
#1120 = CARTESIAN_POINT('',(-32.39910802809,-17.,-4.6));
#1121 = DIRECTION('',(0.699663340513,-2.912933812965E-16,-0.714472679633
    ));
#1122 = DIRECTION('',(-0.714472679633,0.,-0.699663340513));
#1123 = DEFINITIONAL_REPRESENTATION('',(#1124),#1128);
#1124 = LINE('',#1125,#1126);
#1125 = CARTESIAN_POINT('',(-6.214258800993E-16,-3.));
#1126 = VECTOR('',#1127,1.);
#1127 = DIRECTION('',(1.,0.));
#1128 = ( GEOMETRIC_REPRESENTATION_CONTEXT(2) 
PARAMETRIC_REPRESENTATION_CONTEXT() REPRESENTATION_CONTEXT('2D SPACE',''
  ) );
#1129 = ORIENTED_EDGE('',*,*,#1130,.T.);
#1130 = EDGE_CURVE('',#1103,#1045,#1131,.T.);
#1131 = SURFACE_CURVE('',#1132,(#1136,#1143),.PCURVE_S1.);
#1132 = LINE('',#1133,#1134);
#1133 = CARTESIAN_POINT('',(-34.8499073366,-20.,-7.));
#1134 = VECTOR('',#1135,1.);
#1135 = DIRECTION('',(-0.714472679633,0.,0.699663340513));
#1136 = PCURVE('',#32,#1137);
#1137 = DEFINITIONAL_REPRESENTATION('',(#1138),#1142);
#1138 = LINE('',#1139,#1140);
#1139 = CARTESIAN_POINT('',(32.,30.));
#1140 = VECTOR('',#1141,1.);
#1141 = DIRECTION('',(-0.699663340513,-0.714472679633));
#1142 = ( GEOMETRIC_REPRESENTATION_CONTEXT(2) 
PARAMETRIC_REPRESENTATION_CONTEXT() REPRESENTATION_CONTEXT('2D SPACE',''
  ) );
#1143 = PCURVE('',#1144,#1149);
#1144 = PLANE('',#1145);
#1145 = AXIS2_PLACEMENT_3D('',#1146,#1147,#1148);
#1146 = CARTESIAN_POINT('',(-34.8499073366,-17.,-7.));
#1147 = DIRECTION('',(-0.699663340513,2.912933812965E-16,-0.714472679633
    ));
#1148 = DIRECTION('',(-0.714472679633,0.,0.699663340513));
#1149 = DEFINITIONAL_REPRESENTATION('',(#1150),#1154);
#1150 = LINE('',#1151,#1152);
#1151 = CARTESIAN_POINT('',(8.183763124618E-15,-3.));
#1152 = VECTOR('',#1153,1.);
#1153 = DIRECTION('',(1.,-2.218671295934E-31));
#1154 = ( GEOMETRIC_REPRESENTATION_CONTEXT(2) 
PARAMETRIC_REPRESENTATION_CONTEXT() REPRESENTATION_CONTEXT('2D SPACE',''
  ) );
#1155 = FACE_BOUND('',#1156,.F.);
#1156 = EDGE_LOOP('',(#1157,#1187,#1215,#1243));
#1157 = ORIENTED_EDGE('',*,*,#1158,.T.);
#1158 = EDGE_CURVE('',#1159,#1161,#1163,.T.);
#1159 = VERTEX_POINT('',#1160);
#1160 = CARTESIAN_POINT('',(-37.30070664511,-20.,-12.8));
#1161 = VERTEX_POINT('',#1162);
#1162 = CARTESIAN_POINT('',(-34.8499073366,-20.,-10.4));
#1163 = SURFACE_CURVE('',#1164,(#1168,#1175),.PCURVE_S1.);
#1164 = LINE('',#1165,#1166);
#1165 = CARTESIAN_POINT('',(-37.30070664511,-20.,-12.8));
#1166 = VECTOR('',#1167,1.);
#1167 = DIRECTION('',(0.714472679633,0.,0.699663340513));
#1168 = PCURVE('',#32,#1169);
#1169 = DEFINITIONAL_REPRESENTATION('',(#1170),#1174);
#1170 = LINE('',#1171,#1172);
#1171 = CARTESIAN_POINT('',(37.8,27.549200691492));
#1172 = VECTOR('',#1173,1.);
#1173 = DIRECTION('',(-0.699663340513,0.714472679633));
#1174 = ( GEOMETRIC_REPRESENTATION_CONTEXT(2) 
PARAMETRIC_REPRESENTATION_CONTEXT() REPRESENTATION_CONTEXT('2D SPACE',''
  ) );
#1175 = PCURVE('',#1176,#1181);
#1176 = PLANE('',#1177);
#1177 = AXIS2_PLACEMENT_3D('',#1178,#1179,#1180);
#1178 = CARTESIAN_POINT('',(-34.8499073366,-17.,-10.4));
#1179 = DIRECTION('',(-0.699663340513,2.912933812965E-16,0.714472679633)
  );
#1180 = DIRECTION('',(0.714472679633,0.,0.699663340513));
#1181 = DEFINITIONAL_REPRESENTATION('',(#1182),#1186);
#1182 = LINE('',#1183,#1184);
#1183 = CARTESIAN_POINT('',(-3.430221166424,-3.));
#1184 = VECTOR('',#1185,1.);
#1185 = DIRECTION('',(1.,2.465190328816E-32));
#1186 = ( GEOMETRIC_REPRESENTATION_CONTEXT(2) 
PARAMETRIC_REPRESENTATION_CONTEXT() REPRESENTATION_CONTEXT('2D SPACE',''
  ) );
#1187 = ORIENTED_EDGE('',*,*,#1188,.T.);
#1188 = EDGE_CURVE('',#1161,#1189,#1191,.T.);
#1189 = VERTEX_POINT('',#1190);
#1190 = CARTESIAN_POINT('',(-32.39910802809,-20.,-12.8));
#1191 = SURFACE_CURVE('',#1192,(#1196,#1203),.PCURVE_S1.);
#1192 = LINE('',#1193,#1194);
#1193 = CARTESIAN_POINT('',(-34.8499073366,-20.,-10.4));
#1194 = VECTOR('',#1195,1.);
#1195 = DIRECTION('',(0.714472679633,0.,-0.699663340513));
#1196 = PCURVE('',#32,#1197);
#1197 = DEFINITIONAL_REPRESENTATION('',(#1198),#1202);
#1198 = LINE('',#1199,#1200);
#1199 = CARTESIAN_POINT('',(35.4,30.));
#1200 = VECTOR('',#1201,1.);
#1201 = DIRECTION('',(0.699663340513,0.714472679633));
#1202 = ( GEOMETRIC_REPRESENTATION_CONTEXT(2) 
PARAMETRIC_REPRESENTATION_CONTEXT() REPRESENTATION_CONTEXT('2D SPACE',''
  ) );
#1203 = PCURVE('',#1204,#1209);
#1204 = PLANE('',#1205);
#1205 = AXIS2_PLACEMENT_3D('',#1206,#1207,#1208);
#1206 = CARTESIAN_POINT('',(-32.39910802809,-17.,-12.8));
#1207 = DIRECTION('',(0.699663340513,-2.912933812965E-16,0.714472679633)
  );
#1208 = DIRECTION('',(0.714472679633,0.,-0.699663340513));
#1209 = DEFINITIONAL_REPRESENTATION('',(#1210),#1214);
#1210 = LINE('',#1211,#1212);
#1211 = CARTESIAN_POINT('',(-3.430221166424,-3.));
#1212 = VECTOR('',#1213,1.);
#1213 = DIRECTION('',(1.,-6.409494854921E-31));
#1214 = ( GEOMETRIC_REPRESENTATION_CONTEXT(2) 
PARAMETRIC_REPRESENTATION_CONTEXT() REPRESENTATION_CONTEXT('2D SPACE',''
  ) );
#1215 = ORIENTED_EDGE('',*,*,#1216,.T.);
#1216 = EDGE_CURVE('',#1189,#1217,#1219,.T.);
#1217 = VERTEX_POINT('',#1218);
#1218 = CARTESIAN_POINT('',(-34.8499073366,-20.,-15.2));
#1219 = SURFACE_CURVE('',#1220,(#1224,#1231),.PCURVE_S1.);
#1220 = LINE('',#1221,#1222);
#1221 = CARTESIAN_POINT('',(-32.39910802809,-20.,-12.8));
#1222 = VECTOR('',#1223,1.);
#1223 = DIRECTION('',(-0.714472679633,0.,-0.699663340513));
#1224 = PCURVE('',#32,#1225);
#1225 = DEFINITIONAL_REPRESENTATION('',(#1226),#1230);
#1226 = LINE('',#1227,#1228);
#1227 = CARTESIAN_POINT('',(37.8,32.450799308508));
#1228 = VECTOR('',#1229,1.);
#1229 = DIRECTION('',(0.699663340513,-0.714472679633));
#1230 = ( GEOMETRIC_REPRESENTATION_CONTEXT(2) 
PARAMETRIC_REPRESENTATION_CONTEXT() REPRESENTATION_CONTEXT('2D SPACE',''
  ) );
#1231 = PCURVE('',#1232,#1237);
#1232 = PLANE('',#1233);
#1233 = AXIS2_PLACEMENT_3D('',#1234,#1235,#1236);
#1234 = CARTESIAN_POINT('',(-32.39910802809,-17.,-12.8));
#1235 = DIRECTION('',(0.699663340513,-2.912933812965E-16,-0.714472679633
    ));
#1236 = DIRECTION('',(-0.714472679633,0.,-0.699663340513));
#1237 = DEFINITIONAL_REPRESENTATION('',(#1238),#1242);
#1238 = LINE('',#1239,#1240);
#1239 = CARTESIAN_POINT('',(-0.,-3.));
#1240 = VECTOR('',#1241,1.);
#1241 = DIRECTION('',(1.,0.));
#1242 = ( GEOMETRIC_REPRESENTATION_CONTEXT(2) 
PARAMETRIC_REPRESENTATION_CONTEXT() REPRESENTATION_CONTEXT('2D SPACE',''
  ) );
#1243 = ORIENTED_EDGE('',*,*,#1244,.T.);
#1244 = EDGE_CURVE('',#1217,#1159,#1245,.T.);
#1245 = SURFACE_CURVE('',#1246,(#1250,#1257),.PCURVE_S1.);
#1246 = LINE('',#1247,#1248);
#1247 = CARTESIAN_POINT('',(-34.8499073366,-20.,-15.2));
#1248 = VECTOR('',#1249,1.);
#1249 = DIRECTION('',(-0.714472679633,0.,0.699663340513));
#1250 = PCURVE('',#32,#1251);
#1251 = DEFINITIONAL_REPRESENTATION('',(#1252),#1256);
#1252 = LINE('',#1253,#1254);
#1253 = CARTESIAN_POINT('',(40.2,30.));
#1254 = VECTOR('',#1255,1.);
#1255 = DIRECTION('',(-0.699663340513,-0.714472679633));
#1256 = ( GEOMETRIC_REPRESENTATION_CONTEXT(2) 
PARAMETRIC_REPRESENTATION_CONTEXT() REPRESENTATION_CONTEXT('2D SPACE',''
  ) );
#1257 = PCURVE('',#1258,#1263);
#1258 = PLANE('',#1259);
#1259 = AXIS2_PLACEMENT_3D('',#1260,#1261,#1262);
#1260 = CARTESIAN_POINT('',(-34.8499073366,-17.,-15.2));
#1261 = DIRECTION('',(-0.699663340513,2.912933812965E-16,-0.714472679633
    ));
#1262 = DIRECTION('',(-0.714472679633,0.,0.699663340513));
#1263 = DEFINITIONAL_REPRESENTATION('',(#1264),#1268);
#1264 = LINE('',#1265,#1266);
#1265 = CARTESIAN_POINT('',(0.,-3.));
#1266 = VECTOR('',#1267,1.);
#1267 = DIRECTION('',(1.,2.465190328816E-31));
#1268 = ( GEOMETRIC_REPRESENTATION_CONTEXT(2) 
PARAMETRIC_REPRESENTATION_CONTEXT() REPRESENTATION_CONTEXT('2D SPACE',''
  ) );
#1269 = ADVANCED_FACE('',(#1270),#44,.T.);
#1270 = FACE_BOUND('',#1271,.T.);
#1271 = EDGE_LOOP('',(#1272,#1302,#1324,#1325));
#1272 = ORIENTED_EDGE('',*,*,#1273,.T.);
#1273 = EDGE_CURVE('',#1274,#1276,#1278,.T.);
#1274 = VERTEX_POINT('',#1275);
#1275 = CARTESIAN_POINT('',(-24.85,-25.,-26.));
#1276 = VERTEX_POINT('',#1277);
#1277 = CARTESIAN_POINT('',(-25.8499073366,-25.,-26.));
#1278 = SURFACE_CURVE('',#1279,(#1283,#1290),.PCURVE_S1.);
#1279 = LINE('',#1280,#1281);
#1280 = CARTESIAN_POINT('',(-19.6749536683,-25.,-26.));
#1281 = VECTOR('',#1282,1.);
#1282 = DIRECTION('',(-1.,3.551733912669E-18,0.));
#1283 = PCURVE('',#44,#1284);
#1284 = DEFINITIONAL_REPRESENTATION('',(#1285),#1289);
#1285 = LINE('',#1286,#1287);
#1286 = CARTESIAN_POINT('',(0.785398163397,0.));
#1287 = VECTOR('',#1288,1.);
#1288 = DIRECTION('',(0.,1.));
#1289 = ( GEOMETRIC_REPRESENTATION_CONTEXT(2) 
PARAMETRIC_REPRESENTATION_CONTEXT() REPRESENTATION_CONTEXT('2D SPACE',''
  ) );
#1290 = PCURVE('',#1291,#1296);
#1291 = PLANE('',#1292);
#1292 = AXIS2_PLACEMENT_3D('',#1293,#1294,#1295);
#1293 = CARTESIAN_POINT('',(25.5,-32.,-26.));
#1294 = DIRECTION('',(0.,0.,1.));
#1295 = DIRECTION('',(1.,0.,-0.));
#1296 = DEFINITIONAL_REPRESENTATION('',(#1297),#1301);
#1297 = LINE('',#1298,#1299);
#1298 = CARTESIAN_POINT('',(-45.1749536683,7.));
#1299 = VECTOR('',#1300,1.);
#1300 = DIRECTION('',(-1.,3.551733912669E-18));
#1301 = ( GEOMETRIC_REPRESENTATION_CONTEXT(2) 
PARAMETRIC_REPRESENTATION_CONTEXT() REPRESENTATION_CONTEXT('2D SPACE',''
  ) );
#1302 = ORIENTED_EDGE('',*,*,#1303,.T.);
#1303 = EDGE_CURVE('',#1276,#22,#1304,.T.);
#1304 = SURFACE_CURVE('',#1305,(#1310,#1317),.PCURVE_S1.);
#1305 = CIRCLE('',#1306,5.);
#1306 = AXIS2_PLACEMENT_3D('',#1307,#1308,#1309);
#1307 = CARTESIAN_POINT('',(-25.8499073366,-25.,-21.));
#1308 = DIRECTION('',(1.,-2.891205793295E-16,1.010728034814E-30));
#1309 = DIRECTION('',(2.044391222245E-16,0.707106781187,-0.707106781187)
  );
#1310 = PCURVE('',#44,#1311);
#1311 = DEFINITIONAL_REPRESENTATION('',(#1312),#1316);
#1312 = LINE('',#1313,#1314);
#1313 = CARTESIAN_POINT('',(6.28318530718,6.174953668304));
#1314 = VECTOR('',#1315,1.);
#1315 = DIRECTION('',(-1.,0.));
#1316 = ( GEOMETRIC_REPRESENTATION_CONTEXT(2) 
PARAMETRIC_REPRESENTATION_CONTEXT() REPRESENTATION_CONTEXT('2D SPACE',''
  ) );
#1317 = PCURVE('',#346,#1318);
#1318 = DEFINITIONAL_REPRESENTATION('',(#1319),#1323);
#1319 = CIRCLE('',#1320,5.);
#1320 = AXIS2_PLACEMENT_2D('',#1321,#1322);
#1321 = CARTESIAN_POINT('',(21.,-5.));
#1322 = DIRECTION('',(0.707106781187,0.707106781187));
#1323 = ( GEOMETRIC_REPRESENTATION_CONTEXT(2) 
PARAMETRIC_REPRESENTATION_CONTEXT() REPRESENTATION_CONTEXT('2D SPACE',''
  ) );
#1324 = ORIENTED_EDGE('',*,*,#21,.T.);
#1325 = ORIENTED_EDGE('',*,*,#1326,.T.);
#1326 = EDGE_CURVE('',#24,#1274,#1327,.T.);
#1327 = SURFACE_CURVE('',#1328,(#1333,#1340),.PCURVE_S1.);
#1328 = CIRCLE('',#1329,5.);
#1329 = AXIS2_PLACEMENT_3D('',#1330,#1331,#1332);
#1330 = CARTESIAN_POINT('',(-24.85,-25.,-21.));
#1331 = DIRECTION('',(-1.,3.551733912669E-18,0.));
#1332 = DIRECTION('',(2.511455134618E-18,0.707106781187,-0.707106781187)
  );
#1333 = PCURVE('',#44,#1334);
#1334 = DEFINITIONAL_REPRESENTATION('',(#1335),#1339);
#1335 = LINE('',#1336,#1337);
#1336 = CARTESIAN_POINT('',(-6.28318530718,5.175046331696));
#1337 = VECTOR('',#1338,1.);
#1338 = DIRECTION('',(1.,0.));
#1339 = ( GEOMETRIC_REPRESENTATION_CONTEXT(2) 
PARAMETRIC_REPRESENTATION_CONTEXT() REPRESENTATION_CONTEXT('2D SPACE',''
  ) );
#1340 = PCURVE('',#71,#1341);
#1341 = DEFINITIONAL_REPRESENTATION('',(#1342),#1350);
#1342 = ( BOUNDED_CURVE() B_SPLINE_CURVE(2,(#1343,#1344,#1345,#1346,
#1347,#1348,#1349),.UNSPECIFIED.,.T.,.F.) B_SPLINE_CURVE_WITH_KNOTS((1,2
    ,2,2,2,1),(-2.094395102393,0.,2.094395102393,4.188790204786,
6.28318530718,8.377580409573),.UNSPECIFIED.) CURVE() 
GEOMETRIC_REPRESENTATION_ITEM() RATIONAL_B_SPLINE_CURVE((1.,0.5,1.,0.5,
1.,0.5,1.)) REPRESENTATION_ITEM('') );
#1343 = CARTESIAN_POINT('',(75.464466094067,-78.53553390593));
#1344 = CARTESIAN_POINT('',(69.340741737109,-72.41180954897));
#1345 = CARTESIAN_POINT('',(77.705904774487,-70.17037086855));
#1346 = CARTESIAN_POINT('',(86.071067811865,-67.92893218813));
#1347 = CARTESIAN_POINT('',(83.829629131445,-76.29409522551));
#1348 = CARTESIAN_POINT('',(81.588190451025,-84.65925826289));
#1349 = CARTESIAN_POINT('',(75.464466094067,-78.53553390593));
#1350 = ( GEOMETRIC_REPRESENTATION_CONTEXT(2) 
PARAMETRIC_REPRESENTATION_CONTEXT() REPRESENTATION_CONTEXT('2D SPACE',''
  ) );
#1351 = ADVANCED_FACE('',(#1352),#346,.F.);
#1352 = FACE_BOUND('',#1353,.T.);
#1353 = EDGE_LOOP('',(#1354,#1355,#1378,#1407,#1435,#1464,#1492,#1514));
#1354 = ORIENTED_EDGE('',*,*,#1303,.F.);
#1355 = ORIENTED_EDGE('',*,*,#1356,.T.);
#1356 = EDGE_CURVE('',#1276,#1357,#1359,.T.);
#1357 = VERTEX_POINT('',#1358);
#1358 = CARTESIAN_POINT('',(-25.8499073366,-39.,-26.));
#1359 = SURFACE_CURVE('',#1360,(#1364,#1371),.PCURVE_S1.);
#1360 = LINE('',#1361,#1362);
#1361 = CARTESIAN_POINT('',(-25.8499073366,-26.,-26.));
#1362 = VECTOR('',#1363,1.);
#1363 = DIRECTION('',(-2.891205793295E-16,-1.,0.));
#1364 = PCURVE('',#346,#1365);
#1365 = DEFINITIONAL_REPRESENTATION('',(#1366),#1370);
#1366 = LINE('',#1367,#1368);
#1367 = CARTESIAN_POINT('',(26.,-6.));
#1368 = VECTOR('',#1369,1.);
#1369 = DIRECTION('',(-2.90013531911E-46,-1.));
#1370 = ( GEOMETRIC_REPRESENTATION_CONTEXT(2) 
PARAMETRIC_REPRESENTATION_CONTEXT() REPRESENTATION_CONTEXT('2D SPACE',''
  ) );
#1371 = PCURVE('',#1291,#1372);
#1372 = DEFINITIONAL_REPRESENTATION('',(#1373),#1377);
#1373 = LINE('',#1374,#1375);
#1374 = CARTESIAN_POINT('',(-51.3499073366,6.));
#1375 = VECTOR('',#1376,1.);
#1376 = DIRECTION('',(-2.891205793295E-16,-1.));
#1377 = ( GEOMETRIC_REPRESENTATION_CONTEXT(2) 
PARAMETRIC_REPRESENTATION_CONTEXT() REPRESENTATION_CONTEXT('2D SPACE',''
  ) );
#1378 = ORIENTED_EDGE('',*,*,#1379,.F.);
#1379 = EDGE_CURVE('',#1380,#1357,#1382,.T.);
#1380 = VERTEX_POINT('',#1381);
#1381 = CARTESIAN_POINT('',(-25.8499073366,-44.,-21.));
#1382 = SURFACE_CURVE('',#1383,(#1388,#1395),.PCURVE_S1.);
#1383 = CIRCLE('',#1384,5.);
#1384 = AXIS2_PLACEMENT_3D('',#1385,#1386,#1387);
#1385 = CARTESIAN_POINT('',(-25.8499073366,-39.,-21.));
#1386 = DIRECTION('',(1.,-2.891205793295E-16,1.010728034814E-30));
#1387 = DIRECTION('',(-2.044391222244E-16,-0.707106781187,
    -0.707106781187));
#1388 = PCURVE('',#346,#1389);
#1389 = DEFINITIONAL_REPRESENTATION('',(#1390),#1394);
#1390 = CIRCLE('',#1391,5.);
#1391 = AXIS2_PLACEMENT_2D('',#1392,#1393);
#1392 = CARTESIAN_POINT('',(21.,-19.));
#1393 = DIRECTION('',(0.707106781187,-0.707106781187));
#1394 = ( GEOMETRIC_REPRESENTATION_CONTEXT(2) 
PARAMETRIC_REPRESENTATION_CONTEXT() REPRESENTATION_CONTEXT('2D SPACE',''
  ) );
#1395 = PCURVE('',#1396,#1401);
#1396 = CYLINDRICAL_SURFACE('',#1397,5.);
#1397 = AXIS2_PLACEMENT_3D('',#1398,#1399,#1400);
#1398 = CARTESIAN_POINT('',(-19.6749536683,-39.,-21.));
#1399 = DIRECTION('',(-1.,2.674982196925E-17,0.));
#1400 = DIRECTION('',(-1.891498050999E-17,-0.707106781187,
    -0.707106781187));
#1401 = DEFINITIONAL_REPRESENTATION('',(#1402),#1406);
#1402 = LINE('',#1403,#1404);
#1403 = CARTESIAN_POINT('',(6.28318530718,6.174953668304));
#1404 = VECTOR('',#1405,1.);
#1405 = DIRECTION('',(-1.,0.));
#1406 = ( GEOMETRIC_REPRESENTATION_CONTEXT(2) 
PARAMETRIC_REPRESENTATION_CONTEXT() REPRESENTATION_CONTEXT('2D SPACE',''
  ) );
#1407 = ORIENTED_EDGE('',*,*,#1408,.T.);
#1408 = EDGE_CURVE('',#1380,#1409,#1411,.T.);
#1409 = VERTEX_POINT('',#1410);
#1410 = CARTESIAN_POINT('',(-25.8499073366,-44.,-18.));
#1411 = SURFACE_CURVE('',#1412,(#1416,#1423),.PCURVE_S1.);
#1412 = LINE('',#1413,#1414);
#1413 = CARTESIAN_POINT('',(-25.8499073366,-44.,12.5));
#1414 = VECTOR('',#1415,1.);
#1415 = DIRECTION('',(-1.003088512702E-30,2.683243913417E-47,1.));
#1416 = PCURVE('',#346,#1417);
#1417 = DEFINITIONAL_REPRESENTATION('',(#1418),#1422);
#1418 = LINE('',#1419,#1420);
#1419 = CARTESIAN_POINT('',(-12.5,-24.));
#1420 = VECTOR('',#1421,1.);
#1421 = DIRECTION('',(-1.,2.683243913417E-47));
#1422 = ( GEOMETRIC_REPRESENTATION_CONTEXT(2) 
PARAMETRIC_REPRESENTATION_CONTEXT() REPRESENTATION_CONTEXT('2D SPACE',''
  ) );
#1423 = PCURVE('',#1424,#1429);
#1424 = PLANE('',#1425);
#1425 = AXIS2_PLACEMENT_3D('',#1426,#1427,#1428);
#1426 = CARTESIAN_POINT('',(-64.8499073366,-44.,25.));
#1427 = DIRECTION('',(2.674982196925E-17,1.,0.));
#1428 = DIRECTION('',(0.,-0.,1.));
#1429 = DEFINITIONAL_REPRESENTATION('',(#1430),#1434);
#1430 = LINE('',#1431,#1432);
#1431 = CARTESIAN_POINT('',(-12.5,39.));
#1432 = VECTOR('',#1433,1.);
#1433 = DIRECTION('',(1.,-1.003088512702E-30));
#1434 = ( GEOMETRIC_REPRESENTATION_CONTEXT(2) 
PARAMETRIC_REPRESENTATION_CONTEXT() REPRESENTATION_CONTEXT('2D SPACE',''
  ) );
#1435 = ORIENTED_EDGE('',*,*,#1436,.T.);
#1436 = EDGE_CURVE('',#1409,#1437,#1439,.T.);
#1437 = VERTEX_POINT('',#1438);
#1438 = CARTESIAN_POINT('',(-25.8499073366,-39.,-23.));
#1439 = SURFACE_CURVE('',#1440,(#1445,#1452),.PCURVE_S1.);
#1440 = CIRCLE('',#1441,5.);
#1441 = AXIS2_PLACEMENT_3D('',#1442,#1443,#1444);
#1442 = CARTESIAN_POINT('',(-25.8499073366,-39.,-18.));
#1443 = DIRECTION('',(1.,-2.891205793295E-16,1.010728034814E-30));
#1444 = DIRECTION('',(-2.044391222244E-16,-0.707106781187,
    -0.707106781187));
#1445 = PCURVE('',#346,#1446);
#1446 = DEFINITIONAL_REPRESENTATION('',(#1447),#1451);
#1447 = CIRCLE('',#1448,5.);
#1448 = AXIS2_PLACEMENT_2D('',#1449,#1450);
#1449 = CARTESIAN_POINT('',(18.,-19.));
#1450 = DIRECTION('',(0.707106781187,-0.707106781187));
#1451 = ( GEOMETRIC_REPRESENTATION_CONTEXT(2) 
PARAMETRIC_REPRESENTATION_CONTEXT() REPRESENTATION_CONTEXT('2D SPACE',''
  ) );
#1452 = PCURVE('',#1453,#1458);
#1453 = CYLINDRICAL_SURFACE('',#1454,5.);
#1454 = AXIS2_PLACEMENT_3D('',#1455,#1456,#1457);
#1455 = CARTESIAN_POINT('',(-45.3499073366,-39.,-18.));
#1456 = DIRECTION('',(-1.,2.674982196925E-17,0.));
#1457 = DIRECTION('',(-1.891498050999E-17,-0.707106781187,
    -0.707106781187));
#1458 = DEFINITIONAL_REPRESENTATION('',(#1459),#1463);
#1459 = LINE('',#1460,#1461);
#1460 = CARTESIAN_POINT('',(12.566370614359,-19.5));
#1461 = VECTOR('',#1462,1.);
#1462 = DIRECTION('',(-1.,0.));
#1463 = ( GEOMETRIC_REPRESENTATION_CONTEXT(2) 
PARAMETRIC_REPRESENTATION_CONTEXT() REPRESENTATION_CONTEXT('2D SPACE',''
  ) );
#1464 = ORIENTED_EDGE('',*,*,#1465,.F.);
#1465 = EDGE_CURVE('',#1466,#1437,#1468,.T.);
#1466 = VERTEX_POINT('',#1467);
#1467 = CARTESIAN_POINT('',(-25.8499073366,-25.,-23.));
#1468 = SURFACE_CURVE('',#1469,(#1473,#1480),.PCURVE_S1.);
#1469 = LINE('',#1470,#1471);
#1470 = CARTESIAN_POINT('',(-25.8499073366,-25.,-23.));
#1471 = VECTOR('',#1472,1.);
#1472 = DIRECTION('',(-2.467162276945E-16,-1.,0.));
#1473 = PCURVE('',#346,#1474);
#1474 = DEFINITIONAL_REPRESENTATION('',(#1475),#1479);
#1475 = LINE('',#1476,#1477);
#1476 = CARTESIAN_POINT('',(23.,-5.));
#1477 = VECTOR('',#1478,1.);
#1478 = DIRECTION('',(-2.474782138974E-46,-1.));
#1479 = ( GEOMETRIC_REPRESENTATION_CONTEXT(2) 
PARAMETRIC_REPRESENTATION_CONTEXT() REPRESENTATION_CONTEXT('2D SPACE',''
  ) );
#1480 = PCURVE('',#1481,#1486);
#1481 = PLANE('',#1482);
#1482 = AXIS2_PLACEMENT_3D('',#1483,#1484,#1485);
#1483 = CARTESIAN_POINT('',(-25.8499073366,-20.,-23.));
#1484 = DIRECTION('',(0.,0.,1.));
#1485 = DIRECTION('',(1.,0.,-0.));
#1486 = DEFINITIONAL_REPRESENTATION('',(#1487),#1491);
#1487 = LINE('',#1488,#1489);
#1488 = CARTESIAN_POINT('',(0.,-5.));
#1489 = VECTOR('',#1490,1.);
#1490 = DIRECTION('',(-2.467162276945E-16,-1.));
#1491 = ( GEOMETRIC_REPRESENTATION_CONTEXT(2) 
PARAMETRIC_REPRESENTATION_CONTEXT() REPRESENTATION_CONTEXT('2D SPACE',''
  ) );
#1492 = ORIENTED_EDGE('',*,*,#1493,.T.);
#1493 = EDGE_CURVE('',#1466,#305,#1494,.T.);
#1494 = SURFACE_CURVE('',#1495,(#1500,#1507),.PCURVE_S1.);
#1495 = CIRCLE('',#1496,5.);
#1496 = AXIS2_PLACEMENT_3D('',#1497,#1498,#1499);
#1497 = CARTESIAN_POINT('',(-25.8499073366,-25.,-18.));
#1498 = DIRECTION('',(1.,-2.891205793295E-16,1.010728034814E-30));
#1499 = DIRECTION('',(2.044391222245E-16,0.707106781187,-0.707106781187)
  );
#1500 = PCURVE('',#346,#1501);
#1501 = DEFINITIONAL_REPRESENTATION('',(#1502),#1506);
#1502 = CIRCLE('',#1503,5.);
#1503 = AXIS2_PLACEMENT_2D('',#1504,#1505);
#1504 = CARTESIAN_POINT('',(18.,-5.));
#1505 = DIRECTION('',(0.707106781187,0.707106781187));
#1506 = ( GEOMETRIC_REPRESENTATION_CONTEXT(2) 
PARAMETRIC_REPRESENTATION_CONTEXT() REPRESENTATION_CONTEXT('2D SPACE',''
  ) );
#1507 = PCURVE('',#320,#1508);
#1508 = DEFINITIONAL_REPRESENTATION('',(#1509),#1513);
#1509 = LINE('',#1510,#1511);
#1510 = CARTESIAN_POINT('',(-6.28318530718,19.5));
#1511 = VECTOR('',#1512,1.);
#1512 = DIRECTION('',(1.,0.));
#1513 = ( GEOMETRIC_REPRESENTATION_CONTEXT(2) 
PARAMETRIC_REPRESENTATION_CONTEXT() REPRESENTATION_CONTEXT('2D SPACE',''
  ) );
#1514 = ORIENTED_EDGE('',*,*,#332,.T.);
#1515 = ADVANCED_FACE('',(#1516),#320,.T.);
#1516 = FACE_BOUND('',#1517,.T.);
#1517 = EDGE_LOOP('',(#1518,#1548,#1581,#1653,#1654,#1655,#1678,#1731));
#1518 = ORIENTED_EDGE('',*,*,#1519,.F.);
#1519 = EDGE_CURVE('',#1520,#1522,#1524,.T.);
#1520 = VERTEX_POINT('',#1521);
#1521 = CARTESIAN_POINT('',(-53.8499073366,-24.8,-22.99599839871));
#1522 = VERTEX_POINT('',#1523);
#1523 = CARTESIAN_POINT('',(-53.6499073366,-25.,-23.));
#1524 = SURFACE_CURVE('',#1525,(#1530,#1536),.PCURVE_S1.);
#1525 = ELLIPSE('',#1526,7.071067811865,5.);
#1526 = AXIS2_PLACEMENT_3D('',#1527,#1528,#1529);
#1527 = CARTESIAN_POINT('',(-53.6499073366,-25.,-18.));
#1528 = DIRECTION('',(-0.707106781187,-0.707106781187,0.));
#1529 = DIRECTION('',(-0.707106781187,0.707106781187,-7.850462293419E-17
    ));
#1530 = PCURVE('',#320,#1531);
#1531 = DEFINITIONAL_REPRESENTATION('',(#1532),#1535);
#1532 = B_SPLINE_CURVE_WITH_KNOTS('',1,(#1533,#1534),.UNSPECIFIED.,.F.,
  .F.,(2,2),(1.530785652441,1.570796326795),.PIECEWISE_BEZIER_KNOTS.);
#1533 = CARTESIAN_POINT('',(-0.745387489043,-8.5));
#1534 = CARTESIAN_POINT('',(-0.785398163397,-8.3));
#1535 = ( GEOMETRIC_REPRESENTATION_CONTEXT(2) 
PARAMETRIC_REPRESENTATION_CONTEXT() REPRESENTATION_CONTEXT('2D SPACE',''
  ) );
#1536 = PCURVE('',#1537,#1542);
#1537 = PLANE('',#1538);
#1538 = AXIS2_PLACEMENT_3D('',#1539,#1540,#1541);
#1539 = CARTESIAN_POINT('',(-53.0499073366,-25.6,-29.));
#1540 = DIRECTION('',(-0.707106781187,-0.707106781187,0.));
#1541 = DIRECTION('',(0.,0.,1.));
#1542 = DEFINITIONAL_REPRESENTATION('',(#1543),#1547);
#1543 = ELLIPSE('',#1544,7.071067811865,5.);
#1544 = AXIS2_PLACEMENT_2D('',#1545,#1546);
#1545 = CARTESIAN_POINT('',(11.,0.848528137424));
#1546 = DIRECTION('',(-7.850462293419E-17,1.));
#1547 = ( GEOMETRIC_REPRESENTATION_CONTEXT(2) 
PARAMETRIC_REPRESENTATION_CONTEXT() REPRESENTATION_CONTEXT('2D SPACE',''
  ) );
#1548 = ORIENTED_EDGE('',*,*,#1549,.F.);
#1549 = EDGE_CURVE('',#1550,#1520,#1552,.T.);
#1550 = VERTEX_POINT('',#1551);
#1551 = CARTESIAN_POINT('',(-53.8499073366,-23.,-22.58257569495));
#1552 = SURFACE_CURVE('',#1553,(#1558,#1565),.PCURVE_S1.);
#1553 = CIRCLE('',#1554,5.);
#1554 = AXIS2_PLACEMENT_3D('',#1555,#1556,#1557);
#1555 = CARTESIAN_POINT('',(-53.8499073366,-25.,-18.));
#1556 = DIRECTION('',(-1.,1.755673529904E-16,0.));
#1557 = DIRECTION('',(1.241448658545E-16,0.707106781187,-0.707106781187)
  );
#1558 = PCURVE('',#320,#1559);
#1559 = DEFINITIONAL_REPRESENTATION('',(#1560),#1564);
#1560 = LINE('',#1561,#1562);
#1561 = CARTESIAN_POINT('',(-8.881784197001E-16,-8.5));
#1562 = VECTOR('',#1563,1.);
#1563 = DIRECTION('',(-1.,0.));
#1564 = ( GEOMETRIC_REPRESENTATION_CONTEXT(2) 
PARAMETRIC_REPRESENTATION_CONTEXT() REPRESENTATION_CONTEXT('2D SPACE',''
  ) );
#1565 = PCURVE('',#1566,#1571);
#1566 = PLANE('',#1567);
#1567 = AXIS2_PLACEMENT_3D('',#1568,#1569,#1570);
#1568 = CARTESIAN_POINT('',(-53.8499073366,-67.52268907469,-35.));
#1569 = DIRECTION('',(1.,-1.755673529904E-16,0.));
#1570 = DIRECTION('',(0.,0.,-1.));
#1571 = DEFINITIONAL_REPRESENTATION('',(#1572),#1580);
#1572 = ( BOUNDED_CURVE() B_SPLINE_CURVE(2,(#1573,#1574,#1575,#1576,
#1577,#1578,#1579),.UNSPECIFIED.,.T.,.F.) B_SPLINE_CURVE_WITH_KNOTS((1,2
    ,2,2,2,1),(-2.094395102393,0.,2.094395102393,4.188790204786,
6.28318530718,8.377580409573),.UNSPECIFIED.) CURVE() 
GEOMETRIC_REPRESENTATION_ITEM() RATIONAL_B_SPLINE_CURVE((1.,0.5,1.,0.5,
1.,0.5,1.)) REPRESENTATION_ITEM('') );
#1573 = CARTESIAN_POINT('',(-13.46446609406,46.058222980629));
#1574 = CARTESIAN_POINT('',(-7.340741737109,39.934498623671));
#1575 = CARTESIAN_POINT('',(-15.70590477448,37.693059943251));
#1576 = CARTESIAN_POINT('',(-24.07106781186,35.451621262831));
#1577 = CARTESIAN_POINT('',(-21.82962913144,43.816784300209));
#1578 = CARTESIAN_POINT('',(-19.58819045102,52.181947337587));
#1579 = CARTESIAN_POINT('',(-13.46446609406,46.058222980629));
#1580 = ( GEOMETRIC_REPRESENTATION_CONTEXT(2) 
PARAMETRIC_REPRESENTATION_CONTEXT() REPRESENTATION_CONTEXT('2D SPACE',''
  ) );
#1581 = ORIENTED_EDGE('',*,*,#1582,.F.);
#1582 = EDGE_CURVE('',#277,#1550,#1583,.T.);
#1583 = SURFACE_CURVE('',#1584,(#1595,#1624),.PCURVE_S1.);
#1584 = B_SPLINE_CURVE_WITH_KNOTS('',3,(#1585,#1586,#1587,#1588,#1589,
    #1590,#1591,#1592,#1593,#1594),.UNSPECIFIED.,.F.,.F.,(4,2,2,2,4),(0.
    ,0.188276738824,0.376553477647,0.504267030965,0.631980584282),
  .UNSPECIFIED.);
#1585 = CARTESIAN_POINT('',(-50.8499073366,-20.,-18.));
#1586 = CARTESIAN_POINT('',(-51.2342256204,-20.,-18.49615277092));
#1587 = CARTESIAN_POINT('',(-51.65256139898,-20.07752054065,
    -19.0356166364));
#1588 = CARTESIAN_POINT('',(-52.44162411516,-20.42093528738,
    -20.08218039807));
#1589 = CARTESIAN_POINT('',(-52.81196523052,-20.68703180834,
    -20.58950474308));
#1590 = CARTESIAN_POINT('',(-53.30597209442,-21.25084630321,
    -21.3294462105));
#1591 = CARTESIAN_POINT('',(-53.49770574327,-21.54293539167,
    -21.63831424231));
#1592 = CARTESIAN_POINT('',(-53.77029412188,-22.22204477211,
    -22.17990343449));
#1593 = CARTESIAN_POINT('',(-53.8499073366,-22.60982864976,
    -22.41229095719));
#1594 = CARTESIAN_POINT('',(-53.8499073366,-23.,-22.58257569495));
#1595 = PCURVE('',#320,#1596);
#1596 = DEFINITIONAL_REPRESENTATION('',(#1597),#1623);
#1597 = B_SPLINE_CURVE_WITH_KNOTS('',3,(#1598,#1599,#1600,#1601,#1602,
    #1603,#1604,#1605,#1606,#1607,#1608,#1609,#1610,#1611,#1612,#1613,
    #1614,#1615,#1616,#1617,#1618,#1619,#1620,#1621,#1622),
  .UNSPECIFIED.,.F.,.F.,(4,1,1,1,1,1,1,1,1,1,1,1,1,1,1,1,1,1,1,1,1,1,4),
  (0.,2.872639019466E-02,5.745278038932E-02,8.617917058398E-02,
    0.114905560779,0.143631950973,0.172358341168,0.201084731363,
    0.229811121557,0.258537511752,0.287263901947,0.315990292141,
    0.344716682336,0.373443072531,0.402169462725,0.43089585292,
    0.459622243115,0.488348633309,0.517075023504,0.545801413699,
    0.574527803893,0.603254194088,0.631980584282),
  .QUASI_UNIFORM_KNOTS.);
#1598 = CARTESIAN_POINT('',(0.785398163397,-5.5));
#1599 = CARTESIAN_POINT('',(0.770257822013,-5.558637498441));
#1600 = CARTESIAN_POINT('',(0.739574527284,-5.677496297335));
#1601 = CARTESIAN_POINT('',(0.692485327471,-5.859303664051));
#1602 = CARTESIAN_POINT('',(0.644477232601,-6.043397934134));
#1603 = CARTESIAN_POINT('',(0.595689359572,-6.228546938298));
#1604 = CARTESIAN_POINT('',(0.546251704922,-6.413518151704));
#1605 = CARTESIAN_POINT('',(0.496280890006,-6.597080376012));
#1606 = CARTESIAN_POINT('',(0.445875146783,-6.777997462433));
#1607 = CARTESIAN_POINT('',(0.395111031321,-6.955030961377));
#1608 = CARTESIAN_POINT('',(0.344095782598,-7.127089196647));
#1609 = CARTESIAN_POINT('',(0.292932724942,-7.293081581014));
#1610 = CARTESIAN_POINT('',(0.241760647564,-7.451837855703));
#1611 = CARTESIAN_POINT('',(0.190596970658,-7.602505359159));
#1612 = CARTESIAN_POINT('',(0.13990025431,-7.743040712484));
#1613 = CARTESIAN_POINT('',(8.845167664506E-02,-7.875845808943));
#1614 = CARTESIAN_POINT('',(3.407074811242E-02,-8.004795198752));
#1615 = CARTESIAN_POINT('',(-2.206385898121E-02,-8.124809101098));
#1616 = CARTESIAN_POINT('',(-7.967109609974E-02,-8.233159749549));
#1617 = CARTESIAN_POINT('',(-0.138286761446,-8.326374243972));
#1618 = CARTESIAN_POINT('',(-0.197545363809,-8.401532191716));
#1619 = CARTESIAN_POINT('',(-0.256942765391,-8.457261261316));
#1620 = CARTESIAN_POINT('',(-0.315968632668,-8.491943775645));
#1621 = CARTESIAN_POINT('',(-0.354731671664,-8.5));
#1622 = CARTESIAN_POINT('',(-0.37388131733,-8.5));
#1623 = ( GEOMETRIC_REPRESENTATION_CONTEXT(2) 
PARAMETRIC_REPRESENTATION_CONTEXT() REPRESENTATION_CONTEXT('2D SPACE',''
  ) );
#1624 = PCURVE('',#292,#1625);
#1625 = DEFINITIONAL_REPRESENTATION('',(#1626),#1652);
#1626 = B_SPLINE_CURVE_WITH_KNOTS('',3,(#1627,#1628,#1629,#1630,#1631,
    #1632,#1633,#1634,#1635,#1636,#1637,#1638,#1639,#1640,#1641,#1642,
    #1643,#1644,#1645,#1646,#1647,#1648,#1649,#1650,#1651),
  .UNSPECIFIED.,.F.,.F.,(4,1,1,1,1,1,1,1,1,1,1,1,1,1,1,1,1,1,1,1,1,1,4),
  (0.,2.872639019466E-02,5.745278038932E-02,8.617917058398E-02,
    0.114905560779,0.143631950973,0.172358341168,0.201084731363,
    0.229811121557,0.258537511752,0.287263901947,0.315990292141,
    0.344716682336,0.373443072531,0.402169462725,0.43089585292,
    0.459622243115,0.488348633309,0.517075023504,0.545801413699,
    0.574527803893,0.603254194088,0.631980584282),
  .QUASI_UNIFORM_KNOTS.);
#1627 = CARTESIAN_POINT('',(0.785398163397,13.));
#1628 = CARTESIAN_POINT('',(0.76585182998,13.075700684975));
#1629 = CARTESIAN_POINT('',(0.726232912359,13.229118549028));
#1630 = CARTESIAN_POINT('',(0.665399183063,13.464027009427));
#1631 = CARTESIAN_POINT('',(0.603337779281,13.702449153243));
#1632 = CARTESIAN_POINT('',(0.540211403299,13.943117569755));
#1633 = CARTESIAN_POINT('',(0.476160309153,14.18476273043));
#1634 = CARTESIAN_POINT('',(0.411296089982,14.426123007802));
#1635 = CARTESIAN_POINT('',(0.34567794785,14.665907287949));
#1636 = CARTESIAN_POINT('',(0.279374788914,14.9029702097));
#1637 = CARTESIAN_POINT('',(0.212502184528,15.136246796982));
#1638 = CARTESIAN_POINT('',(0.145164975494,15.364682967771));
#1639 = CARTESIAN_POINT('',(7.751167220615E-02,15.587104457592));
#1640 = CARTESIAN_POINT('',(9.515742558269E-03,15.80280683773));
#1641 = CARTESIAN_POINT('',(-5.826464899875E-02,16.009326518883));
#1642 = CARTESIAN_POINT('',(-0.127566606626,16.210766718326));
#1643 = CARTESIAN_POINT('',(-0.201411774716,16.414407747354));
#1644 = CARTESIAN_POINT('',(-0.278310795373,16.614260787344));
#1645 = CARTESIAN_POINT('',(-0.358044612998,16.807819720945));
#1646 = CARTESIAN_POINT('',(-0.440251443789,16.991482855705));
#1647 = CARTESIAN_POINT('',(-0.52465134817,17.162634055948));
#1648 = CARTESIAN_POINT('',(-0.610651414572,17.319822619769));
#1649 = CARTESIAN_POINT('',(-0.697709452805,17.461385781909));
#1650 = CARTESIAN_POINT('',(-0.756153854573,17.544273841363));
#1651 = CARTESIAN_POINT('',(-0.785398163397,17.582575694956));
#1652 = ( GEOMETRIC_REPRESENTATION_CONTEXT(2) 
PARAMETRIC_REPRESENTATION_CONTEXT() REPRESENTATION_CONTEXT('2D SPACE',''
  ) );
#1653 = ORIENTED_EDGE('',*,*,#304,.T.);
#1654 = ORIENTED_EDGE('',*,*,#1493,.F.);
#1655 = ORIENTED_EDGE('',*,*,#1656,.T.);
#1656 = EDGE_CURVE('',#1466,#1657,#1659,.T.);
#1657 = VERTEX_POINT('',#1658);
#1658 = CARTESIAN_POINT('',(-36.80549761574,-25.,-23.));
#1659 = SURFACE_CURVE('',#1660,(#1664,#1671),.PCURVE_S1.);
#1660 = LINE('',#1661,#1662);
#1661 = CARTESIAN_POINT('',(-45.3499073366,-25.,-23.));
#1662 = VECTOR('',#1663,1.);
#1663 = DIRECTION('',(-1.,3.551733912669E-18,0.));
#1664 = PCURVE('',#320,#1665);
#1665 = DEFINITIONAL_REPRESENTATION('',(#1666),#1670);
#1666 = LINE('',#1667,#1668);
#1667 = CARTESIAN_POINT('',(-0.785398163397,0.));
#1668 = VECTOR('',#1669,1.);
#1669 = DIRECTION('',(0.,-1.));
#1670 = ( GEOMETRIC_REPRESENTATION_CONTEXT(2) 
PARAMETRIC_REPRESENTATION_CONTEXT() REPRESENTATION_CONTEXT('2D SPACE',''
  ) );
#1671 = PCURVE('',#1481,#1672);
#1672 = DEFINITIONAL_REPRESENTATION('',(#1673),#1677);
#1673 = LINE('',#1674,#1675);
#1674 = CARTESIAN_POINT('',(-19.5,-5.));
#1675 = VECTOR('',#1676,1.);
#1676 = DIRECTION('',(-1.,3.551733912669E-18));
#1677 = ( GEOMETRIC_REPRESENTATION_CONTEXT(2) 
PARAMETRIC_REPRESENTATION_CONTEXT() REPRESENTATION_CONTEXT('2D SPACE',''
  ) );
#1678 = ORIENTED_EDGE('',*,*,#1679,.T.);
#1679 = EDGE_CURVE('',#1657,#1680,#1682,.T.);
#1680 = VERTEX_POINT('',#1681);
#1681 = CARTESIAN_POINT('',(-37.69431705747,-25.,-23.));
#1682 = SURFACE_CURVE('',#1683,(#1691,#1720),.PCURVE_S1.);
#1683 = B_SPLINE_CURVE_WITH_KNOTS('',3,(#1684,#1685,#1686,#1687,#1688,
    #1689,#1690),.UNSPECIFIED.,.F.,.F.,(4,3,4),(-4.349964005069E-02,0.,
    4.349964005069E-02),.UNSPECIFIED.);
#1684 = CARTESIAN_POINT('',(-36.80549761574,-25.,-23.));
#1685 = CARTESIAN_POINT('',(-36.95421540048,-24.96610685681,-23.));
#1686 = CARTESIAN_POINT('',(-37.10490853643,-24.95,-22.99974999375));
#1687 = CARTESIAN_POINT('',(-37.2499073366,-24.95,-22.99974999375));
#1688 = CARTESIAN_POINT('',(-37.39490613677,-24.95,-22.99974999375));
#1689 = CARTESIAN_POINT('',(-37.54559927273,-24.96610685681,-23.));
#1690 = CARTESIAN_POINT('',(-37.69431705747,-25.,-23.));
#1691 = PCURVE('',#320,#1692);
#1692 = DEFINITIONAL_REPRESENTATION('',(#1693),#1719);
#1693 = B_SPLINE_CURVE_WITH_KNOTS('',3,(#1694,#1695,#1696,#1697,#1698,
    #1699,#1700,#1701,#1702,#1703,#1704,#1705,#1706,#1707,#1708,#1709,
    #1710,#1711,#1712,#1713,#1714,#1715,#1716,#1717,#1718),
  .UNSPECIFIED.,.F.,.F.,(4,1,1,1,1,1,1,1,1,1,1,1,1,1,1,1,1,1,1,1,1,1,4),
  (-4.349964005069E-02,-3.954512731881E-02,-3.559061458693E-02,
    -3.163610185505E-02,-2.768158912317E-02,-2.372707639128E-02,
    -1.97725636594E-02,-1.581805092752E-02,-1.186353819564E-02,
    -7.909025463761E-03,-3.954512731881E-03,2.498001805407E-16,
    3.954512731881E-03,7.909025463762E-03,1.186353819564E-02,
    1.581805092752E-02,1.97725636594E-02,2.372707639129E-02,
    2.768158912317E-02,3.163610185505E-02,3.559061458693E-02,
    3.954512731881E-02,4.349964005069E-02),.UNSPECIFIED.);
#1694 = CARTESIAN_POINT('',(-0.785398163397,8.544409720866));
#1695 = CARTESIAN_POINT('',(-0.78478192441,8.530889922253));
#1696 = CARTESIAN_POINT('',(-0.783608244176,8.503817674691));
#1697 = CARTESIAN_POINT('',(-0.782022600995,8.463145925566));
#1698 = CARTESIAN_POINT('',(-0.780610318862,8.422445375354));
#1699 = CARTESIAN_POINT('',(-0.779369881877,8.381750588625));
#1700 = CARTESIAN_POINT('',(-0.77829977498,8.341096174983));
#1701 = CARTESIAN_POINT('',(-0.777398484238,8.30051657602));
#1702 = CARTESIAN_POINT('',(-0.77666449701,8.260046860339));
#1703 = CARTESIAN_POINT('',(-0.776096301938,8.21971975651));
#1704 = CARTESIAN_POINT('',(-0.77569238879,8.179576726232));
#1705 = CARTESIAN_POINT('',(-0.775451248152,8.139626638715));
#1706 = CARTESIAN_POINT('',(-0.775371371009,8.1));
#1707 = CARTESIAN_POINT('',(-0.775451248152,8.060373361285));
#1708 = CARTESIAN_POINT('',(-0.77569238879,8.020423273768));
#1709 = CARTESIAN_POINT('',(-0.776096301938,7.98028024349));
#1710 = CARTESIAN_POINT('',(-0.77666449701,7.939953139661));
#1711 = CARTESIAN_POINT('',(-0.777398484238,7.89948342398));
#1712 = CARTESIAN_POINT('',(-0.77829977498,7.858903825017));
#1713 = CARTESIAN_POINT('',(-0.779369881877,7.818249411375));
#1714 = CARTESIAN_POINT('',(-0.780610318862,7.777554624646));
#1715 = CARTESIAN_POINT('',(-0.782022600995,7.736854074434));
#1716 = CARTESIAN_POINT('',(-0.783608244176,7.696182325309));
#1717 = CARTESIAN_POINT('',(-0.78478192441,7.669110077747));
#1718 = CARTESIAN_POINT('',(-0.785398163397,7.655590279134));
#1719 = ( GEOMETRIC_REPRESENTATION_CONTEXT(2) 
PARAMETRIC_REPRESENTATION_CONTEXT() REPRESENTATION_CONTEXT('2D SPACE',''
  ) );
#1720 = PCURVE('',#1721,#1726);
#1721 = CYLINDRICAL_SURFACE('',#1722,2.);
#1722 = AXIS2_PLACEMENT_3D('',#1723,#1724,#1725);
#1723 = CARTESIAN_POINT('',(-37.2499073366,-26.95,-10.10673426229));
#1724 = DIRECTION('',(0.,0.,-1.));
#1725 = DIRECTION('',(-6.123233995737E-17,1.,0.));
#1726 = DEFINITIONAL_REPRESENTATION('',(#1727),#1730);
#1727 = B_SPLINE_CURVE_WITH_KNOTS('',1,(#1728,#1729),.UNSPECIFIED.,.F.,
  .F.,(2,2),(-4.349964005069E-02,4.349964005069E-02),
  .PIECEWISE_BEZIER_KNOTS.);
#1728 = CARTESIAN_POINT('',(6.507260592481,12.89326573771));
#1729 = CARTESIAN_POINT('',(6.059110021878,12.89326573771));
#1730 = ( GEOMETRIC_REPRESENTATION_CONTEXT(2) 
PARAMETRIC_REPRESENTATION_CONTEXT() REPRESENTATION_CONTEXT('2D SPACE',''
  ) );
#1731 = ORIENTED_EDGE('',*,*,#1732,.T.);
#1732 = EDGE_CURVE('',#1680,#1522,#1733,.T.);
#1733 = SURFACE_CURVE('',#1734,(#1738,#1745),.PCURVE_S1.);
#1734 = LINE('',#1735,#1736);
#1735 = CARTESIAN_POINT('',(-45.3499073366,-25.,-23.));
#1736 = VECTOR('',#1737,1.);
#1737 = DIRECTION('',(-1.,3.551733912669E-18,0.));
#1738 = PCURVE('',#320,#1739);
#1739 = DEFINITIONAL_REPRESENTATION('',(#1740),#1744);
#1740 = LINE('',#1741,#1742);
#1741 = CARTESIAN_POINT('',(-0.785398163397,0.));
#1742 = VECTOR('',#1743,1.);
#1743 = DIRECTION('',(0.,-1.));
#1744 = ( GEOMETRIC_REPRESENTATION_CONTEXT(2) 
PARAMETRIC_REPRESENTATION_CONTEXT() REPRESENTATION_CONTEXT('2D SPACE',''
  ) );
#1745 = PCURVE('',#1481,#1746);
#1746 = DEFINITIONAL_REPRESENTATION('',(#1747),#1751);
#1747 = LINE('',#1748,#1749);
#1748 = CARTESIAN_POINT('',(-19.5,-5.));
#1749 = VECTOR('',#1750,1.);
#1750 = DIRECTION('',(-1.,3.551733912669E-18));
#1751 = ( GEOMETRIC_REPRESENTATION_CONTEXT(2) 
PARAMETRIC_REPRESENTATION_CONTEXT() REPRESENTATION_CONTEXT('2D SPACE',''
  ) );
#1752 = ADVANCED_FACE('',(#1753),#292,.T.);
#1753 = FACE_BOUND('',#1754,.T.);
#1754 = EDGE_LOOP('',(#1755,#1756,#1779,#1833));
#1755 = ORIENTED_EDGE('',*,*,#1582,.T.);
#1756 = ORIENTED_EDGE('',*,*,#1757,.T.);
#1757 = EDGE_CURVE('',#1550,#1758,#1760,.T.);
#1758 = VERTEX_POINT('',#1759);
#1759 = CARTESIAN_POINT('',(-53.8499073366,-23.,18.));
#1760 = SURFACE_CURVE('',#1761,(#1765,#1772),.PCURVE_S1.);
#1761 = LINE('',#1762,#1763);
#1762 = CARTESIAN_POINT('',(-53.8499073366,-23.,-5.));
#1763 = VECTOR('',#1764,1.);
#1764 = DIRECTION('',(0.,0.,1.));
#1765 = PCURVE('',#292,#1766);
#1766 = DEFINITIONAL_REPRESENTATION('',(#1767),#1771);
#1767 = LINE('',#1768,#1769);
#1768 = CARTESIAN_POINT('',(-0.785398163397,0.));
#1769 = VECTOR('',#1770,1.);
#1770 = DIRECTION('',(0.,-1.));
#1771 = ( GEOMETRIC_REPRESENTATION_CONTEXT(2) 
PARAMETRIC_REPRESENTATION_CONTEXT() REPRESENTATION_CONTEXT('2D SPACE',''
  ) );
#1772 = PCURVE('',#1566,#1773);
#1773 = DEFINITIONAL_REPRESENTATION('',(#1774),#1778);
#1774 = LINE('',#1775,#1776);
#1775 = CARTESIAN_POINT('',(-30.,44.522689074697));
#1776 = VECTOR('',#1777,1.);
#1777 = DIRECTION('',(-1.,0.));
#1778 = ( GEOMETRIC_REPRESENTATION_CONTEXT(2) 
PARAMETRIC_REPRESENTATION_CONTEXT() REPRESENTATION_CONTEXT('2D SPACE',''
  ) );
#1779 = ORIENTED_EDGE('',*,*,#1780,.F.);
#1780 = EDGE_CURVE('',#249,#1758,#1781,.T.);
#1781 = SURFACE_CURVE('',#1782,(#1787,#1794),.PCURVE_S1.);
#1782 = CIRCLE('',#1783,3.);
#1783 = AXIS2_PLACEMENT_3D('',#1784,#1785,#1786);
#1784 = CARTESIAN_POINT('',(-50.8499073366,-23.,18.));
#1785 = DIRECTION('',(0.,-0.,1.));
#1786 = DIRECTION('',(0.,1.,0.));
#1787 = PCURVE('',#292,#1788);
#1788 = DEFINITIONAL_REPRESENTATION('',(#1789),#1793);
#1789 = LINE('',#1790,#1791);
#1790 = CARTESIAN_POINT('',(0.785398163397,-23.));
#1791 = VECTOR('',#1792,1.);
#1792 = DIRECTION('',(-1.,0.));
#1793 = ( GEOMETRIC_REPRESENTATION_CONTEXT(2) 
PARAMETRIC_REPRESENTATION_CONTEXT() REPRESENTATION_CONTEXT('2D SPACE',''
  ) );
#1794 = PCURVE('',#1795,#1805);
#1795 = ( BOUNDED_SURFACE() B_SPLINE_SURFACE(2,2,(
    (#1796,#1797,#1798)
    ,(#1799,#1800,#1801)
    ,(#1802,#1803,#1804
)),.UNSPECIFIED.,.F.,.F.,.F.) B_SPLINE_SURFACE_WITH_KNOTS((3,3),(3,3),(
    -1.570796326795,0.),(1.570796326795,3.14159265359),
.PIECEWISE_BEZIER_KNOTS.) GEOMETRIC_REPRESENTATION_ITEM() 
RATIONAL_B_SPLINE_SURFACE((
    (1.,0.707106781187,1.)
    ,(0.707106781187,0.5,0.707106781187)
,(1.,0.707106781187,1.))) REPRESENTATION_ITEM('') SURFACE() );
#1796 = CARTESIAN_POINT('',(-53.8499073366,-23.,18.));
#1797 = CARTESIAN_POINT('',(-53.8499073366,-23.,20.));
#1798 = CARTESIAN_POINT('',(-53.8499073366,-25.,20.));
#1799 = CARTESIAN_POINT('',(-53.8499073366,-20.,18.));
#1800 = CARTESIAN_POINT('',(-53.8499073366,-20.,23.));
#1801 = CARTESIAN_POINT('',(-53.8499073366,-25.,23.));
#1802 = CARTESIAN_POINT('',(-50.8499073366,-20.,18.));
#1803 = CARTESIAN_POINT('',(-50.8499073366,-20.,23.));
#1804 = CARTESIAN_POINT('',(-50.8499073366,-25.,23.));
#1805 = DEFINITIONAL_REPRESENTATION('',(#1806),#1832);
#1806 = B_SPLINE_CURVE_WITH_KNOTS('',3,(#1807,#1808,#1809,#1810,#1811,
    #1812,#1813,#1814,#1815,#1816,#1817,#1818,#1819,#1820,#1821,#1822,
    #1823,#1824,#1825,#1826,#1827,#1828,#1829,#1830,#1831),
  .UNSPECIFIED.,.F.,.F.,(4,1,1,1,1,1,1,1,1,1,1,1,1,1,1,1,1,1,1,1,1,1,4),
  (0.,7.139983303613E-02,0.142799666072,0.214199499108,0.285599332145,
    0.356999165181,0.428398998217,0.499798831253,0.571198664289,
    0.642598497325,0.713998330361,0.785398163397,0.856797996434,
    0.92819782947,0.999597662506,1.070997495542,1.142397328578,
    1.213797161614,1.28519699465,1.356596827687,1.427996660723,
    1.499396493759,1.570796326795),.QUASI_UNIFORM_KNOTS.);
#1807 = CARTESIAN_POINT('',(0.,1.570796326795));
#1808 = CARTESIAN_POINT('',(-2.643304852828E-02,1.570796326795));
#1809 = CARTESIAN_POINT('',(-7.852521262872E-02,1.570796326795));
#1810 = CARTESIAN_POINT('',(-0.154606454553,1.570796326795));
#1811 = CARTESIAN_POINT('',(-0.228904158181,1.570796326795));
#1812 = CARTESIAN_POINT('',(-0.301661439934,1.570796326795));
#1813 = CARTESIAN_POINT('',(-0.373106106239,1.570796326795));
#1814 = CARTESIAN_POINT('',(-0.443450603945,1.570796326795));
#1815 = CARTESIAN_POINT('',(-0.512895531033,1.570796326795));
#1816 = CARTESIAN_POINT('',(-0.581631810168,1.570796326795));
#1817 = CARTESIAN_POINT('',(-0.649842920765,1.570796326795));
#1818 = CARTESIAN_POINT('',(-0.717706886775,1.570796326795));
#1819 = CARTESIAN_POINT('',(-0.785398163397,1.570796326795));
#1820 = CARTESIAN_POINT('',(-0.85308944002,1.570796326795));
#1821 = CARTESIAN_POINT('',(-0.92095340603,1.570796326795));
#1822 = CARTESIAN_POINT('',(-0.989164516627,1.570796326795));
#1823 = CARTESIAN_POINT('',(-1.057900795762,1.570796326795));
#1824 = CARTESIAN_POINT('',(-1.12734572285,1.570796326795));
#1825 = CARTESIAN_POINT('',(-1.197690220556,1.570796326795));
#1826 = CARTESIAN_POINT('',(-1.269134886861,1.570796326795));
#1827 = CARTESIAN_POINT('',(-1.341892168614,1.570796326795));
#1828 = CARTESIAN_POINT('',(-1.416189872242,1.570796326795));
#1829 = CARTESIAN_POINT('',(-1.492271114166,1.570796326795));
#1830 = CARTESIAN_POINT('',(-1.544363278267,1.570796326795));
#1831 = CARTESIAN_POINT('',(-1.570796326795,1.570796326795));
#1832 = ( GEOMETRIC_REPRESENTATION_CONTEXT(2) 
PARAMETRIC_REPRESENTATION_CONTEXT() REPRESENTATION_CONTEXT('2D SPACE',''
  ) );
#1833 = ORIENTED_EDGE('',*,*,#276,.T.);
#1834 = ADVANCED_FACE('',(#1835),#264,.T.);
#1835 = FACE_BOUND('',#1836,.T.);
#1836 = EDGE_LOOP('',(#1837,#1883,#1911,#1963,#1986,#2012));
#1837 = ORIENTED_EDGE('',*,*,#1838,.F.);
#1838 = EDGE_CURVE('',#1839,#249,#1841,.T.);
#1839 = VERTEX_POINT('',#1840);
#1840 = CARTESIAN_POINT('',(-50.8499073366,-25.,23.));
#1841 = SURFACE_CURVE('',#1842,(#1847,#1854),.PCURVE_S1.);
#1842 = CIRCLE('',#1843,5.);
#1843 = AXIS2_PLACEMENT_3D('',#1844,#1845,#1846);
#1844 = CARTESIAN_POINT('',(-50.8499073366,-25.,18.));
#1845 = DIRECTION('',(-1.,1.755673529904E-16,1.232595164408E-32));
#1846 = DIRECTION('',(1.241448658545E-16,0.707106781187,0.707106781187)
  );
#1847 = PCURVE('',#264,#1848);
#1848 = DEFINITIONAL_REPRESENTATION('',(#1849),#1853);
#1849 = LINE('',#1850,#1851);
#1850 = CARTESIAN_POINT('',(6.28318530718,-5.5));
#1851 = VECTOR('',#1852,1.);
#1852 = DIRECTION('',(-1.,0.));
#1853 = ( GEOMETRIC_REPRESENTATION_CONTEXT(2) 
PARAMETRIC_REPRESENTATION_CONTEXT() REPRESENTATION_CONTEXT('2D SPACE',''
  ) );
#1854 = PCURVE('',#1795,#1855);
#1855 = DEFINITIONAL_REPRESENTATION('',(#1856),#1882);
#1856 = B_SPLINE_CURVE_WITH_KNOTS('',3,(#1857,#1858,#1859,#1860,#1861,
    #1862,#1863,#1864,#1865,#1866,#1867,#1868,#1869,#1870,#1871,#1872,
    #1873,#1874,#1875,#1876,#1877,#1878,#1879,#1880,#1881),
  .UNSPECIFIED.,.F.,.F.,(4,1,1,1,1,1,1,1,1,1,1,1,1,1,1,1,1,1,1,1,1,1,4),
  (5.497787143782,5.569186976818,5.640586809854,5.711986642891,
    5.783386475927,5.854786308963,5.926186141999,5.997585975035,
    6.068985808071,6.140385641107,6.211785474143,6.28318530718,
    6.354585140216,6.425984973252,6.497384806288,6.568784639324,
    6.64018447236,6.711584305396,6.782984138433,6.854383971469,
    6.925783804505,6.997183637541,7.068583470577),
  .QUASI_UNIFORM_KNOTS.);
#1857 = CARTESIAN_POINT('',(0.,3.14159265359));
#1858 = CARTESIAN_POINT('',(0.,3.115159605062));
#1859 = CARTESIAN_POINT('',(0.,3.063067440961));
#1860 = CARTESIAN_POINT('',(0.,2.986986199037));
#1861 = CARTESIAN_POINT('',(0.,2.912688495409));
#1862 = CARTESIAN_POINT('',(0.,2.839931213656));
#1863 = CARTESIAN_POINT('',(0.,2.768486547351));
#1864 = CARTESIAN_POINT('',(0.,2.698142049645));
#1865 = CARTESIAN_POINT('',(0.,2.628697122557));
#1866 = CARTESIAN_POINT('',(0.,2.559960843422));
#1867 = CARTESIAN_POINT('',(0.,2.491749732825));
#1868 = CARTESIAN_POINT('',(0.,2.423885766815));
#1869 = CARTESIAN_POINT('',(0.,2.356194490192));
#1870 = CARTESIAN_POINT('',(0.,2.28850321357));
#1871 = CARTESIAN_POINT('',(0.,2.22063924756));
#1872 = CARTESIAN_POINT('',(0.,2.152428136962));
#1873 = CARTESIAN_POINT('',(0.,2.083691857828));
#1874 = CARTESIAN_POINT('',(0.,2.014246930739));
#1875 = CARTESIAN_POINT('',(0.,1.943902433034));
#1876 = CARTESIAN_POINT('',(0.,1.872457766729));
#1877 = CARTESIAN_POINT('',(0.,1.799700484976));
#1878 = CARTESIAN_POINT('',(0.,1.725402781348));
#1879 = CARTESIAN_POINT('',(0.,1.649321539424));
#1880 = CARTESIAN_POINT('',(-0.,1.597229375323));
#1881 = CARTESIAN_POINT('',(0.,1.570796326795));
#1882 = ( GEOMETRIC_REPRESENTATION_CONTEXT(2) 
PARAMETRIC_REPRESENTATION_CONTEXT() REPRESENTATION_CONTEXT('2D SPACE',''
  ) );
#1883 = ORIENTED_EDGE('',*,*,#1884,.T.);
#1884 = EDGE_CURVE('',#1839,#1885,#1887,.T.);
#1885 = VERTEX_POINT('',#1886);
#1886 = CARTESIAN_POINT('',(-41.49431705747,-25.,23.));
#1887 = SURFACE_CURVE('',#1888,(#1892,#1899),.PCURVE_S1.);
#1888 = LINE('',#1889,#1890);
#1889 = CARTESIAN_POINT('',(-45.3499073366,-25.,23.));
#1890 = VECTOR('',#1891,1.);
#1891 = DIRECTION('',(1.,-3.551733912669E-18,0.));
#1892 = PCURVE('',#264,#1893);
#1893 = DEFINITIONAL_REPRESENTATION('',(#1894),#1898);
#1894 = LINE('',#1895,#1896);
#1895 = CARTESIAN_POINT('',(0.785398163397,0.));
#1896 = VECTOR('',#1897,1.);
#1897 = DIRECTION('',(0.,1.));
#1898 = ( GEOMETRIC_REPRESENTATION_CONTEXT(2) 
PARAMETRIC_REPRESENTATION_CONTEXT() REPRESENTATION_CONTEXT('2D SPACE',''
  ) );
#1899 = PCURVE('',#1900,#1905);
#1900 = PLANE('',#1901);
#1901 = AXIS2_PLACEMENT_3D('',#1902,#1903,#1904);
#1902 = CARTESIAN_POINT('',(-25.8499073366,-20.,23.));
#1903 = DIRECTION('',(0.,0.,-1.));
#1904 = DIRECTION('',(-1.,0.,0.));
#1905 = DEFINITIONAL_REPRESENTATION('',(#1906),#1910);
#1906 = LINE('',#1907,#1908);
#1907 = CARTESIAN_POINT('',(19.5,-5.));
#1908 = VECTOR('',#1909,1.);
#1909 = DIRECTION('',(-1.,-3.551733912669E-18));
#1910 = ( GEOMETRIC_REPRESENTATION_CONTEXT(2) 
PARAMETRIC_REPRESENTATION_CONTEXT() REPRESENTATION_CONTEXT('2D SPACE',''
  ) );
#1911 = ORIENTED_EDGE('',*,*,#1912,.T.);
#1912 = EDGE_CURVE('',#1885,#1913,#1915,.T.);
#1913 = VERTEX_POINT('',#1914);
#1914 = CARTESIAN_POINT('',(-40.60549761574,-25.,23.));
#1915 = SURFACE_CURVE('',#1916,(#1923,#1952),.PCURVE_S1.);
#1916 = B_SPLINE_CURVE_WITH_KNOTS('',3,(#1917,#1918,#1919,#1920,#1921,
    #1922),.UNSPECIFIED.,.F.,.F.,(4,2,4),(0.603811047426,0.647310687477,
    0.690810327527),.UNSPECIFIED.);
#1917 = CARTESIAN_POINT('',(-41.49431705747,-25.,23.));
#1918 = CARTESIAN_POINT('',(-41.34559927273,-24.96610685681,23.));
#1919 = CARTESIAN_POINT('',(-41.19490613677,-24.95,22.99974999375));
#1920 = CARTESIAN_POINT('',(-40.90490853643,-24.95,22.99974999375));
#1921 = CARTESIAN_POINT('',(-40.75421540048,-24.96610685681,23.));
#1922 = CARTESIAN_POINT('',(-40.60549761574,-25.,23.));
#1923 = PCURVE('',#264,#1924);
#1924 = DEFINITIONAL_REPRESENTATION('',(#1925),#1951);
#1925 = B_SPLINE_CURVE_WITH_KNOTS('',3,(#1926,#1927,#1928,#1929,#1930,
    #1931,#1932,#1933,#1934,#1935,#1936,#1937,#1938,#1939,#1940,#1941,
    #1942,#1943,#1944,#1945,#1946,#1947,#1948,#1949,#1950),
  .UNSPECIFIED.,.F.,.F.,(4,1,1,1,1,1,1,1,1,1,1,1,1,1,1,1,1,1,1,1,1,1,4),
  (0.603811047426,0.607765560158,0.61172007289,0.615674585622,
    0.619629098354,0.623583611086,0.627538123817,0.631492636549,
    0.635447149281,0.639401662013,0.643356174745,0.647310687477,
    0.651265200209,0.655219712941,0.659174225672,0.663128738404,
    0.667083251136,0.671037763868,0.6749922766,0.678946789332,
    0.682901302064,0.686855814796,0.690810327527),
  .QUASI_UNIFORM_KNOTS.);
#1926 = CARTESIAN_POINT('',(0.785398163397,3.855590279134));
#1927 = CARTESIAN_POINT('',(0.78478192441,3.869110077747));
#1928 = CARTESIAN_POINT('',(0.783608244176,3.896182325309));
#1929 = CARTESIAN_POINT('',(0.782022600995,3.936854074434));
#1930 = CARTESIAN_POINT('',(0.780610318862,3.977554624646));
#1931 = CARTESIAN_POINT('',(0.779369881877,4.018249411375));
#1932 = CARTESIAN_POINT('',(0.77829977498,4.058903825017));
#1933 = CARTESIAN_POINT('',(0.777398484238,4.099483423981));
#1934 = CARTESIAN_POINT('',(0.77666449701,4.139953139661));
#1935 = CARTESIAN_POINT('',(0.776096301938,4.18028024349));
#1936 = CARTESIAN_POINT('',(0.77569238879,4.220423273768));
#1937 = CARTESIAN_POINT('',(0.775451248152,4.260373361285));
#1938 = CARTESIAN_POINT('',(0.775371371009,4.3));
#1939 = CARTESIAN_POINT('',(0.775451248152,4.339626638715));
#1940 = CARTESIAN_POINT('',(0.77569238879,4.379576726232));
#1941 = CARTESIAN_POINT('',(0.776096301938,4.41971975651));
#1942 = CARTESIAN_POINT('',(0.77666449701,4.460046860339));
#1943 = CARTESIAN_POINT('',(0.777398484238,4.50051657602));
#1944 = CARTESIAN_POINT('',(0.77829977498,4.541096174983));
#1945 = CARTESIAN_POINT('',(0.779369881877,4.581750588626));
#1946 = CARTESIAN_POINT('',(0.780610318862,4.622445375355));
#1947 = CARTESIAN_POINT('',(0.782022600995,4.663145925566));
#1948 = CARTESIAN_POINT('',(0.783608244176,4.703817674691));
#1949 = CARTESIAN_POINT('',(0.78478192441,4.730889922253));
#1950 = CARTESIAN_POINT('',(0.785398163397,4.744409720866));
#1951 = ( GEOMETRIC_REPRESENTATION_CONTEXT(2) 
PARAMETRIC_REPRESENTATION_CONTEXT() REPRESENTATION_CONTEXT('2D SPACE',''
  ) );
#1952 = PCURVE('',#1953,#1958);
#1953 = CYLINDRICAL_SURFACE('',#1954,2.);
#1954 = AXIS2_PLACEMENT_3D('',#1955,#1956,#1957);
#1955 = CARTESIAN_POINT('',(-41.0499073366,-26.95,9.10673426229));
#1956 = DIRECTION('',(0.,0.,1.));
#1957 = DIRECTION('',(1.615544574433E-15,1.,-0.));
#1958 = DEFINITIONAL_REPRESENTATION('',(#1959),#1962);
#1959 = B_SPLINE_CURVE_WITH_KNOTS('',1,(#1960,#1961),.UNSPECIFIED.,.F.,
  .F.,(2,2),(0.603811047426,0.690810327527),.PIECEWISE_BEZIER_KNOTS.);
#1960 = CARTESIAN_POINT('',(6.507260592481,13.89326573771));
#1961 = CARTESIAN_POINT('',(6.059110021878,13.89326573771));
#1962 = ( GEOMETRIC_REPRESENTATION_CONTEXT(2) 
PARAMETRIC_REPRESENTATION_CONTEXT() REPRESENTATION_CONTEXT('2D SPACE',''
  ) );
#1963 = ORIENTED_EDGE('',*,*,#1964,.T.);
#1964 = EDGE_CURVE('',#1913,#1965,#1967,.T.);
#1965 = VERTEX_POINT('',#1966);
#1966 = CARTESIAN_POINT('',(-25.8499073366,-25.,23.));
#1967 = SURFACE_CURVE('',#1968,(#1972,#1979),.PCURVE_S1.);
#1968 = LINE('',#1969,#1970);
#1969 = CARTESIAN_POINT('',(-45.3499073366,-25.,23.));
#1970 = VECTOR('',#1971,1.);
#1971 = DIRECTION('',(1.,-3.551733912669E-18,0.));
#1972 = PCURVE('',#264,#1973);
#1973 = DEFINITIONAL_REPRESENTATION('',(#1974),#1978);
#1974 = LINE('',#1975,#1976);
#1975 = CARTESIAN_POINT('',(0.785398163397,0.));
#1976 = VECTOR('',#1977,1.);
#1977 = DIRECTION('',(0.,1.));
#1978 = ( GEOMETRIC_REPRESENTATION_CONTEXT(2) 
PARAMETRIC_REPRESENTATION_CONTEXT() REPRESENTATION_CONTEXT('2D SPACE',''
  ) );
#1979 = PCURVE('',#1900,#1980);
#1980 = DEFINITIONAL_REPRESENTATION('',(#1981),#1985);
#1981 = LINE('',#1982,#1983);
#1982 = CARTESIAN_POINT('',(19.5,-5.));
#1983 = VECTOR('',#1984,1.);
#1984 = DIRECTION('',(-1.,-3.551733912669E-18));
#1985 = ( GEOMETRIC_REPRESENTATION_CONTEXT(2) 
PARAMETRIC_REPRESENTATION_CONTEXT() REPRESENTATION_CONTEXT('2D SPACE',''
  ) );
#1986 = ORIENTED_EDGE('',*,*,#1987,.F.);
#1987 = EDGE_CURVE('',#221,#1965,#1988,.T.);
#1988 = SURFACE_CURVE('',#1989,(#1994,#2001),.PCURVE_S1.);
#1989 = CIRCLE('',#1990,5.);
#1990 = AXIS2_PLACEMENT_3D('',#1991,#1992,#1993);
#1991 = CARTESIAN_POINT('',(-25.8499073366,-25.,18.));
#1992 = DIRECTION('',(1.,0.,0.));
#1993 = DIRECTION('',(-0.,0.707106781187,0.707106781187));
#1994 = PCURVE('',#264,#1995);
#1995 = DEFINITIONAL_REPRESENTATION('',(#1996),#2000);
#1996 = LINE('',#1997,#1998);
#1997 = CARTESIAN_POINT('',(-6.28318530718,19.5));
#1998 = VECTOR('',#1999,1.);
#1999 = DIRECTION('',(1.,0.));
#2000 = ( GEOMETRIC_REPRESENTATION_CONTEXT(2) 
PARAMETRIC_REPRESENTATION_CONTEXT() REPRESENTATION_CONTEXT('2D SPACE',''
  ) );
#2001 = PCURVE('',#236,#2002);
#2002 = DEFINITIONAL_REPRESENTATION('',(#2003),#2011);
#2003 = ( BOUNDED_CURVE() B_SPLINE_CURVE(2,(#2004,#2005,#2006,#2007,
#2008,#2009,#2010),.UNSPECIFIED.,.T.,.F.) B_SPLINE_CURVE_WITH_KNOTS((1,2
    ,2,2,2,1),(-2.094395102393,0.,2.094395102393,4.188790204786,
6.28318530718,8.377580409573),.UNSPECIFIED.) CURVE() 
GEOMETRIC_REPRESENTATION_ITEM() RATIONAL_B_SPLINE_CURVE((1.,0.5,1.,0.5,
1.,0.5,1.)) REPRESENTATION_ITEM('') );
#2004 = CARTESIAN_POINT('',(1.464466094067,-1.464466094067));
#2005 = CARTESIAN_POINT('',(7.588190451025,4.659258262891));
#2006 = CARTESIAN_POINT('',(9.829629131445,-3.705904774487));
#2007 = CARTESIAN_POINT('',(12.071067811865,-12.07106781186));
#2008 = CARTESIAN_POINT('',(3.705904774487,-9.829629131445));
#2009 = CARTESIAN_POINT('',(-4.659258262891,-7.588190451025));
#2010 = CARTESIAN_POINT('',(1.464466094067,-1.464466094067));
#2011 = ( GEOMETRIC_REPRESENTATION_CONTEXT(2) 
PARAMETRIC_REPRESENTATION_CONTEXT() REPRESENTATION_CONTEXT('2D SPACE',''
  ) );
#2012 = ORIENTED_EDGE('',*,*,#248,.T.);
#2013 = ADVANCED_FACE('',(#2014),#236,.T.);
#2014 = FACE_BOUND('',#2015,.T.);
#2015 = EDGE_LOOP('',(#2016,#2051,#2079,#2105,#2106,#2107,#2130,#2163));
#2016 = ORIENTED_EDGE('',*,*,#2017,.F.);
#2017 = EDGE_CURVE('',#2018,#2020,#2022,.T.);
#2018 = VERTEX_POINT('',#2019);
#2019 = CARTESIAN_POINT('',(-25.8499073366,-39.,26.));
#2020 = VERTEX_POINT('',#2021);
#2021 = CARTESIAN_POINT('',(-25.8499073366,-44.,21.));
#2022 = SURFACE_CURVE('',#2023,(#2028,#2039),.PCURVE_S1.);
#2023 = CIRCLE('',#2024,5.);
#2024 = AXIS2_PLACEMENT_3D('',#2025,#2026,#2027);
#2025 = CARTESIAN_POINT('',(-25.8499073366,-39.,21.));
#2026 = DIRECTION('',(1.,0.,0.));
#2027 = DIRECTION('',(0.,-0.707106781187,0.707106781187));
#2028 = PCURVE('',#236,#2029);
#2029 = DEFINITIONAL_REPRESENTATION('',(#2030),#2038);
#2030 = ( BOUNDED_CURVE() B_SPLINE_CURVE(2,(#2031,#2032,#2033,#2034,
#2035,#2036,#2037),.UNSPECIFIED.,.T.,.F.) B_SPLINE_CURVE_WITH_KNOTS((1,2
    ,2,2,2,1),(-2.094395102393,0.,2.094395102393,4.188790204786,
6.28318530718,8.377580409573),.UNSPECIFIED.) CURVE() 
GEOMETRIC_REPRESENTATION_ITEM() RATIONAL_B_SPLINE_CURVE((1.,0.5,1.,0.5,
1.,0.5,1.)) REPRESENTATION_ITEM('') );
#2031 = CARTESIAN_POINT('',(22.535533905933,1.535533905933));
#2032 = CARTESIAN_POINT('',(28.659258262891,-4.588190451025));
#2033 = CARTESIAN_POINT('',(20.294095225513,-6.829629131445));
#2034 = CARTESIAN_POINT('',(11.928932188135,-9.071067811865));
#2035 = CARTESIAN_POINT('',(14.170370868555,-0.705904774487));
#2036 = CARTESIAN_POINT('',(16.411809548975,7.659258262891));
#2037 = CARTESIAN_POINT('',(22.535533905933,1.535533905933));
#2038 = ( GEOMETRIC_REPRESENTATION_CONTEXT(2) 
PARAMETRIC_REPRESENTATION_CONTEXT() REPRESENTATION_CONTEXT('2D SPACE',''
  ) );
#2039 = PCURVE('',#2040,#2045);
#2040 = CYLINDRICAL_SURFACE('',#2041,5.);
#2041 = AXIS2_PLACEMENT_3D('',#2042,#2043,#2044);
#2042 = CARTESIAN_POINT('',(-19.6749536683,-39.,21.));
#2043 = DIRECTION('',(-1.,2.674982196925E-17,0.));
#2044 = DIRECTION('',(-1.891498050999E-17,-0.707106781187,0.707106781187
    ));
#2045 = DEFINITIONAL_REPRESENTATION('',(#2046),#2050);
#2046 = LINE('',#2047,#2048);
#2047 = CARTESIAN_POINT('',(6.28318530718,6.174953668304));
#2048 = VECTOR('',#2049,1.);
#2049 = DIRECTION('',(-1.,0.));
#2050 = ( GEOMETRIC_REPRESENTATION_CONTEXT(2) 
PARAMETRIC_REPRESENTATION_CONTEXT() REPRESENTATION_CONTEXT('2D SPACE',''
  ) );
#2051 = ORIENTED_EDGE('',*,*,#2052,.T.);
#2052 = EDGE_CURVE('',#2018,#2053,#2055,.T.);
#2053 = VERTEX_POINT('',#2054);
#2054 = CARTESIAN_POINT('',(-25.8499073366,-25.,26.));
#2055 = SURFACE_CURVE('',#2056,(#2060,#2067),.PCURVE_S1.);
#2056 = LINE('',#2057,#2058);
#2057 = CARTESIAN_POINT('',(-25.8499073366,-26.,26.));
#2058 = VECTOR('',#2059,1.);
#2059 = DIRECTION('',(0.,1.,0.));
#2060 = PCURVE('',#236,#2061);
#2061 = DEFINITIONAL_REPRESENTATION('',(#2062),#2066);
#2062 = LINE('',#2063,#2064);
#2063 = CARTESIAN_POINT('',(6.,3.));
#2064 = VECTOR('',#2065,1.);
#2065 = DIRECTION('',(-1.,0.));
#2066 = ( GEOMETRIC_REPRESENTATION_CONTEXT(2) 
PARAMETRIC_REPRESENTATION_CONTEXT() REPRESENTATION_CONTEXT('2D SPACE',''
  ) );
#2067 = PCURVE('',#2068,#2073);
#2068 = PLANE('',#2069);
#2069 = AXIS2_PLACEMENT_3D('',#2070,#2071,#2072);
#2070 = CARTESIAN_POINT('',(25.5,-32.,26.));
#2071 = DIRECTION('',(0.,0.,-1.));
#2072 = DIRECTION('',(-1.,0.,0.));
#2073 = DEFINITIONAL_REPRESENTATION('',(#2074),#2078);
#2074 = LINE('',#2075,#2076);
#2075 = CARTESIAN_POINT('',(51.349907336607,6.));
#2076 = VECTOR('',#2077,1.);
#2077 = DIRECTION('',(0.,1.));
#2078 = ( GEOMETRIC_REPRESENTATION_CONTEXT(2) 
PARAMETRIC_REPRESENTATION_CONTEXT() REPRESENTATION_CONTEXT('2D SPACE',''
  ) );
#2079 = ORIENTED_EDGE('',*,*,#2080,.F.);
#2080 = EDGE_CURVE('',#193,#2053,#2081,.T.);
#2081 = SURFACE_CURVE('',#2082,(#2087,#2098),.PCURVE_S1.);
#2082 = CIRCLE('',#2083,5.);
#2083 = AXIS2_PLACEMENT_3D('',#2084,#2085,#2086);
#2084 = CARTESIAN_POINT('',(-25.8499073366,-25.,21.));
#2085 = DIRECTION('',(1.,0.,0.));
#2086 = DIRECTION('',(-0.,0.707106781187,0.707106781187));
#2087 = PCURVE('',#236,#2088);
#2088 = DEFINITIONAL_REPRESENTATION('',(#2089),#2097);
#2089 = ( BOUNDED_CURVE() B_SPLINE_CURVE(2,(#2090,#2091,#2092,#2093,
#2094,#2095,#2096),.UNSPECIFIED.,.T.,.F.) B_SPLINE_CURVE_WITH_KNOTS((1,2
    ,2,2,2,1),(-2.094395102393,0.,2.094395102393,4.188790204786,
6.28318530718,8.377580409573),.UNSPECIFIED.) CURVE() 
GEOMETRIC_REPRESENTATION_ITEM() RATIONAL_B_SPLINE_CURVE((1.,0.5,1.,0.5,
1.,0.5,1.)) REPRESENTATION_ITEM('') );
#2090 = CARTESIAN_POINT('',(1.464466094067,1.535533905933));
#2091 = CARTESIAN_POINT('',(7.588190451025,7.659258262891));
#2092 = CARTESIAN_POINT('',(9.829629131445,-0.705904774487));
#2093 = CARTESIAN_POINT('',(12.071067811865,-9.071067811865));
#2094 = CARTESIAN_POINT('',(3.705904774487,-6.829629131445));
#2095 = CARTESIAN_POINT('',(-4.659258262891,-4.588190451025));
#2096 = CARTESIAN_POINT('',(1.464466094067,1.535533905933));
#2097 = ( GEOMETRIC_REPRESENTATION_CONTEXT(2) 
PARAMETRIC_REPRESENTATION_CONTEXT() REPRESENTATION_CONTEXT('2D SPACE',''
  ) );
#2098 = PCURVE('',#208,#2099);
#2099 = DEFINITIONAL_REPRESENTATION('',(#2100),#2104);
#2100 = LINE('',#2101,#2102);
#2101 = CARTESIAN_POINT('',(12.566370614359,6.174953668304));
#2102 = VECTOR('',#2103,1.);
#2103 = DIRECTION('',(-1.,0.));
#2104 = ( GEOMETRIC_REPRESENTATION_CONTEXT(2) 
PARAMETRIC_REPRESENTATION_CONTEXT() REPRESENTATION_CONTEXT('2D SPACE',''
  ) );
#2105 = ORIENTED_EDGE('',*,*,#220,.T.);
#2106 = ORIENTED_EDGE('',*,*,#1987,.T.);
#2107 = ORIENTED_EDGE('',*,*,#2108,.F.);
#2108 = EDGE_CURVE('',#2109,#1965,#2111,.T.);
#2109 = VERTEX_POINT('',#2110);
#2110 = CARTESIAN_POINT('',(-25.8499073366,-39.,23.));
#2111 = SURFACE_CURVE('',#2112,(#2116,#2123),.PCURVE_S1.);
#2112 = LINE('',#2113,#2114);
#2113 = CARTESIAN_POINT('',(-25.8499073366,-20.,23.));
#2114 = VECTOR('',#2115,1.);
#2115 = DIRECTION('',(0.,1.,0.));
#2116 = PCURVE('',#236,#2117);
#2117 = DEFINITIONAL_REPRESENTATION('',(#2118),#2122);
#2118 = LINE('',#2119,#2120);
#2119 = CARTESIAN_POINT('',(0.,0.));
#2120 = VECTOR('',#2121,1.);
#2121 = DIRECTION('',(-1.,0.));
#2122 = ( GEOMETRIC_REPRESENTATION_CONTEXT(2) 
PARAMETRIC_REPRESENTATION_CONTEXT() REPRESENTATION_CONTEXT('2D SPACE',''
  ) );
#2123 = PCURVE('',#1900,#2124);
#2124 = DEFINITIONAL_REPRESENTATION('',(#2125),#2129);
#2125 = LINE('',#2126,#2127);
#2126 = CARTESIAN_POINT('',(0.,0.));
#2127 = VECTOR('',#2128,1.);
#2128 = DIRECTION('',(0.,1.));
#2129 = ( GEOMETRIC_REPRESENTATION_CONTEXT(2) 
PARAMETRIC_REPRESENTATION_CONTEXT() REPRESENTATION_CONTEXT('2D SPACE',''
  ) );
#2130 = ORIENTED_EDGE('',*,*,#2131,.T.);
#2131 = EDGE_CURVE('',#2109,#2132,#2134,.T.);
#2132 = VERTEX_POINT('',#2133);
#2133 = CARTESIAN_POINT('',(-25.8499073366,-44.,18.));
#2134 = SURFACE_CURVE('',#2135,(#2140,#2151),.PCURVE_S1.);
#2135 = CIRCLE('',#2136,5.);
#2136 = AXIS2_PLACEMENT_3D('',#2137,#2138,#2139);
#2137 = CARTESIAN_POINT('',(-25.8499073366,-39.,18.));
#2138 = DIRECTION('',(1.,0.,0.));
#2139 = DIRECTION('',(0.,-0.707106781187,0.707106781187));
#2140 = PCURVE('',#236,#2141);
#2141 = DEFINITIONAL_REPRESENTATION('',(#2142),#2150);
#2142 = ( BOUNDED_CURVE() B_SPLINE_CURVE(2,(#2143,#2144,#2145,#2146,
#2147,#2148,#2149),.UNSPECIFIED.,.T.,.F.) B_SPLINE_CURVE_WITH_KNOTS((1,2
    ,2,2,2,1),(-2.094395102393,0.,2.094395102393,4.188790204786,
6.28318530718,8.377580409573),.UNSPECIFIED.) CURVE() 
GEOMETRIC_REPRESENTATION_ITEM() RATIONAL_B_SPLINE_CURVE((1.,0.5,1.,0.5,
1.,0.5,1.)) REPRESENTATION_ITEM('') );
#2143 = CARTESIAN_POINT('',(22.535533905933,-1.464466094067));
#2144 = CARTESIAN_POINT('',(28.659258262891,-7.588190451025));
#2145 = CARTESIAN_POINT('',(20.294095225513,-9.829629131445));
#2146 = CARTESIAN_POINT('',(11.928932188135,-12.07106781186));
#2147 = CARTESIAN_POINT('',(14.170370868555,-3.705904774487));
#2148 = CARTESIAN_POINT('',(16.411809548975,4.659258262891));
#2149 = CARTESIAN_POINT('',(22.535533905933,-1.464466094067));
#2150 = ( GEOMETRIC_REPRESENTATION_CONTEXT(2) 
PARAMETRIC_REPRESENTATION_CONTEXT() REPRESENTATION_CONTEXT('2D SPACE',''
  ) );
#2151 = PCURVE('',#2152,#2157);
#2152 = CYLINDRICAL_SURFACE('',#2153,5.);
#2153 = AXIS2_PLACEMENT_3D('',#2154,#2155,#2156);
#2154 = CARTESIAN_POINT('',(-45.3499073366,-39.,18.));
#2155 = DIRECTION('',(1.,-2.674982196925E-17,0.));
#2156 = DIRECTION('',(-1.891498050999E-17,-0.707106781187,0.707106781187
    ));
#2157 = DEFINITIONAL_REPRESENTATION('',(#2158),#2162);
#2158 = LINE('',#2159,#2160);
#2159 = CARTESIAN_POINT('',(-6.28318530718,19.5));
#2160 = VECTOR('',#2161,1.);
#2161 = DIRECTION('',(1.,0.));
#2162 = ( GEOMETRIC_REPRESENTATION_CONTEXT(2) 
PARAMETRIC_REPRESENTATION_CONTEXT() REPRESENTATION_CONTEXT('2D SPACE',''
  ) );
#2163 = ORIENTED_EDGE('',*,*,#2164,.T.);
#2164 = EDGE_CURVE('',#2132,#2020,#2165,.T.);
#2165 = SURFACE_CURVE('',#2166,(#2170,#2177),.PCURVE_S1.);
#2166 = LINE('',#2167,#2168);
#2167 = CARTESIAN_POINT('',(-25.8499073366,-44.,24.));
#2168 = VECTOR('',#2169,1.);
#2169 = DIRECTION('',(0.,0.,1.));
#2170 = PCURVE('',#236,#2171);
#2171 = DEFINITIONAL_REPRESENTATION('',(#2172),#2176);
#2172 = LINE('',#2173,#2174);
#2173 = CARTESIAN_POINT('',(24.,1.));
#2174 = VECTOR('',#2175,1.);
#2175 = DIRECTION('',(0.,1.));
#2176 = ( GEOMETRIC_REPRESENTATION_CONTEXT(2) 
PARAMETRIC_REPRESENTATION_CONTEXT() REPRESENTATION_CONTEXT('2D SPACE',''
  ) );
#2177 = PCURVE('',#2178,#2183);
#2178 = PLANE('',#2179);
#2179 = AXIS2_PLACEMENT_3D('',#2180,#2181,#2182);
#2180 = CARTESIAN_POINT('',(-64.8499073366,-44.,25.));
#2181 = DIRECTION('',(2.674982196925E-17,1.,0.));
#2182 = DIRECTION('',(0.,-0.,1.));
#2183 = DEFINITIONAL_REPRESENTATION('',(#2184),#2188);
#2184 = LINE('',#2185,#2186);
#2185 = CARTESIAN_POINT('',(-1.,39.));
#2186 = VECTOR('',#2187,1.);
#2187 = DIRECTION('',(1.,0.));
#2188 = ( GEOMETRIC_REPRESENTATION_CONTEXT(2) 
PARAMETRIC_REPRESENTATION_CONTEXT() REPRESENTATION_CONTEXT('2D SPACE',''
  ) );
#2189 = ADVANCED_FACE('',(#2190),#208,.T.);
#2190 = FACE_BOUND('',#2191,.T.);
#2191 = EDGE_LOOP('',(#2192,#2193,#2194,#2217));
#2192 = ORIENTED_EDGE('',*,*,#192,.T.);
#2193 = ORIENTED_EDGE('',*,*,#2080,.T.);
#2194 = ORIENTED_EDGE('',*,*,#2195,.T.);
#2195 = EDGE_CURVE('',#2053,#2196,#2198,.T.);
#2196 = VERTEX_POINT('',#2197);
#2197 = CARTESIAN_POINT('',(-24.85,-25.,26.));
#2198 = SURFACE_CURVE('',#2199,(#2203,#2210),.PCURVE_S1.);
#2199 = LINE('',#2200,#2201);
#2200 = CARTESIAN_POINT('',(-19.6749536683,-25.,26.));
#2201 = VECTOR('',#2202,1.);
#2202 = DIRECTION('',(1.,-3.551733912669E-18,0.));
#2203 = PCURVE('',#208,#2204);
#2204 = DEFINITIONAL_REPRESENTATION('',(#2205),#2209);
#2205 = LINE('',#2206,#2207);
#2206 = CARTESIAN_POINT('',(5.497787143782,0.));
#2207 = VECTOR('',#2208,1.);
#2208 = DIRECTION('',(0.,-1.));
#2209 = ( GEOMETRIC_REPRESENTATION_CONTEXT(2) 
PARAMETRIC_REPRESENTATION_CONTEXT() REPRESENTATION_CONTEXT('2D SPACE',''
  ) );
#2210 = PCURVE('',#2068,#2211);
#2211 = DEFINITIONAL_REPRESENTATION('',(#2212),#2216);
#2212 = LINE('',#2213,#2214);
#2213 = CARTESIAN_POINT('',(45.174953668304,7.));
#2214 = VECTOR('',#2215,1.);
#2215 = DIRECTION('',(-1.,-3.551733912669E-18));
#2216 = ( GEOMETRIC_REPRESENTATION_CONTEXT(2) 
PARAMETRIC_REPRESENTATION_CONTEXT() REPRESENTATION_CONTEXT('2D SPACE',''
  ) );
#2217 = ORIENTED_EDGE('',*,*,#2218,.T.);
#2218 = EDGE_CURVE('',#2196,#167,#2219,.T.);
#2219 = SURFACE_CURVE('',#2220,(#2225,#2232),.PCURVE_S1.);
#2220 = CIRCLE('',#2221,5.);
#2221 = AXIS2_PLACEMENT_3D('',#2222,#2223,#2224);
#2222 = CARTESIAN_POINT('',(-24.85,-25.,21.));
#2223 = DIRECTION('',(-1.,3.551733912669E-18,0.));
#2224 = DIRECTION('',(2.511455134618E-18,0.707106781187,0.707106781187)
  );
#2225 = PCURVE('',#208,#2226);
#2226 = DEFINITIONAL_REPRESENTATION('',(#2227),#2231);
#2227 = LINE('',#2228,#2229);
#2228 = CARTESIAN_POINT('',(0.,5.175046331696));
#2229 = VECTOR('',#2230,1.);
#2230 = DIRECTION('',(1.,0.));
#2231 = ( GEOMETRIC_REPRESENTATION_CONTEXT(2) 
PARAMETRIC_REPRESENTATION_CONTEXT() REPRESENTATION_CONTEXT('2D SPACE',''
  ) );
#2232 = PCURVE('',#181,#2233);
#2233 = DEFINITIONAL_REPRESENTATION('',(#2234),#2242);
#2234 = ( BOUNDED_CURVE() B_SPLINE_CURVE(2,(#2235,#2236,#2237,#2238,
#2239,#2240,#2241),.UNSPECIFIED.,.T.,.F.) B_SPLINE_CURVE_WITH_KNOTS((1,2
    ,2,2,2,1),(-2.094395102393,0.,2.094395102393,4.188790204786,
6.28318530718,8.377580409573),.UNSPECIFIED.) CURVE() 
GEOMETRIC_REPRESENTATION_ITEM() RATIONAL_B_SPLINE_CURVE((1.,0.5,1.,0.5,
1.,0.5,1.)) REPRESENTATION_ITEM('') );
#2235 = CARTESIAN_POINT('',(124.53553390593,-78.53553390593));
#2236 = CARTESIAN_POINT('',(118.41180954897,-84.65925826289));
#2237 = CARTESIAN_POINT('',(116.17037086855,-76.29409522551));
#2238 = CARTESIAN_POINT('',(113.92893218813,-67.92893218813));
#2239 = CARTESIAN_POINT('',(122.29409522551,-70.17037086855));
#2240 = CARTESIAN_POINT('',(130.65925826289,-72.41180954897));
#2241 = CARTESIAN_POINT('',(124.53553390593,-78.53553390593));
#2242 = ( GEOMETRIC_REPRESENTATION_CONTEXT(2) 
PARAMETRIC_REPRESENTATION_CONTEXT() REPRESENTATION_CONTEXT('2D SPACE',''
  ) );
#2243 = ADVANCED_FACE('',(#2244),#181,.T.);
#2244 = FACE_BOUND('',#2245,.T.);
#2245 = EDGE_LOOP('',(#2246,#2274,#2296,#2297,#2298,#2319,#2347,#2368));
#2246 = ORIENTED_EDGE('',*,*,#2247,.T.);
#2247 = EDGE_CURVE('',#2248,#2250,#2252,.T.);
#2248 = VERTEX_POINT('',#2249);
#2249 = CARTESIAN_POINT('',(-24.85,-39.,8.));
#2250 = VERTEX_POINT('',#2251);
#2251 = CARTESIAN_POINT('',(-24.85,-25.,8.));
#2252 = SURFACE_CURVE('',#2253,(#2257,#2263),.PCURVE_S1.);
#2253 = LINE('',#2254,#2255);
#2254 = CARTESIAN_POINT('',(-24.85,-60.,8.));
#2255 = VECTOR('',#2256,1.);
#2256 = DIRECTION('',(0.,1.,4.513898307158E-32));
#2257 = PCURVE('',#181,#2258);
#2258 = DEFINITIONAL_REPRESENTATION('',(#2259),#2262);
#2259 = B_SPLINE_CURVE_WITH_KNOTS('',1,(#2260,#2261),.UNSPECIFIED.,.F.,
  .F.,(2,2),(21.,35.),.PIECEWISE_BEZIER_KNOTS.);
#2260 = CARTESIAN_POINT('',(108.,-61.));
#2261 = CARTESIAN_POINT('',(108.,-75.));
#2262 = ( GEOMETRIC_REPRESENTATION_CONTEXT(2) 
PARAMETRIC_REPRESENTATION_CONTEXT() REPRESENTATION_CONTEXT('2D SPACE',''
  ) );
#2263 = PCURVE('',#2264,#2269);
#2264 = PLANE('',#2265);
#2265 = AXIS2_PLACEMENT_3D('',#2266,#2267,#2268);
#2266 = CARTESIAN_POINT('',(-18.8499073366,-20.,8.));
#2267 = DIRECTION('',(1.084202172485E-16,-4.513898307158E-32,1.));
#2268 = DIRECTION('',(1.,0.,-1.084202172485E-16));
#2269 = DEFINITIONAL_REPRESENTATION('',(#2270),#2273);
#2270 = B_SPLINE_CURVE_WITH_KNOTS('',1,(#2271,#2272),.UNSPECIFIED.,.F.,
  .F.,(2,2),(21.,35.),.PIECEWISE_BEZIER_KNOTS.);
#2271 = CARTESIAN_POINT('',(-6.000092663393,-19.));
#2272 = CARTESIAN_POINT('',(-6.000092663393,-5.));
#2273 = ( GEOMETRIC_REPRESENTATION_CONTEXT(2) 
PARAMETRIC_REPRESENTATION_CONTEXT() REPRESENTATION_CONTEXT('2D SPACE',''
  ) );
#2274 = ORIENTED_EDGE('',*,*,#2275,.T.);
#2275 = EDGE_CURVE('',#2250,#139,#2276,.T.);
#2276 = SURFACE_CURVE('',#2277,(#2282,#2289),.PCURVE_S1.);
#2277 = CIRCLE('',#2278,5.);
#2278 = AXIS2_PLACEMENT_3D('',#2279,#2280,#2281);
#2279 = CARTESIAN_POINT('',(-24.85,-25.,13.));
#2280 = DIRECTION('',(1.,-3.551733912669E-18,-1.084202172485E-16));
#2281 = DIRECTION('',(-7.415321569955E-17,0.707106781187,-0.707106781187
    ));
#2282 = PCURVE('',#181,#2283);
#2283 = DEFINITIONAL_REPRESENTATION('',(#2284),#2288);
#2284 = CIRCLE('',#2285,5.);
#2285 = AXIS2_PLACEMENT_2D('',#2286,#2287);
#2286 = CARTESIAN_POINT('',(113.,-75.));
#2287 = DIRECTION('',(-0.707106781187,-0.707106781187));
#2288 = ( GEOMETRIC_REPRESENTATION_CONTEXT(2) 
PARAMETRIC_REPRESENTATION_CONTEXT() REPRESENTATION_CONTEXT('2D SPACE',''
  ) );
#2289 = PCURVE('',#154,#2290);
#2290 = DEFINITIONAL_REPRESENTATION('',(#2291),#2295);
#2291 = LINE('',#2292,#2293);
#2292 = CARTESIAN_POINT('',(-6.28318530718,16.999907336607));
#2293 = VECTOR('',#2294,1.);
#2294 = DIRECTION('',(1.,0.));
#2295 = ( GEOMETRIC_REPRESENTATION_CONTEXT(2) 
PARAMETRIC_REPRESENTATION_CONTEXT() REPRESENTATION_CONTEXT('2D SPACE',''
  ) );
#2296 = ORIENTED_EDGE('',*,*,#166,.T.);
#2297 = ORIENTED_EDGE('',*,*,#2218,.F.);
#2298 = ORIENTED_EDGE('',*,*,#2299,.T.);
#2299 = EDGE_CURVE('',#2196,#2300,#2302,.T.);
#2300 = VERTEX_POINT('',#2301);
#2301 = CARTESIAN_POINT('',(-24.85,-39.,26.));
#2302 = SURFACE_CURVE('',#2303,(#2307,#2313),.PCURVE_S1.);
#2303 = LINE('',#2304,#2305);
#2304 = CARTESIAN_POINT('',(-24.85,-66.,26.));
#2305 = VECTOR('',#2306,1.);
#2306 = DIRECTION('',(0.,-1.,0.));
#2307 = PCURVE('',#181,#2308);
#2308 = DEFINITIONAL_REPRESENTATION('',(#2309),#2312);
#2309 = B_SPLINE_CURVE_WITH_KNOTS('',1,(#2310,#2311),.UNSPECIFIED.,.F.,
  .F.,(2,2),(-41.,-27.),.PIECEWISE_BEZIER_KNOTS.);
#2310 = CARTESIAN_POINT('',(126.,-75.));
#2311 = CARTESIAN_POINT('',(126.,-61.));
#2312 = ( GEOMETRIC_REPRESENTATION_CONTEXT(2) 
PARAMETRIC_REPRESENTATION_CONTEXT() REPRESENTATION_CONTEXT('2D SPACE',''
  ) );
#2313 = PCURVE('',#2068,#2314);
#2314 = DEFINITIONAL_REPRESENTATION('',(#2315),#2318);
#2315 = B_SPLINE_CURVE_WITH_KNOTS('',1,(#2316,#2317),.UNSPECIFIED.,.F.,
  .F.,(2,2),(-41.,-27.),.PIECEWISE_BEZIER_KNOTS.);
#2316 = CARTESIAN_POINT('',(50.35,7.));
#2317 = CARTESIAN_POINT('',(50.35,-7.));
#2318 = ( GEOMETRIC_REPRESENTATION_CONTEXT(2) 
PARAMETRIC_REPRESENTATION_CONTEXT() REPRESENTATION_CONTEXT('2D SPACE',''
  ) );
#2319 = ORIENTED_EDGE('',*,*,#2320,.F.);
#2320 = EDGE_CURVE('',#2321,#2300,#2323,.T.);
#2321 = VERTEX_POINT('',#2322);
#2322 = CARTESIAN_POINT('',(-24.85,-44.,21.));
#2323 = SURFACE_CURVE('',#2324,(#2329,#2340),.PCURVE_S1.);
#2324 = CIRCLE('',#2325,5.);
#2325 = AXIS2_PLACEMENT_3D('',#2326,#2327,#2328);
#2326 = CARTESIAN_POINT('',(-24.85,-39.,21.));
#2327 = DIRECTION('',(-1.,2.674982196925E-17,0.));
#2328 = DIRECTION('',(-1.891498050999E-17,-0.707106781187,0.707106781187
    ));
#2329 = PCURVE('',#181,#2330);
#2330 = DEFINITIONAL_REPRESENTATION('',(#2331),#2339);
#2331 = ( BOUNDED_CURVE() B_SPLINE_CURVE(2,(#2332,#2333,#2334,#2335,
#2336,#2337,#2338),.UNSPECIFIED.,.T.,.F.) B_SPLINE_CURVE_WITH_KNOTS((1,2
    ,2,2,2,1),(-2.094395102393,0.,2.094395102393,4.188790204786,
6.28318530718,8.377580409573),.UNSPECIFIED.) CURVE() 
GEOMETRIC_REPRESENTATION_ITEM() RATIONAL_B_SPLINE_CURVE((1.,0.5,1.,0.5,
1.,0.5,1.)) REPRESENTATION_ITEM('') );
#2332 = CARTESIAN_POINT('',(124.53553390593,-57.46446609406));
#2333 = CARTESIAN_POINT('',(130.65925826289,-63.58819045102));
#2334 = CARTESIAN_POINT('',(122.29409522551,-65.82962913144));
#2335 = CARTESIAN_POINT('',(113.92893218813,-68.07106781186));
#2336 = CARTESIAN_POINT('',(116.17037086855,-59.70590477448));
#2337 = CARTESIAN_POINT('',(118.41180954897,-51.3407417371));
#2338 = CARTESIAN_POINT('',(124.53553390593,-57.46446609406));
#2339 = ( GEOMETRIC_REPRESENTATION_CONTEXT(2) 
PARAMETRIC_REPRESENTATION_CONTEXT() REPRESENTATION_CONTEXT('2D SPACE',''
  ) );
#2340 = PCURVE('',#2040,#2341);
#2341 = DEFINITIONAL_REPRESENTATION('',(#2342),#2346);
#2342 = LINE('',#2343,#2344);
#2343 = CARTESIAN_POINT('',(-6.28318530718,5.175046331696));
#2344 = VECTOR('',#2345,1.);
#2345 = DIRECTION('',(1.,0.));
#2346 = ( GEOMETRIC_REPRESENTATION_CONTEXT(2) 
PARAMETRIC_REPRESENTATION_CONTEXT() REPRESENTATION_CONTEXT('2D SPACE',''
  ) );
#2347 = ORIENTED_EDGE('',*,*,#2348,.T.);
#2348 = EDGE_CURVE('',#2321,#2349,#2351,.T.);
#2349 = VERTEX_POINT('',#2350);
#2350 = CARTESIAN_POINT('',(-24.85,-44.,13.));
#2351 = SURFACE_CURVE('',#2352,(#2356,#2362),.PCURVE_S1.);
#2352 = LINE('',#2353,#2354);
#2353 = CARTESIAN_POINT('',(-24.85,-44.,-37.5));
#2354 = VECTOR('',#2355,1.);
#2355 = DIRECTION('',(-0.,0.,-1.));
#2356 = PCURVE('',#181,#2357);
#2357 = DEFINITIONAL_REPRESENTATION('',(#2358),#2361);
#2358 = B_SPLINE_CURVE_WITH_KNOTS('',1,(#2359,#2360),.UNSPECIFIED.,.F.,
  .F.,(2,2),(-62.7,-12.3),.PIECEWISE_BEZIER_KNOTS.);
#2359 = CARTESIAN_POINT('',(125.2,-56.));
#2360 = CARTESIAN_POINT('',(74.8,-56.));
#2361 = ( GEOMETRIC_REPRESENTATION_CONTEXT(2) 
PARAMETRIC_REPRESENTATION_CONTEXT() REPRESENTATION_CONTEXT('2D SPACE',''
  ) );
#2362 = PCURVE('',#2178,#2363);
#2363 = DEFINITIONAL_REPRESENTATION('',(#2364),#2367);
#2364 = B_SPLINE_CURVE_WITH_KNOTS('',1,(#2365,#2366),.UNSPECIFIED.,.F.,
  .F.,(2,2),(-62.7,-12.3),.PIECEWISE_BEZIER_KNOTS.);
#2365 = CARTESIAN_POINT('',(0.2,39.999907336607));
#2366 = CARTESIAN_POINT('',(-50.2,39.999907336607));
#2367 = ( GEOMETRIC_REPRESENTATION_CONTEXT(2) 
PARAMETRIC_REPRESENTATION_CONTEXT() REPRESENTATION_CONTEXT('2D SPACE',''
  ) );
#2368 = ORIENTED_EDGE('',*,*,#2369,.F.);
#2369 = EDGE_CURVE('',#2248,#2349,#2370,.T.);
#2370 = SURFACE_CURVE('',#2371,(#2376,#2387),.PCURVE_S1.);
#2371 = CIRCLE('',#2372,5.);
#2372 = AXIS2_PLACEMENT_3D('',#2373,#2374,#2375);
#2373 = CARTESIAN_POINT('',(-24.85,-39.,13.));
#2374 = DIRECTION('',(-1.,2.674982196925E-17,1.084202172485E-16));
#2375 = DIRECTION('',(-9.557965134416E-17,-0.707106781187,
    -0.707106781187));
#2376 = PCURVE('',#181,#2377);
#2377 = DEFINITIONAL_REPRESENTATION('',(#2378),#2386);
#2378 = ( BOUNDED_CURVE() B_SPLINE_CURVE(2,(#2379,#2380,#2381,#2382,
#2383,#2384,#2385),.UNSPECIFIED.,.T.,.F.) B_SPLINE_CURVE_WITH_KNOTS((1,2
    ,2,2,2,1),(-2.094395102393,0.,2.094395102393,4.188790204786,
6.28318530718,8.377580409573),.UNSPECIFIED.) CURVE() 
GEOMETRIC_REPRESENTATION_ITEM() RATIONAL_B_SPLINE_CURVE((1.,0.5,1.,0.5,
1.,0.5,1.)) REPRESENTATION_ITEM('') );
#2379 = CARTESIAN_POINT('',(109.46446609406,-57.46446609406));
#2380 = CARTESIAN_POINT('',(115.58819045102,-51.3407417371));
#2381 = CARTESIAN_POINT('',(117.82962913144,-59.70590477448));
#2382 = CARTESIAN_POINT('',(120.07106781186,-68.07106781186));
#2383 = CARTESIAN_POINT('',(111.70590477448,-65.82962913144));
#2384 = CARTESIAN_POINT('',(103.3407417371,-63.58819045102));
#2385 = CARTESIAN_POINT('',(109.46446609406,-57.46446609406));
#2386 = ( GEOMETRIC_REPRESENTATION_CONTEXT(2) 
PARAMETRIC_REPRESENTATION_CONTEXT() REPRESENTATION_CONTEXT('2D SPACE',''
  ) );
#2387 = PCURVE('',#2388,#2393);
#2388 = CYLINDRICAL_SURFACE('',#2389,5.);
#2389 = AXIS2_PLACEMENT_3D('',#2390,#2391,#2392);
#2390 = CARTESIAN_POINT('',(-41.8499073366,-39.,13.));
#2391 = DIRECTION('',(-1.,2.674982196925E-17,1.084202172485E-16));
#2392 = DIRECTION('',(-9.557965134416E-17,-0.707106781187,
    -0.707106781187));
#2393 = DEFINITIONAL_REPRESENTATION('',(#2394),#2398);
#2394 = LINE('',#2395,#2396);
#2395 = CARTESIAN_POINT('',(0.,-16.9999073366));
#2396 = VECTOR('',#2397,1.);
#2397 = DIRECTION('',(1.,0.));
#2398 = ( GEOMETRIC_REPRESENTATION_CONTEXT(2) 
PARAMETRIC_REPRESENTATION_CONTEXT() REPRESENTATION_CONTEXT('2D SPACE',''
  ) );
#2399 = ADVANCED_FACE('',(#2400),#154,.T.);
#2400 = FACE_BOUND('',#2401,.T.);
#2401 = EDGE_LOOP('',(#2402,#2430,#2431,#2432,#2455,#2488));
#2402 = ORIENTED_EDGE('',*,*,#2403,.F.);
#2403 = EDGE_CURVE('',#111,#2404,#2406,.T.);
#2404 = VERTEX_POINT('',#2405);
#2405 = CARTESIAN_POINT('',(-28.8499073366,-24.8,8.004001601281));
#2406 = SURFACE_CURVE('',#2407,(#2412,#2419),.PCURVE_S1.);
#2407 = CIRCLE('',#2408,5.);
#2408 = AXIS2_PLACEMENT_3D('',#2409,#2410,#2411);
#2409 = CARTESIAN_POINT('',(-28.8499073366,-25.,13.));
#2410 = DIRECTION('',(-1.,0.,0.));
#2411 = DIRECTION('',(0.,0.707106781187,-0.707106781187));
#2412 = PCURVE('',#154,#2413);
#2413 = DEFINITIONAL_REPRESENTATION('',(#2414),#2418);
#2414 = LINE('',#2415,#2416);
#2415 = CARTESIAN_POINT('',(6.28318530718,13.));
#2416 = VECTOR('',#2417,1.);
#2417 = DIRECTION('',(-1.,0.));
#2418 = ( GEOMETRIC_REPRESENTATION_CONTEXT(2) 
PARAMETRIC_REPRESENTATION_CONTEXT() REPRESENTATION_CONTEXT('2D SPACE',''
  ) );
#2419 = PCURVE('',#126,#2420);
#2420 = DEFINITIONAL_REPRESENTATION('',(#2421),#2429);
#2421 = ( BOUNDED_CURVE() B_SPLINE_CURVE(2,(#2422,#2423,#2424,#2425,
#2426,#2427,#2428),.UNSPECIFIED.,.T.,.F.) B_SPLINE_CURVE_WITH_KNOTS((1,2
    ,2,2,2,1),(-2.094395102393,0.,2.094395102393,4.188790204786,
6.28318530718,8.377580409573),.UNSPECIFIED.) CURVE() 
GEOMETRIC_REPRESENTATION_ITEM() RATIONAL_B_SPLINE_CURVE((1.,0.5,1.,0.5,
1.,0.5,1.)) REPRESENTATION_ITEM('') );
#2422 = CARTESIAN_POINT('',(-9.464466094067,-1.464466094067));
#2423 = CARTESIAN_POINT('',(-3.340741737109,-7.588190451025));
#2424 = CARTESIAN_POINT('',(-11.70590477448,-9.829629131445));
#2425 = CARTESIAN_POINT('',(-20.07106781186,-12.07106781186));
#2426 = CARTESIAN_POINT('',(-17.82962913144,-3.705904774487));
#2427 = CARTESIAN_POINT('',(-15.58819045102,4.659258262891));
#2428 = CARTESIAN_POINT('',(-9.464466094067,-1.464466094067));
#2429 = ( GEOMETRIC_REPRESENTATION_CONTEXT(2) 
PARAMETRIC_REPRESENTATION_CONTEXT() REPRESENTATION_CONTEXT('2D SPACE',''
  ) );
#2430 = ORIENTED_EDGE('',*,*,#138,.T.);
#2431 = ORIENTED_EDGE('',*,*,#2275,.F.);
#2432 = ORIENTED_EDGE('',*,*,#2433,.T.);
#2433 = EDGE_CURVE('',#2250,#2434,#2436,.T.);
#2434 = VERTEX_POINT('',#2435);
#2435 = CARTESIAN_POINT('',(-34.8499073366,-25.,8.));
#2436 = SURFACE_CURVE('',#2437,(#2441,#2448),.PCURVE_S1.);
#2437 = LINE('',#2438,#2439);
#2438 = CARTESIAN_POINT('',(-41.8499073366,-25.,8.));
#2439 = VECTOR('',#2440,1.);
#2440 = DIRECTION('',(-1.,3.551733912669E-18,1.084202172486E-16));
#2441 = PCURVE('',#154,#2442);
#2442 = DEFINITIONAL_REPRESENTATION('',(#2443),#2447);
#2443 = LINE('',#2444,#2445);
#2444 = CARTESIAN_POINT('',(-0.785398163397,0.));
#2445 = VECTOR('',#2446,1.);
#2446 = DIRECTION('',(0.,-1.));
#2447 = ( GEOMETRIC_REPRESENTATION_CONTEXT(2) 
PARAMETRIC_REPRESENTATION_CONTEXT() REPRESENTATION_CONTEXT('2D SPACE',''
  ) );
#2448 = PCURVE('',#2264,#2449);
#2449 = DEFINITIONAL_REPRESENTATION('',(#2450),#2454);
#2450 = LINE('',#2451,#2452);
#2451 = CARTESIAN_POINT('',(-23.,-5.));
#2452 = VECTOR('',#2453,1.);
#2453 = DIRECTION('',(-1.,3.551733912669E-18));
#2454 = ( GEOMETRIC_REPRESENTATION_CONTEXT(2) 
PARAMETRIC_REPRESENTATION_CONTEXT() REPRESENTATION_CONTEXT('2D SPACE',''
  ) );
#2455 = ORIENTED_EDGE('',*,*,#2456,.T.);
#2456 = EDGE_CURVE('',#2434,#2457,#2459,.T.);
#2457 = VERTEX_POINT('',#2458);
#2458 = CARTESIAN_POINT('',(-34.8499073366,-24.8,8.004001601281));
#2459 = SURFACE_CURVE('',#2460,(#2465,#2472),.PCURVE_S1.);
#2460 = CIRCLE('',#2461,5.);
#2461 = AXIS2_PLACEMENT_3D('',#2462,#2463,#2464);
#2462 = CARTESIAN_POINT('',(-34.8499073366,-25.,13.));
#2463 = DIRECTION('',(1.,-2.797941090285E-16,0.));
#2464 = DIRECTION('',(1.978443118301E-16,0.707106781187,-0.707106781187)
  );
#2465 = PCURVE('',#154,#2466);
#2466 = DEFINITIONAL_REPRESENTATION('',(#2467),#2471);
#2467 = LINE('',#2468,#2469);
#2468 = CARTESIAN_POINT('',(-6.28318530718,7.));
#2469 = VECTOR('',#2470,1.);
#2470 = DIRECTION('',(1.,0.));
#2471 = ( GEOMETRIC_REPRESENTATION_CONTEXT(2) 
PARAMETRIC_REPRESENTATION_CONTEXT() REPRESENTATION_CONTEXT('2D SPACE',''
  ) );
#2472 = PCURVE('',#2473,#2478);
#2473 = PLANE('',#2474);
#2474 = AXIS2_PLACEMENT_3D('',#2475,#2476,#2477);
#2475 = CARTESIAN_POINT('',(-34.8499073366,-49.6,18.2));
#2476 = DIRECTION('',(-1.,2.797941090285E-16,0.));
#2477 = DIRECTION('',(0.,0.,1.));
#2478 = DEFINITIONAL_REPRESENTATION('',(#2479),#2487);
#2479 = ( BOUNDED_CURVE() B_SPLINE_CURVE(2,(#2480,#2481,#2482,#2483,
#2484,#2485,#2486),.UNSPECIFIED.,.T.,.F.) B_SPLINE_CURVE_WITH_KNOTS((1,2
    ,2,2,2,1),(-2.094395102393,0.,2.094395102393,4.188790204786,
6.28318530718,8.377580409573),.UNSPECIFIED.) CURVE() 
GEOMETRIC_REPRESENTATION_ITEM() RATIONAL_B_SPLINE_CURVE((1.,0.5,1.,0.5,
1.,0.5,1.)) REPRESENTATION_ITEM('') );
#2480 = CARTESIAN_POINT('',(-8.735533905933,28.135533905933));
#2481 = CARTESIAN_POINT('',(-2.611809548975,34.259258262891));
#2482 = CARTESIAN_POINT('',(-0.370370868555,25.894095225513));
#2483 = CARTESIAN_POINT('',(1.871067811865,17.528932188135));
#2484 = CARTESIAN_POINT('',(-6.494095225513,19.770370868555));
#2485 = CARTESIAN_POINT('',(-14.85925826289,22.011809548975));
#2486 = CARTESIAN_POINT('',(-8.735533905933,28.135533905933));
#2487 = ( GEOMETRIC_REPRESENTATION_CONTEXT(2) 
PARAMETRIC_REPRESENTATION_CONTEXT() REPRESENTATION_CONTEXT('2D SPACE',''
  ) );
#2488 = ORIENTED_EDGE('',*,*,#2489,.F.);
#2489 = EDGE_CURVE('',#2404,#2457,#2490,.T.);
#2490 = SURFACE_CURVE('',#2491,(#2495,#2502),.PCURVE_S1.);
#2491 = LINE('',#2492,#2493);
#2492 = CARTESIAN_POINT('',(-41.8499073366,-24.8,8.004001601281));
#2493 = VECTOR('',#2494,1.);
#2494 = DIRECTION('',(-1.,3.551733912669E-18,1.084202172486E-16));
#2495 = PCURVE('',#154,#2496);
#2496 = DEFINITIONAL_REPRESENTATION('',(#2497),#2501);
#2497 = LINE('',#2498,#2499);
#2498 = CARTESIAN_POINT('',(-0.745387489043,0.));
#2499 = VECTOR('',#2500,1.);
#2500 = DIRECTION('',(0.,-1.));
#2501 = ( GEOMETRIC_REPRESENTATION_CONTEXT(2) 
PARAMETRIC_REPRESENTATION_CONTEXT() REPRESENTATION_CONTEXT('2D SPACE',''
  ) );
#2502 = PCURVE('',#2503,#2508);
#2503 = PLANE('',#2504);
#2504 = AXIS2_PLACEMENT_3D('',#2505,#2506,#2507);
#2505 = CARTESIAN_POINT('',(-34.8499073366,-24.8,18.2));
#2506 = DIRECTION('',(-1.22806826413E-16,-1.,0.));
#2507 = DIRECTION('',(-0.,0.,-1.));
#2508 = DEFINITIONAL_REPRESENTATION('',(#2509),#2513);
#2509 = LINE('',#2510,#2511);
#2510 = CARTESIAN_POINT('',(10.195998398719,-7.));
#2511 = VECTOR('',#2512,1.);
#2512 = DIRECTION('',(-1.084202172486E-16,-1.));
#2513 = ( GEOMETRIC_REPRESENTATION_CONTEXT(2) 
PARAMETRIC_REPRESENTATION_CONTEXT() REPRESENTATION_CONTEXT('2D SPACE',''
  ) );
#2514 = ADVANCED_FACE('',(#2515),#126,.T.);
#2515 = FACE_BOUND('',#2516,.T.);
#2516 = EDGE_LOOP('',(#2517,#2518,#2519,#2542));
#2517 = ORIENTED_EDGE('',*,*,#110,.T.);
#2518 = ORIENTED_EDGE('',*,*,#2403,.T.);
#2519 = ORIENTED_EDGE('',*,*,#2520,.T.);
#2520 = EDGE_CURVE('',#2404,#2521,#2523,.T.);
#2521 = VERTEX_POINT('',#2522);
#2522 = CARTESIAN_POINT('',(-28.8499073366,-24.8,-8.004001601281));
#2523 = SURFACE_CURVE('',#2524,(#2528,#2535),.PCURVE_S1.);
#2524 = LINE('',#2525,#2526);
#2525 = CARTESIAN_POINT('',(-28.8499073366,-24.8,9.1));
#2526 = VECTOR('',#2527,1.);
#2527 = DIRECTION('',(0.,0.,-1.));
#2528 = PCURVE('',#126,#2529);
#2529 = DEFINITIONAL_REPRESENTATION('',(#2530),#2534);
#2530 = LINE('',#2531,#2532);
#2531 = CARTESIAN_POINT('',(-9.1,-4.8));
#2532 = VECTOR('',#2533,1.);
#2533 = DIRECTION('',(1.,0.));
#2534 = ( GEOMETRIC_REPRESENTATION_CONTEXT(2) 
PARAMETRIC_REPRESENTATION_CONTEXT() REPRESENTATION_CONTEXT('2D SPACE',''
  ) );
#2535 = PCURVE('',#2503,#2536);
#2536 = DEFINITIONAL_REPRESENTATION('',(#2537),#2541);
#2537 = LINE('',#2538,#2539);
#2538 = CARTESIAN_POINT('',(9.1,6.));
#2539 = VECTOR('',#2540,1.);
#2540 = DIRECTION('',(1.,0.));
#2541 = ( GEOMETRIC_REPRESENTATION_CONTEXT(2) 
PARAMETRIC_REPRESENTATION_CONTEXT() REPRESENTATION_CONTEXT('2D SPACE',''
  ) );
#2542 = ORIENTED_EDGE('',*,*,#2543,.T.);
#2543 = EDGE_CURVE('',#2521,#83,#2544,.T.);
#2544 = SURFACE_CURVE('',#2545,(#2550,#2561),.PCURVE_S1.);
#2545 = CIRCLE('',#2546,5.);
#2546 = AXIS2_PLACEMENT_3D('',#2547,#2548,#2549);
#2547 = CARTESIAN_POINT('',(-28.8499073366,-25.,-13.));
#2548 = DIRECTION('',(-1.,0.,0.));
#2549 = DIRECTION('',(0.,0.707106781187,0.707106781187));
#2550 = PCURVE('',#126,#2551);
#2551 = DEFINITIONAL_REPRESENTATION('',(#2552),#2560);
#2552 = ( BOUNDED_CURVE() B_SPLINE_CURVE(2,(#2553,#2554,#2555,#2556,
#2557,#2558,#2559),.UNSPECIFIED.,.T.,.F.) B_SPLINE_CURVE_WITH_KNOTS((1,2
    ,2,2,2,1),(-2.094395102393,0.,2.094395102393,4.188790204786,
6.28318530718,8.377580409573),.UNSPECIFIED.) CURVE() 
GEOMETRIC_REPRESENTATION_ITEM() RATIONAL_B_SPLINE_CURVE((1.,0.5,1.,0.5,
1.,0.5,1.)) REPRESENTATION_ITEM('') );
#2553 = CARTESIAN_POINT('',(9.464466094067,-1.464466094067));
#2554 = CARTESIAN_POINT('',(15.588190451025,4.659258262891));
#2555 = CARTESIAN_POINT('',(17.829629131445,-3.705904774487));
#2556 = CARTESIAN_POINT('',(20.071067811865,-12.07106781186));
#2557 = CARTESIAN_POINT('',(11.705904774487,-9.829629131445));
#2558 = CARTESIAN_POINT('',(3.340741737109,-7.588190451025));
#2559 = CARTESIAN_POINT('',(9.464466094067,-1.464466094067));
#2560 = ( GEOMETRIC_REPRESENTATION_CONTEXT(2) 
PARAMETRIC_REPRESENTATION_CONTEXT() REPRESENTATION_CONTEXT('2D SPACE',''
  ) );
#2561 = PCURVE('',#98,#2562);
#2562 = DEFINITIONAL_REPRESENTATION('',(#2563),#2567);
#2563 = LINE('',#2564,#2565);
#2564 = CARTESIAN_POINT('',(6.28318530718,21.));
#2565 = VECTOR('',#2566,1.);
#2566 = DIRECTION('',(-1.,0.));
#2567 = ( GEOMETRIC_REPRESENTATION_CONTEXT(2) 
PARAMETRIC_REPRESENTATION_CONTEXT() REPRESENTATION_CONTEXT('2D SPACE',''
  ) );
#2568 = ADVANCED_FACE('',(#2569),#98,.T.);
#2569 = FACE_BOUND('',#2570,.T.);
#2570 = EDGE_LOOP('',(#2571,#2594,#2627,#2655,#2677,#2678));
#2571 = ORIENTED_EDGE('',*,*,#2572,.F.);
#2572 = EDGE_CURVE('',#2573,#2521,#2575,.T.);
#2573 = VERTEX_POINT('',#2574);
#2574 = CARTESIAN_POINT('',(-34.8499073366,-24.8,-8.004001601281));
#2575 = SURFACE_CURVE('',#2576,(#2580,#2587),.PCURVE_S1.);
#2576 = LINE('',#2577,#2578);
#2577 = CARTESIAN_POINT('',(-49.8499073366,-24.8,-8.004001601281));
#2578 = VECTOR('',#2579,1.);
#2579 = DIRECTION('',(1.,-3.551733912669E-18,-1.084202172486E-16));
#2580 = PCURVE('',#98,#2581);
#2581 = DEFINITIONAL_REPRESENTATION('',(#2582),#2586);
#2582 = LINE('',#2583,#2584);
#2583 = CARTESIAN_POINT('',(0.745387489043,0.));
#2584 = VECTOR('',#2585,1.);
#2585 = DIRECTION('',(0.,1.));
#2586 = ( GEOMETRIC_REPRESENTATION_CONTEXT(2) 
PARAMETRIC_REPRESENTATION_CONTEXT() REPRESENTATION_CONTEXT('2D SPACE',''
  ) );
#2587 = PCURVE('',#2503,#2588);
#2588 = DEFINITIONAL_REPRESENTATION('',(#2589),#2593);
#2589 = LINE('',#2590,#2591);
#2590 = CARTESIAN_POINT('',(26.204001601281,-15.));
#2591 = VECTOR('',#2592,1.);
#2592 = DIRECTION('',(1.084202172486E-16,1.));
#2593 = ( GEOMETRIC_REPRESENTATION_CONTEXT(2) 
PARAMETRIC_REPRESENTATION_CONTEXT() REPRESENTATION_CONTEXT('2D SPACE',''
  ) );
#2594 = ORIENTED_EDGE('',*,*,#2595,.T.);
#2595 = EDGE_CURVE('',#2573,#2596,#2598,.T.);
#2596 = VERTEX_POINT('',#2597);
#2597 = CARTESIAN_POINT('',(-34.8499073366,-25.,-8.));
#2598 = SURFACE_CURVE('',#2599,(#2604,#2611),.PCURVE_S1.);
#2599 = CIRCLE('',#2600,5.);
#2600 = AXIS2_PLACEMENT_3D('',#2601,#2602,#2603);
#2601 = CARTESIAN_POINT('',(-34.8499073366,-25.,-13.));
#2602 = DIRECTION('',(1.,-2.797941090285E-16,0.));
#2603 = DIRECTION('',(1.978443118301E-16,0.707106781187,0.707106781187)
  );
#2604 = PCURVE('',#98,#2605);
#2605 = DEFINITIONAL_REPRESENTATION('',(#2606),#2610);
#2606 = LINE('',#2607,#2608);
#2607 = CARTESIAN_POINT('',(4.440892098501E-16,15.));
#2608 = VECTOR('',#2609,1.);
#2609 = DIRECTION('',(1.,0.));
#2610 = ( GEOMETRIC_REPRESENTATION_CONTEXT(2) 
PARAMETRIC_REPRESENTATION_CONTEXT() REPRESENTATION_CONTEXT('2D SPACE',''
  ) );
#2611 = PCURVE('',#2612,#2617);
#2612 = PLANE('',#2613);
#2613 = AXIS2_PLACEMENT_3D('',#2614,#2615,#2616);
#2614 = CARTESIAN_POINT('',(-34.8499073366,-49.6,18.2));
#2615 = DIRECTION('',(-1.,2.797941090285E-16,0.));
#2616 = DIRECTION('',(0.,0.,1.));
#2617 = DEFINITIONAL_REPRESENTATION('',(#2618),#2626);
#2618 = ( BOUNDED_CURVE() B_SPLINE_CURVE(2,(#2619,#2620,#2621,#2622,
#2623,#2624,#2625),.UNSPECIFIED.,.T.,.F.) B_SPLINE_CURVE_WITH_KNOTS((1,2
    ,2,2,2,1),(-2.094395102393,0.,2.094395102393,4.188790204786,
6.28318530718,8.377580409573),.UNSPECIFIED.) CURVE() 
GEOMETRIC_REPRESENTATION_ITEM() RATIONAL_B_SPLINE_CURVE((1.,0.5,1.,0.5,
1.,0.5,1.)) REPRESENTATION_ITEM('') );
#2619 = CARTESIAN_POINT('',(-27.66446609406,28.135533905933));
#2620 = CARTESIAN_POINT('',(-21.5407417371,22.011809548975));
#2621 = CARTESIAN_POINT('',(-29.90590477448,19.770370868555));
#2622 = CARTESIAN_POINT('',(-38.27106781186,17.528932188135));
#2623 = CARTESIAN_POINT('',(-36.02962913144,25.894095225513));
#2624 = CARTESIAN_POINT('',(-33.78819045102,34.259258262891));
#2625 = CARTESIAN_POINT('',(-27.66446609406,28.135533905933));
#2626 = ( GEOMETRIC_REPRESENTATION_CONTEXT(2) 
PARAMETRIC_REPRESENTATION_CONTEXT() REPRESENTATION_CONTEXT('2D SPACE',''
  ) );
#2627 = ORIENTED_EDGE('',*,*,#2628,.T.);
#2628 = EDGE_CURVE('',#2596,#2629,#2631,.T.);
#2629 = VERTEX_POINT('',#2630);
#2630 = CARTESIAN_POINT('',(-24.85,-25.,-8.));
#2631 = SURFACE_CURVE('',#2632,(#2636,#2643),.PCURVE_S1.);
#2632 = LINE('',#2633,#2634);
#2633 = CARTESIAN_POINT('',(-49.8499073366,-25.,-8.));
#2634 = VECTOR('',#2635,1.);
#2635 = DIRECTION('',(1.,-3.551733912669E-18,-1.084202172486E-16));
#2636 = PCURVE('',#98,#2637);
#2637 = DEFINITIONAL_REPRESENTATION('',(#2638),#2642);
#2638 = LINE('',#2639,#2640);
#2639 = CARTESIAN_POINT('',(0.785398163397,0.));
#2640 = VECTOR('',#2641,1.);
#2641 = DIRECTION('',(1.387778780781E-17,1.));
#2642 = ( GEOMETRIC_REPRESENTATION_CONTEXT(2) 
PARAMETRIC_REPRESENTATION_CONTEXT() REPRESENTATION_CONTEXT('2D SPACE',''
  ) );
#2643 = PCURVE('',#2644,#2649);
#2644 = PLANE('',#2645);
#2645 = AXIS2_PLACEMENT_3D('',#2646,#2647,#2648);
#2646 = CARTESIAN_POINT('',(-34.8499073366,-20.,-8.));
#2647 = DIRECTION('',(-1.084202172485E-16,4.513898307158E-32,-1.));
#2648 = DIRECTION('',(-1.,0.,1.084202172485E-16));
#2649 = DEFINITIONAL_REPRESENTATION('',(#2650),#2654);
#2650 = LINE('',#2651,#2652);
#2651 = CARTESIAN_POINT('',(15.,-5.));
#2652 = VECTOR('',#2653,1.);
#2653 = DIRECTION('',(-1.,-3.551733912669E-18));
#2654 = ( GEOMETRIC_REPRESENTATION_CONTEXT(2) 
PARAMETRIC_REPRESENTATION_CONTEXT() REPRESENTATION_CONTEXT('2D SPACE',''
  ) );
#2655 = ORIENTED_EDGE('',*,*,#2656,.F.);
#2656 = EDGE_CURVE('',#57,#2629,#2657,.T.);
#2657 = SURFACE_CURVE('',#2658,(#2663,#2670),.PCURVE_S1.);
#2658 = CIRCLE('',#2659,5.);
#2659 = AXIS2_PLACEMENT_3D('',#2660,#2661,#2662);
#2660 = CARTESIAN_POINT('',(-24.85,-25.,-13.));
#2661 = DIRECTION('',(1.,-3.551733912669E-18,-1.084202172485E-16));
#2662 = DIRECTION('',(7.917612596879E-17,0.707106781187,0.707106781187)
  );
#2663 = PCURVE('',#98,#2664);
#2664 = DEFINITIONAL_REPRESENTATION('',(#2665),#2669);
#2665 = LINE('',#2666,#2667);
#2666 = CARTESIAN_POINT('',(-6.28318530718,24.999907336607));
#2667 = VECTOR('',#2668,1.);
#2668 = DIRECTION('',(1.,0.));
#2669 = ( GEOMETRIC_REPRESENTATION_CONTEXT(2) 
PARAMETRIC_REPRESENTATION_CONTEXT() REPRESENTATION_CONTEXT('2D SPACE',''
  ) );
#2670 = PCURVE('',#71,#2671);
#2671 = DEFINITIONAL_REPRESENTATION('',(#2672),#2676);
#2672 = CIRCLE('',#2673,5.);
#2673 = AXIS2_PLACEMENT_2D('',#2674,#2675);
#2674 = CARTESIAN_POINT('',(87.,-75.));
#2675 = DIRECTION('',(0.707106781187,-0.707106781187));
#2676 = ( GEOMETRIC_REPRESENTATION_CONTEXT(2) 
PARAMETRIC_REPRESENTATION_CONTEXT() REPRESENTATION_CONTEXT('2D SPACE',''
  ) );
#2677 = ORIENTED_EDGE('',*,*,#82,.T.);
#2678 = ORIENTED_EDGE('',*,*,#2543,.F.);
#2679 = ADVANCED_FACE('',(#2680),#71,.T.);
#2680 = FACE_BOUND('',#2681,.T.);
#2681 = EDGE_LOOP('',(#2682,#2683,#2684,#2705,#2738,#2759,#2787,#2806));
#2682 = ORIENTED_EDGE('',*,*,#56,.T.);
#2683 = ORIENTED_EDGE('',*,*,#2656,.T.);
#2684 = ORIENTED_EDGE('',*,*,#2685,.T.);
#2685 = EDGE_CURVE('',#2629,#2686,#2688,.T.);
#2686 = VERTEX_POINT('',#2687);
#2687 = CARTESIAN_POINT('',(-24.85,-39.,-8.));
#2688 = SURFACE_CURVE('',#2689,(#2693,#2699),.PCURVE_S1.);
#2689 = LINE('',#2690,#2691);
#2690 = CARTESIAN_POINT('',(-24.85,-60.,-8.));
#2691 = VECTOR('',#2692,1.);
#2692 = DIRECTION('',(0.,-1.,-4.513898307158E-32));
#2693 = PCURVE('',#71,#2694);
#2694 = DEFINITIONAL_REPRESENTATION('',(#2695),#2698);
#2695 = B_SPLINE_CURVE_WITH_KNOTS('',1,(#2696,#2697),.UNSPECIFIED.,.F.,
  .F.,(2,2),(-35.,-21.),.PIECEWISE_BEZIER_KNOTS.);
#2696 = CARTESIAN_POINT('',(92.,-75.));
#2697 = CARTESIAN_POINT('',(92.,-61.));
#2698 = ( GEOMETRIC_REPRESENTATION_CONTEXT(2) 
PARAMETRIC_REPRESENTATION_CONTEXT() REPRESENTATION_CONTEXT('2D SPACE',''
  ) );
#2699 = PCURVE('',#2644,#2700);
#2700 = DEFINITIONAL_REPRESENTATION('',(#2701),#2704);
#2701 = B_SPLINE_CURVE_WITH_KNOTS('',1,(#2702,#2703),.UNSPECIFIED.,.F.,
  .F.,(2,2),(-35.,-21.),.PIECEWISE_BEZIER_KNOTS.);
#2702 = CARTESIAN_POINT('',(-9.999907336607,-5.));
#2703 = CARTESIAN_POINT('',(-9.999907336607,-19.));
#2704 = ( GEOMETRIC_REPRESENTATION_CONTEXT(2) 
PARAMETRIC_REPRESENTATION_CONTEXT() REPRESENTATION_CONTEXT('2D SPACE',''
  ) );
#2705 = ORIENTED_EDGE('',*,*,#2706,.F.);
#2706 = EDGE_CURVE('',#2707,#2686,#2709,.T.);
#2707 = VERTEX_POINT('',#2708);
#2708 = CARTESIAN_POINT('',(-24.85,-44.,-13.));
#2709 = SURFACE_CURVE('',#2710,(#2715,#2726),.PCURVE_S1.);
#2710 = CIRCLE('',#2711,5.);
#2711 = AXIS2_PLACEMENT_3D('',#2712,#2713,#2714);
#2712 = CARTESIAN_POINT('',(-24.85,-39.,-13.));
#2713 = DIRECTION('',(-1.,2.674982196925E-17,1.084202172485E-16));
#2714 = DIRECTION('',(5.774969032418E-17,-0.707106781187,0.707106781187)
  );
#2715 = PCURVE('',#71,#2716);
#2716 = DEFINITIONAL_REPRESENTATION('',(#2717),#2725);
#2717 = ( BOUNDED_CURVE() B_SPLINE_CURVE(2,(#2718,#2719,#2720,#2721,
#2722,#2723,#2724),.UNSPECIFIED.,.T.,.F.) B_SPLINE_CURVE_WITH_KNOTS((1,2
    ,2,2,2,1),(-2.094395102393,0.,2.094395102393,4.188790204786,
6.28318530718,8.377580409573),.UNSPECIFIED.) CURVE() 
GEOMETRIC_REPRESENTATION_ITEM() RATIONAL_B_SPLINE_CURVE((1.,0.5,1.,0.5,
1.,0.5,1.)) REPRESENTATION_ITEM('') );
#2718 = CARTESIAN_POINT('',(90.535533905933,-57.46446609406));
#2719 = CARTESIAN_POINT('',(96.659258262891,-63.58819045102));
#2720 = CARTESIAN_POINT('',(88.294095225513,-65.82962913144));
#2721 = CARTESIAN_POINT('',(79.928932188135,-68.07106781186));
#2722 = CARTESIAN_POINT('',(82.170370868555,-59.70590477448));
#2723 = CARTESIAN_POINT('',(84.411809548975,-51.3407417371));
#2724 = CARTESIAN_POINT('',(90.535533905933,-57.46446609406));
#2725 = ( GEOMETRIC_REPRESENTATION_CONTEXT(2) 
PARAMETRIC_REPRESENTATION_CONTEXT() REPRESENTATION_CONTEXT('2D SPACE',''
  ) );
#2726 = PCURVE('',#2727,#2732);
#2727 = CYLINDRICAL_SURFACE('',#2728,5.);
#2728 = AXIS2_PLACEMENT_3D('',#2729,#2730,#2731);
#2729 = CARTESIAN_POINT('',(-49.8499073366,-39.,-13.));
#2730 = DIRECTION('',(-1.,2.674982196925E-17,1.084202172485E-16));
#2731 = DIRECTION('',(5.774969032418E-17,-0.707106781187,0.707106781187)
  );
#2732 = DEFINITIONAL_REPRESENTATION('',(#2733),#2737);
#2733 = LINE('',#2734,#2735);
#2734 = CARTESIAN_POINT('',(0.,-24.9999073366));
#2735 = VECTOR('',#2736,1.);
#2736 = DIRECTION('',(1.,0.));
#2737 = ( GEOMETRIC_REPRESENTATION_CONTEXT(2) 
PARAMETRIC_REPRESENTATION_CONTEXT() REPRESENTATION_CONTEXT('2D SPACE',''
  ) );
#2738 = ORIENTED_EDGE('',*,*,#2739,.T.);
#2739 = EDGE_CURVE('',#2707,#2740,#2742,.T.);
#2740 = VERTEX_POINT('',#2741);
#2741 = CARTESIAN_POINT('',(-24.85,-44.,-21.));
#2742 = SURFACE_CURVE('',#2743,(#2747,#2753),.PCURVE_S1.);
#2743 = LINE('',#2744,#2745);
#2744 = CARTESIAN_POINT('',(-24.85,-44.,-37.5));
#2745 = VECTOR('',#2746,1.);
#2746 = DIRECTION('',(-0.,0.,-1.));
#2747 = PCURVE('',#71,#2748);
#2748 = DEFINITIONAL_REPRESENTATION('',(#2749),#2752);
#2749 = B_SPLINE_CURVE_WITH_KNOTS('',1,(#2750,#2751),.UNSPECIFIED.,.F.,
  .F.,(2,2),(-62.7,-12.3),.PIECEWISE_BEZIER_KNOTS.);
#2750 = CARTESIAN_POINT('',(125.2,-56.));
#2751 = CARTESIAN_POINT('',(74.8,-56.));
#2752 = ( GEOMETRIC_REPRESENTATION_CONTEXT(2) 
PARAMETRIC_REPRESENTATION_CONTEXT() REPRESENTATION_CONTEXT('2D SPACE',''
  ) );
#2753 = PCURVE('',#1424,#2754);
#2754 = DEFINITIONAL_REPRESENTATION('',(#2755),#2758);
#2755 = B_SPLINE_CURVE_WITH_KNOTS('',1,(#2756,#2757),.UNSPECIFIED.,.F.,
  .F.,(2,2),(-62.7,-12.3),.PIECEWISE_BEZIER_KNOTS.);
#2756 = CARTESIAN_POINT('',(0.2,39.999907336607));
#2757 = CARTESIAN_POINT('',(-50.2,39.999907336607));
#2758 = ( GEOMETRIC_REPRESENTATION_CONTEXT(2) 
PARAMETRIC_REPRESENTATION_CONTEXT() REPRESENTATION_CONTEXT('2D SPACE',''
  ) );
#2759 = ORIENTED_EDGE('',*,*,#2760,.F.);
#2760 = EDGE_CURVE('',#2761,#2740,#2763,.T.);
#2761 = VERTEX_POINT('',#2762);
#2762 = CARTESIAN_POINT('',(-24.85,-39.,-26.));
#2763 = SURFACE_CURVE('',#2764,(#2769,#2780),.PCURVE_S1.);
#2764 = CIRCLE('',#2765,5.);
#2765 = AXIS2_PLACEMENT_3D('',#2766,#2767,#2768);
#2766 = CARTESIAN_POINT('',(-24.85,-39.,-21.));
#2767 = DIRECTION('',(-1.,2.674982196925E-17,0.));
#2768 = DIRECTION('',(-1.891498050999E-17,-0.707106781187,
    -0.707106781187));
#2769 = PCURVE('',#71,#2770);
#2770 = DEFINITIONAL_REPRESENTATION('',(#2771),#2779);
#2771 = ( BOUNDED_CURVE() B_SPLINE_CURVE(2,(#2772,#2773,#2774,#2775,
#2776,#2777,#2778),.UNSPECIFIED.,.T.,.F.) B_SPLINE_CURVE_WITH_KNOTS((1,2
    ,2,2,2,1),(-2.094395102393,0.,2.094395102393,4.188790204786,
6.28318530718,8.377580409573),.UNSPECIFIED.) CURVE() 
GEOMETRIC_REPRESENTATION_ITEM() RATIONAL_B_SPLINE_CURVE((1.,0.5,1.,0.5,
1.,0.5,1.)) REPRESENTATION_ITEM('') );
#2772 = CARTESIAN_POINT('',(75.464466094067,-57.46446609406));
#2773 = CARTESIAN_POINT('',(81.588190451025,-51.3407417371));
#2774 = CARTESIAN_POINT('',(83.829629131445,-59.70590477448));
#2775 = CARTESIAN_POINT('',(86.071067811865,-68.07106781186));
#2776 = CARTESIAN_POINT('',(77.705904774487,-65.82962913144));
#2777 = CARTESIAN_POINT('',(69.340741737109,-63.58819045102));
#2778 = CARTESIAN_POINT('',(75.464466094067,-57.46446609406));
#2779 = ( GEOMETRIC_REPRESENTATION_CONTEXT(2) 
PARAMETRIC_REPRESENTATION_CONTEXT() REPRESENTATION_CONTEXT('2D SPACE',''
  ) );
#2780 = PCURVE('',#1396,#2781);
#2781 = DEFINITIONAL_REPRESENTATION('',(#2782),#2786);
#2782 = LINE('',#2783,#2784);
#2783 = CARTESIAN_POINT('',(-6.28318530718,5.175046331696));
#2784 = VECTOR('',#2785,1.);
#2785 = DIRECTION('',(1.,0.));
#2786 = ( GEOMETRIC_REPRESENTATION_CONTEXT(2) 
PARAMETRIC_REPRESENTATION_CONTEXT() REPRESENTATION_CONTEXT('2D SPACE',''
  ) );
#2787 = ORIENTED_EDGE('',*,*,#2788,.T.);
#2788 = EDGE_CURVE('',#2761,#1274,#2789,.T.);
#2789 = SURFACE_CURVE('',#2790,(#2794,#2800),.PCURVE_S1.);
#2790 = LINE('',#2791,#2792);
#2791 = CARTESIAN_POINT('',(-24.85,-66.,-26.));
#2792 = VECTOR('',#2793,1.);
#2793 = DIRECTION('',(-0.,1.,0.));
#2794 = PCURVE('',#71,#2795);
#2795 = DEFINITIONAL_REPRESENTATION('',(#2796),#2799);
#2796 = B_SPLINE_CURVE_WITH_KNOTS('',1,(#2797,#2798),.UNSPECIFIED.,.F.,
  .F.,(2,2),(27.,41.),.PIECEWISE_BEZIER_KNOTS.);
#2797 = CARTESIAN_POINT('',(74.,-61.));
#2798 = CARTESIAN_POINT('',(74.,-75.));
#2799 = ( GEOMETRIC_REPRESENTATION_CONTEXT(2) 
PARAMETRIC_REPRESENTATION_CONTEXT() REPRESENTATION_CONTEXT('2D SPACE',''
  ) );
#2800 = PCURVE('',#1291,#2801);
#2801 = DEFINITIONAL_REPRESENTATION('',(#2802),#2805);
#2802 = B_SPLINE_CURVE_WITH_KNOTS('',1,(#2803,#2804),.UNSPECIFIED.,.F.,
  .F.,(2,2),(27.,41.),.PIECEWISE_BEZIER_KNOTS.);
#2803 = CARTESIAN_POINT('',(-50.35,-7.));
#2804 = CARTESIAN_POINT('',(-50.35,7.));
#2805 = ( GEOMETRIC_REPRESENTATION_CONTEXT(2) 
PARAMETRIC_REPRESENTATION_CONTEXT() REPRESENTATION_CONTEXT('2D SPACE',''
  ) );
#2806 = ORIENTED_EDGE('',*,*,#1326,.F.);
#2807 = ADVANCED_FACE('',(#2808),#378,.F.);
#2808 = FACE_BOUND('',#2809,.T.);
#2809 = EDGE_LOOP('',(#2810,#2833,#2834,#2857));
#2810 = ORIENTED_EDGE('',*,*,#2811,.F.);
#2811 = EDGE_CURVE('',#361,#2812,#2814,.T.);
#2812 = VERTEX_POINT('',#2813);
#2813 = CARTESIAN_POINT('',(-47.30070664511,-24.8,11.8));
#2814 = SURFACE_CURVE('',#2815,(#2819,#2826),.PCURVE_S1.);
#2815 = LINE('',#2816,#2817);
#2816 = CARTESIAN_POINT('',(-47.30070664511,-20.,11.8));
#2817 = VECTOR('',#2818,1.);
#2818 = DIRECTION('',(0.,-1.,0.));
#2819 = PCURVE('',#378,#2820);
#2820 = DEFINITIONAL_REPRESENTATION('',(#2821),#2825);
#2821 = LINE('',#2822,#2823);
#2822 = CARTESIAN_POINT('',(-3.430221166424,-3.));
#2823 = VECTOR('',#2824,1.);
#2824 = DIRECTION('',(0.,-1.));
#2825 = ( GEOMETRIC_REPRESENTATION_CONTEXT(2) 
PARAMETRIC_REPRESENTATION_CONTEXT() REPRESENTATION_CONTEXT('2D SPACE',''
  ) );
#2826 = PCURVE('',#460,#2827);
#2827 = DEFINITIONAL_REPRESENTATION('',(#2828),#2832);
#2828 = LINE('',#2829,#2830);
#2829 = CARTESIAN_POINT('',(3.430221166424,-3.));
#2830 = VECTOR('',#2831,1.);
#2831 = DIRECTION('',(0.,-1.));
#2832 = ( GEOMETRIC_REPRESENTATION_CONTEXT(2) 
PARAMETRIC_REPRESENTATION_CONTEXT() REPRESENTATION_CONTEXT('2D SPACE',''
  ) );
#2833 = ORIENTED_EDGE('',*,*,#360,.T.);
#2834 = ORIENTED_EDGE('',*,*,#2835,.T.);
#2835 = EDGE_CURVE('',#363,#2836,#2838,.T.);
#2836 = VERTEX_POINT('',#2837);
#2837 = CARTESIAN_POINT('',(-44.8499073366,-24.8,14.2));
#2838 = SURFACE_CURVE('',#2839,(#2843,#2850),.PCURVE_S1.);
#2839 = LINE('',#2840,#2841);
#2840 = CARTESIAN_POINT('',(-44.8499073366,-20.,14.2));
#2841 = VECTOR('',#2842,1.);
#2842 = DIRECTION('',(0.,-1.,0.));
#2843 = PCURVE('',#378,#2844);
#2844 = DEFINITIONAL_REPRESENTATION('',(#2845),#2849);
#2845 = LINE('',#2846,#2847);
#2846 = CARTESIAN_POINT('',(0.,-3.));
#2847 = VECTOR('',#2848,1.);
#2848 = DIRECTION('',(0.,-1.));
#2849 = ( GEOMETRIC_REPRESENTATION_CONTEXT(2) 
PARAMETRIC_REPRESENTATION_CONTEXT() REPRESENTATION_CONTEXT('2D SPACE',''
  ) );
#2850 = PCURVE('',#406,#2851);
#2851 = DEFINITIONAL_REPRESENTATION('',(#2852),#2856);
#2852 = LINE('',#2853,#2854);
#2853 = CARTESIAN_POINT('',(-3.430221166424,-3.));
#2854 = VECTOR('',#2855,1.);
#2855 = DIRECTION('',(0.,-1.));
#2856 = ( GEOMETRIC_REPRESENTATION_CONTEXT(2) 
PARAMETRIC_REPRESENTATION_CONTEXT() REPRESENTATION_CONTEXT('2D SPACE',''
  ) );
#2857 = ORIENTED_EDGE('',*,*,#2858,.F.);
#2858 = EDGE_CURVE('',#2812,#2836,#2859,.T.);
#2859 = SURFACE_CURVE('',#2860,(#2864,#2871),.PCURVE_S1.);
#2860 = LINE('',#2861,#2862);
#2861 = CARTESIAN_POINT('',(-47.30070664511,-24.8,11.8));
#2862 = VECTOR('',#2863,1.);
#2863 = DIRECTION('',(0.714472679633,0.,0.699663340513));
#2864 = PCURVE('',#378,#2865);
#2865 = DEFINITIONAL_REPRESENTATION('',(#2866),#2870);
#2866 = LINE('',#2867,#2868);
#2867 = CARTESIAN_POINT('',(-3.430221166424,-7.8));
#2868 = VECTOR('',#2869,1.);
#2869 = DIRECTION('',(1.,2.465190328816E-32));
#2870 = ( GEOMETRIC_REPRESENTATION_CONTEXT(2) 
PARAMETRIC_REPRESENTATION_CONTEXT() REPRESENTATION_CONTEXT('2D SPACE',''
  ) );
#2871 = PCURVE('',#2503,#2872);
#2872 = DEFINITIONAL_REPRESENTATION('',(#2873),#2877);
#2873 = LINE('',#2874,#2875);
#2874 = CARTESIAN_POINT('',(6.4,-12.4507993085));
#2875 = VECTOR('',#2876,1.);
#2876 = DIRECTION('',(-0.699663340513,0.714472679633));
#2877 = ( GEOMETRIC_REPRESENTATION_CONTEXT(2) 
PARAMETRIC_REPRESENTATION_CONTEXT() REPRESENTATION_CONTEXT('2D SPACE',''
  ) );
#2878 = ADVANCED_FACE('',(#2879),#460,.F.);
#2879 = FACE_BOUND('',#2880,.T.);
#2880 = EDGE_LOOP('',(#2881,#2904,#2905,#2906));
#2881 = ORIENTED_EDGE('',*,*,#2882,.F.);
#2882 = EDGE_CURVE('',#419,#2883,#2885,.T.);
#2883 = VERTEX_POINT('',#2884);
#2884 = CARTESIAN_POINT('',(-44.8499073366,-24.8,9.4));
#2885 = SURFACE_CURVE('',#2886,(#2890,#2897),.PCURVE_S1.);
#2886 = LINE('',#2887,#2888);
#2887 = CARTESIAN_POINT('',(-44.8499073366,-20.,9.4));
#2888 = VECTOR('',#2889,1.);
#2889 = DIRECTION('',(0.,-1.,0.));
#2890 = PCURVE('',#460,#2891);
#2891 = DEFINITIONAL_REPRESENTATION('',(#2892),#2896);
#2892 = LINE('',#2893,#2894);
#2893 = CARTESIAN_POINT('',(0.,-3.));
#2894 = VECTOR('',#2895,1.);
#2895 = DIRECTION('',(0.,-1.));
#2896 = ( GEOMETRIC_REPRESENTATION_CONTEXT(2) 
PARAMETRIC_REPRESENTATION_CONTEXT() REPRESENTATION_CONTEXT('2D SPACE',''
  ) );
#2897 = PCURVE('',#434,#2898);
#2898 = DEFINITIONAL_REPRESENTATION('',(#2899),#2903);
#2899 = LINE('',#2900,#2901);
#2900 = CARTESIAN_POINT('',(3.430221166424,-3.));
#2901 = VECTOR('',#2902,1.);
#2902 = DIRECTION('',(0.,-1.));
#2903 = ( GEOMETRIC_REPRESENTATION_CONTEXT(2) 
PARAMETRIC_REPRESENTATION_CONTEXT() REPRESENTATION_CONTEXT('2D SPACE',''
  ) );
#2904 = ORIENTED_EDGE('',*,*,#446,.T.);
#2905 = ORIENTED_EDGE('',*,*,#2811,.T.);
#2906 = ORIENTED_EDGE('',*,*,#2907,.F.);
#2907 = EDGE_CURVE('',#2883,#2812,#2908,.T.);
#2908 = SURFACE_CURVE('',#2909,(#2913,#2920),.PCURVE_S1.);
#2909 = LINE('',#2910,#2911);
#2910 = CARTESIAN_POINT('',(-44.8499073366,-24.8,9.4));
#2911 = VECTOR('',#2912,1.);
#2912 = DIRECTION('',(-0.714472679633,0.,0.699663340513));
#2913 = PCURVE('',#460,#2914);
#2914 = DEFINITIONAL_REPRESENTATION('',(#2915),#2919);
#2915 = LINE('',#2916,#2917);
#2916 = CARTESIAN_POINT('',(-1.242851760199E-15,-7.8));
#2917 = VECTOR('',#2918,1.);
#2918 = DIRECTION('',(1.,-2.218671295934E-31));
#2919 = ( GEOMETRIC_REPRESENTATION_CONTEXT(2) 
PARAMETRIC_REPRESENTATION_CONTEXT() REPRESENTATION_CONTEXT('2D SPACE',''
  ) );
#2920 = PCURVE('',#2503,#2921);
#2921 = DEFINITIONAL_REPRESENTATION('',(#2922),#2926);
#2922 = LINE('',#2923,#2924);
#2923 = CARTESIAN_POINT('',(8.8,-10.));
#2924 = VECTOR('',#2925,1.);
#2925 = DIRECTION('',(-0.699663340513,-0.714472679633));
#2926 = ( GEOMETRIC_REPRESENTATION_CONTEXT(2) 
PARAMETRIC_REPRESENTATION_CONTEXT() REPRESENTATION_CONTEXT('2D SPACE',''
  ) );
#2927 = ADVANCED_FACE('',(#2928),#406,.F.);
#2928 = FACE_BOUND('',#2929,.T.);
#2929 = EDGE_LOOP('',(#2930,#2931,#2932,#2955));
#2930 = ORIENTED_EDGE('',*,*,#2835,.F.);
#2931 = ORIENTED_EDGE('',*,*,#390,.T.);
#2932 = ORIENTED_EDGE('',*,*,#2933,.T.);
#2933 = EDGE_CURVE('',#391,#2934,#2936,.T.);
#2934 = VERTEX_POINT('',#2935);
#2935 = CARTESIAN_POINT('',(-42.39910802809,-24.8,11.8));
#2936 = SURFACE_CURVE('',#2937,(#2941,#2948),.PCURVE_S1.);
#2937 = LINE('',#2938,#2939);
#2938 = CARTESIAN_POINT('',(-42.39910802809,-20.,11.8));
#2939 = VECTOR('',#2940,1.);
#2940 = DIRECTION('',(0.,-1.,0.));
#2941 = PCURVE('',#406,#2942);
#2942 = DEFINITIONAL_REPRESENTATION('',(#2943),#2947);
#2943 = LINE('',#2944,#2945);
#2944 = CARTESIAN_POINT('',(0.,-3.));
#2945 = VECTOR('',#2946,1.);
#2946 = DIRECTION('',(0.,-1.));
#2947 = ( GEOMETRIC_REPRESENTATION_CONTEXT(2) 
PARAMETRIC_REPRESENTATION_CONTEXT() REPRESENTATION_CONTEXT('2D SPACE',''
  ) );
#2948 = PCURVE('',#434,#2949);
#2949 = DEFINITIONAL_REPRESENTATION('',(#2950),#2954);
#2950 = LINE('',#2951,#2952);
#2951 = CARTESIAN_POINT('',(-0.,-3.));
#2952 = VECTOR('',#2953,1.);
#2953 = DIRECTION('',(0.,-1.));
#2954 = ( GEOMETRIC_REPRESENTATION_CONTEXT(2) 
PARAMETRIC_REPRESENTATION_CONTEXT() REPRESENTATION_CONTEXT('2D SPACE',''
  ) );
#2955 = ORIENTED_EDGE('',*,*,#2956,.F.);
#2956 = EDGE_CURVE('',#2836,#2934,#2957,.T.);
#2957 = SURFACE_CURVE('',#2958,(#2962,#2969),.PCURVE_S1.);
#2958 = LINE('',#2959,#2960);
#2959 = CARTESIAN_POINT('',(-44.8499073366,-24.8,14.2));
#2960 = VECTOR('',#2961,1.);
#2961 = DIRECTION('',(0.714472679633,0.,-0.699663340513));
#2962 = PCURVE('',#406,#2963);
#2963 = DEFINITIONAL_REPRESENTATION('',(#2964),#2968);
#2964 = LINE('',#2965,#2966);
#2965 = CARTESIAN_POINT('',(-3.430221166424,-7.8));
#2966 = VECTOR('',#2967,1.);
#2967 = DIRECTION('',(1.,-2.218671295934E-31));
#2968 = ( GEOMETRIC_REPRESENTATION_CONTEXT(2) 
PARAMETRIC_REPRESENTATION_CONTEXT() REPRESENTATION_CONTEXT('2D SPACE',''
  ) );
#2969 = PCURVE('',#2503,#2970);
#2970 = DEFINITIONAL_REPRESENTATION('',(#2971),#2975);
#2971 = LINE('',#2972,#2973);
#2972 = CARTESIAN_POINT('',(4.,-10.));
#2973 = VECTOR('',#2974,1.);
#2974 = DIRECTION('',(0.699663340513,0.714472679633));
#2975 = ( GEOMETRIC_REPRESENTATION_CONTEXT(2) 
PARAMETRIC_REPRESENTATION_CONTEXT() REPRESENTATION_CONTEXT('2D SPACE',''
  ) );
#2976 = ADVANCED_FACE('',(#2977),#434,.F.);
#2977 = FACE_BOUND('',#2978,.T.);
#2978 = EDGE_LOOP('',(#2979,#2980,#2981,#2982));
#2979 = ORIENTED_EDGE('',*,*,#2933,.F.);
#2980 = ORIENTED_EDGE('',*,*,#418,.T.);
#2981 = ORIENTED_EDGE('',*,*,#2882,.T.);
#2982 = ORIENTED_EDGE('',*,*,#2983,.F.);
#2983 = EDGE_CURVE('',#2934,#2883,#2984,.T.);
#2984 = SURFACE_CURVE('',#2985,(#2989,#2996),.PCURVE_S1.);
#2985 = LINE('',#2986,#2987);
#2986 = CARTESIAN_POINT('',(-42.39910802809,-24.8,11.8));
#2987 = VECTOR('',#2988,1.);
#2988 = DIRECTION('',(-0.714472679633,0.,-0.699663340513));
#2989 = PCURVE('',#434,#2990);
#2990 = DEFINITIONAL_REPRESENTATION('',(#2991),#2995);
#2991 = LINE('',#2992,#2993);
#2992 = CARTESIAN_POINT('',(-1.242851760199E-15,-7.8));
#2993 = VECTOR('',#2994,1.);
#2994 = DIRECTION('',(1.,-4.437342591868E-31));
#2995 = ( GEOMETRIC_REPRESENTATION_CONTEXT(2) 
PARAMETRIC_REPRESENTATION_CONTEXT() REPRESENTATION_CONTEXT('2D SPACE',''
  ) );
#2996 = PCURVE('',#2503,#2997);
#2997 = DEFINITIONAL_REPRESENTATION('',(#2998),#3002);
#2998 = LINE('',#2999,#3000);
#2999 = CARTESIAN_POINT('',(6.4,-7.549200691492));
#3000 = VECTOR('',#3001,1.);
#3001 = DIRECTION('',(0.699663340513,-0.714472679633));
#3002 = ( GEOMETRIC_REPRESENTATION_CONTEXT(2) 
PARAMETRIC_REPRESENTATION_CONTEXT() REPRESENTATION_CONTEXT('2D SPACE',''
  ) );
#3003 = ADVANCED_FACE('',(#3004),#492,.F.);
#3004 = FACE_BOUND('',#3005,.T.);
#3005 = EDGE_LOOP('',(#3006,#3029,#3030,#3053));
#3006 = ORIENTED_EDGE('',*,*,#3007,.F.);
#3007 = EDGE_CURVE('',#475,#3008,#3010,.T.);
#3008 = VERTEX_POINT('',#3009);
#3009 = CARTESIAN_POINT('',(-47.30070664511,-24.8,3.6));
#3010 = SURFACE_CURVE('',#3011,(#3015,#3022),.PCURVE_S1.);
#3011 = LINE('',#3012,#3013);
#3012 = CARTESIAN_POINT('',(-47.30070664511,-20.,3.6));
#3013 = VECTOR('',#3014,1.);
#3014 = DIRECTION('',(0.,-1.,0.));
#3015 = PCURVE('',#492,#3016);
#3016 = DEFINITIONAL_REPRESENTATION('',(#3017),#3021);
#3017 = LINE('',#3018,#3019);
#3018 = CARTESIAN_POINT('',(-3.430221166424,-3.));
#3019 = VECTOR('',#3020,1.);
#3020 = DIRECTION('',(0.,-1.));
#3021 = ( GEOMETRIC_REPRESENTATION_CONTEXT(2) 
PARAMETRIC_REPRESENTATION_CONTEXT() REPRESENTATION_CONTEXT('2D SPACE',''
  ) );
#3022 = PCURVE('',#574,#3023);
#3023 = DEFINITIONAL_REPRESENTATION('',(#3024),#3028);
#3024 = LINE('',#3025,#3026);
#3025 = CARTESIAN_POINT('',(3.430221166424,-3.));
#3026 = VECTOR('',#3027,1.);
#3027 = DIRECTION('',(0.,-1.));
#3028 = ( GEOMETRIC_REPRESENTATION_CONTEXT(2) 
PARAMETRIC_REPRESENTATION_CONTEXT() REPRESENTATION_CONTEXT('2D SPACE',''
  ) );
#3029 = ORIENTED_EDGE('',*,*,#474,.T.);
#3030 = ORIENTED_EDGE('',*,*,#3031,.T.);
#3031 = EDGE_CURVE('',#477,#3032,#3034,.T.);
#3032 = VERTEX_POINT('',#3033);
#3033 = CARTESIAN_POINT('',(-44.8499073366,-24.8,6.));
#3034 = SURFACE_CURVE('',#3035,(#3039,#3046),.PCURVE_S1.);
#3035 = LINE('',#3036,#3037);
#3036 = CARTESIAN_POINT('',(-44.8499073366,-20.,6.));
#3037 = VECTOR('',#3038,1.);
#3038 = DIRECTION('',(0.,-1.,0.));
#3039 = PCURVE('',#492,#3040);
#3040 = DEFINITIONAL_REPRESENTATION('',(#3041),#3045);
#3041 = LINE('',#3042,#3043);
#3042 = CARTESIAN_POINT('',(6.214258800993E-16,-3.));
#3043 = VECTOR('',#3044,1.);
#3044 = DIRECTION('',(0.,-1.));
#3045 = ( GEOMETRIC_REPRESENTATION_CONTEXT(2) 
PARAMETRIC_REPRESENTATION_CONTEXT() REPRESENTATION_CONTEXT('2D SPACE',''
  ) );
#3046 = PCURVE('',#520,#3047);
#3047 = DEFINITIONAL_REPRESENTATION('',(#3048),#3052);
#3048 = LINE('',#3049,#3050);
#3049 = CARTESIAN_POINT('',(-3.430221166424,-3.));
#3050 = VECTOR('',#3051,1.);
#3051 = DIRECTION('',(0.,-1.));
#3052 = ( GEOMETRIC_REPRESENTATION_CONTEXT(2) 
PARAMETRIC_REPRESENTATION_CONTEXT() REPRESENTATION_CONTEXT('2D SPACE',''
  ) );
#3053 = ORIENTED_EDGE('',*,*,#3054,.F.);
#3054 = EDGE_CURVE('',#3008,#3032,#3055,.T.);
#3055 = SURFACE_CURVE('',#3056,(#3060,#3067),.PCURVE_S1.);
#3056 = LINE('',#3057,#3058);
#3057 = CARTESIAN_POINT('',(-47.30070664511,-24.8,3.6));
#3058 = VECTOR('',#3059,1.);
#3059 = DIRECTION('',(0.714472679633,0.,0.699663340513));
#3060 = PCURVE('',#492,#3061);
#3061 = DEFINITIONAL_REPRESENTATION('',(#3062),#3066);
#3062 = LINE('',#3063,#3064);
#3063 = CARTESIAN_POINT('',(-3.430221166424,-7.8));
#3064 = VECTOR('',#3065,1.);
#3065 = DIRECTION('',(1.,2.465190328816E-32));
#3066 = ( GEOMETRIC_REPRESENTATION_CONTEXT(2) 
PARAMETRIC_REPRESENTATION_CONTEXT() REPRESENTATION_CONTEXT('2D SPACE',''
  ) );
#3067 = PCURVE('',#2503,#3068);
#3068 = DEFINITIONAL_REPRESENTATION('',(#3069),#3073);
#3069 = LINE('',#3070,#3071);
#3070 = CARTESIAN_POINT('',(14.6,-12.4507993085));
#3071 = VECTOR('',#3072,1.);
#3072 = DIRECTION('',(-0.699663340513,0.714472679633));
#3073 = ( GEOMETRIC_REPRESENTATION_CONTEXT(2) 
PARAMETRIC_REPRESENTATION_CONTEXT() REPRESENTATION_CONTEXT('2D SPACE',''
  ) );
#3074 = ADVANCED_FACE('',(#3075),#574,.F.);
#3075 = FACE_BOUND('',#3076,.T.);
#3076 = EDGE_LOOP('',(#3077,#3100,#3101,#3102));
#3077 = ORIENTED_EDGE('',*,*,#3078,.F.);
#3078 = EDGE_CURVE('',#533,#3079,#3081,.T.);
#3079 = VERTEX_POINT('',#3080);
#3080 = CARTESIAN_POINT('',(-44.8499073366,-24.8,1.2));
#3081 = SURFACE_CURVE('',#3082,(#3086,#3093),.PCURVE_S1.);
#3082 = LINE('',#3083,#3084);
#3083 = CARTESIAN_POINT('',(-44.8499073366,-20.,1.2));
#3084 = VECTOR('',#3085,1.);
#3085 = DIRECTION('',(0.,-1.,0.));
#3086 = PCURVE('',#574,#3087);
#3087 = DEFINITIONAL_REPRESENTATION('',(#3088),#3092);
#3088 = LINE('',#3089,#3090);
#3089 = CARTESIAN_POINT('',(-4.660694100745E-16,-3.));
#3090 = VECTOR('',#3091,1.);
#3091 = DIRECTION('',(0.,-1.));
#3092 = ( GEOMETRIC_REPRESENTATION_CONTEXT(2) 
PARAMETRIC_REPRESENTATION_CONTEXT() REPRESENTATION_CONTEXT('2D SPACE',''
  ) );
#3093 = PCURVE('',#548,#3094);
#3094 = DEFINITIONAL_REPRESENTATION('',(#3095),#3099);
#3095 = LINE('',#3096,#3097);
#3096 = CARTESIAN_POINT('',(3.430221166424,-3.));
#3097 = VECTOR('',#3098,1.);
#3098 = DIRECTION('',(0.,-1.));
#3099 = ( GEOMETRIC_REPRESENTATION_CONTEXT(2) 
PARAMETRIC_REPRESENTATION_CONTEXT() REPRESENTATION_CONTEXT('2D SPACE',''
  ) );
#3100 = ORIENTED_EDGE('',*,*,#560,.T.);
#3101 = ORIENTED_EDGE('',*,*,#3007,.T.);
#3102 = ORIENTED_EDGE('',*,*,#3103,.F.);
#3103 = EDGE_CURVE('',#3079,#3008,#3104,.T.);
#3104 = SURFACE_CURVE('',#3105,(#3109,#3116),.PCURVE_S1.);
#3105 = LINE('',#3106,#3107);
#3106 = CARTESIAN_POINT('',(-44.8499073366,-24.8,1.2));
#3107 = VECTOR('',#3108,1.);
#3108 = DIRECTION('',(-0.714472679633,0.,0.699663340513));
#3109 = PCURVE('',#574,#3110);
#3110 = DEFINITIONAL_REPRESENTATION('',(#3111),#3115);
#3111 = LINE('',#3112,#3113);
#3112 = CARTESIAN_POINT('',(-1.087495290174E-15,-7.8));
#3113 = VECTOR('',#3114,1.);
#3114 = DIRECTION('',(1.,-2.218671295934E-31));
#3115 = ( GEOMETRIC_REPRESENTATION_CONTEXT(2) 
PARAMETRIC_REPRESENTATION_CONTEXT() REPRESENTATION_CONTEXT('2D SPACE',''
  ) );
#3116 = PCURVE('',#2503,#3117);
#3117 = DEFINITIONAL_REPRESENTATION('',(#3118),#3122);
#3118 = LINE('',#3119,#3120);
#3119 = CARTESIAN_POINT('',(17.,-10.));
#3120 = VECTOR('',#3121,1.);
#3121 = DIRECTION('',(-0.699663340513,-0.714472679633));
#3122 = ( GEOMETRIC_REPRESENTATION_CONTEXT(2) 
PARAMETRIC_REPRESENTATION_CONTEXT() REPRESENTATION_CONTEXT('2D SPACE',''
  ) );
#3123 = ADVANCED_FACE('',(#3124),#520,.F.);
#3124 = FACE_BOUND('',#3125,.T.);
#3125 = EDGE_LOOP('',(#3126,#3127,#3128,#3151));
#3126 = ORIENTED_EDGE('',*,*,#3031,.F.);
#3127 = ORIENTED_EDGE('',*,*,#504,.T.);
#3128 = ORIENTED_EDGE('',*,*,#3129,.T.);
#3129 = EDGE_CURVE('',#505,#3130,#3132,.T.);
#3130 = VERTEX_POINT('',#3131);
#3131 = CARTESIAN_POINT('',(-42.39910802809,-24.8,3.6));
#3132 = SURFACE_CURVE('',#3133,(#3137,#3144),.PCURVE_S1.);
#3133 = LINE('',#3134,#3135);
#3134 = CARTESIAN_POINT('',(-42.39910802809,-20.,3.6));
#3135 = VECTOR('',#3136,1.);
#3136 = DIRECTION('',(0.,-1.,0.));
#3137 = PCURVE('',#520,#3138);
#3138 = DEFINITIONAL_REPRESENTATION('',(#3139),#3143);
#3139 = LINE('',#3140,#3141);
#3140 = CARTESIAN_POINT('',(3.107129400496E-16,-3.));
#3141 = VECTOR('',#3142,1.);
#3142 = DIRECTION('',(0.,-1.));
#3143 = ( GEOMETRIC_REPRESENTATION_CONTEXT(2) 
PARAMETRIC_REPRESENTATION_CONTEXT() REPRESENTATION_CONTEXT('2D SPACE',''
  ) );
#3144 = PCURVE('',#548,#3145);
#3145 = DEFINITIONAL_REPRESENTATION('',(#3146),#3150);
#3146 = LINE('',#3147,#3148);
#3147 = CARTESIAN_POINT('',(-3.107129400496E-16,-3.));
#3148 = VECTOR('',#3149,1.);
#3149 = DIRECTION('',(0.,-1.));
#3150 = ( GEOMETRIC_REPRESENTATION_CONTEXT(2) 
PARAMETRIC_REPRESENTATION_CONTEXT() REPRESENTATION_CONTEXT('2D SPACE',''
  ) );
#3151 = ORIENTED_EDGE('',*,*,#3152,.F.);
#3152 = EDGE_CURVE('',#3032,#3130,#3153,.T.);
#3153 = SURFACE_CURVE('',#3154,(#3158,#3165),.PCURVE_S1.);
#3154 = LINE('',#3155,#3156);
#3155 = CARTESIAN_POINT('',(-44.8499073366,-24.8,6.));
#3156 = VECTOR('',#3157,1.);
#3157 = DIRECTION('',(0.714472679633,0.,-0.699663340513));
#3158 = PCURVE('',#520,#3159);
#3159 = DEFINITIONAL_REPRESENTATION('',(#3160),#3164);
#3160 = LINE('',#3161,#3162);
#3161 = CARTESIAN_POINT('',(-3.430221166424,-7.8));
#3162 = VECTOR('',#3163,1.);
#3163 = DIRECTION('',(1.,1.725633230171E-31));
#3164 = ( GEOMETRIC_REPRESENTATION_CONTEXT(2) 
PARAMETRIC_REPRESENTATION_CONTEXT() REPRESENTATION_CONTEXT('2D SPACE',''
  ) );
#3165 = PCURVE('',#2503,#3166);
#3166 = DEFINITIONAL_REPRESENTATION('',(#3167),#3171);
#3167 = LINE('',#3168,#3169);
#3168 = CARTESIAN_POINT('',(12.2,-10.));
#3169 = VECTOR('',#3170,1.);
#3170 = DIRECTION('',(0.699663340513,0.714472679633));
#3171 = ( GEOMETRIC_REPRESENTATION_CONTEXT(2) 
PARAMETRIC_REPRESENTATION_CONTEXT() REPRESENTATION_CONTEXT('2D SPACE',''
  ) );
#3172 = ADVANCED_FACE('',(#3173),#548,.F.);
#3173 = FACE_BOUND('',#3174,.T.);
#3174 = EDGE_LOOP('',(#3175,#3176,#3177,#3178));
#3175 = ORIENTED_EDGE('',*,*,#3129,.F.);
#3176 = ORIENTED_EDGE('',*,*,#532,.T.);
#3177 = ORIENTED_EDGE('',*,*,#3078,.T.);
#3178 = ORIENTED_EDGE('',*,*,#3179,.F.);
#3179 = EDGE_CURVE('',#3130,#3079,#3180,.T.);
#3180 = SURFACE_CURVE('',#3181,(#3185,#3192),.PCURVE_S1.);
#3181 = LINE('',#3182,#3183);
#3182 = CARTESIAN_POINT('',(-42.39910802809,-24.8,3.6));
#3183 = VECTOR('',#3184,1.);
#3184 = DIRECTION('',(-0.714472679633,0.,-0.699663340513));
#3185 = PCURVE('',#548,#3186);
#3186 = DEFINITIONAL_REPRESENTATION('',(#3187),#3191);
#3187 = LINE('',#3188,#3189);
#3188 = CARTESIAN_POINT('',(-1.242851760199E-15,-7.8));
#3189 = VECTOR('',#3190,1.);
#3190 = DIRECTION('',(1.,-2.218671295934E-31));
#3191 = ( GEOMETRIC_REPRESENTATION_CONTEXT(2) 
PARAMETRIC_REPRESENTATION_CONTEXT() REPRESENTATION_CONTEXT('2D SPACE',''
  ) );
#3192 = PCURVE('',#2503,#3193);
#3193 = DEFINITIONAL_REPRESENTATION('',(#3194),#3198);
#3194 = LINE('',#3195,#3196);
#3195 = CARTESIAN_POINT('',(14.6,-7.549200691492));
#3196 = VECTOR('',#3197,1.);
#3197 = DIRECTION('',(0.699663340513,-0.714472679633));
#3198 = ( GEOMETRIC_REPRESENTATION_CONTEXT(2) 
PARAMETRIC_REPRESENTATION_CONTEXT() REPRESENTATION_CONTEXT('2D SPACE',''
  ) );
#3199 = ADVANCED_FACE('',(#3200),#606,.F.);
#3200 = FACE_BOUND('',#3201,.T.);
#3201 = EDGE_LOOP('',(#3202,#3225,#3226,#3249));
#3202 = ORIENTED_EDGE('',*,*,#3203,.F.);
#3203 = EDGE_CURVE('',#589,#3204,#3206,.T.);
#3204 = VERTEX_POINT('',#3205);
#3205 = CARTESIAN_POINT('',(-47.30070664511,-24.8,-4.6));
#3206 = SURFACE_CURVE('',#3207,(#3211,#3218),.PCURVE_S1.);
#3207 = LINE('',#3208,#3209);
#3208 = CARTESIAN_POINT('',(-47.30070664511,-20.,-4.6));
#3209 = VECTOR('',#3210,1.);
#3210 = DIRECTION('',(0.,-1.,0.));
#3211 = PCURVE('',#606,#3212);
#3212 = DEFINITIONAL_REPRESENTATION('',(#3213),#3217);
#3213 = LINE('',#3214,#3215);
#3214 = CARTESIAN_POINT('',(-3.430221166424,-3.));
#3215 = VECTOR('',#3216,1.);
#3216 = DIRECTION('',(0.,-1.));
#3217 = ( GEOMETRIC_REPRESENTATION_CONTEXT(2) 
PARAMETRIC_REPRESENTATION_CONTEXT() REPRESENTATION_CONTEXT('2D SPACE',''
  ) );
#3218 = PCURVE('',#688,#3219);
#3219 = DEFINITIONAL_REPRESENTATION('',(#3220),#3224);
#3220 = LINE('',#3221,#3222);
#3221 = CARTESIAN_POINT('',(3.430221166424,-3.));
#3222 = VECTOR('',#3223,1.);
#3223 = DIRECTION('',(0.,-1.));
#3224 = ( GEOMETRIC_REPRESENTATION_CONTEXT(2) 
PARAMETRIC_REPRESENTATION_CONTEXT() REPRESENTATION_CONTEXT('2D SPACE',''
  ) );
#3225 = ORIENTED_EDGE('',*,*,#588,.T.);
#3226 = ORIENTED_EDGE('',*,*,#3227,.T.);
#3227 = EDGE_CURVE('',#591,#3228,#3230,.T.);
#3228 = VERTEX_POINT('',#3229);
#3229 = CARTESIAN_POINT('',(-44.8499073366,-24.8,-2.2));
#3230 = SURFACE_CURVE('',#3231,(#3235,#3242),.PCURVE_S1.);
#3231 = LINE('',#3232,#3233);
#3232 = CARTESIAN_POINT('',(-44.8499073366,-20.,-2.2));
#3233 = VECTOR('',#3234,1.);
#3234 = DIRECTION('',(0.,-1.,0.));
#3235 = PCURVE('',#606,#3236);
#3236 = DEFINITIONAL_REPRESENTATION('',(#3237),#3241);
#3237 = LINE('',#3238,#3239);
#3238 = CARTESIAN_POINT('',(3.107129400496E-16,-3.));
#3239 = VECTOR('',#3240,1.);
#3240 = DIRECTION('',(0.,-1.));
#3241 = ( GEOMETRIC_REPRESENTATION_CONTEXT(2) 
PARAMETRIC_REPRESENTATION_CONTEXT() REPRESENTATION_CONTEXT('2D SPACE',''
  ) );
#3242 = PCURVE('',#634,#3243);
#3243 = DEFINITIONAL_REPRESENTATION('',(#3244),#3248);
#3244 = LINE('',#3245,#3246);
#3245 = CARTESIAN_POINT('',(-3.430221166424,-3.));
#3246 = VECTOR('',#3247,1.);
#3247 = DIRECTION('',(0.,-1.));
#3248 = ( GEOMETRIC_REPRESENTATION_CONTEXT(2) 
PARAMETRIC_REPRESENTATION_CONTEXT() REPRESENTATION_CONTEXT('2D SPACE',''
  ) );
#3249 = ORIENTED_EDGE('',*,*,#3250,.F.);
#3250 = EDGE_CURVE('',#3204,#3228,#3251,.T.);
#3251 = SURFACE_CURVE('',#3252,(#3256,#3263),.PCURVE_S1.);
#3252 = LINE('',#3253,#3254);
#3253 = CARTESIAN_POINT('',(-47.30070664511,-24.8,-4.6));
#3254 = VECTOR('',#3255,1.);
#3255 = DIRECTION('',(0.714472679633,0.,0.699663340513));
#3256 = PCURVE('',#606,#3257);
#3257 = DEFINITIONAL_REPRESENTATION('',(#3258),#3262);
#3258 = LINE('',#3259,#3260);
#3259 = CARTESIAN_POINT('',(-3.430221166424,-7.8));
#3260 = VECTOR('',#3261,1.);
#3261 = DIRECTION('',(1.,2.465190328816E-32));
#3262 = ( GEOMETRIC_REPRESENTATION_CONTEXT(2) 
PARAMETRIC_REPRESENTATION_CONTEXT() REPRESENTATION_CONTEXT('2D SPACE',''
  ) );
#3263 = PCURVE('',#2503,#3264);
#3264 = DEFINITIONAL_REPRESENTATION('',(#3265),#3269);
#3265 = LINE('',#3266,#3267);
#3266 = CARTESIAN_POINT('',(22.8,-12.4507993085));
#3267 = VECTOR('',#3268,1.);
#3268 = DIRECTION('',(-0.699663340513,0.714472679633));
#3269 = ( GEOMETRIC_REPRESENTATION_CONTEXT(2) 
PARAMETRIC_REPRESENTATION_CONTEXT() REPRESENTATION_CONTEXT('2D SPACE',''
  ) );
#3270 = ADVANCED_FACE('',(#3271),#688,.F.);
#3271 = FACE_BOUND('',#3272,.T.);
#3272 = EDGE_LOOP('',(#3273,#3296,#3297,#3298));
#3273 = ORIENTED_EDGE('',*,*,#3274,.F.);
#3274 = EDGE_CURVE('',#647,#3275,#3277,.T.);
#3275 = VERTEX_POINT('',#3276);
#3276 = CARTESIAN_POINT('',(-44.8499073366,-24.8,-7.));
#3277 = SURFACE_CURVE('',#3278,(#3282,#3289),.PCURVE_S1.);
#3278 = LINE('',#3279,#3280);
#3279 = CARTESIAN_POINT('',(-44.8499073366,-20.,-7.));
#3280 = VECTOR('',#3281,1.);
#3281 = DIRECTION('',(0.,-1.,0.));
#3282 = PCURVE('',#688,#3283);
#3283 = DEFINITIONAL_REPRESENTATION('',(#3284),#3288);
#3284 = LINE('',#3285,#3286);
#3285 = CARTESIAN_POINT('',(-6.214258800993E-16,-3.));
#3286 = VECTOR('',#3287,1.);
#3287 = DIRECTION('',(0.,-1.));
#3288 = ( GEOMETRIC_REPRESENTATION_CONTEXT(2) 
PARAMETRIC_REPRESENTATION_CONTEXT() REPRESENTATION_CONTEXT('2D SPACE',''
  ) );
#3289 = PCURVE('',#662,#3290);
#3290 = DEFINITIONAL_REPRESENTATION('',(#3291),#3295);
#3291 = LINE('',#3292,#3293);
#3292 = CARTESIAN_POINT('',(3.430221166424,-3.));
#3293 = VECTOR('',#3294,1.);
#3294 = DIRECTION('',(0.,-1.));
#3295 = ( GEOMETRIC_REPRESENTATION_CONTEXT(2) 
PARAMETRIC_REPRESENTATION_CONTEXT() REPRESENTATION_CONTEXT('2D SPACE',''
  ) );
#3296 = ORIENTED_EDGE('',*,*,#674,.T.);
#3297 = ORIENTED_EDGE('',*,*,#3203,.T.);
#3298 = ORIENTED_EDGE('',*,*,#3299,.F.);
#3299 = EDGE_CURVE('',#3275,#3204,#3300,.T.);
#3300 = SURFACE_CURVE('',#3301,(#3305,#3312),.PCURVE_S1.);
#3301 = LINE('',#3302,#3303);
#3302 = CARTESIAN_POINT('',(-44.8499073366,-24.8,-7.));
#3303 = VECTOR('',#3304,1.);
#3304 = DIRECTION('',(-0.714472679633,0.,0.699663340513));
#3305 = PCURVE('',#688,#3306);
#3306 = DEFINITIONAL_REPRESENTATION('',(#3307),#3311);
#3307 = LINE('',#3308,#3309);
#3308 = CARTESIAN_POINT('',(-1.242851760199E-15,-7.8));
#3309 = VECTOR('',#3310,1.);
#3310 = DIRECTION('',(1.,0.));
#3311 = ( GEOMETRIC_REPRESENTATION_CONTEXT(2) 
PARAMETRIC_REPRESENTATION_CONTEXT() REPRESENTATION_CONTEXT('2D SPACE',''
  ) );
#3312 = PCURVE('',#2503,#3313);
#3313 = DEFINITIONAL_REPRESENTATION('',(#3314),#3318);
#3314 = LINE('',#3315,#3316);
#3315 = CARTESIAN_POINT('',(25.2,-10.));
#3316 = VECTOR('',#3317,1.);
#3317 = DIRECTION('',(-0.699663340513,-0.714472679633));
#3318 = ( GEOMETRIC_REPRESENTATION_CONTEXT(2) 
PARAMETRIC_REPRESENTATION_CONTEXT() REPRESENTATION_CONTEXT('2D SPACE',''
  ) );
#3319 = ADVANCED_FACE('',(#3320),#634,.F.);
#3320 = FACE_BOUND('',#3321,.T.);
#3321 = EDGE_LOOP('',(#3322,#3323,#3324,#3347));
#3322 = ORIENTED_EDGE('',*,*,#3227,.F.);
#3323 = ORIENTED_EDGE('',*,*,#618,.T.);
#3324 = ORIENTED_EDGE('',*,*,#3325,.T.);
#3325 = EDGE_CURVE('',#619,#3326,#3328,.T.);
#3326 = VERTEX_POINT('',#3327);
#3327 = CARTESIAN_POINT('',(-42.39910802809,-24.8,-4.6));
#3328 = SURFACE_CURVE('',#3329,(#3333,#3340),.PCURVE_S1.);
#3329 = LINE('',#3330,#3331);
#3330 = CARTESIAN_POINT('',(-42.39910802809,-20.,-4.6));
#3331 = VECTOR('',#3332,1.);
#3332 = DIRECTION('',(0.,-1.,0.));
#3333 = PCURVE('',#634,#3334);
#3334 = DEFINITIONAL_REPRESENTATION('',(#3335),#3339);
#3335 = LINE('',#3336,#3337);
#3336 = CARTESIAN_POINT('',(6.214258800993E-16,-3.));
#3337 = VECTOR('',#3338,1.);
#3338 = DIRECTION('',(0.,-1.));
#3339 = ( GEOMETRIC_REPRESENTATION_CONTEXT(2) 
PARAMETRIC_REPRESENTATION_CONTEXT() REPRESENTATION_CONTEXT('2D SPACE',''
  ) );
#3340 = PCURVE('',#662,#3341);
#3341 = DEFINITIONAL_REPRESENTATION('',(#3342),#3346);
#3342 = LINE('',#3343,#3344);
#3343 = CARTESIAN_POINT('',(-6.214258800993E-16,-3.));
#3344 = VECTOR('',#3345,1.);
#3345 = DIRECTION('',(0.,-1.));
#3346 = ( GEOMETRIC_REPRESENTATION_CONTEXT(2) 
PARAMETRIC_REPRESENTATION_CONTEXT() REPRESENTATION_CONTEXT('2D SPACE',''
  ) );
#3347 = ORIENTED_EDGE('',*,*,#3348,.F.);
#3348 = EDGE_CURVE('',#3228,#3326,#3349,.T.);
#3349 = SURFACE_CURVE('',#3350,(#3354,#3361),.PCURVE_S1.);
#3350 = LINE('',#3351,#3352);
#3351 = CARTESIAN_POINT('',(-44.8499073366,-24.8,-2.2));
#3352 = VECTOR('',#3353,1.);
#3353 = DIRECTION('',(0.714472679633,0.,-0.699663340513));
#3354 = PCURVE('',#634,#3355);
#3355 = DEFINITIONAL_REPRESENTATION('',(#3356),#3360);
#3356 = LINE('',#3357,#3358);
#3357 = CARTESIAN_POINT('',(-3.430221166424,-7.8));
#3358 = VECTOR('',#3359,1.);
#3359 = DIRECTION('',(1.,-2.218671295934E-31));
#3360 = ( GEOMETRIC_REPRESENTATION_CONTEXT(2) 
PARAMETRIC_REPRESENTATION_CONTEXT() REPRESENTATION_CONTEXT('2D SPACE',''
  ) );
#3361 = PCURVE('',#2503,#3362);
#3362 = DEFINITIONAL_REPRESENTATION('',(#3363),#3367);
#3363 = LINE('',#3364,#3365);
#3364 = CARTESIAN_POINT('',(20.4,-10.));
#3365 = VECTOR('',#3366,1.);
#3366 = DIRECTION('',(0.699663340513,0.714472679633));
#3367 = ( GEOMETRIC_REPRESENTATION_CONTEXT(2) 
PARAMETRIC_REPRESENTATION_CONTEXT() REPRESENTATION_CONTEXT('2D SPACE',''
  ) );
#3368 = ADVANCED_FACE('',(#3369),#662,.F.);
#3369 = FACE_BOUND('',#3370,.T.);
#3370 = EDGE_LOOP('',(#3371,#3372,#3373,#3374));
#3371 = ORIENTED_EDGE('',*,*,#3325,.F.);
#3372 = ORIENTED_EDGE('',*,*,#646,.T.);
#3373 = ORIENTED_EDGE('',*,*,#3274,.T.);
#3374 = ORIENTED_EDGE('',*,*,#3375,.F.);
#3375 = EDGE_CURVE('',#3326,#3275,#3376,.T.);
#3376 = SURFACE_CURVE('',#3377,(#3381,#3388),.PCURVE_S1.);
#3377 = LINE('',#3378,#3379);
#3378 = CARTESIAN_POINT('',(-42.39910802809,-24.8,-4.6));
#3379 = VECTOR('',#3380,1.);
#3380 = DIRECTION('',(-0.714472679633,0.,-0.699663340513));
#3381 = PCURVE('',#662,#3382);
#3382 = DEFINITIONAL_REPRESENTATION('',(#3383),#3387);
#3383 = LINE('',#3384,#3385);
#3384 = CARTESIAN_POINT('',(-4.349981160695E-15,-7.8));
#3385 = VECTOR('',#3386,1.);
#3386 = DIRECTION('',(1.,-4.437342591868E-31));
#3387 = ( GEOMETRIC_REPRESENTATION_CONTEXT(2) 
PARAMETRIC_REPRESENTATION_CONTEXT() REPRESENTATION_CONTEXT('2D SPACE',''
  ) );
#3388 = PCURVE('',#2503,#3389);
#3389 = DEFINITIONAL_REPRESENTATION('',(#3390),#3394);
#3390 = LINE('',#3391,#3392);
#3391 = CARTESIAN_POINT('',(22.8,-7.549200691492));
#3392 = VECTOR('',#3393,1.);
#3393 = DIRECTION('',(0.699663340513,-0.714472679633));
#3394 = ( GEOMETRIC_REPRESENTATION_CONTEXT(2) 
PARAMETRIC_REPRESENTATION_CONTEXT() REPRESENTATION_CONTEXT('2D SPACE',''
  ) );
#3395 = ADVANCED_FACE('',(#3396),#720,.F.);
#3396 = FACE_BOUND('',#3397,.T.);
#3397 = EDGE_LOOP('',(#3398,#3421,#3422,#3445));
#3398 = ORIENTED_EDGE('',*,*,#3399,.F.);
#3399 = EDGE_CURVE('',#703,#3400,#3402,.T.);
#3400 = VERTEX_POINT('',#3401);
#3401 = CARTESIAN_POINT('',(-47.30070664511,-24.8,-12.8));
#3402 = SURFACE_CURVE('',#3403,(#3407,#3414),.PCURVE_S1.);
#3403 = LINE('',#3404,#3405);
#3404 = CARTESIAN_POINT('',(-47.30070664511,-20.,-12.8));
#3405 = VECTOR('',#3406,1.);
#3406 = DIRECTION('',(0.,-1.,0.));
#3407 = PCURVE('',#720,#3408);
#3408 = DEFINITIONAL_REPRESENTATION('',(#3409),#3413);
#3409 = LINE('',#3410,#3411);
#3410 = CARTESIAN_POINT('',(-3.430221166424,-3.));
#3411 = VECTOR('',#3412,1.);
#3412 = DIRECTION('',(0.,-1.));
#3413 = ( GEOMETRIC_REPRESENTATION_CONTEXT(2) 
PARAMETRIC_REPRESENTATION_CONTEXT() REPRESENTATION_CONTEXT('2D SPACE',''
  ) );
#3414 = PCURVE('',#802,#3415);
#3415 = DEFINITIONAL_REPRESENTATION('',(#3416),#3420);
#3416 = LINE('',#3417,#3418);
#3417 = CARTESIAN_POINT('',(3.430221166424,-3.));
#3418 = VECTOR('',#3419,1.);
#3419 = DIRECTION('',(0.,-1.));
#3420 = ( GEOMETRIC_REPRESENTATION_CONTEXT(2) 
PARAMETRIC_REPRESENTATION_CONTEXT() REPRESENTATION_CONTEXT('2D SPACE',''
  ) );
#3421 = ORIENTED_EDGE('',*,*,#702,.T.);
#3422 = ORIENTED_EDGE('',*,*,#3423,.T.);
#3423 = EDGE_CURVE('',#705,#3424,#3426,.T.);
#3424 = VERTEX_POINT('',#3425);
#3425 = CARTESIAN_POINT('',(-44.8499073366,-24.8,-10.4));
#3426 = SURFACE_CURVE('',#3427,(#3431,#3438),.PCURVE_S1.);
#3427 = LINE('',#3428,#3429);
#3428 = CARTESIAN_POINT('',(-44.8499073366,-20.,-10.4));
#3429 = VECTOR('',#3430,1.);
#3430 = DIRECTION('',(0.,-1.,0.));
#3431 = PCURVE('',#720,#3432);
#3432 = DEFINITIONAL_REPRESENTATION('',(#3433),#3437);
#3433 = LINE('',#3434,#3435);
#3434 = CARTESIAN_POINT('',(0.,-3.));
#3435 = VECTOR('',#3436,1.);
#3436 = DIRECTION('',(0.,-1.));
#3437 = ( GEOMETRIC_REPRESENTATION_CONTEXT(2) 
PARAMETRIC_REPRESENTATION_CONTEXT() REPRESENTATION_CONTEXT('2D SPACE',''
  ) );
#3438 = PCURVE('',#748,#3439);
#3439 = DEFINITIONAL_REPRESENTATION('',(#3440),#3444);
#3440 = LINE('',#3441,#3442);
#3441 = CARTESIAN_POINT('',(-3.430221166424,-3.));
#3442 = VECTOR('',#3443,1.);
#3443 = DIRECTION('',(0.,-1.));
#3444 = ( GEOMETRIC_REPRESENTATION_CONTEXT(2) 
PARAMETRIC_REPRESENTATION_CONTEXT() REPRESENTATION_CONTEXT('2D SPACE',''
  ) );
#3445 = ORIENTED_EDGE('',*,*,#3446,.F.);
#3446 = EDGE_CURVE('',#3400,#3424,#3447,.T.);
#3447 = SURFACE_CURVE('',#3448,(#3452,#3459),.PCURVE_S1.);
#3448 = LINE('',#3449,#3450);
#3449 = CARTESIAN_POINT('',(-47.30070664511,-24.8,-12.8));
#3450 = VECTOR('',#3451,1.);
#3451 = DIRECTION('',(0.714472679633,0.,0.699663340513));
#3452 = PCURVE('',#720,#3453);
#3453 = DEFINITIONAL_REPRESENTATION('',(#3454),#3458);
#3454 = LINE('',#3455,#3456);
#3455 = CARTESIAN_POINT('',(-3.430221166424,-7.8));
#3456 = VECTOR('',#3457,1.);
#3457 = DIRECTION('',(1.,2.465190328816E-32));
#3458 = ( GEOMETRIC_REPRESENTATION_CONTEXT(2) 
PARAMETRIC_REPRESENTATION_CONTEXT() REPRESENTATION_CONTEXT('2D SPACE',''
  ) );
#3459 = PCURVE('',#2503,#3460);
#3460 = DEFINITIONAL_REPRESENTATION('',(#3461),#3465);
#3461 = LINE('',#3462,#3463);
#3462 = CARTESIAN_POINT('',(31.,-12.4507993085));
#3463 = VECTOR('',#3464,1.);
#3464 = DIRECTION('',(-0.699663340513,0.714472679633));
#3465 = ( GEOMETRIC_REPRESENTATION_CONTEXT(2) 
PARAMETRIC_REPRESENTATION_CONTEXT() REPRESENTATION_CONTEXT('2D SPACE',''
  ) );
#3466 = ADVANCED_FACE('',(#3467),#802,.F.);
#3467 = FACE_BOUND('',#3468,.T.);
#3468 = EDGE_LOOP('',(#3469,#3492,#3493,#3494));
#3469 = ORIENTED_EDGE('',*,*,#3470,.F.);
#3470 = EDGE_CURVE('',#761,#3471,#3473,.T.);
#3471 = VERTEX_POINT('',#3472);
#3472 = CARTESIAN_POINT('',(-44.8499073366,-24.8,-15.2));
#3473 = SURFACE_CURVE('',#3474,(#3478,#3485),.PCURVE_S1.);
#3474 = LINE('',#3475,#3476);
#3475 = CARTESIAN_POINT('',(-44.8499073366,-20.,-15.2));
#3476 = VECTOR('',#3477,1.);
#3477 = DIRECTION('',(0.,-1.,0.));
#3478 = PCURVE('',#802,#3479);
#3479 = DEFINITIONAL_REPRESENTATION('',(#3480),#3484);
#3480 = LINE('',#3481,#3482);
#3481 = CARTESIAN_POINT('',(0.,-3.));
#3482 = VECTOR('',#3483,1.);
#3483 = DIRECTION('',(0.,-1.));
#3484 = ( GEOMETRIC_REPRESENTATION_CONTEXT(2) 
PARAMETRIC_REPRESENTATION_CONTEXT() REPRESENTATION_CONTEXT('2D SPACE',''
  ) );
#3485 = PCURVE('',#776,#3486);
#3486 = DEFINITIONAL_REPRESENTATION('',(#3487),#3491);
#3487 = LINE('',#3488,#3489);
#3488 = CARTESIAN_POINT('',(3.430221166424,-3.));
#3489 = VECTOR('',#3490,1.);
#3490 = DIRECTION('',(0.,-1.));
#3491 = ( GEOMETRIC_REPRESENTATION_CONTEXT(2) 
PARAMETRIC_REPRESENTATION_CONTEXT() REPRESENTATION_CONTEXT('2D SPACE',''
  ) );
#3492 = ORIENTED_EDGE('',*,*,#788,.T.);
#3493 = ORIENTED_EDGE('',*,*,#3399,.T.);
#3494 = ORIENTED_EDGE('',*,*,#3495,.F.);
#3495 = EDGE_CURVE('',#3471,#3400,#3496,.T.);
#3496 = SURFACE_CURVE('',#3497,(#3501,#3508),.PCURVE_S1.);
#3497 = LINE('',#3498,#3499);
#3498 = CARTESIAN_POINT('',(-44.8499073366,-24.8,-15.2));
#3499 = VECTOR('',#3500,1.);
#3500 = DIRECTION('',(-0.714472679633,0.,0.699663340513));
#3501 = PCURVE('',#802,#3502);
#3502 = DEFINITIONAL_REPRESENTATION('',(#3503),#3507);
#3503 = LINE('',#3504,#3505);
#3504 = CARTESIAN_POINT('',(-1.242851760199E-15,-7.8));
#3505 = VECTOR('',#3506,1.);
#3506 = DIRECTION('',(1.,2.465190328816E-31));
#3507 = ( GEOMETRIC_REPRESENTATION_CONTEXT(2) 
PARAMETRIC_REPRESENTATION_CONTEXT() REPRESENTATION_CONTEXT('2D SPACE',''
  ) );
#3508 = PCURVE('',#2503,#3509);
#3509 = DEFINITIONAL_REPRESENTATION('',(#3510),#3514);
#3510 = LINE('',#3511,#3512);
#3511 = CARTESIAN_POINT('',(33.4,-10.));
#3512 = VECTOR('',#3513,1.);
#3513 = DIRECTION('',(-0.699663340513,-0.714472679633));
#3514 = ( GEOMETRIC_REPRESENTATION_CONTEXT(2) 
PARAMETRIC_REPRESENTATION_CONTEXT() REPRESENTATION_CONTEXT('2D SPACE',''
  ) );
#3515 = ADVANCED_FACE('',(#3516),#748,.F.);
#3516 = FACE_BOUND('',#3517,.T.);
#3517 = EDGE_LOOP('',(#3518,#3519,#3520,#3543));
#3518 = ORIENTED_EDGE('',*,*,#3423,.F.);
#3519 = ORIENTED_EDGE('',*,*,#732,.T.);
#3520 = ORIENTED_EDGE('',*,*,#3521,.T.);
#3521 = EDGE_CURVE('',#733,#3522,#3524,.T.);
#3522 = VERTEX_POINT('',#3523);
#3523 = CARTESIAN_POINT('',(-42.39910802809,-24.8,-12.8));
#3524 = SURFACE_CURVE('',#3525,(#3529,#3536),.PCURVE_S1.);
#3525 = LINE('',#3526,#3527);
#3526 = CARTESIAN_POINT('',(-42.39910802809,-20.,-12.8));
#3527 = VECTOR('',#3528,1.);
#3528 = DIRECTION('',(0.,-1.,0.));
#3529 = PCURVE('',#748,#3530);
#3530 = DEFINITIONAL_REPRESENTATION('',(#3531),#3535);
#3531 = LINE('',#3532,#3533);
#3532 = CARTESIAN_POINT('',(0.,-3.));
#3533 = VECTOR('',#3534,1.);
#3534 = DIRECTION('',(0.,-1.));
#3535 = ( GEOMETRIC_REPRESENTATION_CONTEXT(2) 
PARAMETRIC_REPRESENTATION_CONTEXT() REPRESENTATION_CONTEXT('2D SPACE',''
  ) );
#3536 = PCURVE('',#776,#3537);
#3537 = DEFINITIONAL_REPRESENTATION('',(#3538),#3542);
#3538 = LINE('',#3539,#3540);
#3539 = CARTESIAN_POINT('',(-0.,-3.));
#3540 = VECTOR('',#3541,1.);
#3541 = DIRECTION('',(0.,-1.));
#3542 = ( GEOMETRIC_REPRESENTATION_CONTEXT(2) 
PARAMETRIC_REPRESENTATION_CONTEXT() REPRESENTATION_CONTEXT('2D SPACE',''
  ) );
#3543 = ORIENTED_EDGE('',*,*,#3544,.F.);
#3544 = EDGE_CURVE('',#3424,#3522,#3545,.T.);
#3545 = SURFACE_CURVE('',#3546,(#3550,#3557),.PCURVE_S1.);
#3546 = LINE('',#3547,#3548);
#3547 = CARTESIAN_POINT('',(-44.8499073366,-24.8,-10.4));
#3548 = VECTOR('',#3549,1.);
#3549 = DIRECTION('',(0.714472679633,0.,-0.699663340513));
#3550 = PCURVE('',#748,#3551);
#3551 = DEFINITIONAL_REPRESENTATION('',(#3552),#3556);
#3552 = LINE('',#3553,#3554);
#3553 = CARTESIAN_POINT('',(-3.430221166424,-7.8));
#3554 = VECTOR('',#3555,1.);
#3555 = DIRECTION('',(1.,-2.218671295934E-31));
#3556 = ( GEOMETRIC_REPRESENTATION_CONTEXT(2) 
PARAMETRIC_REPRESENTATION_CONTEXT() REPRESENTATION_CONTEXT('2D SPACE',''
  ) );
#3557 = PCURVE('',#2503,#3558);
#3558 = DEFINITIONAL_REPRESENTATION('',(#3559),#3563);
#3559 = LINE('',#3560,#3561);
#3560 = CARTESIAN_POINT('',(28.6,-10.));
#3561 = VECTOR('',#3562,1.);
#3562 = DIRECTION('',(0.699663340513,0.714472679633));
#3563 = ( GEOMETRIC_REPRESENTATION_CONTEXT(2) 
PARAMETRIC_REPRESENTATION_CONTEXT() REPRESENTATION_CONTEXT('2D SPACE',''
  ) );
#3564 = ADVANCED_FACE('',(#3565),#776,.F.);
#3565 = FACE_BOUND('',#3566,.T.);
#3566 = EDGE_LOOP('',(#3567,#3568,#3569,#3570));
#3567 = ORIENTED_EDGE('',*,*,#3521,.F.);
#3568 = ORIENTED_EDGE('',*,*,#760,.T.);
#3569 = ORIENTED_EDGE('',*,*,#3470,.T.);
#3570 = ORIENTED_EDGE('',*,*,#3571,.F.);
#3571 = EDGE_CURVE('',#3522,#3471,#3572,.T.);
#3572 = SURFACE_CURVE('',#3573,(#3577,#3584),.PCURVE_S1.);
#3573 = LINE('',#3574,#3575);
#3574 = CARTESIAN_POINT('',(-42.39910802809,-24.8,-12.8));
#3575 = VECTOR('',#3576,1.);
#3576 = DIRECTION('',(-0.714472679633,0.,-0.699663340513));
#3577 = PCURVE('',#776,#3578);
#3578 = DEFINITIONAL_REPRESENTATION('',(#3579),#3583);
#3579 = LINE('',#3580,#3581);
#3580 = CARTESIAN_POINT('',(-1.242851760199E-15,-7.8));
#3581 = VECTOR('',#3582,1.);
#3582 = DIRECTION('',(1.,-8.135128085092E-31));
#3583 = ( GEOMETRIC_REPRESENTATION_CONTEXT(2) 
PARAMETRIC_REPRESENTATION_CONTEXT() REPRESENTATION_CONTEXT('2D SPACE',''
  ) );
#3584 = PCURVE('',#2503,#3585);
#3585 = DEFINITIONAL_REPRESENTATION('',(#3586),#3590);
#3586 = LINE('',#3587,#3588);
#3587 = CARTESIAN_POINT('',(31.,-7.549200691492));
#3588 = VECTOR('',#3589,1.);
#3589 = DIRECTION('',(0.699663340513,-0.714472679633));
#3590 = ( GEOMETRIC_REPRESENTATION_CONTEXT(2) 
PARAMETRIC_REPRESENTATION_CONTEXT() REPRESENTATION_CONTEXT('2D SPACE',''
  ) );
#3591 = ADVANCED_FACE('',(#3592),#834,.F.);
#3592 = FACE_BOUND('',#3593,.T.);
#3593 = EDGE_LOOP('',(#3594,#3617,#3618,#3641));
#3594 = ORIENTED_EDGE('',*,*,#3595,.F.);
#3595 = EDGE_CURVE('',#817,#3596,#3598,.T.);
#3596 = VERTEX_POINT('',#3597);
#3597 = CARTESIAN_POINT('',(-37.30070664511,-24.8,11.8));
#3598 = SURFACE_CURVE('',#3599,(#3603,#3610),.PCURVE_S1.);
#3599 = LINE('',#3600,#3601);
#3600 = CARTESIAN_POINT('',(-37.30070664511,-20.,11.8));
#3601 = VECTOR('',#3602,1.);
#3602 = DIRECTION('',(0.,-1.,0.));
#3603 = PCURVE('',#834,#3604);
#3604 = DEFINITIONAL_REPRESENTATION('',(#3605),#3609);
#3605 = LINE('',#3606,#3607);
#3606 = CARTESIAN_POINT('',(-3.430221166424,-3.));
#3607 = VECTOR('',#3608,1.);
#3608 = DIRECTION('',(0.,-1.));
#3609 = ( GEOMETRIC_REPRESENTATION_CONTEXT(2) 
PARAMETRIC_REPRESENTATION_CONTEXT() REPRESENTATION_CONTEXT('2D SPACE',''
  ) );
#3610 = PCURVE('',#916,#3611);
#3611 = DEFINITIONAL_REPRESENTATION('',(#3612),#3616);
#3612 = LINE('',#3613,#3614);
#3613 = CARTESIAN_POINT('',(3.430221166424,-3.));
#3614 = VECTOR('',#3615,1.);
#3615 = DIRECTION('',(0.,-1.));
#3616 = ( GEOMETRIC_REPRESENTATION_CONTEXT(2) 
PARAMETRIC_REPRESENTATION_CONTEXT() REPRESENTATION_CONTEXT('2D SPACE',''
  ) );
#3617 = ORIENTED_EDGE('',*,*,#816,.T.);
#3618 = ORIENTED_EDGE('',*,*,#3619,.T.);
#3619 = EDGE_CURVE('',#819,#3620,#3622,.T.);
#3620 = VERTEX_POINT('',#3621);
#3621 = CARTESIAN_POINT('',(-34.8499073366,-24.8,14.2));
#3622 = SURFACE_CURVE('',#3623,(#3627,#3634),.PCURVE_S1.);
#3623 = LINE('',#3624,#3625);
#3624 = CARTESIAN_POINT('',(-34.8499073366,-20.,14.2));
#3625 = VECTOR('',#3626,1.);
#3626 = DIRECTION('',(0.,-1.,0.));
#3627 = PCURVE('',#834,#3628);
#3628 = DEFINITIONAL_REPRESENTATION('',(#3629),#3633);
#3629 = LINE('',#3630,#3631);
#3630 = CARTESIAN_POINT('',(0.,-3.));
#3631 = VECTOR('',#3632,1.);
#3632 = DIRECTION('',(0.,-1.));
#3633 = ( GEOMETRIC_REPRESENTATION_CONTEXT(2) 
PARAMETRIC_REPRESENTATION_CONTEXT() REPRESENTATION_CONTEXT('2D SPACE',''
  ) );
#3634 = PCURVE('',#862,#3635);
#3635 = DEFINITIONAL_REPRESENTATION('',(#3636),#3640);
#3636 = LINE('',#3637,#3638);
#3637 = CARTESIAN_POINT('',(-3.430221166424,-3.));
#3638 = VECTOR('',#3639,1.);
#3639 = DIRECTION('',(0.,-1.));
#3640 = ( GEOMETRIC_REPRESENTATION_CONTEXT(2) 
PARAMETRIC_REPRESENTATION_CONTEXT() REPRESENTATION_CONTEXT('2D SPACE',''
  ) );
#3641 = ORIENTED_EDGE('',*,*,#3642,.F.);
#3642 = EDGE_CURVE('',#3596,#3620,#3643,.T.);
#3643 = SURFACE_CURVE('',#3644,(#3648,#3655),.PCURVE_S1.);
#3644 = LINE('',#3645,#3646);
#3645 = CARTESIAN_POINT('',(-37.30070664511,-24.8,11.8));
#3646 = VECTOR('',#3647,1.);
#3647 = DIRECTION('',(0.714472679633,0.,0.699663340513));
#3648 = PCURVE('',#834,#3649);
#3649 = DEFINITIONAL_REPRESENTATION('',(#3650),#3654);
#3650 = LINE('',#3651,#3652);
#3651 = CARTESIAN_POINT('',(-3.430221166424,-7.8));
#3652 = VECTOR('',#3653,1.);
#3653 = DIRECTION('',(1.,2.465190328816E-32));
#3654 = ( GEOMETRIC_REPRESENTATION_CONTEXT(2) 
PARAMETRIC_REPRESENTATION_CONTEXT() REPRESENTATION_CONTEXT('2D SPACE',''
  ) );
#3655 = PCURVE('',#2503,#3656);
#3656 = DEFINITIONAL_REPRESENTATION('',(#3657),#3661);
#3657 = LINE('',#3658,#3659);
#3658 = CARTESIAN_POINT('',(6.4,-2.450799308508));
#3659 = VECTOR('',#3660,1.);
#3660 = DIRECTION('',(-0.699663340513,0.714472679633));
#3661 = ( GEOMETRIC_REPRESENTATION_CONTEXT(2) 
PARAMETRIC_REPRESENTATION_CONTEXT() REPRESENTATION_CONTEXT('2D SPACE',''
  ) );
#3662 = ADVANCED_FACE('',(#3663),#916,.F.);
#3663 = FACE_BOUND('',#3664,.T.);
#3664 = EDGE_LOOP('',(#3665,#3688,#3689,#3690));
#3665 = ORIENTED_EDGE('',*,*,#3666,.F.);
#3666 = EDGE_CURVE('',#875,#3667,#3669,.T.);
#3667 = VERTEX_POINT('',#3668);
#3668 = CARTESIAN_POINT('',(-34.8499073366,-24.8,9.4));
#3669 = SURFACE_CURVE('',#3670,(#3674,#3681),.PCURVE_S1.);
#3670 = LINE('',#3671,#3672);
#3671 = CARTESIAN_POINT('',(-34.8499073366,-20.,9.4));
#3672 = VECTOR('',#3673,1.);
#3673 = DIRECTION('',(0.,-1.,0.));
#3674 = PCURVE('',#916,#3675);
#3675 = DEFINITIONAL_REPRESENTATION('',(#3676),#3680);
#3676 = LINE('',#3677,#3678);
#3677 = CARTESIAN_POINT('',(0.,-3.));
#3678 = VECTOR('',#3679,1.);
#3679 = DIRECTION('',(0.,-1.));
#3680 = ( GEOMETRIC_REPRESENTATION_CONTEXT(2) 
PARAMETRIC_REPRESENTATION_CONTEXT() REPRESENTATION_CONTEXT('2D SPACE',''
  ) );
#3681 = PCURVE('',#890,#3682);
#3682 = DEFINITIONAL_REPRESENTATION('',(#3683),#3687);
#3683 = LINE('',#3684,#3685);
#3684 = CARTESIAN_POINT('',(3.430221166424,-3.));
#3685 = VECTOR('',#3686,1.);
#3686 = DIRECTION('',(0.,-1.));
#3687 = ( GEOMETRIC_REPRESENTATION_CONTEXT(2) 
PARAMETRIC_REPRESENTATION_CONTEXT() REPRESENTATION_CONTEXT('2D SPACE',''
  ) );
#3688 = ORIENTED_EDGE('',*,*,#902,.T.);
#3689 = ORIENTED_EDGE('',*,*,#3595,.T.);
#3690 = ORIENTED_EDGE('',*,*,#3691,.F.);
#3691 = EDGE_CURVE('',#3667,#3596,#3692,.T.);
#3692 = SURFACE_CURVE('',#3693,(#3697,#3704),.PCURVE_S1.);
#3693 = LINE('',#3694,#3695);
#3694 = CARTESIAN_POINT('',(-34.8499073366,-24.8,9.4));
#3695 = VECTOR('',#3696,1.);
#3696 = DIRECTION('',(-0.714472679633,0.,0.699663340513));
#3697 = PCURVE('',#916,#3698);
#3698 = DEFINITIONAL_REPRESENTATION('',(#3699),#3703);
#3699 = LINE('',#3700,#3701);
#3700 = CARTESIAN_POINT('',(-1.242851760199E-15,-7.8));
#3701 = VECTOR('',#3702,1.);
#3702 = DIRECTION('',(1.,0.));
#3703 = ( GEOMETRIC_REPRESENTATION_CONTEXT(2) 
PARAMETRIC_REPRESENTATION_CONTEXT() REPRESENTATION_CONTEXT('2D SPACE',''
  ) );
#3704 = PCURVE('',#2503,#3705);
#3705 = DEFINITIONAL_REPRESENTATION('',(#3706),#3710);
#3706 = LINE('',#3707,#3708);
#3707 = CARTESIAN_POINT('',(8.8,0.));
#3708 = VECTOR('',#3709,1.);
#3709 = DIRECTION('',(-0.699663340513,-0.714472679633));
#3710 = ( GEOMETRIC_REPRESENTATION_CONTEXT(2) 
PARAMETRIC_REPRESENTATION_CONTEXT() REPRESENTATION_CONTEXT('2D SPACE',''
  ) );
#3711 = ADVANCED_FACE('',(#3712),#862,.F.);
#3712 = FACE_BOUND('',#3713,.T.);
#3713 = EDGE_LOOP('',(#3714,#3739,#3762,#3788,#3789,#3790));
#3714 = ORIENTED_EDGE('',*,*,#3715,.F.);
#3715 = EDGE_CURVE('',#3716,#3718,#3720,.T.);
#3716 = VERTEX_POINT('',#3717);
#3717 = CARTESIAN_POINT('',(-33.62450768235,-44.,13.));
#3718 = VERTEX_POINT('',#3719);
#3719 = CARTESIAN_POINT('',(-32.39910802809,-43.8538644398,11.8));
#3720 = SURFACE_CURVE('',#3721,(#3726,#3733),.PCURVE_S1.);
#3721 = ELLIPSE('',#3722,7.146294096717,5.);
#3722 = AXIS2_PLACEMENT_3D('',#3723,#3724,#3725);
#3723 = CARTESIAN_POINT('',(-33.62450768235,-39.,13.));
#3724 = DIRECTION('',(0.699663340513,-2.912933812965E-16,0.714472679633)
  );
#3725 = DIRECTION('',(0.714472679633,2.330347050372E-16,-0.699663340513)
  );
#3726 = PCURVE('',#862,#3727);
#3727 = DEFINITIONAL_REPRESENTATION('',(#3728),#3732);
#3728 = ELLIPSE('',#3729,7.146294096717,5.);
#3729 = AXIS2_PLACEMENT_2D('',#3730,#3731);
#3730 = CARTESIAN_POINT('',(-1.715110583212,-22.));
#3731 = DIRECTION('',(1.,2.330347050372E-16));
#3732 = ( GEOMETRIC_REPRESENTATION_CONTEXT(2) 
PARAMETRIC_REPRESENTATION_CONTEXT() REPRESENTATION_CONTEXT('2D SPACE',''
  ) );
#3733 = PCURVE('',#2388,#3734);
#3734 = DEFINITIONAL_REPRESENTATION('',(#3735),#3738);
#3735 = B_SPLINE_CURVE_WITH_KNOTS('',1,(#3736,#3737),.UNSPECIFIED.,.F.,
  .F.,(2,2),(4.712388980385,4.954754831424),.PIECEWISE_BEZIER_KNOTS.);
#3736 = CARTESIAN_POINT('',(7.068583470577,-8.225399654254));
#3737 = CARTESIAN_POINT('',(6.826217619538,-9.450799308508));
#3738 = ( GEOMETRIC_REPRESENTATION_CONTEXT(2) 
PARAMETRIC_REPRESENTATION_CONTEXT() REPRESENTATION_CONTEXT('2D SPACE',''
  ) );
#3739 = ORIENTED_EDGE('',*,*,#3740,.F.);
#3740 = EDGE_CURVE('',#3741,#3716,#3743,.T.);
#3741 = VERTEX_POINT('',#3742);
#3742 = CARTESIAN_POINT('',(-34.8499073366,-44.,14.2));
#3743 = SURFACE_CURVE('',#3744,(#3748,#3755),.PCURVE_S1.);
#3744 = LINE('',#3745,#3746);
#3745 = CARTESIAN_POINT('',(-43.98098367686,-44.,23.141810592376));
#3746 = VECTOR('',#3747,1.);
#3747 = DIRECTION('',(0.714472679633,-1.911201698207E-17,-0.699663340513
    ));
#3748 = PCURVE('',#862,#3749);
#3749 = DEFINITIONAL_REPRESENTATION('',(#3750),#3754);
#3750 = LINE('',#3751,#3752);
#3751 = CARTESIAN_POINT('',(-16.21038281647,-27.));
#3752 = VECTOR('',#3753,1.);
#3753 = DIRECTION('',(1.,-1.911201698207E-17));
#3754 = ( GEOMETRIC_REPRESENTATION_CONTEXT(2) 
PARAMETRIC_REPRESENTATION_CONTEXT() REPRESENTATION_CONTEXT('2D SPACE',''
  ) );
#3755 = PCURVE('',#2178,#3756);
#3756 = DEFINITIONAL_REPRESENTATION('',(#3757),#3761);
#3757 = LINE('',#3758,#3759);
#3758 = CARTESIAN_POINT('',(-1.858189407624,20.868923659747));
#3759 = VECTOR('',#3760,1.);
#3760 = DIRECTION('',(-0.699663340513,0.714472679633));
#3761 = ( GEOMETRIC_REPRESENTATION_CONTEXT(2) 
PARAMETRIC_REPRESENTATION_CONTEXT() REPRESENTATION_CONTEXT('2D SPACE',''
  ) );
#3762 = ORIENTED_EDGE('',*,*,#3763,.F.);
#3763 = EDGE_CURVE('',#3620,#3741,#3764,.T.);
#3764 = SURFACE_CURVE('',#3765,(#3769,#3776),.PCURVE_S1.);
#3765 = LINE('',#3766,#3767);
#3766 = CARTESIAN_POINT('',(-34.8499073366,-24.8,14.2));
#3767 = VECTOR('',#3768,1.);
#3768 = DIRECTION('',(-3.127388801761E-16,-1.,0.));
#3769 = PCURVE('',#862,#3770);
#3770 = DEFINITIONAL_REPRESENTATION('',(#3771),#3775);
#3771 = LINE('',#3772,#3773);
#3772 = CARTESIAN_POINT('',(-3.430221166424,-7.8));
#3773 = VECTOR('',#3774,1.);
#3774 = DIRECTION('',(-2.234433857448E-16,-1.));
#3775 = ( GEOMETRIC_REPRESENTATION_CONTEXT(2) 
PARAMETRIC_REPRESENTATION_CONTEXT() REPRESENTATION_CONTEXT('2D SPACE',''
  ) );
#3776 = PCURVE('',#3777,#3782);
#3777 = PLANE('',#3778);
#3778 = AXIS2_PLACEMENT_3D('',#3779,#3780,#3781);
#3779 = CARTESIAN_POINT('',(-34.8499073366,-49.6,18.2));
#3780 = DIRECTION('',(-1.,2.797941090285E-16,0.));
#3781 = DIRECTION('',(0.,0.,1.));
#3782 = DEFINITIONAL_REPRESENTATION('',(#3783),#3787);
#3783 = LINE('',#3784,#3785);
#3784 = CARTESIAN_POINT('',(-4.,24.8));
#3785 = VECTOR('',#3786,1.);
#3786 = DIRECTION('',(0.,-1.));
#3787 = ( GEOMETRIC_REPRESENTATION_CONTEXT(2) 
PARAMETRIC_REPRESENTATION_CONTEXT() REPRESENTATION_CONTEXT('2D SPACE',''
  ) );
#3788 = ORIENTED_EDGE('',*,*,#3619,.F.);
#3789 = ORIENTED_EDGE('',*,*,#846,.T.);
#3790 = ORIENTED_EDGE('',*,*,#3791,.F.);
#3791 = EDGE_CURVE('',#3718,#847,#3792,.T.);
#3792 = SURFACE_CURVE('',#3793,(#3797,#3804),.PCURVE_S1.);
#3793 = LINE('',#3794,#3795);
#3794 = CARTESIAN_POINT('',(-32.39910802809,-17.,11.8));
#3795 = VECTOR('',#3796,1.);
#3796 = DIRECTION('',(2.038073002274E-16,1.,-2.081211626942E-16));
#3797 = PCURVE('',#862,#3798);
#3798 = DEFINITIONAL_REPRESENTATION('',(#3799),#3803);
#3799 = LINE('',#3800,#3801);
#3800 = CARTESIAN_POINT('',(0.,0.));
#3801 = VECTOR('',#3802,1.);
#3802 = DIRECTION('',(2.912294958443E-16,1.));
#3803 = ( GEOMETRIC_REPRESENTATION_CONTEXT(2) 
PARAMETRIC_REPRESENTATION_CONTEXT() REPRESENTATION_CONTEXT('2D SPACE',''
  ) );
#3804 = PCURVE('',#890,#3805);
#3805 = DEFINITIONAL_REPRESENTATION('',(#3806),#3810);
#3806 = LINE('',#3807,#3808);
#3807 = CARTESIAN_POINT('',(0.,0.));
#3808 = VECTOR('',#3809,1.);
#3809 = DIRECTION('',(-1.725633230171E-31,1.));
#3810 = ( GEOMETRIC_REPRESENTATION_CONTEXT(2) 
PARAMETRIC_REPRESENTATION_CONTEXT() REPRESENTATION_CONTEXT('2D SPACE',''
  ) );
#3811 = ADVANCED_FACE('',(#3812),#890,.F.);
#3812 = FACE_BOUND('',#3813,.T.);
#3813 = EDGE_LOOP('',(#3814,#3860,#3861,#3862,#3863));
#3814 = ORIENTED_EDGE('',*,*,#3815,.F.);
#3815 = EDGE_CURVE('',#3718,#3816,#3818,.T.);
#3816 = VERTEX_POINT('',#3817);
#3817 = CARTESIAN_POINT('',(-34.8499073366,-42.46987031458,9.4));
#3818 = SURFACE_CURVE('',#3819,(#3824,#3831),.PCURVE_S1.);
#3819 = ELLIPSE('',#3820,7.146294096717,5.);
#3820 = AXIS2_PLACEMENT_3D('',#3821,#3822,#3823);
#3821 = CARTESIAN_POINT('',(-31.17370837384,-39.,13.));
#3822 = DIRECTION('',(0.699663340513,-2.912933812965E-16,-0.714472679633
    ));
#3823 = DIRECTION('',(-0.714472679633,-2.330347050372E-16,
    -0.699663340513));
#3824 = PCURVE('',#890,#3825);
#3825 = DEFINITIONAL_REPRESENTATION('',(#3826),#3830);
#3826 = ELLIPSE('',#3827,7.146294096717,5.);
#3827 = AXIS2_PLACEMENT_2D('',#3828,#3829);
#3828 = CARTESIAN_POINT('',(-1.715110583212,-22.));
#3829 = DIRECTION('',(1.,-2.330347050372E-16));
#3830 = ( GEOMETRIC_REPRESENTATION_CONTEXT(2) 
PARAMETRIC_REPRESENTATION_CONTEXT() REPRESENTATION_CONTEXT('2D SPACE',''
  ) );
#3831 = PCURVE('',#2388,#3832);
#3832 = DEFINITIONAL_REPRESENTATION('',(#3833),#3859);
#3833 = B_SPLINE_CURVE_WITH_KNOTS('',3,(#3834,#3835,#3836,#3837,#3838,
    #3839,#3840,#3841,#3842,#3843,#3844,#3845,#3846,#3847,#3848,#3849,
    #3850,#3851,#3852,#3853,#3854,#3855,#3856,#3857,#3858),
  .UNSPECIFIED.,.F.,.F.,(4,1,1,1,1,1,1,1,1,1,1,1,1,1,1,1,1,1,1,1,1,1,4),
  (4.954754831424,4.980274670873,5.005794510323,5.031314349773,
    5.056834189223,5.082354028672,5.107873868122,5.133393707572,
    5.158913547021,5.184433386471,5.209953225921,5.235473065371,
    5.26099290482,5.28651274427,5.31203258372,5.33755242317,
    5.363072262619,5.388592102069,5.414111941519,5.439631780969,
    5.465151620418,5.490671459868,5.516191299318),
  .QUASI_UNIFORM_KNOTS.);
#3834 = CARTESIAN_POINT('',(6.826217619538,-9.450799308508));
#3835 = CARTESIAN_POINT('',(6.817711006388,-9.408635354135));
#3836 = CARTESIAN_POINT('',(6.800697780088,-9.324573647533));
#3837 = CARTESIAN_POINT('',(6.775177940639,-9.199361166602));
#3838 = CARTESIAN_POINT('',(6.749658101189,-9.075110478485));
#3839 = CARTESIAN_POINT('',(6.724138261739,-8.95190245245));
#3840 = CARTESIAN_POINT('',(6.698618422289,-8.82981733723));
#3841 = CARTESIAN_POINT('',(6.67309858284,-8.708934634622));
#3842 = CARTESIAN_POINT('',(6.64757874339,-8.589333067574));
#3843 = CARTESIAN_POINT('',(6.62205890394,-8.471090523602));
#3844 = CARTESIAN_POINT('',(6.596539064491,-8.354284005491));
#3845 = CARTESIAN_POINT('',(6.571019225041,-8.238989580765));
#3846 = CARTESIAN_POINT('',(6.545499385591,-8.125282332257));
#3847 = CARTESIAN_POINT('',(6.519979546141,-8.013236309178));
#3848 = CARTESIAN_POINT('',(6.494459706692,-7.902924478911));
#3849 = CARTESIAN_POINT('',(6.468939867242,-7.794418679473));
#3850 = CARTESIAN_POINT('',(6.443420027792,-7.687789572797));
#3851 = CARTESIAN_POINT('',(6.417900188342,-7.583106598458));
#3852 = CARTESIAN_POINT('',(6.392380348893,-7.480437929435));
#3853 = CARTESIAN_POINT('',(6.366860509443,-7.379850424031));
#3854 = CARTESIAN_POINT('',(6.341340669993,-7.281409596086));
#3855 = CARTESIAN_POINT('',(6.315820830543,-7.185179520984));
#3856 = CARTESIAN_POINT('',(6.290300991094,-7.091222985488));
#3857 = CARTESIAN_POINT('',(6.273287764794,-7.030141483118));
#3858 = CARTESIAN_POINT('',(6.264781151644,-7.));
#3859 = ( GEOMETRIC_REPRESENTATION_CONTEXT(2) 
PARAMETRIC_REPRESENTATION_CONTEXT() REPRESENTATION_CONTEXT('2D SPACE',''
  ) );
#3860 = ORIENTED_EDGE('',*,*,#3791,.T.);
#3861 = ORIENTED_EDGE('',*,*,#874,.T.);
#3862 = ORIENTED_EDGE('',*,*,#3666,.T.);
#3863 = ORIENTED_EDGE('',*,*,#3864,.T.);
#3864 = EDGE_CURVE('',#3667,#3816,#3865,.T.);
#3865 = SURFACE_CURVE('',#3866,(#3870,#3877),.PCURVE_S1.);
#3866 = LINE('',#3867,#3868);
#3867 = CARTESIAN_POINT('',(-34.8499073366,-24.8,9.4));
#3868 = VECTOR('',#3869,1.);
#3869 = DIRECTION('',(-3.127388801761E-16,-1.,0.));
#3870 = PCURVE('',#890,#3871);
#3871 = DEFINITIONAL_REPRESENTATION('',(#3872),#3876);
#3872 = LINE('',#3873,#3874);
#3873 = CARTESIAN_POINT('',(3.430221166424,-7.8));
#3874 = VECTOR('',#3875,1.);
#3875 = DIRECTION('',(2.234433857448E-16,-1.));
#3876 = ( GEOMETRIC_REPRESENTATION_CONTEXT(2) 
PARAMETRIC_REPRESENTATION_CONTEXT() REPRESENTATION_CONTEXT('2D SPACE',''
  ) );
#3877 = PCURVE('',#2473,#3878);
#3878 = DEFINITIONAL_REPRESENTATION('',(#3879),#3883);
#3879 = LINE('',#3880,#3881);
#3880 = CARTESIAN_POINT('',(-8.8,24.8));
#3881 = VECTOR('',#3882,1.);
#3882 = DIRECTION('',(0.,-1.));
#3883 = ( GEOMETRIC_REPRESENTATION_CONTEXT(2) 
PARAMETRIC_REPRESENTATION_CONTEXT() REPRESENTATION_CONTEXT('2D SPACE',''
  ) );
#3884 = ADVANCED_FACE('',(#3885),#948,.F.);
#3885 = FACE_BOUND('',#3886,.T.);
#3886 = EDGE_LOOP('',(#3887,#3910,#3911,#3934));
#3887 = ORIENTED_EDGE('',*,*,#3888,.F.);
#3888 = EDGE_CURVE('',#931,#3889,#3891,.T.);
#3889 = VERTEX_POINT('',#3890);
#3890 = CARTESIAN_POINT('',(-37.30070664511,-24.8,3.6));
#3891 = SURFACE_CURVE('',#3892,(#3896,#3903),.PCURVE_S1.);
#3892 = LINE('',#3893,#3894);
#3893 = CARTESIAN_POINT('',(-37.30070664511,-20.,3.6));
#3894 = VECTOR('',#3895,1.);
#3895 = DIRECTION('',(0.,-1.,0.));
#3896 = PCURVE('',#948,#3897);
#3897 = DEFINITIONAL_REPRESENTATION('',(#3898),#3902);
#3898 = LINE('',#3899,#3900);
#3899 = CARTESIAN_POINT('',(-3.430221166424,-3.));
#3900 = VECTOR('',#3901,1.);
#3901 = DIRECTION('',(0.,-1.));
#3902 = ( GEOMETRIC_REPRESENTATION_CONTEXT(2) 
PARAMETRIC_REPRESENTATION_CONTEXT() REPRESENTATION_CONTEXT('2D SPACE',''
  ) );
#3903 = PCURVE('',#1030,#3904);
#3904 = DEFINITIONAL_REPRESENTATION('',(#3905),#3909);
#3905 = LINE('',#3906,#3907);
#3906 = CARTESIAN_POINT('',(3.430221166424,-3.));
#3907 = VECTOR('',#3908,1.);
#3908 = DIRECTION('',(0.,-1.));
#3909 = ( GEOMETRIC_REPRESENTATION_CONTEXT(2) 
PARAMETRIC_REPRESENTATION_CONTEXT() REPRESENTATION_CONTEXT('2D SPACE',''
  ) );
#3910 = ORIENTED_EDGE('',*,*,#930,.T.);
#3911 = ORIENTED_EDGE('',*,*,#3912,.T.);
#3912 = EDGE_CURVE('',#933,#3913,#3915,.T.);
#3913 = VERTEX_POINT('',#3914);
#3914 = CARTESIAN_POINT('',(-34.8499073366,-24.8,6.));
#3915 = SURFACE_CURVE('',#3916,(#3920,#3927),.PCURVE_S1.);
#3916 = LINE('',#3917,#3918);
#3917 = CARTESIAN_POINT('',(-34.8499073366,-20.,6.));
#3918 = VECTOR('',#3919,1.);
#3919 = DIRECTION('',(0.,-1.,0.));
#3920 = PCURVE('',#948,#3921);
#3921 = DEFINITIONAL_REPRESENTATION('',(#3922),#3926);
#3922 = LINE('',#3923,#3924);
#3923 = CARTESIAN_POINT('',(6.214258800993E-16,-3.));
#3924 = VECTOR('',#3925,1.);
#3925 = DIRECTION('',(0.,-1.));
#3926 = ( GEOMETRIC_REPRESENTATION_CONTEXT(2) 
PARAMETRIC_REPRESENTATION_CONTEXT() REPRESENTATION_CONTEXT('2D SPACE',''
  ) );
#3927 = PCURVE('',#976,#3928);
#3928 = DEFINITIONAL_REPRESENTATION('',(#3929),#3933);
#3929 = LINE('',#3930,#3931);
#3930 = CARTESIAN_POINT('',(-3.430221166424,-3.));
#3931 = VECTOR('',#3932,1.);
#3932 = DIRECTION('',(0.,-1.));
#3933 = ( GEOMETRIC_REPRESENTATION_CONTEXT(2) 
PARAMETRIC_REPRESENTATION_CONTEXT() REPRESENTATION_CONTEXT('2D SPACE',''
  ) );
#3934 = ORIENTED_EDGE('',*,*,#3935,.F.);
#3935 = EDGE_CURVE('',#3889,#3913,#3936,.T.);
#3936 = SURFACE_CURVE('',#3937,(#3941,#3948),.PCURVE_S1.);
#3937 = LINE('',#3938,#3939);
#3938 = CARTESIAN_POINT('',(-37.30070664511,-24.8,3.6));
#3939 = VECTOR('',#3940,1.);
#3940 = DIRECTION('',(0.714472679633,0.,0.699663340513));
#3941 = PCURVE('',#948,#3942);
#3942 = DEFINITIONAL_REPRESENTATION('',(#3943),#3947);
#3943 = LINE('',#3944,#3945);
#3944 = CARTESIAN_POINT('',(-3.430221166424,-7.8));
#3945 = VECTOR('',#3946,1.);
#3946 = DIRECTION('',(1.,2.465190328816E-32));
#3947 = ( GEOMETRIC_REPRESENTATION_CONTEXT(2) 
PARAMETRIC_REPRESENTATION_CONTEXT() REPRESENTATION_CONTEXT('2D SPACE',''
  ) );
#3948 = PCURVE('',#2503,#3949);
#3949 = DEFINITIONAL_REPRESENTATION('',(#3950),#3954);
#3950 = LINE('',#3951,#3952);
#3951 = CARTESIAN_POINT('',(14.6,-2.450799308508));
#3952 = VECTOR('',#3953,1.);
#3953 = DIRECTION('',(-0.699663340513,0.714472679633));
#3954 = ( GEOMETRIC_REPRESENTATION_CONTEXT(2) 
PARAMETRIC_REPRESENTATION_CONTEXT() REPRESENTATION_CONTEXT('2D SPACE',''
  ) );
#3955 = ADVANCED_FACE('',(#3956),#1030,.F.);
#3956 = FACE_BOUND('',#3957,.T.);
#3957 = EDGE_LOOP('',(#3958,#3981,#3982,#3983));
#3958 = ORIENTED_EDGE('',*,*,#3959,.F.);
#3959 = EDGE_CURVE('',#989,#3960,#3962,.T.);
#3960 = VERTEX_POINT('',#3961);
#3961 = CARTESIAN_POINT('',(-34.8499073366,-24.8,1.2));
#3962 = SURFACE_CURVE('',#3963,(#3967,#3974),.PCURVE_S1.);
#3963 = LINE('',#3964,#3965);
#3964 = CARTESIAN_POINT('',(-34.8499073366,-20.,1.2));
#3965 = VECTOR('',#3966,1.);
#3966 = DIRECTION('',(0.,-1.,0.));
#3967 = PCURVE('',#1030,#3968);
#3968 = DEFINITIONAL_REPRESENTATION('',(#3969),#3973);
#3969 = LINE('',#3970,#3971);
#3970 = CARTESIAN_POINT('',(-4.660694100745E-16,-3.));
#3971 = VECTOR('',#3972,1.);
#3972 = DIRECTION('',(0.,-1.));
#3973 = ( GEOMETRIC_REPRESENTATION_CONTEXT(2) 
PARAMETRIC_REPRESENTATION_CONTEXT() REPRESENTATION_CONTEXT('2D SPACE',''
  ) );
#3974 = PCURVE('',#1004,#3975);
#3975 = DEFINITIONAL_REPRESENTATION('',(#3976),#3980);
#3976 = LINE('',#3977,#3978);
#3977 = CARTESIAN_POINT('',(3.430221166424,-3.));
#3978 = VECTOR('',#3979,1.);
#3979 = DIRECTION('',(0.,-1.));
#3980 = ( GEOMETRIC_REPRESENTATION_CONTEXT(2) 
PARAMETRIC_REPRESENTATION_CONTEXT() REPRESENTATION_CONTEXT('2D SPACE',''
  ) );
#3981 = ORIENTED_EDGE('',*,*,#1016,.T.);
#3982 = ORIENTED_EDGE('',*,*,#3888,.T.);
#3983 = ORIENTED_EDGE('',*,*,#3984,.F.);
#3984 = EDGE_CURVE('',#3960,#3889,#3985,.T.);
#3985 = SURFACE_CURVE('',#3986,(#3990,#3997),.PCURVE_S1.);
#3986 = LINE('',#3987,#3988);
#3987 = CARTESIAN_POINT('',(-34.8499073366,-24.8,1.2));
#3988 = VECTOR('',#3989,1.);
#3989 = DIRECTION('',(-0.714472679633,0.,0.699663340513));
#3990 = PCURVE('',#1030,#3991);
#3991 = DEFINITIONAL_REPRESENTATION('',(#3992),#3996);
#3992 = LINE('',#3993,#3994);
#3993 = CARTESIAN_POINT('',(-1.087495290174E-15,-7.8));
#3994 = VECTOR('',#3995,1.);
#3995 = DIRECTION('',(1.,2.465190328816E-31));
#3996 = ( GEOMETRIC_REPRESENTATION_CONTEXT(2) 
PARAMETRIC_REPRESENTATION_CONTEXT() REPRESENTATION_CONTEXT('2D SPACE',''
  ) );
#3997 = PCURVE('',#2503,#3998);
#3998 = DEFINITIONAL_REPRESENTATION('',(#3999),#4003);
#3999 = LINE('',#4000,#4001);
#4000 = CARTESIAN_POINT('',(17.,0.));
#4001 = VECTOR('',#4002,1.);
#4002 = DIRECTION('',(-0.699663340513,-0.714472679633));
#4003 = ( GEOMETRIC_REPRESENTATION_CONTEXT(2) 
PARAMETRIC_REPRESENTATION_CONTEXT() REPRESENTATION_CONTEXT('2D SPACE',''
  ) );
#4004 = ADVANCED_FACE('',(#4005),#976,.F.);
#4005 = FACE_BOUND('',#4006,.T.);
#4006 = EDGE_LOOP('',(#4007,#4008,#4009,#4032));
#4007 = ORIENTED_EDGE('',*,*,#3912,.F.);
#4008 = ORIENTED_EDGE('',*,*,#960,.T.);
#4009 = ORIENTED_EDGE('',*,*,#4010,.T.);
#4010 = EDGE_CURVE('',#961,#4011,#4013,.T.);
#4011 = VERTEX_POINT('',#4012);
#4012 = CARTESIAN_POINT('',(-32.39910802809,-24.8,3.6));
#4013 = SURFACE_CURVE('',#4014,(#4018,#4025),.PCURVE_S1.);
#4014 = LINE('',#4015,#4016);
#4015 = CARTESIAN_POINT('',(-32.39910802809,-20.,3.6));
#4016 = VECTOR('',#4017,1.);
#4017 = DIRECTION('',(0.,-1.,0.));
#4018 = PCURVE('',#976,#4019);
#4019 = DEFINITIONAL_REPRESENTATION('',(#4020),#4024);
#4020 = LINE('',#4021,#4022);
#4021 = CARTESIAN_POINT('',(3.107129400496E-16,-3.));
#4022 = VECTOR('',#4023,1.);
#4023 = DIRECTION('',(0.,-1.));
#4024 = ( GEOMETRIC_REPRESENTATION_CONTEXT(2) 
PARAMETRIC_REPRESENTATION_CONTEXT() REPRESENTATION_CONTEXT('2D SPACE',''
  ) );
#4025 = PCURVE('',#1004,#4026);
#4026 = DEFINITIONAL_REPRESENTATION('',(#4027),#4031);
#4027 = LINE('',#4028,#4029);
#4028 = CARTESIAN_POINT('',(-3.107129400496E-16,-3.));
#4029 = VECTOR('',#4030,1.);
#4030 = DIRECTION('',(0.,-1.));
#4031 = ( GEOMETRIC_REPRESENTATION_CONTEXT(2) 
PARAMETRIC_REPRESENTATION_CONTEXT() REPRESENTATION_CONTEXT('2D SPACE',''
  ) );
#4032 = ORIENTED_EDGE('',*,*,#4033,.F.);
#4033 = EDGE_CURVE('',#3913,#4011,#4034,.T.);
#4034 = SURFACE_CURVE('',#4035,(#4039,#4046),.PCURVE_S1.);
#4035 = LINE('',#4036,#4037);
#4036 = CARTESIAN_POINT('',(-34.8499073366,-24.8,6.));
#4037 = VECTOR('',#4038,1.);
#4038 = DIRECTION('',(0.714472679633,0.,-0.699663340513));
#4039 = PCURVE('',#976,#4040);
#4040 = DEFINITIONAL_REPRESENTATION('',(#4041),#4045);
#4041 = LINE('',#4042,#4043);
#4042 = CARTESIAN_POINT('',(-3.430221166424,-7.8));
#4043 = VECTOR('',#4044,1.);
#4044 = DIRECTION('',(1.,-2.218671295934E-31));
#4045 = ( GEOMETRIC_REPRESENTATION_CONTEXT(2) 
PARAMETRIC_REPRESENTATION_CONTEXT() REPRESENTATION_CONTEXT('2D SPACE',''
  ) );
#4046 = PCURVE('',#2503,#4047);
#4047 = DEFINITIONAL_REPRESENTATION('',(#4048),#4052);
#4048 = LINE('',#4049,#4050);
#4049 = CARTESIAN_POINT('',(12.2,0.));
#4050 = VECTOR('',#4051,1.);
#4051 = DIRECTION('',(0.699663340513,0.714472679633));
#4052 = ( GEOMETRIC_REPRESENTATION_CONTEXT(2) 
PARAMETRIC_REPRESENTATION_CONTEXT() REPRESENTATION_CONTEXT('2D SPACE',''
  ) );
#4053 = ADVANCED_FACE('',(#4054),#1004,.F.);
#4054 = FACE_BOUND('',#4055,.T.);
#4055 = EDGE_LOOP('',(#4056,#4057,#4058,#4059));
#4056 = ORIENTED_EDGE('',*,*,#4010,.F.);
#4057 = ORIENTED_EDGE('',*,*,#988,.T.);
#4058 = ORIENTED_EDGE('',*,*,#3959,.T.);
#4059 = ORIENTED_EDGE('',*,*,#4060,.F.);
#4060 = EDGE_CURVE('',#4011,#3960,#4061,.T.);
#4061 = SURFACE_CURVE('',#4062,(#4066,#4073),.PCURVE_S1.);
#4062 = LINE('',#4063,#4064);
#4063 = CARTESIAN_POINT('',(-32.39910802809,-24.8,3.6));
#4064 = VECTOR('',#4065,1.);
#4065 = DIRECTION('',(-0.714472679633,0.,-0.699663340513));
#4066 = PCURVE('',#1004,#4067);
#4067 = DEFINITIONAL_REPRESENTATION('',(#4068),#4072);
#4068 = LINE('',#4069,#4070);
#4069 = CARTESIAN_POINT('',(-4.660694100745E-15,-7.8));
#4070 = VECTOR('',#4071,1.);
#4071 = DIRECTION('',(1.,0.));
#4072 = ( GEOMETRIC_REPRESENTATION_CONTEXT(2) 
PARAMETRIC_REPRESENTATION_CONTEXT() REPRESENTATION_CONTEXT('2D SPACE',''
  ) );
#4073 = PCURVE('',#2503,#4074);
#4074 = DEFINITIONAL_REPRESENTATION('',(#4075),#4079);
#4075 = LINE('',#4076,#4077);
#4076 = CARTESIAN_POINT('',(14.6,2.450799308508));
#4077 = VECTOR('',#4078,1.);
#4078 = DIRECTION('',(0.699663340513,-0.714472679633));
#4079 = ( GEOMETRIC_REPRESENTATION_CONTEXT(2) 
PARAMETRIC_REPRESENTATION_CONTEXT() REPRESENTATION_CONTEXT('2D SPACE',''
  ) );
#4080 = ADVANCED_FACE('',(#4081),#1062,.F.);
#4081 = FACE_BOUND('',#4082,.T.);
#4082 = EDGE_LOOP('',(#4083,#4106,#4107,#4130));
#4083 = ORIENTED_EDGE('',*,*,#4084,.F.);
#4084 = EDGE_CURVE('',#1045,#4085,#4087,.T.);
#4085 = VERTEX_POINT('',#4086);
#4086 = CARTESIAN_POINT('',(-37.30070664511,-24.8,-4.6));
#4087 = SURFACE_CURVE('',#4088,(#4092,#4099),.PCURVE_S1.);
#4088 = LINE('',#4089,#4090);
#4089 = CARTESIAN_POINT('',(-37.30070664511,-20.,-4.6));
#4090 = VECTOR('',#4091,1.);
#4091 = DIRECTION('',(0.,-1.,0.));
#4092 = PCURVE('',#1062,#4093);
#4093 = DEFINITIONAL_REPRESENTATION('',(#4094),#4098);
#4094 = LINE('',#4095,#4096);
#4095 = CARTESIAN_POINT('',(-3.430221166424,-3.));
#4096 = VECTOR('',#4097,1.);
#4097 = DIRECTION('',(0.,-1.));
#4098 = ( GEOMETRIC_REPRESENTATION_CONTEXT(2) 
PARAMETRIC_REPRESENTATION_CONTEXT() REPRESENTATION_CONTEXT('2D SPACE',''
  ) );
#4099 = PCURVE('',#1144,#4100);
#4100 = DEFINITIONAL_REPRESENTATION('',(#4101),#4105);
#4101 = LINE('',#4102,#4103);
#4102 = CARTESIAN_POINT('',(3.430221166424,-3.));
#4103 = VECTOR('',#4104,1.);
#4104 = DIRECTION('',(0.,-1.));
#4105 = ( GEOMETRIC_REPRESENTATION_CONTEXT(2) 
PARAMETRIC_REPRESENTATION_CONTEXT() REPRESENTATION_CONTEXT('2D SPACE',''
  ) );
#4106 = ORIENTED_EDGE('',*,*,#1044,.T.);
#4107 = ORIENTED_EDGE('',*,*,#4108,.T.);
#4108 = EDGE_CURVE('',#1047,#4109,#4111,.T.);
#4109 = VERTEX_POINT('',#4110);
#4110 = CARTESIAN_POINT('',(-34.8499073366,-24.8,-2.2));
#4111 = SURFACE_CURVE('',#4112,(#4116,#4123),.PCURVE_S1.);
#4112 = LINE('',#4113,#4114);
#4113 = CARTESIAN_POINT('',(-34.8499073366,-20.,-2.2));
#4114 = VECTOR('',#4115,1.);
#4115 = DIRECTION('',(0.,-1.,0.));
#4116 = PCURVE('',#1062,#4117);
#4117 = DEFINITIONAL_REPRESENTATION('',(#4118),#4122);
#4118 = LINE('',#4119,#4120);
#4119 = CARTESIAN_POINT('',(3.107129400496E-16,-3.));
#4120 = VECTOR('',#4121,1.);
#4121 = DIRECTION('',(0.,-1.));
#4122 = ( GEOMETRIC_REPRESENTATION_CONTEXT(2) 
PARAMETRIC_REPRESENTATION_CONTEXT() REPRESENTATION_CONTEXT('2D SPACE',''
  ) );
#4123 = PCURVE('',#1090,#4124);
#4124 = DEFINITIONAL_REPRESENTATION('',(#4125),#4129);
#4125 = LINE('',#4126,#4127);
#4126 = CARTESIAN_POINT('',(-3.430221166424,-3.));
#4127 = VECTOR('',#4128,1.);
#4128 = DIRECTION('',(0.,-1.));
#4129 = ( GEOMETRIC_REPRESENTATION_CONTEXT(2) 
PARAMETRIC_REPRESENTATION_CONTEXT() REPRESENTATION_CONTEXT('2D SPACE',''
  ) );
#4130 = ORIENTED_EDGE('',*,*,#4131,.F.);
#4131 = EDGE_CURVE('',#4085,#4109,#4132,.T.);
#4132 = SURFACE_CURVE('',#4133,(#4137,#4144),.PCURVE_S1.);
#4133 = LINE('',#4134,#4135);
#4134 = CARTESIAN_POINT('',(-37.30070664511,-24.8,-4.6));
#4135 = VECTOR('',#4136,1.);
#4136 = DIRECTION('',(0.714472679633,0.,0.699663340513));
#4137 = PCURVE('',#1062,#4138);
#4138 = DEFINITIONAL_REPRESENTATION('',(#4139),#4143);
#4139 = LINE('',#4140,#4141);
#4140 = CARTESIAN_POINT('',(-3.430221166424,-7.8));
#4141 = VECTOR('',#4142,1.);
#4142 = DIRECTION('',(1.,2.465190328816E-31));
#4143 = ( GEOMETRIC_REPRESENTATION_CONTEXT(2) 
PARAMETRIC_REPRESENTATION_CONTEXT() REPRESENTATION_CONTEXT('2D SPACE',''
  ) );
#4144 = PCURVE('',#2503,#4145);
#4145 = DEFINITIONAL_REPRESENTATION('',(#4146),#4150);
#4146 = LINE('',#4147,#4148);
#4147 = CARTESIAN_POINT('',(22.8,-2.450799308508));
#4148 = VECTOR('',#4149,1.);
#4149 = DIRECTION('',(-0.699663340513,0.714472679633));
#4150 = ( GEOMETRIC_REPRESENTATION_CONTEXT(2) 
PARAMETRIC_REPRESENTATION_CONTEXT() REPRESENTATION_CONTEXT('2D SPACE',''
  ) );
#4151 = ADVANCED_FACE('',(#4152),#1144,.F.);
#4152 = FACE_BOUND('',#4153,.T.);
#4153 = EDGE_LOOP('',(#4154,#4177,#4178,#4179));
#4154 = ORIENTED_EDGE('',*,*,#4155,.F.);
#4155 = EDGE_CURVE('',#1103,#4156,#4158,.T.);
#4156 = VERTEX_POINT('',#4157);
#4157 = CARTESIAN_POINT('',(-34.8499073366,-24.8,-7.));
#4158 = SURFACE_CURVE('',#4159,(#4163,#4170),.PCURVE_S1.);
#4159 = LINE('',#4160,#4161);
#4160 = CARTESIAN_POINT('',(-34.8499073366,-20.,-7.));
#4161 = VECTOR('',#4162,1.);
#4162 = DIRECTION('',(0.,-1.,0.));
#4163 = PCURVE('',#1144,#4164);
#4164 = DEFINITIONAL_REPRESENTATION('',(#4165),#4169);
#4165 = LINE('',#4166,#4167);
#4166 = CARTESIAN_POINT('',(-6.214258800993E-16,-3.));
#4167 = VECTOR('',#4168,1.);
#4168 = DIRECTION('',(0.,-1.));
#4169 = ( GEOMETRIC_REPRESENTATION_CONTEXT(2) 
PARAMETRIC_REPRESENTATION_CONTEXT() REPRESENTATION_CONTEXT('2D SPACE',''
  ) );
#4170 = PCURVE('',#1118,#4171);
#4171 = DEFINITIONAL_REPRESENTATION('',(#4172),#4176);
#4172 = LINE('',#4173,#4174);
#4173 = CARTESIAN_POINT('',(3.430221166424,-3.));
#4174 = VECTOR('',#4175,1.);
#4175 = DIRECTION('',(0.,-1.));
#4176 = ( GEOMETRIC_REPRESENTATION_CONTEXT(2) 
PARAMETRIC_REPRESENTATION_CONTEXT() REPRESENTATION_CONTEXT('2D SPACE',''
  ) );
#4177 = ORIENTED_EDGE('',*,*,#1130,.T.);
#4178 = ORIENTED_EDGE('',*,*,#4084,.T.);
#4179 = ORIENTED_EDGE('',*,*,#4180,.F.);
#4180 = EDGE_CURVE('',#4156,#4085,#4181,.T.);
#4181 = SURFACE_CURVE('',#4182,(#4186,#4193),.PCURVE_S1.);
#4182 = LINE('',#4183,#4184);
#4183 = CARTESIAN_POINT('',(-34.8499073366,-24.8,-7.));
#4184 = VECTOR('',#4185,1.);
#4185 = DIRECTION('',(-0.714472679633,0.,0.699663340513));
#4186 = PCURVE('',#1144,#4187);
#4187 = DEFINITIONAL_REPRESENTATION('',(#4188),#4192);
#4188 = LINE('',#4189,#4190);
#4189 = CARTESIAN_POINT('',(-1.242851760199E-15,-7.8));
#4190 = VECTOR('',#4191,1.);
#4191 = DIRECTION('',(1.,-2.218671295934E-31));
#4192 = ( GEOMETRIC_REPRESENTATION_CONTEXT(2) 
PARAMETRIC_REPRESENTATION_CONTEXT() REPRESENTATION_CONTEXT('2D SPACE',''
  ) );
#4193 = PCURVE('',#2503,#4194);
#4194 = DEFINITIONAL_REPRESENTATION('',(#4195),#4199);
#4195 = LINE('',#4196,#4197);
#4196 = CARTESIAN_POINT('',(25.2,0.));
#4197 = VECTOR('',#4198,1.);
#4198 = DIRECTION('',(-0.699663340513,-0.714472679633));
#4199 = ( GEOMETRIC_REPRESENTATION_CONTEXT(2) 
PARAMETRIC_REPRESENTATION_CONTEXT() REPRESENTATION_CONTEXT('2D SPACE',''
  ) );
#4200 = ADVANCED_FACE('',(#4201),#1090,.F.);
#4201 = FACE_BOUND('',#4202,.T.);
#4202 = EDGE_LOOP('',(#4203,#4204,#4205,#4228));
#4203 = ORIENTED_EDGE('',*,*,#4108,.F.);
#4204 = ORIENTED_EDGE('',*,*,#1074,.T.);
#4205 = ORIENTED_EDGE('',*,*,#4206,.T.);
#4206 = EDGE_CURVE('',#1075,#4207,#4209,.T.);
#4207 = VERTEX_POINT('',#4208);
#4208 = CARTESIAN_POINT('',(-32.39910802809,-24.8,-4.6));
#4209 = SURFACE_CURVE('',#4210,(#4214,#4221),.PCURVE_S1.);
#4210 = LINE('',#4211,#4212);
#4211 = CARTESIAN_POINT('',(-32.39910802809,-20.,-4.6));
#4212 = VECTOR('',#4213,1.);
#4213 = DIRECTION('',(0.,-1.,0.));
#4214 = PCURVE('',#1090,#4215);
#4215 = DEFINITIONAL_REPRESENTATION('',(#4216),#4220);
#4216 = LINE('',#4217,#4218);
#4217 = CARTESIAN_POINT('',(6.214258800993E-16,-3.));
#4218 = VECTOR('',#4219,1.);
#4219 = DIRECTION('',(0.,-1.));
#4220 = ( GEOMETRIC_REPRESENTATION_CONTEXT(2) 
PARAMETRIC_REPRESENTATION_CONTEXT() REPRESENTATION_CONTEXT('2D SPACE',''
  ) );
#4221 = PCURVE('',#1118,#4222);
#4222 = DEFINITIONAL_REPRESENTATION('',(#4223),#4227);
#4223 = LINE('',#4224,#4225);
#4224 = CARTESIAN_POINT('',(-6.214258800993E-16,-3.));
#4225 = VECTOR('',#4226,1.);
#4226 = DIRECTION('',(0.,-1.));
#4227 = ( GEOMETRIC_REPRESENTATION_CONTEXT(2) 
PARAMETRIC_REPRESENTATION_CONTEXT() REPRESENTATION_CONTEXT('2D SPACE',''
  ) );
#4228 = ORIENTED_EDGE('',*,*,#4229,.F.);
#4229 = EDGE_CURVE('',#4109,#4207,#4230,.T.);
#4230 = SURFACE_CURVE('',#4231,(#4235,#4242),.PCURVE_S1.);
#4231 = LINE('',#4232,#4233);
#4232 = CARTESIAN_POINT('',(-34.8499073366,-24.8,-2.2));
#4233 = VECTOR('',#4234,1.);
#4234 = DIRECTION('',(0.714472679633,0.,-0.699663340513));
#4235 = PCURVE('',#1090,#4236);
#4236 = DEFINITIONAL_REPRESENTATION('',(#4237),#4241);
#4237 = LINE('',#4238,#4239);
#4238 = CARTESIAN_POINT('',(-3.430221166424,-7.8));
#4239 = VECTOR('',#4240,1.);
#4240 = DIRECTION('',(1.,-2.218671295934E-31));
#4241 = ( GEOMETRIC_REPRESENTATION_CONTEXT(2) 
PARAMETRIC_REPRESENTATION_CONTEXT() REPRESENTATION_CONTEXT('2D SPACE',''
  ) );
#4242 = PCURVE('',#2503,#4243);
#4243 = DEFINITIONAL_REPRESENTATION('',(#4244),#4248);
#4244 = LINE('',#4245,#4246);
#4245 = CARTESIAN_POINT('',(20.4,0.));
#4246 = VECTOR('',#4247,1.);
#4247 = DIRECTION('',(0.699663340513,0.714472679633));
#4248 = ( GEOMETRIC_REPRESENTATION_CONTEXT(2) 
PARAMETRIC_REPRESENTATION_CONTEXT() REPRESENTATION_CONTEXT('2D SPACE',''
  ) );
#4249 = ADVANCED_FACE('',(#4250),#1118,.F.);
#4250 = FACE_BOUND('',#4251,.T.);
#4251 = EDGE_LOOP('',(#4252,#4253,#4254,#4255));
#4252 = ORIENTED_EDGE('',*,*,#4206,.F.);
#4253 = ORIENTED_EDGE('',*,*,#1102,.T.);
#4254 = ORIENTED_EDGE('',*,*,#4155,.T.);
#4255 = ORIENTED_EDGE('',*,*,#4256,.F.);
#4256 = EDGE_CURVE('',#4207,#4156,#4257,.T.);
#4257 = SURFACE_CURVE('',#4258,(#4262,#4269),.PCURVE_S1.);
#4258 = LINE('',#4259,#4260);
#4259 = CARTESIAN_POINT('',(-32.39910802809,-24.8,-4.6));
#4260 = VECTOR('',#4261,1.);
#4261 = DIRECTION('',(-0.714472679633,0.,-0.699663340513));
#4262 = PCURVE('',#1118,#4263);
#4263 = DEFINITIONAL_REPRESENTATION('',(#4264),#4268);
#4264 = LINE('',#4265,#4266);
#4265 = CARTESIAN_POINT('',(-4.349981160695E-15,-7.8));
#4266 = VECTOR('',#4267,1.);
#4267 = DIRECTION('',(1.,0.));
#4268 = ( GEOMETRIC_REPRESENTATION_CONTEXT(2) 
PARAMETRIC_REPRESENTATION_CONTEXT() REPRESENTATION_CONTEXT('2D SPACE',''
  ) );
#4269 = PCURVE('',#2503,#4270);
#4270 = DEFINITIONAL_REPRESENTATION('',(#4271),#4275);
#4271 = LINE('',#4272,#4273);
#4272 = CARTESIAN_POINT('',(22.8,2.450799308508));
#4273 = VECTOR('',#4274,1.);
#4274 = DIRECTION('',(0.699663340513,-0.714472679633));
#4275 = ( GEOMETRIC_REPRESENTATION_CONTEXT(2) 
PARAMETRIC_REPRESENTATION_CONTEXT() REPRESENTATION_CONTEXT('2D SPACE',''
  ) );
#4276 = ADVANCED_FACE('',(#4277),#1176,.F.);
#4277 = FACE_BOUND('',#4278,.T.);
#4278 = EDGE_LOOP('',(#4279,#4302,#4303,#4326));
#4279 = ORIENTED_EDGE('',*,*,#4280,.F.);
#4280 = EDGE_CURVE('',#1159,#4281,#4283,.T.);
#4281 = VERTEX_POINT('',#4282);
#4282 = CARTESIAN_POINT('',(-37.30070664511,-24.8,-12.8));
#4283 = SURFACE_CURVE('',#4284,(#4288,#4295),.PCURVE_S1.);
#4284 = LINE('',#4285,#4286);
#4285 = CARTESIAN_POINT('',(-37.30070664511,-20.,-12.8));
#4286 = VECTOR('',#4287,1.);
#4287 = DIRECTION('',(0.,-1.,0.));
#4288 = PCURVE('',#1176,#4289);
#4289 = DEFINITIONAL_REPRESENTATION('',(#4290),#4294);
#4290 = LINE('',#4291,#4292);
#4291 = CARTESIAN_POINT('',(-3.430221166424,-3.));
#4292 = VECTOR('',#4293,1.);
#4293 = DIRECTION('',(0.,-1.));
#4294 = ( GEOMETRIC_REPRESENTATION_CONTEXT(2) 
PARAMETRIC_REPRESENTATION_CONTEXT() REPRESENTATION_CONTEXT('2D SPACE',''
  ) );
#4295 = PCURVE('',#1258,#4296);
#4296 = DEFINITIONAL_REPRESENTATION('',(#4297),#4301);
#4297 = LINE('',#4298,#4299);
#4298 = CARTESIAN_POINT('',(3.430221166424,-3.));
#4299 = VECTOR('',#4300,1.);
#4300 = DIRECTION('',(0.,-1.));
#4301 = ( GEOMETRIC_REPRESENTATION_CONTEXT(2) 
PARAMETRIC_REPRESENTATION_CONTEXT() REPRESENTATION_CONTEXT('2D SPACE',''
  ) );
#4302 = ORIENTED_EDGE('',*,*,#1158,.T.);
#4303 = ORIENTED_EDGE('',*,*,#4304,.T.);
#4304 = EDGE_CURVE('',#1161,#4305,#4307,.T.);
#4305 = VERTEX_POINT('',#4306);
#4306 = CARTESIAN_POINT('',(-34.8499073366,-24.8,-10.4));
#4307 = SURFACE_CURVE('',#4308,(#4312,#4319),.PCURVE_S1.);
#4308 = LINE('',#4309,#4310);
#4309 = CARTESIAN_POINT('',(-34.8499073366,-20.,-10.4));
#4310 = VECTOR('',#4311,1.);
#4311 = DIRECTION('',(0.,-1.,0.));
#4312 = PCURVE('',#1176,#4313);
#4313 = DEFINITIONAL_REPRESENTATION('',(#4314),#4318);
#4314 = LINE('',#4315,#4316);
#4315 = CARTESIAN_POINT('',(0.,-3.));
#4316 = VECTOR('',#4317,1.);
#4317 = DIRECTION('',(0.,-1.));
#4318 = ( GEOMETRIC_REPRESENTATION_CONTEXT(2) 
PARAMETRIC_REPRESENTATION_CONTEXT() REPRESENTATION_CONTEXT('2D SPACE',''
  ) );
#4319 = PCURVE('',#1204,#4320);
#4320 = DEFINITIONAL_REPRESENTATION('',(#4321),#4325);
#4321 = LINE('',#4322,#4323);
#4322 = CARTESIAN_POINT('',(-3.430221166424,-3.));
#4323 = VECTOR('',#4324,1.);
#4324 = DIRECTION('',(0.,-1.));
#4325 = ( GEOMETRIC_REPRESENTATION_CONTEXT(2) 
PARAMETRIC_REPRESENTATION_CONTEXT() REPRESENTATION_CONTEXT('2D SPACE',''
  ) );
#4326 = ORIENTED_EDGE('',*,*,#4327,.F.);
#4327 = EDGE_CURVE('',#4281,#4305,#4328,.T.);
#4328 = SURFACE_CURVE('',#4329,(#4333,#4340),.PCURVE_S1.);
#4329 = LINE('',#4330,#4331);
#4330 = CARTESIAN_POINT('',(-37.30070664511,-24.8,-12.8));
#4331 = VECTOR('',#4332,1.);
#4332 = DIRECTION('',(0.714472679633,0.,0.699663340513));
#4333 = PCURVE('',#1176,#4334);
#4334 = DEFINITIONAL_REPRESENTATION('',(#4335),#4339);
#4335 = LINE('',#4336,#4337);
#4336 = CARTESIAN_POINT('',(-3.430221166424,-7.8));
#4337 = VECTOR('',#4338,1.);
#4338 = DIRECTION('',(1.,2.465190328816E-32));
#4339 = ( GEOMETRIC_REPRESENTATION_CONTEXT(2) 
PARAMETRIC_REPRESENTATION_CONTEXT() REPRESENTATION_CONTEXT('2D SPACE',''
  ) );
#4340 = PCURVE('',#2503,#4341);
#4341 = DEFINITIONAL_REPRESENTATION('',(#4342),#4346);
#4342 = LINE('',#4343,#4344);
#4343 = CARTESIAN_POINT('',(31.,-2.450799308508));
#4344 = VECTOR('',#4345,1.);
#4345 = DIRECTION('',(-0.699663340513,0.714472679633));
#4346 = ( GEOMETRIC_REPRESENTATION_CONTEXT(2) 
PARAMETRIC_REPRESENTATION_CONTEXT() REPRESENTATION_CONTEXT('2D SPACE',''
  ) );
#4347 = ADVANCED_FACE('',(#4348),#1258,.F.);
#4348 = FACE_BOUND('',#4349,.T.);
#4349 = EDGE_LOOP('',(#4350,#4373,#4374,#4375));
#4350 = ORIENTED_EDGE('',*,*,#4351,.F.);
#4351 = EDGE_CURVE('',#1217,#4352,#4354,.T.);
#4352 = VERTEX_POINT('',#4353);
#4353 = CARTESIAN_POINT('',(-34.8499073366,-24.8,-15.2));
#4354 = SURFACE_CURVE('',#4355,(#4359,#4366),.PCURVE_S1.);
#4355 = LINE('',#4356,#4357);
#4356 = CARTESIAN_POINT('',(-34.8499073366,-20.,-15.2));
#4357 = VECTOR('',#4358,1.);
#4358 = DIRECTION('',(0.,-1.,0.));
#4359 = PCURVE('',#1258,#4360);
#4360 = DEFINITIONAL_REPRESENTATION('',(#4361),#4365);
#4361 = LINE('',#4362,#4363);
#4362 = CARTESIAN_POINT('',(0.,-3.));
#4363 = VECTOR('',#4364,1.);
#4364 = DIRECTION('',(0.,-1.));
#4365 = ( GEOMETRIC_REPRESENTATION_CONTEXT(2) 
PARAMETRIC_REPRESENTATION_CONTEXT() REPRESENTATION_CONTEXT('2D SPACE',''
  ) );
#4366 = PCURVE('',#1232,#4367);
#4367 = DEFINITIONAL_REPRESENTATION('',(#4368),#4372);
#4368 = LINE('',#4369,#4370);
#4369 = CARTESIAN_POINT('',(3.430221166424,-3.));
#4370 = VECTOR('',#4371,1.);
#4371 = DIRECTION('',(0.,-1.));
#4372 = ( GEOMETRIC_REPRESENTATION_CONTEXT(2) 
PARAMETRIC_REPRESENTATION_CONTEXT() REPRESENTATION_CONTEXT('2D SPACE',''
  ) );
#4373 = ORIENTED_EDGE('',*,*,#1244,.T.);
#4374 = ORIENTED_EDGE('',*,*,#4280,.T.);
#4375 = ORIENTED_EDGE('',*,*,#4376,.F.);
#4376 = EDGE_CURVE('',#4352,#4281,#4377,.T.);
#4377 = SURFACE_CURVE('',#4378,(#4382,#4389),.PCURVE_S1.);
#4378 = LINE('',#4379,#4380);
#4379 = CARTESIAN_POINT('',(-34.8499073366,-24.8,-15.2));
#4380 = VECTOR('',#4381,1.);
#4381 = DIRECTION('',(-0.714472679633,0.,0.699663340513));
#4382 = PCURVE('',#1258,#4383);
#4383 = DEFINITIONAL_REPRESENTATION('',(#4384),#4388);
#4384 = LINE('',#4385,#4386);
#4385 = CARTESIAN_POINT('',(-1.242851760199E-15,-7.8));
#4386 = VECTOR('',#4387,1.);
#4387 = DIRECTION('',(1.,2.465190328816E-31));
#4388 = ( GEOMETRIC_REPRESENTATION_CONTEXT(2) 
PARAMETRIC_REPRESENTATION_CONTEXT() REPRESENTATION_CONTEXT('2D SPACE',''
  ) );
#4389 = PCURVE('',#2503,#4390);
#4390 = DEFINITIONAL_REPRESENTATION('',(#4391),#4395);
#4391 = LINE('',#4392,#4393);
#4392 = CARTESIAN_POINT('',(33.4,0.));
#4393 = VECTOR('',#4394,1.);
#4394 = DIRECTION('',(-0.699663340513,-0.714472679633));
#4395 = ( GEOMETRIC_REPRESENTATION_CONTEXT(2) 
PARAMETRIC_REPRESENTATION_CONTEXT() REPRESENTATION_CONTEXT('2D SPACE',''
  ) );
#4396 = ADVANCED_FACE('',(#4397),#1204,.F.);
#4397 = FACE_BOUND('',#4398,.T.);
#4398 = EDGE_LOOP('',(#4399,#4447,#4468,#4469,#4470));
#4399 = ORIENTED_EDGE('',*,*,#4400,.F.);
#4400 = EDGE_CURVE('',#4401,#4403,#4405,.T.);
#4401 = VERTEX_POINT('',#4402);
#4402 = CARTESIAN_POINT('',(-34.8499073366,-43.27083130081,-10.4));
#4403 = VERTEX_POINT('',#4404);
#4404 = CARTESIAN_POINT('',(-32.39910802809,-43.99599839871,-12.8));
#4405 = SURFACE_CURVE('',#4406,(#4411,#4418),.PCURVE_S1.);
#4406 = ELLIPSE('',#4407,7.146294096717,5.);
#4407 = AXIS2_PLACEMENT_3D('',#4408,#4409,#4410);
#4408 = CARTESIAN_POINT('',(-32.19487475239,-39.,-13.));
#4409 = DIRECTION('',(0.699663340513,-2.912933812965E-16,0.714472679633)
  );
#4410 = DIRECTION('',(-0.714472679633,-2.330347050372E-16,0.699663340513
    ));
#4411 = PCURVE('',#1204,#4412);
#4412 = DEFINITIONAL_REPRESENTATION('',(#4413),#4417);
#4413 = ELLIPSE('',#4414,7.146294096717,5.);
#4414 = AXIS2_PLACEMENT_2D('',#4415,#4416);
#4415 = CARTESIAN_POINT('',(0.285851763869,-22.));
#4416 = DIRECTION('',(-1.,-2.330347050372E-16));
#4417 = ( GEOMETRIC_REPRESENTATION_CONTEXT(2) 
PARAMETRIC_REPRESENTATION_CONTEXT() REPRESENTATION_CONTEXT('2D SPACE',''
  ) );
#4418 = PCURVE('',#2727,#4419);
#4419 = DEFINITIONAL_REPRESENTATION('',(#4420),#4446);
#4420 = B_SPLINE_CURVE_WITH_KNOTS('',3,(#4421,#4422,#4423,#4424,#4425,
    #4426,#4427,#4428,#4429,#4430,#4431,#4432,#4433,#4434,#4435,#4436,
    #4437,#4438,#4439,#4440,#4441,#4442,#4443,#4444,#4445),
  .UNSPECIFIED.,.F.,.F.,(4,1,1,1,1,1,1,1,1,1,1,1,1,1,1,1,1,1,1,1,1,1,4),
  (1.023945376099,1.046983570478,1.070021764857,1.093059959236,
    1.116098153616,1.139136347995,1.162174542374,1.185212736753,
    1.208250931132,1.231289125512,1.254327319891,1.27736551427,
    1.300403708649,1.323441903028,1.346480097407,1.369518291787,
    1.392556486166,1.415594680545,1.438632874924,1.461671069303,
    1.484709263683,1.507747458062,1.530785652441),
  .QUASI_UNIFORM_KNOTS.);
#4421 = CARTESIAN_POINT('',(6.044638094478,-15.));
#4422 = CARTESIAN_POINT('',(6.036958696352,-15.03349155689));
#4423 = CARTESIAN_POINT('',(6.021599900099,-15.10094462424));
#4424 = CARTESIAN_POINT('',(5.99856170572,-15.20347960351));
#4425 = CARTESIAN_POINT('',(5.975523511341,-15.30731575189));
#4426 = CARTESIAN_POINT('',(5.952485316961,-15.41239790371));
#4427 = CARTESIAN_POINT('',(5.929447122582,-15.51867030327));
#4428 = CARTESIAN_POINT('',(5.906408928203,-15.62607654404));
#4429 = CARTESIAN_POINT('',(5.883370733824,-15.73455962288));
#4430 = CARTESIAN_POINT('',(5.860332539445,-15.84406196373));
#4431 = CARTESIAN_POINT('',(5.837294345065,-15.95452544996));
#4432 = CARTESIAN_POINT('',(5.814256150686,-16.0658914547));
#4433 = CARTESIAN_POINT('',(5.791217956307,-16.17810087215));
#4434 = CARTESIAN_POINT('',(5.768179761928,-16.29109414884));
#4435 = CARTESIAN_POINT('',(5.745141567549,-16.40481131529));
#4436 = CARTESIAN_POINT('',(5.72210337317,-16.51919201783));
#4437 = CARTESIAN_POINT('',(5.69906517879,-16.63417555064));
#4438 = CARTESIAN_POINT('',(5.676026984411,-16.74970088791));
#4439 = CARTESIAN_POINT('',(5.652988790032,-16.86570671637));
#4440 = CARTESIAN_POINT('',(5.629950595653,-16.98213146752));
#4441 = CARTESIAN_POINT('',(5.606912401274,-17.09891335122));
#4442 = CARTESIAN_POINT('',(5.583874206894,-17.2159903852));
#4443 = CARTESIAN_POINT('',(5.560836012515,-17.33330044029));
#4444 = CARTESIAN_POINT('',(5.545477216263,-17.41162096486));
#4445 = CARTESIAN_POINT('',(5.537797818136,-17.4507993085));
#4446 = ( GEOMETRIC_REPRESENTATION_CONTEXT(2) 
PARAMETRIC_REPRESENTATION_CONTEXT() REPRESENTATION_CONTEXT('2D SPACE',''
  ) );
#4447 = ORIENTED_EDGE('',*,*,#4448,.F.);
#4448 = EDGE_CURVE('',#4305,#4401,#4449,.T.);
#4449 = SURFACE_CURVE('',#4450,(#4454,#4461),.PCURVE_S1.);
#4450 = LINE('',#4451,#4452);
#4451 = CARTESIAN_POINT('',(-34.8499073366,-24.8,-10.4));
#4452 = VECTOR('',#4453,1.);
#4453 = DIRECTION('',(-2.60517449734E-16,-1.,0.));
#4454 = PCURVE('',#1204,#4455);
#4455 = DEFINITIONAL_REPRESENTATION('',(#4456),#4460);
#4456 = LINE('',#4457,#4458);
#4457 = CARTESIAN_POINT('',(-3.430221166424,-7.8));
#4458 = VECTOR('',#4459,1.);
#4459 = DIRECTION('',(-1.861326004025E-16,-1.));
#4460 = ( GEOMETRIC_REPRESENTATION_CONTEXT(2) 
PARAMETRIC_REPRESENTATION_CONTEXT() REPRESENTATION_CONTEXT('2D SPACE',''
  ) );
#4461 = PCURVE('',#2612,#4462);
#4462 = DEFINITIONAL_REPRESENTATION('',(#4463),#4467);
#4463 = LINE('',#4464,#4465);
#4464 = CARTESIAN_POINT('',(-28.6,24.8));
#4465 = VECTOR('',#4466,1.);
#4466 = DIRECTION('',(0.,-1.));
#4467 = ( GEOMETRIC_REPRESENTATION_CONTEXT(2) 
PARAMETRIC_REPRESENTATION_CONTEXT() REPRESENTATION_CONTEXT('2D SPACE',''
  ) );
#4468 = ORIENTED_EDGE('',*,*,#4304,.F.);
#4469 = ORIENTED_EDGE('',*,*,#1188,.T.);
#4470 = ORIENTED_EDGE('',*,*,#4471,.T.);
#4471 = EDGE_CURVE('',#1189,#4403,#4472,.T.);
#4472 = SURFACE_CURVE('',#4473,(#4477,#4484),.PCURVE_S1.);
#4473 = LINE('',#4474,#4475);
#4474 = CARTESIAN_POINT('',(-32.39910802809,-20.,-12.8));
#4475 = VECTOR('',#4476,1.);
#4476 = DIRECTION('',(-5.938908572006E-16,-1.,0.));
#4477 = PCURVE('',#1204,#4478);
#4478 = DEFINITIONAL_REPRESENTATION('',(#4479),#4483);
#4479 = LINE('',#4480,#4481);
#4480 = CARTESIAN_POINT('',(0.,-3.));
#4481 = VECTOR('',#4482,1.);
#4482 = DIRECTION('',(-4.243187921535E-16,-1.));
#4483 = ( GEOMETRIC_REPRESENTATION_CONTEXT(2) 
PARAMETRIC_REPRESENTATION_CONTEXT() REPRESENTATION_CONTEXT('2D SPACE',''
  ) );
#4484 = PCURVE('',#1232,#4485);
#4485 = DEFINITIONAL_REPRESENTATION('',(#4486),#4490);
#4486 = LINE('',#4487,#4488);
#4487 = CARTESIAN_POINT('',(-0.,-3.));
#4488 = VECTOR('',#4489,1.);
#4489 = DIRECTION('',(4.243187921535E-16,-1.));
#4490 = ( GEOMETRIC_REPRESENTATION_CONTEXT(2) 
PARAMETRIC_REPRESENTATION_CONTEXT() REPRESENTATION_CONTEXT('2D SPACE',''
  ) );
#4491 = ADVANCED_FACE('',(#4492),#1232,.F.);
#4492 = FACE_BOUND('',#4493,.T.);
#4493 = EDGE_LOOP('',(#4494,#4517,#4518,#4519,#4520,#4548));
#4494 = ORIENTED_EDGE('',*,*,#4495,.F.);
#4495 = EDGE_CURVE('',#4403,#4496,#4498,.T.);
#4496 = VERTEX_POINT('',#4497);
#4497 = CARTESIAN_POINT('',(-32.6033413038,-44.,-13.));
#4498 = SURFACE_CURVE('',#4499,(#4504,#4511),.PCURVE_S1.);
#4499 = ELLIPSE('',#4500,7.146294096717,5.);
#4500 = AXIS2_PLACEMENT_3D('',#4501,#4502,#4503);
#4501 = CARTESIAN_POINT('',(-32.6033413038,-39.,-13.));
#4502 = DIRECTION('',(0.699663340513,-2.912933812965E-16,-0.714472679633
    ));
#4503 = DIRECTION('',(0.714472679633,2.330347050372E-16,0.699663340513)
  );
#4504 = PCURVE('',#1232,#4505);
#4505 = DEFINITIONAL_REPRESENTATION('',(#4506),#4510);
#4506 = ELLIPSE('',#4507,7.146294096717,5.);
#4507 = AXIS2_PLACEMENT_2D('',#4508,#4509);
#4508 = CARTESIAN_POINT('',(0.285851763869,-22.));
#4509 = DIRECTION('',(-1.,2.330347050372E-16));
#4510 = ( GEOMETRIC_REPRESENTATION_CONTEXT(2) 
PARAMETRIC_REPRESENTATION_CONTEXT() REPRESENTATION_CONTEXT('2D SPACE',''
  ) );
#4511 = PCURVE('',#2727,#4512);
#4512 = DEFINITIONAL_REPRESENTATION('',(#4513),#4516);
#4513 = B_SPLINE_CURVE_WITH_KNOTS('',1,(#4514,#4515),.UNSPECIFIED.,.F.,
  .F.,(2,2),(1.530785652441,1.570796326795),.PIECEWISE_BEZIER_KNOTS.);
#4514 = CARTESIAN_POINT('',(5.537797818136,-17.4507993085));
#4515 = CARTESIAN_POINT('',(5.497787143782,-17.24656603279));
#4516 = ( GEOMETRIC_REPRESENTATION_CONTEXT(2) 
PARAMETRIC_REPRESENTATION_CONTEXT() REPRESENTATION_CONTEXT('2D SPACE',''
  ) );
#4517 = ORIENTED_EDGE('',*,*,#4471,.F.);
#4518 = ORIENTED_EDGE('',*,*,#1216,.T.);
#4519 = ORIENTED_EDGE('',*,*,#4351,.T.);
#4520 = ORIENTED_EDGE('',*,*,#4521,.T.);
#4521 = EDGE_CURVE('',#4352,#4522,#4524,.T.);
#4522 = VERTEX_POINT('',#4523);
#4523 = CARTESIAN_POINT('',(-34.8499073366,-44.,-15.2));
#4524 = SURFACE_CURVE('',#4525,(#4529,#4536),.PCURVE_S1.);
#4525 = LINE('',#4526,#4527);
#4526 = CARTESIAN_POINT('',(-34.8499073366,-24.8,-15.2));
#4527 = VECTOR('',#4528,1.);
#4528 = DIRECTION('',(-2.60517449734E-16,-1.,0.));
#4529 = PCURVE('',#1232,#4530);
#4530 = DEFINITIONAL_REPRESENTATION('',(#4531),#4535);
#4531 = LINE('',#4532,#4533);
#4532 = CARTESIAN_POINT('',(3.430221166424,-7.8));
#4533 = VECTOR('',#4534,1.);
#4534 = DIRECTION('',(1.861326004025E-16,-1.));
#4535 = ( GEOMETRIC_REPRESENTATION_CONTEXT(2) 
PARAMETRIC_REPRESENTATION_CONTEXT() REPRESENTATION_CONTEXT('2D SPACE',''
  ) );
#4536 = PCURVE('',#4537,#4542);
#4537 = PLANE('',#4538);
#4538 = AXIS2_PLACEMENT_3D('',#4539,#4540,#4541);
#4539 = CARTESIAN_POINT('',(-34.8499073366,-49.6,18.2));
#4540 = DIRECTION('',(-1.,2.797941090285E-16,0.));
#4541 = DIRECTION('',(0.,0.,1.));
#4542 = DEFINITIONAL_REPRESENTATION('',(#4543),#4547);
#4543 = LINE('',#4544,#4545);
#4544 = CARTESIAN_POINT('',(-33.4,24.8));
#4545 = VECTOR('',#4546,1.);
#4546 = DIRECTION('',(0.,-1.));
#4547 = ( GEOMETRIC_REPRESENTATION_CONTEXT(2) 
PARAMETRIC_REPRESENTATION_CONTEXT() REPRESENTATION_CONTEXT('2D SPACE',''
  ) );
#4548 = ORIENTED_EDGE('',*,*,#4549,.F.);
#4549 = EDGE_CURVE('',#4496,#4522,#4550,.T.);
#4550 = SURFACE_CURVE('',#4551,(#4555,#4562),.PCURVE_S1.);
#4551 = LINE('',#4552,#4553);
#4552 = CARTESIAN_POINT('',(-31.23377996255,-44.,-11.65882644588));
#4553 = VECTOR('',#4554,1.);
#4554 = DIRECTION('',(-0.714472679633,1.911201698207E-17,-0.699663340513
    ));
#4555 = PCURVE('',#1232,#4556);
#4556 = DEFINITIONAL_REPRESENTATION('',(#4557),#4561);
#4557 = LINE('',#4558,#4559);
#4558 = CARTESIAN_POINT('',(-1.631032366615,-27.));
#4559 = VECTOR('',#4560,1.);
#4560 = DIRECTION('',(1.,1.911201698207E-17));
#4561 = ( GEOMETRIC_REPRESENTATION_CONTEXT(2) 
PARAMETRIC_REPRESENTATION_CONTEXT() REPRESENTATION_CONTEXT('2D SPACE',''
  ) );
#4562 = PCURVE('',#1424,#4563);
#4563 = DEFINITIONAL_REPRESENTATION('',(#4564),#4568);
#4564 = LINE('',#4565,#4566);
#4565 = CARTESIAN_POINT('',(-36.65882644588,33.616127374051));
#4566 = VECTOR('',#4567,1.);
#4567 = DIRECTION('',(-0.699663340513,-0.714472679633));
#4568 = ( GEOMETRIC_REPRESENTATION_CONTEXT(2) 
PARAMETRIC_REPRESENTATION_CONTEXT() REPRESENTATION_CONTEXT('2D SPACE',''
  ) );
#4569 = ADVANCED_FACE('',(#4570),#1291,.F.);
#4570 = FACE_BOUND('',#4571,.F.);
#4571 = EDGE_LOOP('',(#4572,#4573,#4594,#4595));
#4572 = ORIENTED_EDGE('',*,*,#1356,.T.);
#4573 = ORIENTED_EDGE('',*,*,#4574,.T.);
#4574 = EDGE_CURVE('',#1357,#2761,#4575,.T.);
#4575 = SURFACE_CURVE('',#4576,(#4580,#4587),.PCURVE_S1.);
#4576 = LINE('',#4577,#4578);
#4577 = CARTESIAN_POINT('',(-19.6749536683,-39.,-26.));
#4578 = VECTOR('',#4579,1.);
#4579 = DIRECTION('',(1.,-2.674982196925E-17,0.));
#4580 = PCURVE('',#1291,#4581);
#4581 = DEFINITIONAL_REPRESENTATION('',(#4582),#4586);
#4582 = LINE('',#4583,#4584);
#4583 = CARTESIAN_POINT('',(-45.1749536683,-7.));
#4584 = VECTOR('',#4585,1.);
#4585 = DIRECTION('',(1.,-2.674982196925E-17));
#4586 = ( GEOMETRIC_REPRESENTATION_CONTEXT(2) 
PARAMETRIC_REPRESENTATION_CONTEXT() REPRESENTATION_CONTEXT('2D SPACE',''
  ) );
#4587 = PCURVE('',#1396,#4588);
#4588 = DEFINITIONAL_REPRESENTATION('',(#4589),#4593);
#4589 = LINE('',#4590,#4591);
#4590 = CARTESIAN_POINT('',(-0.785398163397,0.));
#4591 = VECTOR('',#4592,1.);
#4592 = DIRECTION('',(0.,-1.));
#4593 = ( GEOMETRIC_REPRESENTATION_CONTEXT(2) 
PARAMETRIC_REPRESENTATION_CONTEXT() REPRESENTATION_CONTEXT('2D SPACE',''
  ) );
#4594 = ORIENTED_EDGE('',*,*,#2788,.T.);
#4595 = ORIENTED_EDGE('',*,*,#1273,.T.);
#4596 = ADVANCED_FACE('',(#4597),#1396,.T.);
#4597 = FACE_BOUND('',#4598,.T.);
#4598 = EDGE_LOOP('',(#4599,#4620,#4621,#4622));
#4599 = ORIENTED_EDGE('',*,*,#4600,.T.);
#4600 = EDGE_CURVE('',#2740,#1380,#4601,.T.);
#4601 = SURFACE_CURVE('',#4602,(#4606,#4613),.PCURVE_S1.);
#4602 = LINE('',#4603,#4604);
#4603 = CARTESIAN_POINT('',(-19.6749536683,-44.,-21.));
#4604 = VECTOR('',#4605,1.);
#4605 = DIRECTION('',(-1.,2.674982196925E-17,0.));
#4606 = PCURVE('',#1396,#4607);
#4607 = DEFINITIONAL_REPRESENTATION('',(#4608),#4612);
#4608 = LINE('',#4609,#4610);
#4609 = CARTESIAN_POINT('',(0.785398163397,0.));
#4610 = VECTOR('',#4611,1.);
#4611 = DIRECTION('',(0.,1.));
#4612 = ( GEOMETRIC_REPRESENTATION_CONTEXT(2) 
PARAMETRIC_REPRESENTATION_CONTEXT() REPRESENTATION_CONTEXT('2D SPACE',''
  ) );
#4613 = PCURVE('',#1424,#4614);
#4614 = DEFINITIONAL_REPRESENTATION('',(#4615),#4619);
#4615 = LINE('',#4616,#4617);
#4616 = CARTESIAN_POINT('',(-46.,45.174953668304));
#4617 = VECTOR('',#4618,1.);
#4618 = DIRECTION('',(0.,-1.));
#4619 = ( GEOMETRIC_REPRESENTATION_CONTEXT(2) 
PARAMETRIC_REPRESENTATION_CONTEXT() REPRESENTATION_CONTEXT('2D SPACE',''
  ) );
#4620 = ORIENTED_EDGE('',*,*,#1379,.T.);
#4621 = ORIENTED_EDGE('',*,*,#4574,.T.);
#4622 = ORIENTED_EDGE('',*,*,#2760,.T.);
#4623 = ADVANCED_FACE('',(#4624),#1424,.F.);
#4624 = FACE_BOUND('',#4625,.F.);
#4625 = EDGE_LOOP('',(#4626,#4627,#4628,#4629,#4652,#4680,#4708,#4729,
    #4730));
#4626 = ORIENTED_EDGE('',*,*,#2739,.T.);
#4627 = ORIENTED_EDGE('',*,*,#4600,.T.);
#4628 = ORIENTED_EDGE('',*,*,#1408,.T.);
#4629 = ORIENTED_EDGE('',*,*,#4630,.T.);
#4630 = EDGE_CURVE('',#1409,#4631,#4633,.T.);
#4631 = VERTEX_POINT('',#4632);
#4632 = CARTESIAN_POINT('',(-39.8499073366,-44.,-18.));
#4633 = SURFACE_CURVE('',#4634,(#4638,#4645),.PCURVE_S1.);
#4634 = LINE('',#4635,#4636);
#4635 = CARTESIAN_POINT('',(-45.3499073366,-44.,-18.));
#4636 = VECTOR('',#4637,1.);
#4637 = DIRECTION('',(-1.,2.674982196925E-17,0.));
#4638 = PCURVE('',#1424,#4639);
#4639 = DEFINITIONAL_REPRESENTATION('',(#4640),#4644);
#4640 = LINE('',#4641,#4642);
#4641 = CARTESIAN_POINT('',(-43.,19.5));
#4642 = VECTOR('',#4643,1.);
#4643 = DIRECTION('',(0.,-1.));
#4644 = ( GEOMETRIC_REPRESENTATION_CONTEXT(2) 
PARAMETRIC_REPRESENTATION_CONTEXT() REPRESENTATION_CONTEXT('2D SPACE',''
  ) );
#4645 = PCURVE('',#1453,#4646);
#4646 = DEFINITIONAL_REPRESENTATION('',(#4647),#4651);
#4647 = LINE('',#4648,#4649);
#4648 = CARTESIAN_POINT('',(7.068583470577,0.));
#4649 = VECTOR('',#4650,1.);
#4650 = DIRECTION('',(0.,1.));
#4651 = ( GEOMETRIC_REPRESENTATION_CONTEXT(2) 
PARAMETRIC_REPRESENTATION_CONTEXT() REPRESENTATION_CONTEXT('2D SPACE',''
  ) );
#4652 = ORIENTED_EDGE('',*,*,#4653,.F.);
#4653 = EDGE_CURVE('',#4654,#4631,#4656,.T.);
#4654 = VERTEX_POINT('',#4655);
#4655 = CARTESIAN_POINT('',(-39.8499073366,-44.,-16.4));
#4656 = SURFACE_CURVE('',#4657,(#4661,#4668),.PCURVE_S1.);
#4657 = LINE('',#4658,#4659);
#4658 = CARTESIAN_POINT('',(-39.8499073366,-44.,12.5));
#4659 = VECTOR('',#4660,1.);
#4660 = DIRECTION('',(0.,0.,-1.));
#4661 = PCURVE('',#1424,#4662);
#4662 = DEFINITIONAL_REPRESENTATION('',(#4663),#4667);
#4663 = LINE('',#4664,#4665);
#4664 = CARTESIAN_POINT('',(-12.5,25.));
#4665 = VECTOR('',#4666,1.);
#4666 = DIRECTION('',(-1.,0.));
#4667 = ( GEOMETRIC_REPRESENTATION_CONTEXT(2) 
PARAMETRIC_REPRESENTATION_CONTEXT() REPRESENTATION_CONTEXT('2D SPACE',''
  ) );
#4668 = PCURVE('',#4669,#4674);
#4669 = PLANE('',#4670);
#4670 = AXIS2_PLACEMENT_3D('',#4671,#4672,#4673);
#4671 = CARTESIAN_POINT('',(-39.8499073366,-20.,0.));
#4672 = DIRECTION('',(-1.,3.771137991254E-16,0.));
#4673 = DIRECTION('',(0.,0.,1.));
#4674 = DEFINITIONAL_REPRESENTATION('',(#4675),#4679);
#4675 = LINE('',#4676,#4677);
#4676 = CARTESIAN_POINT('',(12.5,-24.));
#4677 = VECTOR('',#4678,1.);
#4678 = DIRECTION('',(-1.,0.));
#4679 = ( GEOMETRIC_REPRESENTATION_CONTEXT(2) 
PARAMETRIC_REPRESENTATION_CONTEXT() REPRESENTATION_CONTEXT('2D SPACE',''
  ) );
#4680 = ORIENTED_EDGE('',*,*,#4681,.F.);
#4681 = EDGE_CURVE('',#4682,#4654,#4684,.T.);
#4682 = VERTEX_POINT('',#4683);
#4683 = CARTESIAN_POINT('',(-34.8499073366,-44.,-16.4));
#4684 = SURFACE_CURVE('',#4685,(#4689,#4696),.PCURVE_S1.);
#4685 = LINE('',#4686,#4687);
#4686 = CARTESIAN_POINT('',(-49.8499073366,-44.,-16.4));
#4687 = VECTOR('',#4688,1.);
#4688 = DIRECTION('',(-1.,2.674982196925E-17,0.));
#4689 = PCURVE('',#1424,#4690);
#4690 = DEFINITIONAL_REPRESENTATION('',(#4691),#4695);
#4691 = LINE('',#4692,#4693);
#4692 = CARTESIAN_POINT('',(-41.4,15.));
#4693 = VECTOR('',#4694,1.);
#4694 = DIRECTION('',(0.,-1.));
#4695 = ( GEOMETRIC_REPRESENTATION_CONTEXT(2) 
PARAMETRIC_REPRESENTATION_CONTEXT() REPRESENTATION_CONTEXT('2D SPACE',''
  ) );
#4696 = PCURVE('',#4697,#4702);
#4697 = PLANE('',#4698);
#4698 = AXIS2_PLACEMENT_3D('',#4699,#4700,#4701);
#4699 = CARTESIAN_POINT('',(-34.8499073366,-54.,-16.4));
#4700 = DIRECTION('',(0.,0.,1.));
#4701 = DIRECTION('',(1.,0.,-0.));
#4702 = DEFINITIONAL_REPRESENTATION('',(#4703),#4707);
#4703 = LINE('',#4704,#4705);
#4704 = CARTESIAN_POINT('',(-15.,10.));
#4705 = VECTOR('',#4706,1.);
#4706 = DIRECTION('',(-1.,2.674982196925E-17));
#4707 = ( GEOMETRIC_REPRESENTATION_CONTEXT(2) 
PARAMETRIC_REPRESENTATION_CONTEXT() REPRESENTATION_CONTEXT('2D SPACE',''
  ) );
#4708 = ORIENTED_EDGE('',*,*,#4709,.F.);
#4709 = EDGE_CURVE('',#4522,#4682,#4710,.T.);
#4710 = SURFACE_CURVE('',#4711,(#4715,#4722),.PCURVE_S1.);
#4711 = LINE('',#4712,#4713);
#4712 = CARTESIAN_POINT('',(-34.8499073366,-44.,21.6));
#4713 = VECTOR('',#4714,1.);
#4714 = DIRECTION('',(0.,0.,-1.));
#4715 = PCURVE('',#1424,#4716);
#4716 = DEFINITIONAL_REPRESENTATION('',(#4717),#4721);
#4717 = LINE('',#4718,#4719);
#4718 = CARTESIAN_POINT('',(-3.4,30.));
#4719 = VECTOR('',#4720,1.);
#4720 = DIRECTION('',(-1.,0.));
#4721 = ( GEOMETRIC_REPRESENTATION_CONTEXT(2) 
PARAMETRIC_REPRESENTATION_CONTEXT() REPRESENTATION_CONTEXT('2D SPACE',''
  ) );
#4722 = PCURVE('',#4537,#4723);
#4723 = DEFINITIONAL_REPRESENTATION('',(#4724),#4728);
#4724 = LINE('',#4725,#4726);
#4725 = CARTESIAN_POINT('',(3.4,5.6));
#4726 = VECTOR('',#4727,1.);
#4727 = DIRECTION('',(-1.,0.));
#4728 = ( GEOMETRIC_REPRESENTATION_CONTEXT(2) 
PARAMETRIC_REPRESENTATION_CONTEXT() REPRESENTATION_CONTEXT('2D SPACE',''
  ) );
#4729 = ORIENTED_EDGE('',*,*,#4549,.F.);
#4730 = ORIENTED_EDGE('',*,*,#4731,.T.);
#4731 = EDGE_CURVE('',#4496,#2707,#4732,.T.);
#4732 = SURFACE_CURVE('',#4733,(#4737,#4744),.PCURVE_S1.);
#4733 = LINE('',#4734,#4735);
#4734 = CARTESIAN_POINT('',(-49.8499073366,-44.,-13.));
#4735 = VECTOR('',#4736,1.);
#4736 = DIRECTION('',(1.,-2.674982196925E-17,-1.084202172486E-16));
#4737 = PCURVE('',#1424,#4738);
#4738 = DEFINITIONAL_REPRESENTATION('',(#4739),#4743);
#4739 = LINE('',#4740,#4741);
#4740 = CARTESIAN_POINT('',(-38.,15.));
#4741 = VECTOR('',#4742,1.);
#4742 = DIRECTION('',(-1.084202172486E-16,1.));
#4743 = ( GEOMETRIC_REPRESENTATION_CONTEXT(2) 
PARAMETRIC_REPRESENTATION_CONTEXT() REPRESENTATION_CONTEXT('2D SPACE',''
  ) );
#4744 = PCURVE('',#2727,#4745);
#4745 = DEFINITIONAL_REPRESENTATION('',(#4746),#4750);
#4746 = LINE('',#4747,#4748);
#4747 = CARTESIAN_POINT('',(5.497787143782,0.));
#4748 = VECTOR('',#4749,1.);
#4749 = DIRECTION('',(0.,-1.));
#4750 = ( GEOMETRIC_REPRESENTATION_CONTEXT(2) 
PARAMETRIC_REPRESENTATION_CONTEXT() REPRESENTATION_CONTEXT('2D SPACE',''
  ) );
#4751 = ADVANCED_FACE('',(#4752),#1453,.T.);
#4752 = FACE_BOUND('',#4753,.T.);
#4753 = EDGE_LOOP('',(#4754,#4785,#4806,#4807,#4808,#4836));
#4754 = ORIENTED_EDGE('',*,*,#4755,.T.);
#4755 = EDGE_CURVE('',#4756,#4758,#4760,.T.);
#4756 = VERTEX_POINT('',#4757);
#4757 = CARTESIAN_POINT('',(-51.8499073366,-43.99099188538,-18.3));
#4758 = VERTEX_POINT('',#4759);
#4759 = CARTESIAN_POINT('',(-51.8499073366,-39.,-23.));
#4760 = SURFACE_CURVE('',#4761,(#4766,#4773),.PCURVE_S1.);
#4761 = CIRCLE('',#4762,5.);
#4762 = AXIS2_PLACEMENT_3D('',#4763,#4764,#4765);
#4763 = CARTESIAN_POINT('',(-51.8499073366,-39.,-18.));
#4764 = DIRECTION('',(1.,0.,0.));
#4765 = DIRECTION('',(0.,-0.707106781187,-0.707106781187));
#4766 = PCURVE('',#1453,#4767);
#4767 = DEFINITIONAL_REPRESENTATION('',(#4768),#4772);
#4768 = LINE('',#4769,#4770);
#4769 = CARTESIAN_POINT('',(12.566370614359,6.5));
#4770 = VECTOR('',#4771,1.);
#4771 = DIRECTION('',(-1.,0.));
#4772 = ( GEOMETRIC_REPRESENTATION_CONTEXT(2) 
PARAMETRIC_REPRESENTATION_CONTEXT() REPRESENTATION_CONTEXT('2D SPACE',''
  ) );
#4773 = PCURVE('',#4774,#4779);
#4774 = PLANE('',#4775);
#4775 = AXIS2_PLACEMENT_3D('',#4776,#4777,#4778);
#4776 = CARTESIAN_POINT('',(-51.8499073366,-48.4,-23.));
#4777 = DIRECTION('',(1.,0.,0.));
#4778 = DIRECTION('',(-0.,1.,0.));
#4779 = DEFINITIONAL_REPRESENTATION('',(#4780),#4784);
#4780 = CIRCLE('',#4781,5.);
#4781 = AXIS2_PLACEMENT_2D('',#4782,#4783);
#4782 = CARTESIAN_POINT('',(9.4,5.));
#4783 = DIRECTION('',(-0.707106781187,-0.707106781187));
#4784 = ( GEOMETRIC_REPRESENTATION_CONTEXT(2) 
PARAMETRIC_REPRESENTATION_CONTEXT() REPRESENTATION_CONTEXT('2D SPACE',''
  ) );
#4785 = ORIENTED_EDGE('',*,*,#4786,.T.);
#4786 = EDGE_CURVE('',#4758,#1437,#4787,.T.);
#4787 = SURFACE_CURVE('',#4788,(#4792,#4799),.PCURVE_S1.);
#4788 = LINE('',#4789,#4790);
#4789 = CARTESIAN_POINT('',(-45.3499073366,-39.,-23.));
#4790 = VECTOR('',#4791,1.);
#4791 = DIRECTION('',(1.,-2.674982196925E-17,0.));
#4792 = PCURVE('',#1453,#4793);
#4793 = DEFINITIONAL_REPRESENTATION('',(#4794),#4798);
#4794 = LINE('',#4795,#4796);
#4795 = CARTESIAN_POINT('',(5.497787143782,0.));
#4796 = VECTOR('',#4797,1.);
#4797 = DIRECTION('',(0.,-1.));
#4798 = ( GEOMETRIC_REPRESENTATION_CONTEXT(2) 
PARAMETRIC_REPRESENTATION_CONTEXT() REPRESENTATION_CONTEXT('2D SPACE',''
  ) );
#4799 = PCURVE('',#1481,#4800);
#4800 = DEFINITIONAL_REPRESENTATION('',(#4801),#4805);
#4801 = LINE('',#4802,#4803);
#4802 = CARTESIAN_POINT('',(-19.5,-19.));
#4803 = VECTOR('',#4804,1.);
#4804 = DIRECTION('',(1.,-2.674982196925E-17));
#4805 = ( GEOMETRIC_REPRESENTATION_CONTEXT(2) 
PARAMETRIC_REPRESENTATION_CONTEXT() REPRESENTATION_CONTEXT('2D SPACE',''
  ) );
#4806 = ORIENTED_EDGE('',*,*,#1436,.F.);
#4807 = ORIENTED_EDGE('',*,*,#4630,.T.);
#4808 = ORIENTED_EDGE('',*,*,#4809,.T.);
#4809 = EDGE_CURVE('',#4631,#4810,#4812,.T.);
#4810 = VERTEX_POINT('',#4811);
#4811 = CARTESIAN_POINT('',(-39.8499073366,-43.99099188538,-18.3));
#4812 = SURFACE_CURVE('',#4813,(#4818,#4825),.PCURVE_S1.);
#4813 = CIRCLE('',#4814,5.);
#4814 = AXIS2_PLACEMENT_3D('',#4815,#4816,#4817);
#4815 = CARTESIAN_POINT('',(-39.8499073366,-39.,-18.));
#4816 = DIRECTION('',(1.,-3.771137991254E-16,0.));
#4817 = DIRECTION('',(-2.666597246406E-16,-0.707106781187,
    -0.707106781187));
#4818 = PCURVE('',#1453,#4819);
#4819 = DEFINITIONAL_REPRESENTATION('',(#4820),#4824);
#4820 = LINE('',#4821,#4822);
#4821 = CARTESIAN_POINT('',(12.566370614359,-5.5));
#4822 = VECTOR('',#4823,1.);
#4823 = DIRECTION('',(-1.,0.));
#4824 = ( GEOMETRIC_REPRESENTATION_CONTEXT(2) 
PARAMETRIC_REPRESENTATION_CONTEXT() REPRESENTATION_CONTEXT('2D SPACE',''
  ) );
#4825 = PCURVE('',#4669,#4826);
#4826 = DEFINITIONAL_REPRESENTATION('',(#4827),#4835);
#4827 = ( BOUNDED_CURVE() B_SPLINE_CURVE(2,(#4828,#4829,#4830,#4831,
#4832,#4833,#4834),.UNSPECIFIED.,.T.,.F.) B_SPLINE_CURVE_WITH_KNOTS((1,2
    ,2,2,2,1),(-2.094395102393,0.,2.094395102393,4.188790204786,
6.28318530718,8.377580409573),.UNSPECIFIED.) CURVE() 
GEOMETRIC_REPRESENTATION_ITEM() RATIONAL_B_SPLINE_CURVE((1.,0.5,1.,0.5,
1.,0.5,1.)) REPRESENTATION_ITEM('') );
#4828 = CARTESIAN_POINT('',(-21.53553390593,-22.53553390593));
#4829 = CARTESIAN_POINT('',(-27.65925826289,-16.41180954897));
#4830 = CARTESIAN_POINT('',(-19.29409522551,-14.17037086855));
#4831 = CARTESIAN_POINT('',(-10.92893218813,-11.92893218813));
#4832 = CARTESIAN_POINT('',(-13.17037086855,-20.29409522551));
#4833 = CARTESIAN_POINT('',(-15.41180954897,-28.65925826289));
#4834 = CARTESIAN_POINT('',(-21.53553390593,-22.53553390593));
#4835 = ( GEOMETRIC_REPRESENTATION_CONTEXT(2) 
PARAMETRIC_REPRESENTATION_CONTEXT() REPRESENTATION_CONTEXT('2D SPACE',''
  ) );
#4836 = ORIENTED_EDGE('',*,*,#4837,.T.);
#4837 = EDGE_CURVE('',#4810,#4756,#4838,.T.);
#4838 = SURFACE_CURVE('',#4839,(#4843,#4850),.PCURVE_S1.);
#4839 = LINE('',#4840,#4841);
#4840 = CARTESIAN_POINT('',(-45.3499073366,-43.99099188538,-18.3));
#4841 = VECTOR('',#4842,1.);
#4842 = DIRECTION('',(-1.,2.674982196925E-17,0.));
#4843 = PCURVE('',#1453,#4844);
#4844 = DEFINITIONAL_REPRESENTATION('',(#4845),#4849);
#4845 = LINE('',#4846,#4847);
#4846 = CARTESIAN_POINT('',(7.008547412132,0.));
#4847 = VECTOR('',#4848,1.);
#4848 = DIRECTION('',(0.,1.));
#4849 = ( GEOMETRIC_REPRESENTATION_CONTEXT(2) 
PARAMETRIC_REPRESENTATION_CONTEXT() REPRESENTATION_CONTEXT('2D SPACE',''
  ) );
#4850 = PCURVE('',#4851,#4856);
#4851 = PLANE('',#4852);
#4852 = AXIS2_PLACEMENT_3D('',#4853,#4854,#4855);
#4853 = CARTESIAN_POINT('',(-64.8499073366,-46.4,-18.3));
#4854 = DIRECTION('',(0.,0.,1.));
#4855 = DIRECTION('',(1.,0.,-0.));
#4856 = DEFINITIONAL_REPRESENTATION('',(#4857),#4861);
#4857 = LINE('',#4858,#4859);
#4858 = CARTESIAN_POINT('',(19.5,2.409008114613));
#4859 = VECTOR('',#4860,1.);
#4860 = DIRECTION('',(-1.,2.674982196925E-17));
#4861 = ( GEOMETRIC_REPRESENTATION_CONTEXT(2) 
PARAMETRIC_REPRESENTATION_CONTEXT() REPRESENTATION_CONTEXT('2D SPACE',''
  ) );
#4862 = ADVANCED_FACE('',(#4863),#1481,.F.);
#4863 = FACE_BOUND('',#4864,.T.);
#4864 = EDGE_LOOP('',(#4865,#4888,#4889,#4917,#4945,#4973,#4999,#5000,
    #5001,#5002,#5025));
#4865 = ORIENTED_EDGE('',*,*,#4866,.F.);
#4866 = EDGE_CURVE('',#1522,#4867,#4869,.T.);
#4867 = VERTEX_POINT('',#4868);
#4868 = CARTESIAN_POINT('',(-52.2499073366,-26.4,-23.));
#4869 = SURFACE_CURVE('',#4870,(#4874,#4881),.PCURVE_S1.);
#4870 = LINE('',#4871,#4872);
#4871 = CARTESIAN_POINT('',(-47.6499073366,-31.,-23.));
#4872 = VECTOR('',#4873,1.);
#4873 = DIRECTION('',(0.707106781187,-0.707106781187,0.));
#4874 = PCURVE('',#1481,#4875);
#4875 = DEFINITIONAL_REPRESENTATION('',(#4876),#4880);
#4876 = LINE('',#4877,#4878);
#4877 = CARTESIAN_POINT('',(-21.8,-11.));
#4878 = VECTOR('',#4879,1.);
#4879 = DIRECTION('',(0.707106781187,-0.707106781187));
#4880 = ( GEOMETRIC_REPRESENTATION_CONTEXT(2) 
PARAMETRIC_REPRESENTATION_CONTEXT() REPRESENTATION_CONTEXT('2D SPACE',''
  ) );
#4881 = PCURVE('',#1537,#4882);
#4882 = DEFINITIONAL_REPRESENTATION('',(#4883),#4887);
#4883 = LINE('',#4884,#4885);
#4884 = CARTESIAN_POINT('',(6.,-7.636753236815));
#4885 = VECTOR('',#4886,1.);
#4886 = DIRECTION('',(0.,-1.));
#4887 = ( GEOMETRIC_REPRESENTATION_CONTEXT(2) 
PARAMETRIC_REPRESENTATION_CONTEXT() REPRESENTATION_CONTEXT('2D SPACE',''
  ) );
#4888 = ORIENTED_EDGE('',*,*,#1732,.F.);
#4889 = ORIENTED_EDGE('',*,*,#4890,.F.);
#4890 = EDGE_CURVE('',#4891,#1680,#4893,.T.);
#4891 = VERTEX_POINT('',#4892);
#4892 = CARTESIAN_POINT('',(-38.67885269587,-28.34932668102,-23.));
#4893 = SURFACE_CURVE('',#4894,(#4899,#4910),.PCURVE_S1.);
#4894 = CIRCLE('',#4895,2.);
#4895 = AXIS2_PLACEMENT_3D('',#4896,#4897,#4898);
#4896 = CARTESIAN_POINT('',(-37.2499073366,-26.95,-23.));
#4897 = DIRECTION('',(0.,0.,-1.));
#4898 = DIRECTION('',(1.,0.,0.));
#4899 = PCURVE('',#1481,#4900);
#4900 = DEFINITIONAL_REPRESENTATION('',(#4901),#4909);
#4901 = ( BOUNDED_CURVE() B_SPLINE_CURVE(2,(#4902,#4903,#4904,#4905,
#4906,#4907,#4908),.UNSPECIFIED.,.T.,.F.) B_SPLINE_CURVE_WITH_KNOTS((1,2
    ,2,2,2,1),(-2.094395102393,0.,2.094395102393,4.188790204786,
6.28318530718,8.377580409573),.UNSPECIFIED.) CURVE() 
GEOMETRIC_REPRESENTATION_ITEM() RATIONAL_B_SPLINE_CURVE((1.,0.5,1.,0.5,
1.,0.5,1.)) REPRESENTATION_ITEM('') );
#4902 = CARTESIAN_POINT('',(-9.4,-6.95));
#4903 = CARTESIAN_POINT('',(-9.4,-10.41410161513));
#4904 = CARTESIAN_POINT('',(-12.4,-8.682050807569));
#4905 = CARTESIAN_POINT('',(-15.4,-6.95));
#4906 = CARTESIAN_POINT('',(-12.4,-5.217949192431));
#4907 = CARTESIAN_POINT('',(-9.4,-3.485898384862));
#4908 = CARTESIAN_POINT('',(-9.4,-6.95));
#4909 = ( GEOMETRIC_REPRESENTATION_CONTEXT(2) 
PARAMETRIC_REPRESENTATION_CONTEXT() REPRESENTATION_CONTEXT('2D SPACE',''
  ) );
#4910 = PCURVE('',#1721,#4911);
#4911 = DEFINITIONAL_REPRESENTATION('',(#4912),#4916);
#4912 = LINE('',#4913,#4914);
#4913 = CARTESIAN_POINT('',(1.570796326795,12.89326573771));
#4914 = VECTOR('',#4915,1.);
#4915 = DIRECTION('',(1.,0.));
#4916 = ( GEOMETRIC_REPRESENTATION_CONTEXT(2) 
PARAMETRIC_REPRESENTATION_CONTEXT() REPRESENTATION_CONTEXT('2D SPACE',''
  ) );
#4917 = ORIENTED_EDGE('',*,*,#4918,.T.);
#4918 = EDGE_CURVE('',#4891,#4919,#4921,.T.);
#4919 = VERTEX_POINT('',#4920);
#4920 = CARTESIAN_POINT('',(-37.2499073366,-29.80851763868,-23.));
#4921 = SURFACE_CURVE('',#4922,(#4926,#4933),.PCURVE_S1.);
#4922 = LINE('',#4923,#4924);
#4923 = CARTESIAN_POINT('',(-38.67885269587,-28.34932668102,-23.));
#4924 = VECTOR('',#4925,1.);
#4925 = DIRECTION('',(0.699663340513,-0.714472679633,0.));
#4926 = PCURVE('',#1481,#4927);
#4927 = DEFINITIONAL_REPRESENTATION('',(#4928),#4932);
#4928 = LINE('',#4929,#4930);
#4929 = CARTESIAN_POINT('',(-12.82894535926,-8.349326681027));
#4930 = VECTOR('',#4931,1.);
#4931 = DIRECTION('',(0.699663340513,-0.714472679633));
#4932 = ( GEOMETRIC_REPRESENTATION_CONTEXT(2) 
PARAMETRIC_REPRESENTATION_CONTEXT() REPRESENTATION_CONTEXT('2D SPACE',''
  ) );
#4933 = PCURVE('',#4934,#4939);
#4934 = PLANE('',#4935);
#4935 = AXIS2_PLACEMENT_3D('',#4936,#4937,#4938);
#4936 = CARTESIAN_POINT('',(-38.67885269587,-28.34932668102,
    -10.10673426229));
#4937 = DIRECTION('',(-0.714472679633,-0.699663340513,0.));
#4938 = DIRECTION('',(0.,0.,1.));
#4939 = DEFINITIONAL_REPRESENTATION('',(#4940),#4944);
#4940 = LINE('',#4941,#4942);
#4941 = CARTESIAN_POINT('',(-12.89326573771,0.));
#4942 = VECTOR('',#4943,1.);
#4943 = DIRECTION('',(0.,-1.));
#4944 = ( GEOMETRIC_REPRESENTATION_CONTEXT(2) 
PARAMETRIC_REPRESENTATION_CONTEXT() REPRESENTATION_CONTEXT('2D SPACE',''
  ) );
#4945 = ORIENTED_EDGE('',*,*,#4946,.T.);
#4946 = EDGE_CURVE('',#4919,#4947,#4949,.T.);
#4947 = VERTEX_POINT('',#4948);
#4948 = CARTESIAN_POINT('',(-35.82096197734,-28.34932668102,-23.));
#4949 = SURFACE_CURVE('',#4950,(#4954,#4961),.PCURVE_S1.);
#4950 = LINE('',#4951,#4952);
#4951 = CARTESIAN_POINT('',(-37.2499073366,-29.80851763868,-23.));
#4952 = VECTOR('',#4953,1.);
#4953 = DIRECTION('',(0.699663340513,0.714472679633,0.));
#4954 = PCURVE('',#1481,#4955);
#4955 = DEFINITIONAL_REPRESENTATION('',(#4956),#4960);
#4956 = LINE('',#4957,#4958);
#4957 = CARTESIAN_POINT('',(-11.4,-9.808517638687));
#4958 = VECTOR('',#4959,1.);
#4959 = DIRECTION('',(0.699663340513,0.714472679633));
#4960 = ( GEOMETRIC_REPRESENTATION_CONTEXT(2) 
PARAMETRIC_REPRESENTATION_CONTEXT() REPRESENTATION_CONTEXT('2D SPACE',''
  ) );
#4961 = PCURVE('',#4962,#4967);
#4962 = PLANE('',#4963);
#4963 = AXIS2_PLACEMENT_3D('',#4964,#4965,#4966);
#4964 = CARTESIAN_POINT('',(-37.2499073366,-29.80851763868,
    -10.10673426229));
#4965 = DIRECTION('',(0.714472679633,-0.699663340513,0.));
#4966 = DIRECTION('',(0.,0.,-1.));
#4967 = DEFINITIONAL_REPRESENTATION('',(#4968),#4972);
#4968 = LINE('',#4969,#4970);
#4969 = CARTESIAN_POINT('',(12.89326573771,0.));
#4970 = VECTOR('',#4971,1.);
#4971 = DIRECTION('',(0.,1.));
#4972 = ( GEOMETRIC_REPRESENTATION_CONTEXT(2) 
PARAMETRIC_REPRESENTATION_CONTEXT() REPRESENTATION_CONTEXT('2D SPACE',''
  ) );
#4973 = ORIENTED_EDGE('',*,*,#4974,.F.);
#4974 = EDGE_CURVE('',#1657,#4947,#4975,.T.);
#4975 = SURFACE_CURVE('',#4976,(#4981,#4992),.PCURVE_S1.);
#4976 = CIRCLE('',#4977,2.);
#4977 = AXIS2_PLACEMENT_3D('',#4978,#4979,#4980);
#4978 = CARTESIAN_POINT('',(-37.2499073366,-26.95,-23.));
#4979 = DIRECTION('',(0.,0.,-1.));
#4980 = DIRECTION('',(1.,0.,0.));
#4981 = PCURVE('',#1481,#4982);
#4982 = DEFINITIONAL_REPRESENTATION('',(#4983),#4991);
#4983 = ( BOUNDED_CURVE() B_SPLINE_CURVE(2,(#4984,#4985,#4986,#4987,
#4988,#4989,#4990),.UNSPECIFIED.,.T.,.F.) B_SPLINE_CURVE_WITH_KNOTS((1,2
    ,2,2,2,1),(-2.094395102393,0.,2.094395102393,4.188790204786,
6.28318530718,8.377580409573),.UNSPECIFIED.) CURVE() 
GEOMETRIC_REPRESENTATION_ITEM() RATIONAL_B_SPLINE_CURVE((1.,0.5,1.,0.5,
1.,0.5,1.)) REPRESENTATION_ITEM('') );
#4984 = CARTESIAN_POINT('',(-9.4,-6.95));
#4985 = CARTESIAN_POINT('',(-9.4,-10.41410161513));
#4986 = CARTESIAN_POINT('',(-12.4,-8.682050807569));
#4987 = CARTESIAN_POINT('',(-15.4,-6.95));
#4988 = CARTESIAN_POINT('',(-12.4,-5.217949192431));
#4989 = CARTESIAN_POINT('',(-9.4,-3.485898384862));
#4990 = CARTESIAN_POINT('',(-9.4,-6.95));
#4991 = ( GEOMETRIC_REPRESENTATION_CONTEXT(2) 
PARAMETRIC_REPRESENTATION_CONTEXT() REPRESENTATION_CONTEXT('2D SPACE',''
  ) );
#4992 = PCURVE('',#1721,#4993);
#4993 = DEFINITIONAL_REPRESENTATION('',(#4994),#4998);
#4994 = LINE('',#4995,#4996);
#4995 = CARTESIAN_POINT('',(1.570796326795,12.89326573771));
#4996 = VECTOR('',#4997,1.);
#4997 = DIRECTION('',(1.,0.));
#4998 = ( GEOMETRIC_REPRESENTATION_CONTEXT(2) 
PARAMETRIC_REPRESENTATION_CONTEXT() REPRESENTATION_CONTEXT('2D SPACE',''
  ) );
#4999 = ORIENTED_EDGE('',*,*,#1656,.F.);
#5000 = ORIENTED_EDGE('',*,*,#1465,.T.);
#5001 = ORIENTED_EDGE('',*,*,#4786,.F.);
#5002 = ORIENTED_EDGE('',*,*,#5003,.T.);
#5003 = EDGE_CURVE('',#4758,#5004,#5006,.T.);
#5004 = VERTEX_POINT('',#5005);
#5005 = CARTESIAN_POINT('',(-51.8499073366,-26.4,-23.));
#5006 = SURFACE_CURVE('',#5007,(#5011,#5018),.PCURVE_S1.);
#5007 = LINE('',#5008,#5009);
#5008 = CARTESIAN_POINT('',(-51.8499073366,-34.2,-23.));
#5009 = VECTOR('',#5010,1.);
#5010 = DIRECTION('',(0.,1.,0.));
#5011 = PCURVE('',#1481,#5012);
#5012 = DEFINITIONAL_REPRESENTATION('',(#5013),#5017);
#5013 = LINE('',#5014,#5015);
#5014 = CARTESIAN_POINT('',(-26.,-14.2));
#5015 = VECTOR('',#5016,1.);
#5016 = DIRECTION('',(0.,1.));
#5017 = ( GEOMETRIC_REPRESENTATION_CONTEXT(2) 
PARAMETRIC_REPRESENTATION_CONTEXT() REPRESENTATION_CONTEXT('2D SPACE',''
  ) );
#5018 = PCURVE('',#4774,#5019);
#5019 = DEFINITIONAL_REPRESENTATION('',(#5020),#5024);
#5020 = LINE('',#5021,#5022);
#5021 = CARTESIAN_POINT('',(14.2,0.));
#5022 = VECTOR('',#5023,1.);
#5023 = DIRECTION('',(1.,0.));
#5024 = ( GEOMETRIC_REPRESENTATION_CONTEXT(2) 
PARAMETRIC_REPRESENTATION_CONTEXT() REPRESENTATION_CONTEXT('2D SPACE',''
  ) );
#5025 = ORIENTED_EDGE('',*,*,#5026,.T.);
#5026 = EDGE_CURVE('',#5004,#4867,#5027,.T.);
#5027 = SURFACE_CURVE('',#5028,(#5032,#5039),.PCURVE_S1.);
#5028 = LINE('',#5029,#5030);
#5029 = CARTESIAN_POINT('',(-38.8499073366,-26.4,-23.));
#5030 = VECTOR('',#5031,1.);
#5031 = DIRECTION('',(-1.,0.,0.));
#5032 = PCURVE('',#1481,#5033);
#5033 = DEFINITIONAL_REPRESENTATION('',(#5034),#5038);
#5034 = LINE('',#5035,#5036);
#5035 = CARTESIAN_POINT('',(-13.,-6.4));
#5036 = VECTOR('',#5037,1.);
#5037 = DIRECTION('',(-1.,0.));
#5038 = ( GEOMETRIC_REPRESENTATION_CONTEXT(2) 
PARAMETRIC_REPRESENTATION_CONTEXT() REPRESENTATION_CONTEXT('2D SPACE',''
  ) );
#5039 = PCURVE('',#5040,#5045);
#5040 = PLANE('',#5041);
#5041 = AXIS2_PLACEMENT_3D('',#5042,#5043,#5044);
#5042 = CARTESIAN_POINT('',(-51.8499073366,-26.4,-23.));
#5043 = DIRECTION('',(0.,1.,0.));
#5044 = DIRECTION('',(-1.,0.,0.));
#5045 = DEFINITIONAL_REPRESENTATION('',(#5046),#5050);
#5046 = LINE('',#5047,#5048);
#5047 = CARTESIAN_POINT('',(-13.,0.));
#5048 = VECTOR('',#5049,1.);
#5049 = DIRECTION('',(1.,0.));
#5050 = ( GEOMETRIC_REPRESENTATION_CONTEXT(2) 
PARAMETRIC_REPRESENTATION_CONTEXT() REPRESENTATION_CONTEXT('2D SPACE',''
  ) );
#5051 = ADVANCED_FACE('',(#5052),#1537,.T.);
#5052 = FACE_BOUND('',#5053,.T.);
#5053 = EDGE_LOOP('',(#5054,#5055,#5078,#5101,#5122));
#5054 = ORIENTED_EDGE('',*,*,#4866,.T.);
#5055 = ORIENTED_EDGE('',*,*,#5056,.T.);
#5056 = EDGE_CURVE('',#4867,#5057,#5059,.T.);
#5057 = VERTEX_POINT('',#5058);
#5058 = CARTESIAN_POINT('',(-52.2499073366,-26.4,-16.4));
#5059 = SURFACE_CURVE('',#5060,(#5064,#5071),.PCURVE_S1.);
#5060 = LINE('',#5061,#5062);
#5061 = CARTESIAN_POINT('',(-52.2499073366,-26.4,-29.));
#5062 = VECTOR('',#5063,1.);
#5063 = DIRECTION('',(0.,0.,1.));
#5064 = PCURVE('',#1537,#5065);
#5065 = DEFINITIONAL_REPRESENTATION('',(#5066),#5070);
#5066 = LINE('',#5067,#5068);
#5067 = CARTESIAN_POINT('',(0.,-1.131370849898));
#5068 = VECTOR('',#5069,1.);
#5069 = DIRECTION('',(1.,0.));
#5070 = ( GEOMETRIC_REPRESENTATION_CONTEXT(2) 
PARAMETRIC_REPRESENTATION_CONTEXT() REPRESENTATION_CONTEXT('2D SPACE',''
  ) );
#5071 = PCURVE('',#5040,#5072);
#5072 = DEFINITIONAL_REPRESENTATION('',(#5073),#5077);
#5073 = LINE('',#5074,#5075);
#5074 = CARTESIAN_POINT('',(0.4,-6.));
#5075 = VECTOR('',#5076,1.);
#5076 = DIRECTION('',(0.,1.));
#5077 = ( GEOMETRIC_REPRESENTATION_CONTEXT(2) 
PARAMETRIC_REPRESENTATION_CONTEXT() REPRESENTATION_CONTEXT('2D SPACE',''
  ) );
#5078 = ORIENTED_EDGE('',*,*,#5079,.T.);
#5079 = EDGE_CURVE('',#5057,#5080,#5082,.T.);
#5080 = VERTEX_POINT('',#5081);
#5081 = CARTESIAN_POINT('',(-53.8499073366,-24.8,-16.4));
#5082 = SURFACE_CURVE('',#5083,(#5087,#5094),.PCURVE_S1.);
#5083 = LINE('',#5084,#5085);
#5084 = CARTESIAN_POINT('',(-41.3999073366,-37.25,-16.4));
#5085 = VECTOR('',#5086,1.);
#5086 = DIRECTION('',(-0.707106781187,0.707106781187,0.));
#5087 = PCURVE('',#1537,#5088);
#5088 = DEFINITIONAL_REPRESENTATION('',(#5089),#5093);
#5089 = LINE('',#5090,#5091);
#5090 = CARTESIAN_POINT('',(12.6,-16.47558800164));
#5091 = VECTOR('',#5092,1.);
#5092 = DIRECTION('',(0.,1.));
#5093 = ( GEOMETRIC_REPRESENTATION_CONTEXT(2) 
PARAMETRIC_REPRESENTATION_CONTEXT() REPRESENTATION_CONTEXT('2D SPACE',''
  ) );
#5094 = PCURVE('',#4697,#5095);
#5095 = DEFINITIONAL_REPRESENTATION('',(#5096),#5100);
#5096 = LINE('',#5097,#5098);
#5097 = CARTESIAN_POINT('',(-6.55,16.75));
#5098 = VECTOR('',#5099,1.);
#5099 = DIRECTION('',(-0.707106781187,0.707106781187));
#5100 = ( GEOMETRIC_REPRESENTATION_CONTEXT(2) 
PARAMETRIC_REPRESENTATION_CONTEXT() REPRESENTATION_CONTEXT('2D SPACE',''
  ) );
#5101 = ORIENTED_EDGE('',*,*,#5102,.T.);
#5102 = EDGE_CURVE('',#5080,#1520,#5103,.T.);
#5103 = SURFACE_CURVE('',#5104,(#5108,#5115),.PCURVE_S1.);
#5104 = LINE('',#5105,#5106);
#5105 = CARTESIAN_POINT('',(-53.8499073366,-24.8,-29.));
#5106 = VECTOR('',#5107,1.);
#5107 = DIRECTION('',(0.,0.,-1.));
#5108 = PCURVE('',#1537,#5109);
#5109 = DEFINITIONAL_REPRESENTATION('',(#5110),#5114);
#5110 = LINE('',#5111,#5112);
#5111 = CARTESIAN_POINT('',(0.,1.131370849898));
#5112 = VECTOR('',#5113,1.);
#5113 = DIRECTION('',(-1.,0.));
#5114 = ( GEOMETRIC_REPRESENTATION_CONTEXT(2) 
PARAMETRIC_REPRESENTATION_CONTEXT() REPRESENTATION_CONTEXT('2D SPACE',''
  ) );
#5115 = PCURVE('',#1566,#5116);
#5116 = DEFINITIONAL_REPRESENTATION('',(#5117),#5121);
#5117 = LINE('',#5118,#5119);
#5118 = CARTESIAN_POINT('',(-6.,42.722689074697));
#5119 = VECTOR('',#5120,1.);
#5120 = DIRECTION('',(1.,0.));
#5121 = ( GEOMETRIC_REPRESENTATION_CONTEXT(2) 
PARAMETRIC_REPRESENTATION_CONTEXT() REPRESENTATION_CONTEXT('2D SPACE',''
  ) );
#5122 = ORIENTED_EDGE('',*,*,#1519,.T.);
#5123 = ADVANCED_FACE('',(#5124),#1566,.F.);
#5124 = FACE_BOUND('',#5125,.T.);
#5125 = EDGE_LOOP('',(#5126,#5127,#5150,#5178,#5206,#5234,#5262,#5318,
    #5346,#5390,#5391));
#5126 = ORIENTED_EDGE('',*,*,#5102,.F.);
#5127 = ORIENTED_EDGE('',*,*,#5128,.F.);
#5128 = EDGE_CURVE('',#5129,#5080,#5131,.T.);
#5129 = VERTEX_POINT('',#5130);
#5130 = CARTESIAN_POINT('',(-53.8499073366,-24.8,15.4));
#5131 = SURFACE_CURVE('',#5132,(#5136,#5143),.PCURVE_S1.);
#5132 = LINE('',#5133,#5134);
#5133 = CARTESIAN_POINT('',(-53.8499073366,-24.8,15.4));
#5134 = VECTOR('',#5135,1.);
#5135 = DIRECTION('',(0.,0.,-1.));
#5136 = PCURVE('',#1566,#5137);
#5137 = DEFINITIONAL_REPRESENTATION('',(#5138),#5142);
#5138 = LINE('',#5139,#5140);
#5139 = CARTESIAN_POINT('',(-50.4,42.722689074697));
#5140 = VECTOR('',#5141,1.);
#5141 = DIRECTION('',(1.,0.));
#5142 = ( GEOMETRIC_REPRESENTATION_CONTEXT(2) 
PARAMETRIC_REPRESENTATION_CONTEXT() REPRESENTATION_CONTEXT('2D SPACE',''
  ) );
#5143 = PCURVE('',#2503,#5144);
#5144 = DEFINITIONAL_REPRESENTATION('',(#5145),#5149);
#5145 = LINE('',#5146,#5147);
#5146 = CARTESIAN_POINT('',(2.8,-19.));
#5147 = VECTOR('',#5148,1.);
#5148 = DIRECTION('',(1.,0.));
#5149 = ( GEOMETRIC_REPRESENTATION_CONTEXT(2) 
PARAMETRIC_REPRESENTATION_CONTEXT() REPRESENTATION_CONTEXT('2D SPACE',''
  ) );
#5150 = ORIENTED_EDGE('',*,*,#5151,.F.);
#5151 = EDGE_CURVE('',#5152,#5129,#5154,.T.);
#5152 = VERTEX_POINT('',#5153);
#5153 = CARTESIAN_POINT('',(-53.8499073366,-30.2,15.4));
#5154 = SURFACE_CURVE('',#5155,(#5159,#5166),.PCURVE_S1.);
#5155 = LINE('',#5156,#5157);
#5156 = CARTESIAN_POINT('',(-53.8499073366,-30.2,15.4));
#5157 = VECTOR('',#5158,1.);
#5158 = DIRECTION('',(0.,1.,0.));
#5159 = PCURVE('',#1566,#5160);
#5160 = DEFINITIONAL_REPRESENTATION('',(#5161),#5165);
#5161 = LINE('',#5162,#5163);
#5162 = CARTESIAN_POINT('',(-50.4,37.322689074697));
#5163 = VECTOR('',#5164,1.);
#5164 = DIRECTION('',(0.,1.));
#5165 = ( GEOMETRIC_REPRESENTATION_CONTEXT(2) 
PARAMETRIC_REPRESENTATION_CONTEXT() REPRESENTATION_CONTEXT('2D SPACE',''
  ) );
#5166 = PCURVE('',#5167,#5172);
#5167 = PLANE('',#5168);
#5168 = AXIS2_PLACEMENT_3D('',#5169,#5170,#5171);
#5169 = CARTESIAN_POINT('',(-34.8499073366,-54.,15.4));
#5170 = DIRECTION('',(-3.469446951954E-16,1.44444745829E-31,-1.));
#5171 = DIRECTION('',(-1.,0.,3.469446951954E-16));
#5172 = DEFINITIONAL_REPRESENTATION('',(#5173),#5177);
#5173 = LINE('',#5174,#5175);
#5174 = CARTESIAN_POINT('',(19.,23.8));
#5175 = VECTOR('',#5176,1.);
#5176 = DIRECTION('',(0.,1.));
#5177 = ( GEOMETRIC_REPRESENTATION_CONTEXT(2) 
PARAMETRIC_REPRESENTATION_CONTEXT() REPRESENTATION_CONTEXT('2D SPACE',''
  ) );
#5178 = ORIENTED_EDGE('',*,*,#5179,.F.);
#5179 = EDGE_CURVE('',#5180,#5152,#5182,.T.);
#5180 = VERTEX_POINT('',#5181);
#5181 = CARTESIAN_POINT('',(-53.8499073366,-30.2,16.6));
#5182 = SURFACE_CURVE('',#5183,(#5187,#5194),.PCURVE_S1.);
#5183 = LINE('',#5184,#5185);
#5184 = CARTESIAN_POINT('',(-53.8499073366,-30.2,16.6));
#5185 = VECTOR('',#5186,1.);
#5186 = DIRECTION('',(0.,0.,-1.));
#5187 = PCURVE('',#1566,#5188);
#5188 = DEFINITIONAL_REPRESENTATION('',(#5189),#5193);
#5189 = LINE('',#5190,#5191);
#5190 = CARTESIAN_POINT('',(-51.6,37.322689074697));
#5191 = VECTOR('',#5192,1.);
#5192 = DIRECTION('',(1.,0.));
#5193 = ( GEOMETRIC_REPRESENTATION_CONTEXT(2) 
PARAMETRIC_REPRESENTATION_CONTEXT() REPRESENTATION_CONTEXT('2D SPACE',''
  ) );
#5194 = PCURVE('',#5195,#5200);
#5195 = PLANE('',#5196);
#5196 = AXIS2_PLACEMENT_3D('',#5197,#5198,#5199);
#5197 = CARTESIAN_POINT('',(-64.8499073366,-30.2,15.4));
#5198 = DIRECTION('',(-2.498001805407E-16,-1.,0.));
#5199 = DIRECTION('',(-0.,0.,-1.));
#5200 = DEFINITIONAL_REPRESENTATION('',(#5201),#5205);
#5201 = LINE('',#5202,#5203);
#5202 = CARTESIAN_POINT('',(-1.2,11.));
#5203 = VECTOR('',#5204,1.);
#5204 = DIRECTION('',(1.,0.));
#5205 = ( GEOMETRIC_REPRESENTATION_CONTEXT(2) 
PARAMETRIC_REPRESENTATION_CONTEXT() REPRESENTATION_CONTEXT('2D SPACE',''
  ) );
#5206 = ORIENTED_EDGE('',*,*,#5207,.F.);
#5207 = EDGE_CURVE('',#5208,#5180,#5210,.T.);
#5208 = VERTEX_POINT('',#5209);
#5209 = CARTESIAN_POINT('',(-53.8499073366,-41.,16.6));
#5210 = SURFACE_CURVE('',#5211,(#5215,#5222),.PCURVE_S1.);
#5211 = LINE('',#5212,#5213);
#5212 = CARTESIAN_POINT('',(-53.8499073366,-41.,16.6));
#5213 = VECTOR('',#5214,1.);
#5214 = DIRECTION('',(0.,1.,0.));
#5215 = PCURVE('',#1566,#5216);
#5216 = DEFINITIONAL_REPRESENTATION('',(#5217),#5221);
#5217 = LINE('',#5218,#5219);
#5218 = CARTESIAN_POINT('',(-51.6,26.522689074697));
#5219 = VECTOR('',#5220,1.);
#5220 = DIRECTION('',(0.,1.));
#5221 = ( GEOMETRIC_REPRESENTATION_CONTEXT(2) 
PARAMETRIC_REPRESENTATION_CONTEXT() REPRESENTATION_CONTEXT('2D SPACE',''
  ) );
#5222 = PCURVE('',#5223,#5228);
#5223 = PLANE('',#5224);
#5224 = AXIS2_PLACEMENT_3D('',#5225,#5226,#5227);
#5225 = CARTESIAN_POINT('',(-64.8499073366,-44.2,16.6));
#5226 = DIRECTION('',(0.,0.,-1.));
#5227 = DIRECTION('',(-1.,0.,0.));
#5228 = DEFINITIONAL_REPRESENTATION('',(#5229),#5233);
#5229 = LINE('',#5230,#5231);
#5230 = CARTESIAN_POINT('',(-11.,3.2));
#5231 = VECTOR('',#5232,1.);
#5232 = DIRECTION('',(0.,1.));
#5233 = ( GEOMETRIC_REPRESENTATION_CONTEXT(2) 
PARAMETRIC_REPRESENTATION_CONTEXT() REPRESENTATION_CONTEXT('2D SPACE',''
  ) );
#5234 = ORIENTED_EDGE('',*,*,#5235,.F.);
#5235 = EDGE_CURVE('',#5236,#5208,#5238,.T.);
#5236 = VERTEX_POINT('',#5237);
#5237 = CARTESIAN_POINT('',(-53.8499073366,-41.,18.));
#5238 = SURFACE_CURVE('',#5239,(#5243,#5250),.PCURVE_S1.);
#5239 = LINE('',#5240,#5241);
#5240 = CARTESIAN_POINT('',(-53.8499073366,-41.,-5.));
#5241 = VECTOR('',#5242,1.);
#5242 = DIRECTION('',(0.,0.,-1.));
#5243 = PCURVE('',#1566,#5244);
#5244 = DEFINITIONAL_REPRESENTATION('',(#5245),#5249);
#5245 = LINE('',#5246,#5247);
#5246 = CARTESIAN_POINT('',(-30.,26.522689074697));
#5247 = VECTOR('',#5248,1.);
#5248 = DIRECTION('',(1.,0.));
#5249 = ( GEOMETRIC_REPRESENTATION_CONTEXT(2) 
PARAMETRIC_REPRESENTATION_CONTEXT() REPRESENTATION_CONTEXT('2D SPACE',''
  ) );
#5250 = PCURVE('',#5251,#5256);
#5251 = CYLINDRICAL_SURFACE('',#5252,3.);
#5252 = AXIS2_PLACEMENT_3D('',#5253,#5254,#5255);
#5253 = CARTESIAN_POINT('',(-50.8499073366,-41.,-5.));
#5254 = DIRECTION('',(0.,0.,1.));
#5255 = DIRECTION('',(-0.707106781187,-0.707106781187,0.));
#5256 = DEFINITIONAL_REPRESENTATION('',(#5257),#5261);
#5257 = LINE('',#5258,#5259);
#5258 = CARTESIAN_POINT('',(5.497787143782,0.));
#5259 = VECTOR('',#5260,1.);
#5260 = DIRECTION('',(0.,-1.));
#5261 = ( GEOMETRIC_REPRESENTATION_CONTEXT(2) 
PARAMETRIC_REPRESENTATION_CONTEXT() REPRESENTATION_CONTEXT('2D SPACE',''
  ) );
#5262 = ORIENTED_EDGE('',*,*,#5263,.F.);
#5263 = EDGE_CURVE('',#5264,#5236,#5266,.T.);
#5264 = VERTEX_POINT('',#5265);
#5265 = CARTESIAN_POINT('',(-53.8499073366,-39.,20.));
#5266 = SURFACE_CURVE('',#5267,(#5272,#5279),.PCURVE_S1.);
#5267 = CIRCLE('',#5268,2.);
#5268 = AXIS2_PLACEMENT_3D('',#5269,#5270,#5271);
#5269 = CARTESIAN_POINT('',(-53.8499073366,-39.,18.));
#5270 = DIRECTION('',(1.,-1.755673529904E-16,1.232595164408E-32));
#5271 = DIRECTION('',(-1.241448658545E-16,-0.707106781187,0.707106781187
    ));
#5272 = PCURVE('',#1566,#5273);
#5273 = DEFINITIONAL_REPRESENTATION('',(#5274),#5278);
#5274 = CIRCLE('',#5275,2.);
#5275 = AXIS2_PLACEMENT_2D('',#5276,#5277);
#5276 = CARTESIAN_POINT('',(-53.,28.522689074697));
#5277 = DIRECTION('',(-0.707106781187,-0.707106781187));
#5278 = ( GEOMETRIC_REPRESENTATION_CONTEXT(2) 
PARAMETRIC_REPRESENTATION_CONTEXT() REPRESENTATION_CONTEXT('2D SPACE',''
  ) );
#5279 = PCURVE('',#5280,#5290);
#5280 = ( BOUNDED_SURFACE() B_SPLINE_SURFACE(2,2,(
    (#5281,#5282,#5283)
    ,(#5284,#5285,#5286)
    ,(#5287,#5288,#5289
)),.UNSPECIFIED.,.F.,.F.,.F.) B_SPLINE_SURFACE_WITH_KNOTS((3,3),(3,3),(
    -1.570796326795,2.949222599685E-16),(-3.14159265359,-1.570796326795)
,.PIECEWISE_BEZIER_KNOTS.) GEOMETRIC_REPRESENTATION_ITEM() 
RATIONAL_B_SPLINE_SURFACE((
    (1.,0.707106781187,1.)
    ,(0.707106781187,0.5,0.707106781187)
,(1.,0.707106781187,1.))) REPRESENTATION_ITEM('') SURFACE() );
#5281 = CARTESIAN_POINT('',(-53.8499073366,-39.,20.));
#5282 = CARTESIAN_POINT('',(-53.8499073366,-41.,20.));
#5283 = CARTESIAN_POINT('',(-53.8499073366,-41.,18.));
#5284 = CARTESIAN_POINT('',(-53.8499073366,-39.,23.));
#5285 = CARTESIAN_POINT('',(-53.8499073366,-44.,23.));
#5286 = CARTESIAN_POINT('',(-53.8499073366,-44.,18.));
#5287 = CARTESIAN_POINT('',(-50.8499073366,-39.,23.));
#5288 = CARTESIAN_POINT('',(-50.8499073366,-44.,23.));
#5289 = CARTESIAN_POINT('',(-50.8499073366,-44.,18.));
#5290 = DEFINITIONAL_REPRESENTATION('',(#5291),#5317);
#5291 = B_SPLINE_CURVE_WITH_KNOTS('',3,(#5292,#5293,#5294,#5295,#5296,
    #5297,#5298,#5299,#5300,#5301,#5302,#5303,#5304,#5305,#5306,#5307,
    #5308,#5309,#5310,#5311,#5312,#5313,#5314,#5315,#5316),
  .UNSPECIFIED.,.F.,.F.,(4,1,1,1,1,1,1,1,1,1,1,1,1,1,1,1,1,1,1,1,1,1,4),
  (5.497787143782,5.569186976818,5.640586809854,5.711986642891,
    5.783386475927,5.854786308963,5.926186141999,5.997585975035,
    6.068985808071,6.140385641107,6.211785474143,6.28318530718,
    6.354585140216,6.425984973252,6.497384806288,6.568784639324,
    6.64018447236,6.711584305396,6.782984138433,6.854383971469,
    6.925783804505,6.997183637541,7.068583470577),
  .QUASI_UNIFORM_KNOTS.);
#5292 = CARTESIAN_POINT('',(-1.570796326795,-3.14159265359));
#5293 = CARTESIAN_POINT('',(-1.570796326795,-3.115159605062));
#5294 = CARTESIAN_POINT('',(-1.570796326795,-3.063067440961));
#5295 = CARTESIAN_POINT('',(-1.570796326795,-2.986986199037));
#5296 = CARTESIAN_POINT('',(-1.570796326795,-2.912688495409));
#5297 = CARTESIAN_POINT('',(-1.570796326795,-2.839931213656));
#5298 = CARTESIAN_POINT('',(-1.570796326795,-2.768486547351));
#5299 = CARTESIAN_POINT('',(-1.570796326795,-2.698142049645));
#5300 = CARTESIAN_POINT('',(-1.570796326795,-2.628697122557));
#5301 = CARTESIAN_POINT('',(-1.570796326795,-2.559960843422));
#5302 = CARTESIAN_POINT('',(-1.570796326795,-2.491749732825));
#5303 = CARTESIAN_POINT('',(-1.570796326795,-2.423885766815));
#5304 = CARTESIAN_POINT('',(-1.570796326795,-2.356194490192));
#5305 = CARTESIAN_POINT('',(-1.570796326795,-2.28850321357));
#5306 = CARTESIAN_POINT('',(-1.570796326795,-2.22063924756));
#5307 = CARTESIAN_POINT('',(-1.570796326795,-2.152428136962));
#5308 = CARTESIAN_POINT('',(-1.570796326795,-2.083691857828));
#5309 = CARTESIAN_POINT('',(-1.570796326795,-2.014246930739));
#5310 = CARTESIAN_POINT('',(-1.570796326795,-1.943902433034));
#5311 = CARTESIAN_POINT('',(-1.570796326795,-1.872457766729));
#5312 = CARTESIAN_POINT('',(-1.570796326795,-1.799700484976));
#5313 = CARTESIAN_POINT('',(-1.570796326795,-1.725402781348));
#5314 = CARTESIAN_POINT('',(-1.570796326795,-1.649321539424));
#5315 = CARTESIAN_POINT('',(-1.570796326795,-1.597229375323));
#5316 = CARTESIAN_POINT('',(-1.570796326795,-1.570796326795));
#5317 = ( GEOMETRIC_REPRESENTATION_CONTEXT(2) 
PARAMETRIC_REPRESENTATION_CONTEXT() REPRESENTATION_CONTEXT('2D SPACE',''
  ) );
#5318 = ORIENTED_EDGE('',*,*,#5319,.F.);
#5319 = EDGE_CURVE('',#5320,#5264,#5322,.T.);
#5320 = VERTEX_POINT('',#5321);
#5321 = CARTESIAN_POINT('',(-53.8499073366,-25.,20.));
#5322 = SURFACE_CURVE('',#5323,(#5327,#5334),.PCURVE_S1.);
#5323 = LINE('',#5324,#5325);
#5324 = CARTESIAN_POINT('',(-53.8499073366,-43.76134453734,20.));
#5325 = VECTOR('',#5326,1.);
#5326 = DIRECTION('',(-1.755673529904E-16,-1.,0.));
#5327 = PCURVE('',#1566,#5328);
#5328 = DEFINITIONAL_REPRESENTATION('',(#5329),#5333);
#5329 = LINE('',#5330,#5331);
#5330 = CARTESIAN_POINT('',(-55.,23.761344537348));
#5331 = VECTOR('',#5332,1.);
#5332 = DIRECTION('',(-0.,-1.));
#5333 = ( GEOMETRIC_REPRESENTATION_CONTEXT(2) 
PARAMETRIC_REPRESENTATION_CONTEXT() REPRESENTATION_CONTEXT('2D SPACE',''
  ) );
#5334 = PCURVE('',#5335,#5340);
#5335 = CYLINDRICAL_SURFACE('',#5336,3.);
#5336 = AXIS2_PLACEMENT_3D('',#5337,#5338,#5339);
#5337 = CARTESIAN_POINT('',(-50.8499073366,-43.76134453734,20.));
#5338 = DIRECTION('',(1.755673529904E-16,1.,0.));
#5339 = DIRECTION('',(-0.707106781187,1.241448658545E-16,0.707106781187)
  );
#5340 = DEFINITIONAL_REPRESENTATION('',(#5341),#5345);
#5341 = LINE('',#5342,#5343);
#5342 = CARTESIAN_POINT('',(5.497787143782,-3.552713678801E-15));
#5343 = VECTOR('',#5344,1.);
#5344 = DIRECTION('',(0.,-1.));
#5345 = ( GEOMETRIC_REPRESENTATION_CONTEXT(2) 
PARAMETRIC_REPRESENTATION_CONTEXT() REPRESENTATION_CONTEXT('2D SPACE',''
  ) );
#5346 = ORIENTED_EDGE('',*,*,#5347,.F.);
#5347 = EDGE_CURVE('',#1758,#5320,#5348,.T.);
#5348 = SURFACE_CURVE('',#5349,(#5354,#5361),.PCURVE_S1.);
#5349 = CIRCLE('',#5350,2.);
#5350 = AXIS2_PLACEMENT_3D('',#5351,#5352,#5353);
#5351 = CARTESIAN_POINT('',(-53.8499073366,-25.,18.));
#5352 = DIRECTION('',(1.,-1.755673529904E-16,-1.232595164408E-32));
#5353 = DIRECTION('',(1.241448658545E-16,0.707106781187,0.707106781187)
  );
#5354 = PCURVE('',#1566,#5355);
#5355 = DEFINITIONAL_REPRESENTATION('',(#5356),#5360);
#5356 = CIRCLE('',#5357,2.);
#5357 = AXIS2_PLACEMENT_2D('',#5358,#5359);
#5358 = CARTESIAN_POINT('',(-53.,42.522689074697));
#5359 = DIRECTION('',(-0.707106781187,0.707106781187));
#5360 = ( GEOMETRIC_REPRESENTATION_CONTEXT(2) 
PARAMETRIC_REPRESENTATION_CONTEXT() REPRESENTATION_CONTEXT('2D SPACE',''
  ) );
#5361 = PCURVE('',#1795,#5362);
#5362 = DEFINITIONAL_REPRESENTATION('',(#5363),#5389);
#5363 = B_SPLINE_CURVE_WITH_KNOTS('',3,(#5364,#5365,#5366,#5367,#5368,
    #5369,#5370,#5371,#5372,#5373,#5374,#5375,#5376,#5377,#5378,#5379,
    #5380,#5381,#5382,#5383,#5384,#5385,#5386,#5387,#5388),
  .UNSPECIFIED.,.F.,.F.,(4,1,1,1,1,1,1,1,1,1,1,1,1,1,1,1,1,1,1,1,1,1,4),
  (5.497787143782,5.569186976818,5.640586809854,5.711986642891,
    5.783386475927,5.854786308963,5.926186141999,5.997585975035,
    6.068985808071,6.140385641107,6.211785474143,6.28318530718,
    6.354585140216,6.425984973252,6.497384806288,6.568784639324,
    6.64018447236,6.711584305396,6.782984138433,6.854383971469,
    6.925783804505,6.997183637541,7.068583470577),
  .QUASI_UNIFORM_KNOTS.);
#5364 = CARTESIAN_POINT('',(-1.570796326795,1.570796326795));
#5365 = CARTESIAN_POINT('',(-1.570796326795,1.597229375323));
#5366 = CARTESIAN_POINT('',(-1.570796326795,1.649321539424));
#5367 = CARTESIAN_POINT('',(-1.570796326795,1.725402781348));
#5368 = CARTESIAN_POINT('',(-1.570796326795,1.799700484976));
#5369 = CARTESIAN_POINT('',(-1.570796326795,1.872457766729));
#5370 = CARTESIAN_POINT('',(-1.570796326795,1.943902433034));
#5371 = CARTESIAN_POINT('',(-1.570796326795,2.014246930739));
#5372 = CARTESIAN_POINT('',(-1.570796326795,2.083691857828));
#5373 = CARTESIAN_POINT('',(-1.570796326795,2.152428136962));
#5374 = CARTESIAN_POINT('',(-1.570796326795,2.22063924756));
#5375 = CARTESIAN_POINT('',(-1.570796326795,2.28850321357));
#5376 = CARTESIAN_POINT('',(-1.570796326795,2.356194490192));
#5377 = CARTESIAN_POINT('',(-1.570796326795,2.423885766815));
#5378 = CARTESIAN_POINT('',(-1.570796326795,2.491749732825));
#5379 = CARTESIAN_POINT('',(-1.570796326795,2.559960843422));
#5380 = CARTESIAN_POINT('',(-1.570796326795,2.628697122557));
#5381 = CARTESIAN_POINT('',(-1.570796326795,2.698142049645));
#5382 = CARTESIAN_POINT('',(-1.570796326795,2.768486547351));
#5383 = CARTESIAN_POINT('',(-1.570796326795,2.839931213656));
#5384 = CARTESIAN_POINT('',(-1.570796326795,2.912688495409));
#5385 = CARTESIAN_POINT('',(-1.570796326795,2.986986199037));
#5386 = CARTESIAN_POINT('',(-1.570796326795,3.063067440961));
#5387 = CARTESIAN_POINT('',(-1.570796326795,3.115159605062));
#5388 = CARTESIAN_POINT('',(-1.570796326795,3.14159265359));
#5389 = ( GEOMETRIC_REPRESENTATION_CONTEXT(2) 
PARAMETRIC_REPRESENTATION_CONTEXT() REPRESENTATION_CONTEXT('2D SPACE',''
  ) );
#5390 = ORIENTED_EDGE('',*,*,#1757,.F.);
#5391 = ORIENTED_EDGE('',*,*,#1549,.T.);
#5392 = ADVANCED_FACE('',(#5393),#1721,.F.);
#5393 = FACE_BOUND('',#5394,.F.);
#5394 = EDGE_LOOP('',(#5395,#5396,#5419,#5452,#5473,#5474));
#5395 = ORIENTED_EDGE('',*,*,#4890,.F.);
#5396 = ORIENTED_EDGE('',*,*,#5397,.F.);
#5397 = EDGE_CURVE('',#5398,#4891,#5400,.T.);
#5398 = VERTEX_POINT('',#5399);
#5399 = CARTESIAN_POINT('',(-38.67885269587,-28.34932668102,-18.6));
#5400 = SURFACE_CURVE('',#5401,(#5405,#5412),.PCURVE_S1.);
#5401 = LINE('',#5402,#5403);
#5402 = CARTESIAN_POINT('',(-38.67885269587,-28.34932668102,-18.6));
#5403 = VECTOR('',#5404,1.);
#5404 = DIRECTION('',(0.,0.,-1.));
#5405 = PCURVE('',#1721,#5406);
#5406 = DEFINITIONAL_REPRESENTATION('',(#5407),#5411);
#5407 = LINE('',#5408,#5409);
#5408 = CARTESIAN_POINT('',(3.937462792499,8.49326573771));
#5409 = VECTOR('',#5410,1.);
#5410 = DIRECTION('',(0.,1.));
#5411 = ( GEOMETRIC_REPRESENTATION_CONTEXT(2) 
PARAMETRIC_REPRESENTATION_CONTEXT() REPRESENTATION_CONTEXT('2D SPACE',''
  ) );
#5412 = PCURVE('',#4934,#5413);
#5413 = DEFINITIONAL_REPRESENTATION('',(#5414),#5418);
#5414 = LINE('',#5415,#5416);
#5415 = CARTESIAN_POINT('',(-8.49326573771,0.));
#5416 = VECTOR('',#5417,1.);
#5417 = DIRECTION('',(-1.,0.));
#5418 = ( GEOMETRIC_REPRESENTATION_CONTEXT(2) 
PARAMETRIC_REPRESENTATION_CONTEXT() REPRESENTATION_CONTEXT('2D SPACE',''
  ) );
#5419 = ORIENTED_EDGE('',*,*,#5420,.T.);
#5420 = EDGE_CURVE('',#5398,#5421,#5423,.T.);
#5421 = VERTEX_POINT('',#5422);
#5422 = CARTESIAN_POINT('',(-35.82096197734,-28.34932668102,-18.6));
#5423 = SURFACE_CURVE('',#5424,(#5429,#5436),.PCURVE_S1.);
#5424 = CIRCLE('',#5425,2.);
#5425 = AXIS2_PLACEMENT_3D('',#5426,#5427,#5428);
#5426 = CARTESIAN_POINT('',(-37.2499073366,-26.95,-18.6));
#5427 = DIRECTION('',(0.,0.,-1.));
#5428 = DIRECTION('',(1.,0.,0.));
#5429 = PCURVE('',#1721,#5430);
#5430 = DEFINITIONAL_REPRESENTATION('',(#5431),#5435);
#5431 = LINE('',#5432,#5433);
#5432 = CARTESIAN_POINT('',(1.570796326795,8.49326573771));
#5433 = VECTOR('',#5434,1.);
#5434 = DIRECTION('',(1.,0.));
#5435 = ( GEOMETRIC_REPRESENTATION_CONTEXT(2) 
PARAMETRIC_REPRESENTATION_CONTEXT() REPRESENTATION_CONTEXT('2D SPACE',''
  ) );
#5436 = PCURVE('',#5437,#5442);
#5437 = PLANE('',#5438);
#5438 = AXIS2_PLACEMENT_3D('',#5439,#5440,#5441);
#5439 = CARTESIAN_POINT('',(-34.8499073366,-54.,-18.6));
#5440 = DIRECTION('',(0.,0.,1.));
#5441 = DIRECTION('',(1.,0.,-0.));
#5442 = DEFINITIONAL_REPRESENTATION('',(#5443),#5451);
#5443 = ( BOUNDED_CURVE() B_SPLINE_CURVE(2,(#5444,#5445,#5446,#5447,
#5448,#5449,#5450),.UNSPECIFIED.,.T.,.F.) B_SPLINE_CURVE_WITH_KNOTS((1,2
    ,2,2,2,1),(-2.094395102393,0.,2.094395102393,4.188790204786,
6.28318530718,8.377580409573),.UNSPECIFIED.) CURVE() 
GEOMETRIC_REPRESENTATION_ITEM() RATIONAL_B_SPLINE_CURVE((1.,0.5,1.,0.5,
1.,0.5,1.)) REPRESENTATION_ITEM('') );
#5444 = CARTESIAN_POINT('',(-0.4,27.05));
#5445 = CARTESIAN_POINT('',(-0.4,23.585898384862));
#5446 = CARTESIAN_POINT('',(-3.4,25.317949192431));
#5447 = CARTESIAN_POINT('',(-6.4,27.05));
#5448 = CARTESIAN_POINT('',(-3.4,28.782050807569));
#5449 = CARTESIAN_POINT('',(-0.4,30.514101615138));
#5450 = CARTESIAN_POINT('',(-0.4,27.05));
#5451 = ( GEOMETRIC_REPRESENTATION_CONTEXT(2) 
PARAMETRIC_REPRESENTATION_CONTEXT() REPRESENTATION_CONTEXT('2D SPACE',''
  ) );
#5452 = ORIENTED_EDGE('',*,*,#5453,.T.);
#5453 = EDGE_CURVE('',#5421,#4947,#5454,.T.);
#5454 = SURFACE_CURVE('',#5455,(#5459,#5466),.PCURVE_S1.);
#5455 = LINE('',#5456,#5457);
#5456 = CARTESIAN_POINT('',(-35.82096197734,-28.34932668102,-18.6));
#5457 = VECTOR('',#5458,1.);
#5458 = DIRECTION('',(0.,0.,-1.));
#5459 = PCURVE('',#1721,#5460);
#5460 = DEFINITIONAL_REPRESENTATION('',(#5461),#5465);
#5461 = LINE('',#5462,#5463);
#5462 = CARTESIAN_POINT('',(8.62890782186,8.49326573771));
#5463 = VECTOR('',#5464,1.);
#5464 = DIRECTION('',(0.,1.));
#5465 = ( GEOMETRIC_REPRESENTATION_CONTEXT(2) 
PARAMETRIC_REPRESENTATION_CONTEXT() REPRESENTATION_CONTEXT('2D SPACE',''
  ) );
#5466 = PCURVE('',#4962,#5467);
#5467 = DEFINITIONAL_REPRESENTATION('',(#5468),#5472);
#5468 = LINE('',#5469,#5470);
#5469 = CARTESIAN_POINT('',(8.49326573771,2.04233275709));
#5470 = VECTOR('',#5471,1.);
#5471 = DIRECTION('',(1.,0.));
#5472 = ( GEOMETRIC_REPRESENTATION_CONTEXT(2) 
PARAMETRIC_REPRESENTATION_CONTEXT() REPRESENTATION_CONTEXT('2D SPACE',''
  ) );
#5473 = ORIENTED_EDGE('',*,*,#4974,.F.);
#5474 = ORIENTED_EDGE('',*,*,#1679,.T.);
#5475 = ADVANCED_FACE('',(#5476),#1795,.F.);
#5476 = FACE_BOUND('',#5477,.F.);
#5477 = EDGE_LOOP('',(#5478,#5479,#5523,#5524));
#5478 = ORIENTED_EDGE('',*,*,#1838,.F.);
#5479 = ORIENTED_EDGE('',*,*,#5480,.T.);
#5480 = EDGE_CURVE('',#1839,#5320,#5481,.T.);
#5481 = SURFACE_CURVE('',#5482,(#5487,#5516),.PCURVE_S1.);
#5482 = CIRCLE('',#5483,3.);
#5483 = AXIS2_PLACEMENT_3D('',#5484,#5485,#5486);
#5484 = CARTESIAN_POINT('',(-50.8499073366,-25.,20.));
#5485 = DIRECTION('',(0.,-1.,0.));
#5486 = DIRECTION('',(0.,0.,1.));
#5487 = PCURVE('',#1795,#5488);
#5488 = DEFINITIONAL_REPRESENTATION('',(#5489),#5515);
#5489 = B_SPLINE_CURVE_WITH_KNOTS('',3,(#5490,#5491,#5492,#5493,#5494,
    #5495,#5496,#5497,#5498,#5499,#5500,#5501,#5502,#5503,#5504,#5505,
    #5506,#5507,#5508,#5509,#5510,#5511,#5512,#5513,#5514),
  .UNSPECIFIED.,.F.,.F.,(4,1,1,1,1,1,1,1,1,1,1,1,1,1,1,1,1,1,1,1,1,1,4),
  (0.,7.139983303613E-02,0.142799666072,0.214199499108,0.285599332145,
    0.356999165181,0.428398998217,0.499798831253,0.571198664289,
    0.642598497325,0.713998330361,0.785398163397,0.856797996434,
    0.92819782947,0.999597662506,1.070997495542,1.142397328578,
    1.213797161614,1.28519699465,1.356596827687,1.427996660723,
    1.499396493759,1.570796326795),.QUASI_UNIFORM_KNOTS.);
#5490 = CARTESIAN_POINT('',(0.,3.14159265359));
#5491 = CARTESIAN_POINT('',(-2.643304852828E-02,3.14159265359));
#5492 = CARTESIAN_POINT('',(-7.852521262871E-02,3.14159265359));
#5493 = CARTESIAN_POINT('',(-0.154606454553,3.14159265359));
#5494 = CARTESIAN_POINT('',(-0.228904158181,3.14159265359));
#5495 = CARTESIAN_POINT('',(-0.301661439934,3.14159265359));
#5496 = CARTESIAN_POINT('',(-0.373106106239,3.14159265359));
#5497 = CARTESIAN_POINT('',(-0.443450603945,3.14159265359));
#5498 = CARTESIAN_POINT('',(-0.512895531033,3.14159265359));
#5499 = CARTESIAN_POINT('',(-0.581631810168,3.14159265359));
#5500 = CARTESIAN_POINT('',(-0.649842920765,3.14159265359));
#5501 = CARTESIAN_POINT('',(-0.717706886775,3.14159265359));
#5502 = CARTESIAN_POINT('',(-0.785398163397,3.14159265359));
#5503 = CARTESIAN_POINT('',(-0.85308944002,3.14159265359));
#5504 = CARTESIAN_POINT('',(-0.92095340603,3.14159265359));
#5505 = CARTESIAN_POINT('',(-0.989164516627,3.14159265359));
#5506 = CARTESIAN_POINT('',(-1.057900795762,3.14159265359));
#5507 = CARTESIAN_POINT('',(-1.12734572285,3.14159265359));
#5508 = CARTESIAN_POINT('',(-1.197690220556,3.14159265359));
#5509 = CARTESIAN_POINT('',(-1.269134886861,3.14159265359));
#5510 = CARTESIAN_POINT('',(-1.341892168614,3.14159265359));
#5511 = CARTESIAN_POINT('',(-1.416189872242,3.14159265359));
#5512 = CARTESIAN_POINT('',(-1.492271114166,3.14159265359));
#5513 = CARTESIAN_POINT('',(-1.544363278267,3.14159265359));
#5514 = CARTESIAN_POINT('',(-1.570796326795,3.14159265359));
#5515 = ( GEOMETRIC_REPRESENTATION_CONTEXT(2) 
PARAMETRIC_REPRESENTATION_CONTEXT() REPRESENTATION_CONTEXT('2D SPACE',''
  ) );
#5516 = PCURVE('',#5335,#5517);
#5517 = DEFINITIONAL_REPRESENTATION('',(#5518),#5522);
#5518 = LINE('',#5519,#5520);
#5519 = CARTESIAN_POINT('',(7.068583470577,18.761344537348));
#5520 = VECTOR('',#5521,1.);
#5521 = DIRECTION('',(-1.,0.));
#5522 = ( GEOMETRIC_REPRESENTATION_CONTEXT(2) 
PARAMETRIC_REPRESENTATION_CONTEXT() REPRESENTATION_CONTEXT('2D SPACE',''
  ) );
#5523 = ORIENTED_EDGE('',*,*,#5347,.F.);
#5524 = ORIENTED_EDGE('',*,*,#1780,.F.);
#5525 = ADVANCED_FACE('',(#5526),#1900,.F.);
#5526 = FACE_BOUND('',#5527,.T.);
#5527 = EDGE_LOOP('',(#5528,#5551,#5572,#5573,#5574,#5602,#5630,#5658,
    #5684));
#5528 = ORIENTED_EDGE('',*,*,#5529,.F.);
#5529 = EDGE_CURVE('',#5530,#1839,#5532,.T.);
#5530 = VERTEX_POINT('',#5531);
#5531 = CARTESIAN_POINT('',(-50.8499073366,-39.,23.));
#5532 = SURFACE_CURVE('',#5533,(#5537,#5544),.PCURVE_S1.);
#5533 = LINE('',#5534,#5535);
#5534 = CARTESIAN_POINT('',(-50.8499073366,-43.76134453734,23.));
#5535 = VECTOR('',#5536,1.);
#5536 = DIRECTION('',(1.755673529904E-16,1.,0.));
#5537 = PCURVE('',#1900,#5538);
#5538 = DEFINITIONAL_REPRESENTATION('',(#5539),#5543);
#5539 = LINE('',#5540,#5541);
#5540 = CARTESIAN_POINT('',(25.,-23.76134453734));
#5541 = VECTOR('',#5542,1.);
#5542 = DIRECTION('',(-1.755673529904E-16,1.));
#5543 = ( GEOMETRIC_REPRESENTATION_CONTEXT(2) 
PARAMETRIC_REPRESENTATION_CONTEXT() REPRESENTATION_CONTEXT('2D SPACE',''
  ) );
#5544 = PCURVE('',#5335,#5545);
#5545 = DEFINITIONAL_REPRESENTATION('',(#5546),#5550);
#5546 = LINE('',#5547,#5548);
#5547 = CARTESIAN_POINT('',(7.068583470577,0.));
#5548 = VECTOR('',#5549,1.);
#5549 = DIRECTION('',(-2.379049338482E-16,1.));
#5550 = ( GEOMETRIC_REPRESENTATION_CONTEXT(2) 
PARAMETRIC_REPRESENTATION_CONTEXT() REPRESENTATION_CONTEXT('2D SPACE',''
  ) );
#5551 = ORIENTED_EDGE('',*,*,#5552,.F.);
#5552 = EDGE_CURVE('',#2109,#5530,#5553,.T.);
#5553 = SURFACE_CURVE('',#5554,(#5558,#5565),.PCURVE_S1.);
#5554 = LINE('',#5555,#5556);
#5555 = CARTESIAN_POINT('',(-45.3499073366,-39.,23.));
#5556 = VECTOR('',#5557,1.);
#5557 = DIRECTION('',(-1.,2.674982196925E-17,0.));
#5558 = PCURVE('',#1900,#5559);
#5559 = DEFINITIONAL_REPRESENTATION('',(#5560),#5564);
#5560 = LINE('',#5561,#5562);
#5561 = CARTESIAN_POINT('',(19.5,-19.));
#5562 = VECTOR('',#5563,1.);
#5563 = DIRECTION('',(1.,2.674982196925E-17));
#5564 = ( GEOMETRIC_REPRESENTATION_CONTEXT(2) 
PARAMETRIC_REPRESENTATION_CONTEXT() REPRESENTATION_CONTEXT('2D SPACE',''
  ) );
#5565 = PCURVE('',#2152,#5566);
#5566 = DEFINITIONAL_REPRESENTATION('',(#5567),#5571);
#5567 = LINE('',#5568,#5569);
#5568 = CARTESIAN_POINT('',(-0.785398163397,0.));
#5569 = VECTOR('',#5570,1.);
#5570 = DIRECTION('',(0.,-1.));
#5571 = ( GEOMETRIC_REPRESENTATION_CONTEXT(2) 
PARAMETRIC_REPRESENTATION_CONTEXT() REPRESENTATION_CONTEXT('2D SPACE',''
  ) );
#5572 = ORIENTED_EDGE('',*,*,#2108,.T.);
#5573 = ORIENTED_EDGE('',*,*,#1964,.F.);
#5574 = ORIENTED_EDGE('',*,*,#5575,.F.);
#5575 = EDGE_CURVE('',#5576,#1913,#5578,.T.);
#5576 = VERTEX_POINT('',#5577);
#5577 = CARTESIAN_POINT('',(-39.62096197734,-28.34932668102,23.));
#5578 = SURFACE_CURVE('',#5579,(#5584,#5595),.PCURVE_S1.);
#5579 = CIRCLE('',#5580,2.);
#5580 = AXIS2_PLACEMENT_3D('',#5581,#5582,#5583);
#5581 = CARTESIAN_POINT('',(-41.0499073366,-26.95,23.));
#5582 = DIRECTION('',(0.,0.,1.));
#5583 = DIRECTION('',(-1.,0.,0.));
#5584 = PCURVE('',#1900,#5585);
#5585 = DEFINITIONAL_REPRESENTATION('',(#5586),#5594);
#5586 = ( BOUNDED_CURVE() B_SPLINE_CURVE(2,(#5587,#5588,#5589,#5590,
#5591,#5592,#5593),.UNSPECIFIED.,.T.,.F.) B_SPLINE_CURVE_WITH_KNOTS((1,2
    ,2,2,2,1),(-2.094395102393,0.,2.094395102393,4.188790204786,
6.28318530718,8.377580409573),.UNSPECIFIED.) CURVE() 
GEOMETRIC_REPRESENTATION_ITEM() RATIONAL_B_SPLINE_CURVE((1.,0.5,1.,0.5,
1.,0.5,1.)) REPRESENTATION_ITEM('') );
#5587 = CARTESIAN_POINT('',(17.2,-6.95));
#5588 = CARTESIAN_POINT('',(17.2,-10.41410161513));
#5589 = CARTESIAN_POINT('',(14.2,-8.682050807569));
#5590 = CARTESIAN_POINT('',(11.2,-6.95));
#5591 = CARTESIAN_POINT('',(14.2,-5.217949192431));
#5592 = CARTESIAN_POINT('',(17.2,-3.485898384862));
#5593 = CARTESIAN_POINT('',(17.2,-6.95));
#5594 = ( GEOMETRIC_REPRESENTATION_CONTEXT(2) 
PARAMETRIC_REPRESENTATION_CONTEXT() REPRESENTATION_CONTEXT('2D SPACE',''
  ) );
#5595 = PCURVE('',#1953,#5596);
#5596 = DEFINITIONAL_REPRESENTATION('',(#5597),#5601);
#5597 = LINE('',#5598,#5599);
#5598 = CARTESIAN_POINT('',(1.570796326795,13.89326573771));
#5599 = VECTOR('',#5600,1.);
#5600 = DIRECTION('',(1.,0.));
#5601 = ( GEOMETRIC_REPRESENTATION_CONTEXT(2) 
PARAMETRIC_REPRESENTATION_CONTEXT() REPRESENTATION_CONTEXT('2D SPACE',''
  ) );
#5602 = ORIENTED_EDGE('',*,*,#5603,.T.);
#5603 = EDGE_CURVE('',#5576,#5604,#5606,.T.);
#5604 = VERTEX_POINT('',#5605);
#5605 = CARTESIAN_POINT('',(-41.0499073366,-29.80851763868,23.));
#5606 = SURFACE_CURVE('',#5607,(#5611,#5618),.PCURVE_S1.);
#5607 = LINE('',#5608,#5609);
#5608 = CARTESIAN_POINT('',(-39.62096197734,-28.34932668102,23.));
#5609 = VECTOR('',#5610,1.);
#5610 = DIRECTION('',(-0.699663340513,-0.714472679633,0.));
#5611 = PCURVE('',#1900,#5612);
#5612 = DEFINITIONAL_REPRESENTATION('',(#5613),#5617);
#5613 = LINE('',#5614,#5615);
#5614 = CARTESIAN_POINT('',(13.771054640734,-8.349326681027));
#5615 = VECTOR('',#5616,1.);
#5616 = DIRECTION('',(0.699663340513,-0.714472679633));
#5617 = ( GEOMETRIC_REPRESENTATION_CONTEXT(2) 
PARAMETRIC_REPRESENTATION_CONTEXT() REPRESENTATION_CONTEXT('2D SPACE',''
  ) );
#5618 = PCURVE('',#5619,#5624);
#5619 = PLANE('',#5620);
#5620 = AXIS2_PLACEMENT_3D('',#5621,#5622,#5623);
#5621 = CARTESIAN_POINT('',(-39.62096197734,-28.34932668102,
    9.10673426229));
#5622 = DIRECTION('',(0.714472679633,-0.699663340513,0.));
#5623 = DIRECTION('',(0.,0.,-1.));
#5624 = DEFINITIONAL_REPRESENTATION('',(#5625),#5629);
#5625 = LINE('',#5626,#5627);
#5626 = CARTESIAN_POINT('',(-13.89326573771,0.));
#5627 = VECTOR('',#5628,1.);
#5628 = DIRECTION('',(-0.,-1.));
#5629 = ( GEOMETRIC_REPRESENTATION_CONTEXT(2) 
PARAMETRIC_REPRESENTATION_CONTEXT() REPRESENTATION_CONTEXT('2D SPACE',''
  ) );
#5630 = ORIENTED_EDGE('',*,*,#5631,.T.);
#5631 = EDGE_CURVE('',#5604,#5632,#5634,.T.);
#5632 = VERTEX_POINT('',#5633);
#5633 = CARTESIAN_POINT('',(-42.47885269587,-28.34932668102,23.));
#5634 = SURFACE_CURVE('',#5635,(#5639,#5646),.PCURVE_S1.);
#5635 = LINE('',#5636,#5637);
#5636 = CARTESIAN_POINT('',(-41.0499073366,-29.80851763868,23.));
#5637 = VECTOR('',#5638,1.);
#5638 = DIRECTION('',(-0.699663340513,0.714472679633,0.));
#5639 = PCURVE('',#1900,#5640);
#5640 = DEFINITIONAL_REPRESENTATION('',(#5641),#5645);
#5641 = LINE('',#5642,#5643);
#5642 = CARTESIAN_POINT('',(15.2,-9.808517638687));
#5643 = VECTOR('',#5644,1.);
#5644 = DIRECTION('',(0.699663340513,0.714472679633));
#5645 = ( GEOMETRIC_REPRESENTATION_CONTEXT(2) 
PARAMETRIC_REPRESENTATION_CONTEXT() REPRESENTATION_CONTEXT('2D SPACE',''
  ) );
#5646 = PCURVE('',#5647,#5652);
#5647 = PLANE('',#5648);
#5648 = AXIS2_PLACEMENT_3D('',#5649,#5650,#5651);
#5649 = CARTESIAN_POINT('',(-41.0499073366,-29.80851763868,9.10673426229
    ));
#5650 = DIRECTION('',(-0.714472679633,-0.699663340513,0.));
#5651 = DIRECTION('',(0.,0.,1.));
#5652 = DEFINITIONAL_REPRESENTATION('',(#5653),#5657);
#5653 = LINE('',#5654,#5655);
#5654 = CARTESIAN_POINT('',(13.89326573771,0.));
#5655 = VECTOR('',#5656,1.);
#5656 = DIRECTION('',(0.,1.));
#5657 = ( GEOMETRIC_REPRESENTATION_CONTEXT(2) 
PARAMETRIC_REPRESENTATION_CONTEXT() REPRESENTATION_CONTEXT('2D SPACE',''
  ) );
#5658 = ORIENTED_EDGE('',*,*,#5659,.F.);
#5659 = EDGE_CURVE('',#1885,#5632,#5660,.T.);
#5660 = SURFACE_CURVE('',#5661,(#5666,#5677),.PCURVE_S1.);
#5661 = CIRCLE('',#5662,2.);
#5662 = AXIS2_PLACEMENT_3D('',#5663,#5664,#5665);
#5663 = CARTESIAN_POINT('',(-41.0499073366,-26.95,23.));
#5664 = DIRECTION('',(0.,0.,1.));
#5665 = DIRECTION('',(-1.,0.,0.));
#5666 = PCURVE('',#1900,#5667);
#5667 = DEFINITIONAL_REPRESENTATION('',(#5668),#5676);
#5668 = ( BOUNDED_CURVE() B_SPLINE_CURVE(2,(#5669,#5670,#5671,#5672,
#5673,#5674,#5675),.UNSPECIFIED.,.T.,.F.) B_SPLINE_CURVE_WITH_KNOTS((1,2
    ,2,2,2,1),(-2.094395102393,0.,2.094395102393,4.188790204786,
6.28318530718,8.377580409573),.UNSPECIFIED.) CURVE() 
GEOMETRIC_REPRESENTATION_ITEM() RATIONAL_B_SPLINE_CURVE((1.,0.5,1.,0.5,
1.,0.5,1.)) REPRESENTATION_ITEM('') );
#5669 = CARTESIAN_POINT('',(17.2,-6.95));
#5670 = CARTESIAN_POINT('',(17.2,-10.41410161513));
#5671 = CARTESIAN_POINT('',(14.2,-8.682050807569));
#5672 = CARTESIAN_POINT('',(11.2,-6.95));
#5673 = CARTESIAN_POINT('',(14.2,-5.217949192431));
#5674 = CARTESIAN_POINT('',(17.2,-3.485898384862));
#5675 = CARTESIAN_POINT('',(17.2,-6.95));
#5676 = ( GEOMETRIC_REPRESENTATION_CONTEXT(2) 
PARAMETRIC_REPRESENTATION_CONTEXT() REPRESENTATION_CONTEXT('2D SPACE',''
  ) );
#5677 = PCURVE('',#1953,#5678);
#5678 = DEFINITIONAL_REPRESENTATION('',(#5679),#5683);
#5679 = LINE('',#5680,#5681);
#5680 = CARTESIAN_POINT('',(1.570796326795,13.89326573771));
#5681 = VECTOR('',#5682,1.);
#5682 = DIRECTION('',(1.,0.));
#5683 = ( GEOMETRIC_REPRESENTATION_CONTEXT(2) 
PARAMETRIC_REPRESENTATION_CONTEXT() REPRESENTATION_CONTEXT('2D SPACE',''
  ) );
#5684 = ORIENTED_EDGE('',*,*,#1884,.F.);
#5685 = ADVANCED_FACE('',(#5686),#1953,.F.);
#5686 = FACE_BOUND('',#5687,.F.);
#5687 = EDGE_LOOP('',(#5688,#5689,#5712,#5745,#5766,#5767));
#5688 = ORIENTED_EDGE('',*,*,#5575,.F.);
#5689 = ORIENTED_EDGE('',*,*,#5690,.F.);
#5690 = EDGE_CURVE('',#5691,#5576,#5693,.T.);
#5691 = VERTEX_POINT('',#5692);
#5692 = CARTESIAN_POINT('',(-39.62096197734,-28.34932668102,17.6));
#5693 = SURFACE_CURVE('',#5694,(#5698,#5705),.PCURVE_S1.);
#5694 = LINE('',#5695,#5696);
#5695 = CARTESIAN_POINT('',(-39.62096197734,-28.34932668102,17.6));
#5696 = VECTOR('',#5697,1.);
#5697 = DIRECTION('',(0.,0.,1.));
#5698 = PCURVE('',#1953,#5699);
#5699 = DEFINITIONAL_REPRESENTATION('',(#5700),#5704);
#5700 = LINE('',#5701,#5702);
#5701 = CARTESIAN_POINT('',(3.937462792499,8.49326573771));
#5702 = VECTOR('',#5703,1.);
#5703 = DIRECTION('',(0.,1.));
#5704 = ( GEOMETRIC_REPRESENTATION_CONTEXT(2) 
PARAMETRIC_REPRESENTATION_CONTEXT() REPRESENTATION_CONTEXT('2D SPACE',''
  ) );
#5705 = PCURVE('',#5619,#5706);
#5706 = DEFINITIONAL_REPRESENTATION('',(#5707),#5711);
#5707 = LINE('',#5708,#5709);
#5708 = CARTESIAN_POINT('',(-8.49326573771,0.));
#5709 = VECTOR('',#5710,1.);
#5710 = DIRECTION('',(-1.,0.));
#5711 = ( GEOMETRIC_REPRESENTATION_CONTEXT(2) 
PARAMETRIC_REPRESENTATION_CONTEXT() REPRESENTATION_CONTEXT('2D SPACE',''
  ) );
#5712 = ORIENTED_EDGE('',*,*,#5713,.T.);
#5713 = EDGE_CURVE('',#5691,#5714,#5716,.T.);
#5714 = VERTEX_POINT('',#5715);
#5715 = CARTESIAN_POINT('',(-42.47885269587,-28.34932668102,17.6));
#5716 = SURFACE_CURVE('',#5717,(#5722,#5729),.PCURVE_S1.);
#5717 = CIRCLE('',#5718,2.);
#5718 = AXIS2_PLACEMENT_3D('',#5719,#5720,#5721);
#5719 = CARTESIAN_POINT('',(-41.0499073366,-26.95,17.6));
#5720 = DIRECTION('',(3.469446951954E-16,-1.44444745829E-31,1.));
#5721 = DIRECTION('',(-1.,1.458519205749E-61,3.469446951954E-16));
#5722 = PCURVE('',#1953,#5723);
#5723 = DEFINITIONAL_REPRESENTATION('',(#5724),#5728);
#5724 = LINE('',#5725,#5726);
#5725 = CARTESIAN_POINT('',(1.570796326795,8.49326573771));
#5726 = VECTOR('',#5727,1.);
#5727 = DIRECTION('',(1.,0.));
#5728 = ( GEOMETRIC_REPRESENTATION_CONTEXT(2) 
PARAMETRIC_REPRESENTATION_CONTEXT() REPRESENTATION_CONTEXT('2D SPACE',''
  ) );
#5729 = PCURVE('',#5730,#5735);
#5730 = PLANE('',#5731);
#5731 = AXIS2_PLACEMENT_3D('',#5732,#5733,#5734);
#5732 = CARTESIAN_POINT('',(-34.8499073366,-54.,17.6));
#5733 = DIRECTION('',(-3.469446951954E-16,1.44444745829E-31,-1.));
#5734 = DIRECTION('',(-1.,0.,3.469446951954E-16));
#5735 = DEFINITIONAL_REPRESENTATION('',(#5736),#5744);
#5736 = ( BOUNDED_CURVE() B_SPLINE_CURVE(2,(#5737,#5738,#5739,#5740,
#5741,#5742,#5743),.UNSPECIFIED.,.T.,.F.) B_SPLINE_CURVE_WITH_KNOTS((1,2
    ,2,2,2,1),(-2.094395102393,0.,2.094395102393,4.188790204786,
6.28318530718,8.377580409573),.UNSPECIFIED.) CURVE() 
GEOMETRIC_REPRESENTATION_ITEM() RATIONAL_B_SPLINE_CURVE((1.,0.5,1.,0.5,
1.,0.5,1.)) REPRESENTATION_ITEM('') );
#5737 = CARTESIAN_POINT('',(8.2,27.05));
#5738 = CARTESIAN_POINT('',(8.2,23.585898384862));
#5739 = CARTESIAN_POINT('',(5.2,25.317949192431));
#5740 = CARTESIAN_POINT('',(2.2,27.05));
#5741 = CARTESIAN_POINT('',(5.2,28.782050807569));
#5742 = CARTESIAN_POINT('',(8.2,30.514101615138));
#5743 = CARTESIAN_POINT('',(8.2,27.05));
#5744 = ( GEOMETRIC_REPRESENTATION_CONTEXT(2) 
PARAMETRIC_REPRESENTATION_CONTEXT() REPRESENTATION_CONTEXT('2D SPACE',''
  ) );
#5745 = ORIENTED_EDGE('',*,*,#5746,.T.);
#5746 = EDGE_CURVE('',#5714,#5632,#5747,.T.);
#5747 = SURFACE_CURVE('',#5748,(#5752,#5759),.PCURVE_S1.);
#5748 = LINE('',#5749,#5750);
#5749 = CARTESIAN_POINT('',(-42.47885269587,-28.34932668102,17.6));
#5750 = VECTOR('',#5751,1.);
#5751 = DIRECTION('',(0.,0.,1.));
#5752 = PCURVE('',#1953,#5753);
#5753 = DEFINITIONAL_REPRESENTATION('',(#5754),#5758);
#5754 = LINE('',#5755,#5756);
#5755 = CARTESIAN_POINT('',(8.62890782186,8.49326573771));
#5756 = VECTOR('',#5757,1.);
#5757 = DIRECTION('',(0.,1.));
#5758 = ( GEOMETRIC_REPRESENTATION_CONTEXT(2) 
PARAMETRIC_REPRESENTATION_CONTEXT() REPRESENTATION_CONTEXT('2D SPACE',''
  ) );
#5759 = PCURVE('',#5647,#5760);
#5760 = DEFINITIONAL_REPRESENTATION('',(#5761),#5765);
#5761 = LINE('',#5762,#5763);
#5762 = CARTESIAN_POINT('',(8.49326573771,2.04233275709));
#5763 = VECTOR('',#5764,1.);
#5764 = DIRECTION('',(1.,0.));
#5765 = ( GEOMETRIC_REPRESENTATION_CONTEXT(2) 
PARAMETRIC_REPRESENTATION_CONTEXT() REPRESENTATION_CONTEXT('2D SPACE',''
  ) );
#5766 = ORIENTED_EDGE('',*,*,#5659,.F.);
#5767 = ORIENTED_EDGE('',*,*,#1912,.T.);
#5768 = ADVANCED_FACE('',(#5769),#2040,.T.);
#5769 = FACE_BOUND('',#5770,.T.);
#5770 = EDGE_LOOP('',(#5771,#5792,#5793,#5814));
#5771 = ORIENTED_EDGE('',*,*,#5772,.T.);
#5772 = EDGE_CURVE('',#2300,#2018,#5773,.T.);
#5773 = SURFACE_CURVE('',#5774,(#5778,#5785),.PCURVE_S1.);
#5774 = LINE('',#5775,#5776);
#5775 = CARTESIAN_POINT('',(-19.6749536683,-39.,26.));
#5776 = VECTOR('',#5777,1.);
#5777 = DIRECTION('',(-1.,2.674982196925E-17,0.));
#5778 = PCURVE('',#2040,#5779);
#5779 = DEFINITIONAL_REPRESENTATION('',(#5780),#5784);
#5780 = LINE('',#5781,#5782);
#5781 = CARTESIAN_POINT('',(0.785398163397,0.));
#5782 = VECTOR('',#5783,1.);
#5783 = DIRECTION('',(0.,1.));
#5784 = ( GEOMETRIC_REPRESENTATION_CONTEXT(2) 
PARAMETRIC_REPRESENTATION_CONTEXT() REPRESENTATION_CONTEXT('2D SPACE',''
  ) );
#5785 = PCURVE('',#2068,#5786);
#5786 = DEFINITIONAL_REPRESENTATION('',(#5787),#5791);
#5787 = LINE('',#5788,#5789);
#5788 = CARTESIAN_POINT('',(45.174953668304,-7.));
#5789 = VECTOR('',#5790,1.);
#5790 = DIRECTION('',(1.,2.674982196925E-17));
#5791 = ( GEOMETRIC_REPRESENTATION_CONTEXT(2) 
PARAMETRIC_REPRESENTATION_CONTEXT() REPRESENTATION_CONTEXT('2D SPACE',''
  ) );
#5792 = ORIENTED_EDGE('',*,*,#2017,.T.);
#5793 = ORIENTED_EDGE('',*,*,#5794,.T.);
#5794 = EDGE_CURVE('',#2020,#2321,#5795,.T.);
#5795 = SURFACE_CURVE('',#5796,(#5800,#5807),.PCURVE_S1.);
#5796 = LINE('',#5797,#5798);
#5797 = CARTESIAN_POINT('',(-19.6749536683,-44.,21.));
#5798 = VECTOR('',#5799,1.);
#5799 = DIRECTION('',(1.,-2.674982196925E-17,0.));
#5800 = PCURVE('',#2040,#5801);
#5801 = DEFINITIONAL_REPRESENTATION('',(#5802),#5806);
#5802 = LINE('',#5803,#5804);
#5803 = CARTESIAN_POINT('',(-0.785398163397,0.));
#5804 = VECTOR('',#5805,1.);
#5805 = DIRECTION('',(0.,-1.));
#5806 = ( GEOMETRIC_REPRESENTATION_CONTEXT(2) 
PARAMETRIC_REPRESENTATION_CONTEXT() REPRESENTATION_CONTEXT('2D SPACE',''
  ) );
#5807 = PCURVE('',#2178,#5808);
#5808 = DEFINITIONAL_REPRESENTATION('',(#5809),#5813);
#5809 = LINE('',#5810,#5811);
#5810 = CARTESIAN_POINT('',(-4.,45.174953668304));
#5811 = VECTOR('',#5812,1.);
#5812 = DIRECTION('',(0.,1.));
#5813 = ( GEOMETRIC_REPRESENTATION_CONTEXT(2) 
PARAMETRIC_REPRESENTATION_CONTEXT() REPRESENTATION_CONTEXT('2D SPACE',''
  ) );
#5814 = ORIENTED_EDGE('',*,*,#2320,.T.);
#5815 = ADVANCED_FACE('',(#5816),#2068,.F.);
#5816 = FACE_BOUND('',#5817,.F.);
#5817 = EDGE_LOOP('',(#5818,#5819,#5820,#5821));
#5818 = ORIENTED_EDGE('',*,*,#2052,.T.);
#5819 = ORIENTED_EDGE('',*,*,#2195,.T.);
#5820 = ORIENTED_EDGE('',*,*,#2299,.T.);
#5821 = ORIENTED_EDGE('',*,*,#5772,.T.);
#5822 = ADVANCED_FACE('',(#5823),#2152,.T.);
#5823 = FACE_BOUND('',#5824,.T.);
#5824 = EDGE_LOOP('',(#5825,#5871,#5892,#5893));
#5825 = ORIENTED_EDGE('',*,*,#5826,.F.);
#5826 = EDGE_CURVE('',#5827,#5530,#5829,.T.);
#5827 = VERTEX_POINT('',#5828);
#5828 = CARTESIAN_POINT('',(-50.8499073366,-44.,18.));
#5829 = SURFACE_CURVE('',#5830,(#5835,#5842),.PCURVE_S1.);
#5830 = CIRCLE('',#5831,5.);
#5831 = AXIS2_PLACEMENT_3D('',#5832,#5833,#5834);
#5832 = CARTESIAN_POINT('',(-50.8499073366,-39.,18.));
#5833 = DIRECTION('',(-1.,1.755673529904E-16,-1.232595164408E-32));
#5834 = DIRECTION('',(-1.241448658545E-16,-0.707106781187,0.707106781187
    ));
#5835 = PCURVE('',#2152,#5836);
#5836 = DEFINITIONAL_REPRESENTATION('',(#5837),#5841);
#5837 = LINE('',#5838,#5839);
#5838 = CARTESIAN_POINT('',(6.28318530718,-5.5));
#5839 = VECTOR('',#5840,1.);
#5840 = DIRECTION('',(-1.,0.));
#5841 = ( GEOMETRIC_REPRESENTATION_CONTEXT(2) 
PARAMETRIC_REPRESENTATION_CONTEXT() REPRESENTATION_CONTEXT('2D SPACE',''
  ) );
#5842 = PCURVE('',#5280,#5843);
#5843 = DEFINITIONAL_REPRESENTATION('',(#5844),#5870);
#5844 = B_SPLINE_CURVE_WITH_KNOTS('',3,(#5845,#5846,#5847,#5848,#5849,
    #5850,#5851,#5852,#5853,#5854,#5855,#5856,#5857,#5858,#5859,#5860,
    #5861,#5862,#5863,#5864,#5865,#5866,#5867,#5868,#5869),
  .UNSPECIFIED.,.F.,.F.,(4,1,1,1,1,1,1,1,1,1,1,1,1,1,1,1,1,1,1,1,1,1,4),
  (5.497787143782,5.569186976818,5.640586809854,5.711986642891,
    5.783386475927,5.854786308963,5.926186141999,5.997585975035,
    6.068985808071,6.140385641107,6.211785474143,6.28318530718,
    6.354585140216,6.425984973252,6.497384806288,6.568784639324,
    6.64018447236,6.711584305396,6.782984138433,6.854383971469,
    6.925783804505,6.997183637541,7.068583470577),
  .QUASI_UNIFORM_KNOTS.);
#5845 = CARTESIAN_POINT('',(2.949222599685E-16,-1.570796326795));
#5846 = CARTESIAN_POINT('',(2.949222599685E-16,-1.597229375323));
#5847 = CARTESIAN_POINT('',(2.949222599685E-16,-1.649321539424));
#5848 = CARTESIAN_POINT('',(2.949222599685E-16,-1.725402781348));
#5849 = CARTESIAN_POINT('',(2.949222599685E-16,-1.799700484976));
#5850 = CARTESIAN_POINT('',(2.949222599685E-16,-1.872457766729));
#5851 = CARTESIAN_POINT('',(2.949222599685E-16,-1.943902433034));
#5852 = CARTESIAN_POINT('',(2.949222599685E-16,-2.014246930739));
#5853 = CARTESIAN_POINT('',(2.949222599685E-16,-2.083691857828));
#5854 = CARTESIAN_POINT('',(2.949222599685E-16,-2.152428136962));
#5855 = CARTESIAN_POINT('',(2.949222599685E-16,-2.22063924756));
#5856 = CARTESIAN_POINT('',(2.949222599685E-16,-2.28850321357));
#5857 = CARTESIAN_POINT('',(2.949222599685E-16,-2.356194490192));
#5858 = CARTESIAN_POINT('',(2.949222599685E-16,-2.423885766815));
#5859 = CARTESIAN_POINT('',(2.949222599685E-16,-2.491749732825));
#5860 = CARTESIAN_POINT('',(2.949222599685E-16,-2.559960843422));
#5861 = CARTESIAN_POINT('',(2.949222599685E-16,-2.628697122557));
#5862 = CARTESIAN_POINT('',(2.949222599685E-16,-2.698142049645));
#5863 = CARTESIAN_POINT('',(2.949222599685E-16,-2.768486547351));
#5864 = CARTESIAN_POINT('',(2.949222599685E-16,-2.839931213656));
#5865 = CARTESIAN_POINT('',(2.949222599685E-16,-2.912688495409));
#5866 = CARTESIAN_POINT('',(2.949222599685E-16,-2.986986199037));
#5867 = CARTESIAN_POINT('',(2.949222599685E-16,-3.063067440961));
#5868 = CARTESIAN_POINT('',(2.949222599685E-16,-3.115159605062));
#5869 = CARTESIAN_POINT('',(2.949222599685E-16,-3.14159265359));
#5870 = ( GEOMETRIC_REPRESENTATION_CONTEXT(2) 
PARAMETRIC_REPRESENTATION_CONTEXT() REPRESENTATION_CONTEXT('2D SPACE',''
  ) );
#5871 = ORIENTED_EDGE('',*,*,#5872,.T.);
#5872 = EDGE_CURVE('',#5827,#2132,#5873,.T.);
#5873 = SURFACE_CURVE('',#5874,(#5878,#5885),.PCURVE_S1.);
#5874 = LINE('',#5875,#5876);
#5875 = CARTESIAN_POINT('',(-45.3499073366,-44.,18.));
#5876 = VECTOR('',#5877,1.);
#5877 = DIRECTION('',(1.,-2.674982196925E-17,0.));
#5878 = PCURVE('',#2152,#5879);
#5879 = DEFINITIONAL_REPRESENTATION('',(#5880),#5884);
#5880 = LINE('',#5881,#5882);
#5881 = CARTESIAN_POINT('',(0.785398163397,0.));
#5882 = VECTOR('',#5883,1.);
#5883 = DIRECTION('',(0.,1.));
#5884 = ( GEOMETRIC_REPRESENTATION_CONTEXT(2) 
PARAMETRIC_REPRESENTATION_CONTEXT() REPRESENTATION_CONTEXT('2D SPACE',''
  ) );
#5885 = PCURVE('',#2178,#5886);
#5886 = DEFINITIONAL_REPRESENTATION('',(#5887),#5891);
#5887 = LINE('',#5888,#5889);
#5888 = CARTESIAN_POINT('',(-7.,19.5));
#5889 = VECTOR('',#5890,1.);
#5890 = DIRECTION('',(0.,1.));
#5891 = ( GEOMETRIC_REPRESENTATION_CONTEXT(2) 
PARAMETRIC_REPRESENTATION_CONTEXT() REPRESENTATION_CONTEXT('2D SPACE',''
  ) );
#5892 = ORIENTED_EDGE('',*,*,#2131,.F.);
#5893 = ORIENTED_EDGE('',*,*,#5552,.T.);
#5894 = ADVANCED_FACE('',(#5895),#2178,.F.);
#5895 = FACE_BOUND('',#5896,.F.);
#5896 = EDGE_LOOP('',(#5897,#5898,#5919,#5920,#5943,#5966,#5987,#5988,
    #5989));
#5897 = ORIENTED_EDGE('',*,*,#2348,.T.);
#5898 = ORIENTED_EDGE('',*,*,#5899,.T.);
#5899 = EDGE_CURVE('',#2349,#3716,#5900,.T.);
#5900 = SURFACE_CURVE('',#5901,(#5905,#5912),.PCURVE_S1.);
#5901 = LINE('',#5902,#5903);
#5902 = CARTESIAN_POINT('',(-41.8499073366,-44.,13.));
#5903 = VECTOR('',#5904,1.);
#5904 = DIRECTION('',(-1.,2.674982196925E-17,1.084202172486E-16));
#5905 = PCURVE('',#2178,#5906);
#5906 = DEFINITIONAL_REPRESENTATION('',(#5907),#5911);
#5907 = LINE('',#5908,#5909);
#5908 = CARTESIAN_POINT('',(-12.,23.));
#5909 = VECTOR('',#5910,1.);
#5910 = DIRECTION('',(1.084202172486E-16,-1.));
#5911 = ( GEOMETRIC_REPRESENTATION_CONTEXT(2) 
PARAMETRIC_REPRESENTATION_CONTEXT() REPRESENTATION_CONTEXT('2D SPACE',''
  ) );
#5912 = PCURVE('',#2388,#5913);
#5913 = DEFINITIONAL_REPRESENTATION('',(#5914),#5918);
#5914 = LINE('',#5915,#5916);
#5915 = CARTESIAN_POINT('',(7.068583470577,0.));
#5916 = VECTOR('',#5917,1.);
#5917 = DIRECTION('',(0.,1.));
#5918 = ( GEOMETRIC_REPRESENTATION_CONTEXT(2) 
PARAMETRIC_REPRESENTATION_CONTEXT() REPRESENTATION_CONTEXT('2D SPACE',''
  ) );
#5919 = ORIENTED_EDGE('',*,*,#3740,.F.);
#5920 = ORIENTED_EDGE('',*,*,#5921,.F.);
#5921 = EDGE_CURVE('',#5922,#3741,#5924,.T.);
#5922 = VERTEX_POINT('',#5923);
#5923 = CARTESIAN_POINT('',(-34.8499073366,-44.,16.6));
#5924 = SURFACE_CURVE('',#5925,(#5929,#5936),.PCURVE_S1.);
#5925 = LINE('',#5926,#5927);
#5926 = CARTESIAN_POINT('',(-34.8499073366,-44.,21.6));
#5927 = VECTOR('',#5928,1.);
#5928 = DIRECTION('',(0.,0.,-1.));
#5929 = PCURVE('',#2178,#5930);
#5930 = DEFINITIONAL_REPRESENTATION('',(#5931),#5935);
#5931 = LINE('',#5932,#5933);
#5932 = CARTESIAN_POINT('',(-3.4,30.));
#5933 = VECTOR('',#5934,1.);
#5934 = DIRECTION('',(-1.,0.));
#5935 = ( GEOMETRIC_REPRESENTATION_CONTEXT(2) 
PARAMETRIC_REPRESENTATION_CONTEXT() REPRESENTATION_CONTEXT('2D SPACE',''
  ) );
#5936 = PCURVE('',#3777,#5937);
#5937 = DEFINITIONAL_REPRESENTATION('',(#5938),#5942);
#5938 = LINE('',#5939,#5940);
#5939 = CARTESIAN_POINT('',(3.4,5.6));
#5940 = VECTOR('',#5941,1.);
#5941 = DIRECTION('',(-1.,0.));
#5942 = ( GEOMETRIC_REPRESENTATION_CONTEXT(2) 
PARAMETRIC_REPRESENTATION_CONTEXT() REPRESENTATION_CONTEXT('2D SPACE',''
  ) );
#5943 = ORIENTED_EDGE('',*,*,#5944,.T.);
#5944 = EDGE_CURVE('',#5922,#5945,#5947,.T.);
#5945 = VERTEX_POINT('',#5946);
#5946 = CARTESIAN_POINT('',(-50.8499073366,-44.,16.6));
#5947 = SURFACE_CURVE('',#5948,(#5952,#5959),.PCURVE_S1.);
#5948 = LINE('',#5949,#5950);
#5949 = CARTESIAN_POINT('',(-29.8499073366,-44.,16.6));
#5950 = VECTOR('',#5951,1.);
#5951 = DIRECTION('',(-1.,4.229421046191E-16,0.));
#5952 = PCURVE('',#2178,#5953);
#5953 = DEFINITIONAL_REPRESENTATION('',(#5954),#5958);
#5954 = LINE('',#5955,#5956);
#5955 = CARTESIAN_POINT('',(-8.4,35.));
#5956 = VECTOR('',#5957,1.);
#5957 = DIRECTION('',(0.,-1.));
#5958 = ( GEOMETRIC_REPRESENTATION_CONTEXT(2) 
PARAMETRIC_REPRESENTATION_CONTEXT() REPRESENTATION_CONTEXT('2D SPACE',''
  ) );
#5959 = PCURVE('',#5223,#5960);
#5960 = DEFINITIONAL_REPRESENTATION('',(#5961),#5965);
#5961 = LINE('',#5962,#5963);
#5962 = CARTESIAN_POINT('',(-35.,0.2));
#5963 = VECTOR('',#5964,1.);
#5964 = DIRECTION('',(1.,4.229421046191E-16));
#5965 = ( GEOMETRIC_REPRESENTATION_CONTEXT(2) 
PARAMETRIC_REPRESENTATION_CONTEXT() REPRESENTATION_CONTEXT('2D SPACE',''
  ) );
#5966 = ORIENTED_EDGE('',*,*,#5967,.T.);
#5967 = EDGE_CURVE('',#5945,#5827,#5968,.T.);
#5968 = SURFACE_CURVE('',#5969,(#5973,#5980),.PCURVE_S1.);
#5969 = LINE('',#5970,#5971);
#5970 = CARTESIAN_POINT('',(-50.8499073366,-44.,-5.));
#5971 = VECTOR('',#5972,1.);
#5972 = DIRECTION('',(0.,0.,1.));
#5973 = PCURVE('',#2178,#5974);
#5974 = DEFINITIONAL_REPRESENTATION('',(#5975),#5979);
#5975 = LINE('',#5976,#5977);
#5976 = CARTESIAN_POINT('',(-30.,14.));
#5977 = VECTOR('',#5978,1.);
#5978 = DIRECTION('',(1.,0.));
#5979 = ( GEOMETRIC_REPRESENTATION_CONTEXT(2) 
PARAMETRIC_REPRESENTATION_CONTEXT() REPRESENTATION_CONTEXT('2D SPACE',''
  ) );
#5980 = PCURVE('',#5251,#5981);
#5981 = DEFINITIONAL_REPRESENTATION('',(#5982),#5986);
#5982 = LINE('',#5983,#5984);
#5983 = CARTESIAN_POINT('',(7.068583470577,0.));
#5984 = VECTOR('',#5985,1.);
#5985 = DIRECTION('',(0.,1.));
#5986 = ( GEOMETRIC_REPRESENTATION_CONTEXT(2) 
PARAMETRIC_REPRESENTATION_CONTEXT() REPRESENTATION_CONTEXT('2D SPACE',''
  ) );
#5987 = ORIENTED_EDGE('',*,*,#5872,.T.);
#5988 = ORIENTED_EDGE('',*,*,#2164,.T.);
#5989 = ORIENTED_EDGE('',*,*,#5794,.T.);
#5990 = ADVANCED_FACE('',(#5991),#2264,.F.);
#5991 = FACE_BOUND('',#5992,.F.);
#5992 = EDGE_LOOP('',(#5993,#6016,#6037,#6038));
#5993 = ORIENTED_EDGE('',*,*,#5994,.F.);
#5994 = EDGE_CURVE('',#5995,#2434,#5997,.T.);
#5995 = VERTEX_POINT('',#5996);
#5996 = CARTESIAN_POINT('',(-34.8499073366,-39.,8.));
#5997 = SURFACE_CURVE('',#5998,(#6002,#6009),.PCURVE_S1.);
#5998 = LINE('',#5999,#6000);
#5999 = CARTESIAN_POINT('',(-34.8499073366,-34.8,8.));
#6000 = VECTOR('',#6001,1.);
#6001 = DIRECTION('',(2.797941090285E-16,1.,1.480364498584E-32));
#6002 = PCURVE('',#2264,#6003);
#6003 = DEFINITIONAL_REPRESENTATION('',(#6004),#6008);
#6004 = LINE('',#6005,#6006);
#6005 = CARTESIAN_POINT('',(-16.,-14.8));
#6006 = VECTOR('',#6007,1.);
#6007 = DIRECTION('',(2.797941090285E-16,1.));
#6008 = ( GEOMETRIC_REPRESENTATION_CONTEXT(2) 
PARAMETRIC_REPRESENTATION_CONTEXT() REPRESENTATION_CONTEXT('2D SPACE',''
  ) );
#6009 = PCURVE('',#2473,#6010);
#6010 = DEFINITIONAL_REPRESENTATION('',(#6011),#6015);
#6011 = LINE('',#6012,#6013);
#6012 = CARTESIAN_POINT('',(-10.2,14.8));
#6013 = VECTOR('',#6014,1.);
#6014 = DIRECTION('',(1.480364498584E-32,1.));
#6015 = ( GEOMETRIC_REPRESENTATION_CONTEXT(2) 
PARAMETRIC_REPRESENTATION_CONTEXT() REPRESENTATION_CONTEXT('2D SPACE',''
  ) );
#6016 = ORIENTED_EDGE('',*,*,#6017,.T.);
#6017 = EDGE_CURVE('',#5995,#2248,#6018,.T.);
#6018 = SURFACE_CURVE('',#6019,(#6023,#6030),.PCURVE_S1.);
#6019 = LINE('',#6020,#6021);
#6020 = CARTESIAN_POINT('',(-41.8499073366,-39.,8.));
#6021 = VECTOR('',#6022,1.);
#6022 = DIRECTION('',(1.,-2.674982196925E-17,-1.084202172486E-16));
#6023 = PCURVE('',#2264,#6024);
#6024 = DEFINITIONAL_REPRESENTATION('',(#6025),#6029);
#6025 = LINE('',#6026,#6027);
#6026 = CARTESIAN_POINT('',(-23.,-19.));
#6027 = VECTOR('',#6028,1.);
#6028 = DIRECTION('',(1.,-2.674982196925E-17));
#6029 = ( GEOMETRIC_REPRESENTATION_CONTEXT(2) 
PARAMETRIC_REPRESENTATION_CONTEXT() REPRESENTATION_CONTEXT('2D SPACE',''
  ) );
#6030 = PCURVE('',#2388,#6031);
#6031 = DEFINITIONAL_REPRESENTATION('',(#6032),#6036);
#6032 = LINE('',#6033,#6034);
#6033 = CARTESIAN_POINT('',(5.497787143782,0.));
#6034 = VECTOR('',#6035,1.);
#6035 = DIRECTION('',(0.,-1.));
#6036 = ( GEOMETRIC_REPRESENTATION_CONTEXT(2) 
PARAMETRIC_REPRESENTATION_CONTEXT() REPRESENTATION_CONTEXT('2D SPACE',''
  ) );
#6037 = ORIENTED_EDGE('',*,*,#2247,.T.);
#6038 = ORIENTED_EDGE('',*,*,#2433,.T.);
#6039 = ADVANCED_FACE('',(#6040),#2388,.T.);
#6040 = FACE_BOUND('',#6041,.T.);
#6041 = EDGE_LOOP('',(#6042,#6043,#6069,#6070,#6071,#6072));
#6042 = ORIENTED_EDGE('',*,*,#3815,.T.);
#6043 = ORIENTED_EDGE('',*,*,#6044,.T.);
#6044 = EDGE_CURVE('',#3816,#5995,#6045,.T.);
#6045 = SURFACE_CURVE('',#6046,(#6051,#6058),.PCURVE_S1.);
#6046 = CIRCLE('',#6047,5.);
#6047 = AXIS2_PLACEMENT_3D('',#6048,#6049,#6050);
#6048 = CARTESIAN_POINT('',(-34.8499073366,-39.,13.));
#6049 = DIRECTION('',(1.,-2.797941090285E-16,0.));
#6050 = DIRECTION('',(-1.978443118301E-16,-0.707106781187,
    -0.707106781187));
#6051 = PCURVE('',#2388,#6052);
#6052 = DEFINITIONAL_REPRESENTATION('',(#6053),#6057);
#6053 = LINE('',#6054,#6055);
#6054 = CARTESIAN_POINT('',(6.28318530718,-7.));
#6055 = VECTOR('',#6056,1.);
#6056 = DIRECTION('',(-1.,0.));
#6057 = ( GEOMETRIC_REPRESENTATION_CONTEXT(2) 
PARAMETRIC_REPRESENTATION_CONTEXT() REPRESENTATION_CONTEXT('2D SPACE',''
  ) );
#6058 = PCURVE('',#2473,#6059);
#6059 = DEFINITIONAL_REPRESENTATION('',(#6060),#6068);
#6060 = ( BOUNDED_CURVE() B_SPLINE_CURVE(2,(#6061,#6062,#6063,#6064,
#6065,#6066,#6067),.UNSPECIFIED.,.T.,.F.) B_SPLINE_CURVE_WITH_KNOTS((1,2
    ,2,2,2,1),(-2.094395102393,0.,2.094395102393,4.188790204786,
6.28318530718,8.377580409573),.UNSPECIFIED.) CURVE() 
GEOMETRIC_REPRESENTATION_ITEM() RATIONAL_B_SPLINE_CURVE((1.,0.5,1.,0.5,
1.,0.5,1.)) REPRESENTATION_ITEM('') );
#6061 = CARTESIAN_POINT('',(-8.735533905933,7.064466094067));
#6062 = CARTESIAN_POINT('',(-14.85925826289,13.188190451025));
#6063 = CARTESIAN_POINT('',(-6.494095225513,15.429629131445));
#6064 = CARTESIAN_POINT('',(1.871067811865,17.671067811865));
#6065 = CARTESIAN_POINT('',(-0.370370868555,9.305904774487));
#6066 = CARTESIAN_POINT('',(-2.611809548975,0.940741737109));
#6067 = CARTESIAN_POINT('',(-8.735533905933,7.064466094067));
#6068 = ( GEOMETRIC_REPRESENTATION_CONTEXT(2) 
PARAMETRIC_REPRESENTATION_CONTEXT() REPRESENTATION_CONTEXT('2D SPACE',''
  ) );
#6069 = ORIENTED_EDGE('',*,*,#6017,.T.);
#6070 = ORIENTED_EDGE('',*,*,#2369,.T.);
#6071 = ORIENTED_EDGE('',*,*,#5899,.T.);
#6072 = ORIENTED_EDGE('',*,*,#3715,.T.);
#6073 = ADVANCED_FACE('',(#6074,#6214,#6220,#6226,#6232,#6238,#6244),
  #2503,.T.);
#6074 = FACE_BOUND('',#6075,.T.);
#6075 = EDGE_LOOP('',(#6076,#6097,#6098,#6099,#6122,#6143,#6144,#6167,
    #6188,#6189,#6190,#6211,#6212,#6213));
#6076 = ORIENTED_EDGE('',*,*,#6077,.F.);
#6077 = EDGE_CURVE('',#3667,#2457,#6078,.T.);
#6078 = SURFACE_CURVE('',#6079,(#6083,#6090),.PCURVE_S1.);
#6079 = LINE('',#6080,#6081);
#6080 = CARTESIAN_POINT('',(-34.8499073366,-24.8,9.4));
#6081 = VECTOR('',#6082,1.);
#6082 = DIRECTION('',(0.,0.,-1.));
#6083 = PCURVE('',#2503,#6084);
#6084 = DEFINITIONAL_REPRESENTATION('',(#6085),#6089);
#6085 = LINE('',#6086,#6087);
#6086 = CARTESIAN_POINT('',(8.8,0.));
#6087 = VECTOR('',#6088,1.);
#6088 = DIRECTION('',(1.,0.));
#6089 = ( GEOMETRIC_REPRESENTATION_CONTEXT(2) 
PARAMETRIC_REPRESENTATION_CONTEXT() REPRESENTATION_CONTEXT('2D SPACE',''
  ) );
#6090 = PCURVE('',#2473,#6091);
#6091 = DEFINITIONAL_REPRESENTATION('',(#6092),#6096);
#6092 = LINE('',#6093,#6094);
#6093 = CARTESIAN_POINT('',(-8.8,24.8));
#6094 = VECTOR('',#6095,1.);
#6095 = DIRECTION('',(-1.,0.));
#6096 = ( GEOMETRIC_REPRESENTATION_CONTEXT(2) 
PARAMETRIC_REPRESENTATION_CONTEXT() REPRESENTATION_CONTEXT('2D SPACE',''
  ) );
#6097 = ORIENTED_EDGE('',*,*,#3691,.T.);
#6098 = ORIENTED_EDGE('',*,*,#3642,.T.);
#6099 = ORIENTED_EDGE('',*,*,#6100,.F.);
#6100 = EDGE_CURVE('',#6101,#3620,#6103,.T.);
#6101 = VERTEX_POINT('',#6102);
#6102 = CARTESIAN_POINT('',(-34.8499073366,-24.8,15.4));
#6103 = SURFACE_CURVE('',#6104,(#6108,#6115),.PCURVE_S1.);
#6104 = LINE('',#6105,#6106);
#6105 = CARTESIAN_POINT('',(-34.8499073366,-24.8,15.4));
#6106 = VECTOR('',#6107,1.);
#6107 = DIRECTION('',(0.,0.,-1.));
#6108 = PCURVE('',#2503,#6109);
#6109 = DEFINITIONAL_REPRESENTATION('',(#6110),#6114);
#6110 = LINE('',#6111,#6112);
#6111 = CARTESIAN_POINT('',(2.8,0.));
#6112 = VECTOR('',#6113,1.);
#6113 = DIRECTION('',(1.,0.));
#6114 = ( GEOMETRIC_REPRESENTATION_CONTEXT(2) 
PARAMETRIC_REPRESENTATION_CONTEXT() REPRESENTATION_CONTEXT('2D SPACE',''
  ) );
#6115 = PCURVE('',#3777,#6116);
#6116 = DEFINITIONAL_REPRESENTATION('',(#6117),#6121);
#6117 = LINE('',#6118,#6119);
#6118 = CARTESIAN_POINT('',(-2.8,24.8));
#6119 = VECTOR('',#6120,1.);
#6120 = DIRECTION('',(-1.,0.));
#6121 = ( GEOMETRIC_REPRESENTATION_CONTEXT(2) 
PARAMETRIC_REPRESENTATION_CONTEXT() REPRESENTATION_CONTEXT('2D SPACE',''
  ) );
#6122 = ORIENTED_EDGE('',*,*,#6123,.F.);
#6123 = EDGE_CURVE('',#5129,#6101,#6124,.T.);
#6124 = SURFACE_CURVE('',#6125,(#6129,#6136),.PCURVE_S1.);
#6125 = LINE('',#6126,#6127);
#6126 = CARTESIAN_POINT('',(-53.8499073366,-24.8,15.4));
#6127 = VECTOR('',#6128,1.);
#6128 = DIRECTION('',(1.,-2.33731163079E-16,-3.505967446185E-16));
#6129 = PCURVE('',#2503,#6130);
#6130 = DEFINITIONAL_REPRESENTATION('',(#6131),#6135);
#6131 = LINE('',#6132,#6133);
#6132 = CARTESIAN_POINT('',(2.8,-19.));
#6133 = VECTOR('',#6134,1.);
#6134 = DIRECTION('',(3.505967446185E-16,1.));
#6135 = ( GEOMETRIC_REPRESENTATION_CONTEXT(2) 
PARAMETRIC_REPRESENTATION_CONTEXT() REPRESENTATION_CONTEXT('2D SPACE',''
  ) );
#6136 = PCURVE('',#5167,#6137);
#6137 = DEFINITIONAL_REPRESENTATION('',(#6138),#6142);
#6138 = LINE('',#6139,#6140);
#6139 = CARTESIAN_POINT('',(19.,29.2));
#6140 = VECTOR('',#6141,1.);
#6141 = DIRECTION('',(-1.,-2.33731163079E-16));
#6142 = ( GEOMETRIC_REPRESENTATION_CONTEXT(2) 
PARAMETRIC_REPRESENTATION_CONTEXT() REPRESENTATION_CONTEXT('2D SPACE',''
  ) );
#6143 = ORIENTED_EDGE('',*,*,#5128,.T.);
#6144 = ORIENTED_EDGE('',*,*,#6145,.F.);
#6145 = EDGE_CURVE('',#6146,#5080,#6148,.T.);
#6146 = VERTEX_POINT('',#6147);
#6147 = CARTESIAN_POINT('',(-34.8499073366,-24.8,-16.4));
#6148 = SURFACE_CURVE('',#6149,(#6153,#6160),.PCURVE_S1.);
#6149 = LINE('',#6150,#6151);
#6150 = CARTESIAN_POINT('',(-34.8499073366,-24.8,-16.4));
#6151 = VECTOR('',#6152,1.);
#6152 = DIRECTION('',(-1.,2.33731163079E-16,0.));
#6153 = PCURVE('',#2503,#6154);
#6154 = DEFINITIONAL_REPRESENTATION('',(#6155),#6159);
#6155 = LINE('',#6156,#6157);
#6156 = CARTESIAN_POINT('',(34.6,0.));
#6157 = VECTOR('',#6158,1.);
#6158 = DIRECTION('',(0.,-1.));
#6159 = ( GEOMETRIC_REPRESENTATION_CONTEXT(2) 
PARAMETRIC_REPRESENTATION_CONTEXT() REPRESENTATION_CONTEXT('2D SPACE',''
  ) );
#6160 = PCURVE('',#4697,#6161);
#6161 = DEFINITIONAL_REPRESENTATION('',(#6162),#6166);
#6162 = LINE('',#6163,#6164);
#6163 = CARTESIAN_POINT('',(0.,29.2));
#6164 = VECTOR('',#6165,1.);
#6165 = DIRECTION('',(-1.,2.33731163079E-16));
#6166 = ( GEOMETRIC_REPRESENTATION_CONTEXT(2) 
PARAMETRIC_REPRESENTATION_CONTEXT() REPRESENTATION_CONTEXT('2D SPACE',''
  ) );
#6167 = ORIENTED_EDGE('',*,*,#6168,.F.);
#6168 = EDGE_CURVE('',#4352,#6146,#6169,.T.);
#6169 = SURFACE_CURVE('',#6170,(#6174,#6181),.PCURVE_S1.);
#6170 = LINE('',#6171,#6172);
#6171 = CARTESIAN_POINT('',(-34.8499073366,-24.8,-15.2));
#6172 = VECTOR('',#6173,1.);
#6173 = DIRECTION('',(0.,0.,-1.));
#6174 = PCURVE('',#2503,#6175);
#6175 = DEFINITIONAL_REPRESENTATION('',(#6176),#6180);
#6176 = LINE('',#6177,#6178);
#6177 = CARTESIAN_POINT('',(33.4,0.));
#6178 = VECTOR('',#6179,1.);
#6179 = DIRECTION('',(1.,0.));
#6180 = ( GEOMETRIC_REPRESENTATION_CONTEXT(2) 
PARAMETRIC_REPRESENTATION_CONTEXT() REPRESENTATION_CONTEXT('2D SPACE',''
  ) );
#6181 = PCURVE('',#4537,#6182);
#6182 = DEFINITIONAL_REPRESENTATION('',(#6183),#6187);
#6183 = LINE('',#6184,#6185);
#6184 = CARTESIAN_POINT('',(-33.4,24.8));
#6185 = VECTOR('',#6186,1.);
#6186 = DIRECTION('',(-1.,0.));
#6187 = ( GEOMETRIC_REPRESENTATION_CONTEXT(2) 
PARAMETRIC_REPRESENTATION_CONTEXT() REPRESENTATION_CONTEXT('2D SPACE',''
  ) );
#6188 = ORIENTED_EDGE('',*,*,#4376,.T.);
#6189 = ORIENTED_EDGE('',*,*,#4327,.T.);
#6190 = ORIENTED_EDGE('',*,*,#6191,.F.);
#6191 = EDGE_CURVE('',#2573,#4305,#6192,.T.);
#6192 = SURFACE_CURVE('',#6193,(#6197,#6204),.PCURVE_S1.);
#6193 = LINE('',#6194,#6195);
#6194 = CARTESIAN_POINT('',(-34.8499073366,-24.8,-8.5));
#6195 = VECTOR('',#6196,1.);
#6196 = DIRECTION('',(0.,0.,-1.));
#6197 = PCURVE('',#2503,#6198);
#6198 = DEFINITIONAL_REPRESENTATION('',(#6199),#6203);
#6199 = LINE('',#6200,#6201);
#6200 = CARTESIAN_POINT('',(26.7,0.));
#6201 = VECTOR('',#6202,1.);
#6202 = DIRECTION('',(1.,0.));
#6203 = ( GEOMETRIC_REPRESENTATION_CONTEXT(2) 
PARAMETRIC_REPRESENTATION_CONTEXT() REPRESENTATION_CONTEXT('2D SPACE',''
  ) );
#6204 = PCURVE('',#2612,#6205);
#6205 = DEFINITIONAL_REPRESENTATION('',(#6206),#6210);
#6206 = LINE('',#6207,#6208);
#6207 = CARTESIAN_POINT('',(-26.7,24.8));
#6208 = VECTOR('',#6209,1.);
#6209 = DIRECTION('',(-1.,0.));
#6210 = ( GEOMETRIC_REPRESENTATION_CONTEXT(2) 
PARAMETRIC_REPRESENTATION_CONTEXT() REPRESENTATION_CONTEXT('2D SPACE',''
  ) );
#6211 = ORIENTED_EDGE('',*,*,#2572,.T.);
#6212 = ORIENTED_EDGE('',*,*,#2520,.F.);
#6213 = ORIENTED_EDGE('',*,*,#2489,.T.);
#6214 = FACE_BOUND('',#6215,.T.);
#6215 = EDGE_LOOP('',(#6216,#6217,#6218,#6219));
#6216 = ORIENTED_EDGE('',*,*,#4229,.T.);
#6217 = ORIENTED_EDGE('',*,*,#4256,.T.);
#6218 = ORIENTED_EDGE('',*,*,#4180,.T.);
#6219 = ORIENTED_EDGE('',*,*,#4131,.T.);
#6220 = FACE_BOUND('',#6221,.T.);
#6221 = EDGE_LOOP('',(#6222,#6223,#6224,#6225));
#6222 = ORIENTED_EDGE('',*,*,#4033,.T.);
#6223 = ORIENTED_EDGE('',*,*,#4060,.T.);
#6224 = ORIENTED_EDGE('',*,*,#3984,.T.);
#6225 = ORIENTED_EDGE('',*,*,#3935,.T.);
#6226 = FACE_BOUND('',#6227,.T.);
#6227 = EDGE_LOOP('',(#6228,#6229,#6230,#6231));
#6228 = ORIENTED_EDGE('',*,*,#3544,.T.);
#6229 = ORIENTED_EDGE('',*,*,#3571,.T.);
#6230 = ORIENTED_EDGE('',*,*,#3495,.T.);
#6231 = ORIENTED_EDGE('',*,*,#3446,.T.);
#6232 = FACE_BOUND('',#6233,.T.);
#6233 = EDGE_LOOP('',(#6234,#6235,#6236,#6237));
#6234 = ORIENTED_EDGE('',*,*,#3348,.T.);
#6235 = ORIENTED_EDGE('',*,*,#3375,.T.);
#6236 = ORIENTED_EDGE('',*,*,#3299,.T.);
#6237 = ORIENTED_EDGE('',*,*,#3250,.T.);
#6238 = FACE_BOUND('',#6239,.T.);
#6239 = EDGE_LOOP('',(#6240,#6241,#6242,#6243));
#6240 = ORIENTED_EDGE('',*,*,#3152,.T.);
#6241 = ORIENTED_EDGE('',*,*,#3179,.T.);
#6242 = ORIENTED_EDGE('',*,*,#3103,.T.);
#6243 = ORIENTED_EDGE('',*,*,#3054,.T.);
#6244 = FACE_BOUND('',#6245,.T.);
#6245 = EDGE_LOOP('',(#6246,#6247,#6248,#6249));
#6246 = ORIENTED_EDGE('',*,*,#2956,.T.);
#6247 = ORIENTED_EDGE('',*,*,#2983,.T.);
#6248 = ORIENTED_EDGE('',*,*,#2907,.T.);
#6249 = ORIENTED_EDGE('',*,*,#2858,.T.);
#6250 = ADVANCED_FACE('',(#6251),#2473,.T.);
#6251 = FACE_BOUND('',#6252,.T.);
#6252 = EDGE_LOOP('',(#6253,#6254,#6255,#6256,#6257));
#6253 = ORIENTED_EDGE('',*,*,#6044,.F.);
#6254 = ORIENTED_EDGE('',*,*,#3864,.F.);
#6255 = ORIENTED_EDGE('',*,*,#6077,.T.);
#6256 = ORIENTED_EDGE('',*,*,#2456,.F.);
#6257 = ORIENTED_EDGE('',*,*,#5994,.F.);
#6258 = ADVANCED_FACE('',(#6259),#2644,.F.);
#6259 = FACE_BOUND('',#6260,.F.);
#6260 = EDGE_LOOP('',(#6261,#6262,#6285,#6306));
#6261 = ORIENTED_EDGE('',*,*,#2685,.T.);
#6262 = ORIENTED_EDGE('',*,*,#6263,.T.);
#6263 = EDGE_CURVE('',#2686,#6264,#6266,.T.);
#6264 = VERTEX_POINT('',#6265);
#6265 = CARTESIAN_POINT('',(-34.8499073366,-39.,-8.));
#6266 = SURFACE_CURVE('',#6267,(#6271,#6278),.PCURVE_S1.);
#6267 = LINE('',#6268,#6269);
#6268 = CARTESIAN_POINT('',(-49.8499073366,-39.,-8.));
#6269 = VECTOR('',#6270,1.);
#6270 = DIRECTION('',(-1.,2.674982196925E-17,1.084202172486E-16));
#6271 = PCURVE('',#2644,#6272);
#6272 = DEFINITIONAL_REPRESENTATION('',(#6273),#6277);
#6273 = LINE('',#6274,#6275);
#6274 = CARTESIAN_POINT('',(15.,-19.));
#6275 = VECTOR('',#6276,1.);
#6276 = DIRECTION('',(1.,2.674982196925E-17));
#6277 = ( GEOMETRIC_REPRESENTATION_CONTEXT(2) 
PARAMETRIC_REPRESENTATION_CONTEXT() REPRESENTATION_CONTEXT('2D SPACE',''
  ) );
#6278 = PCURVE('',#2727,#6279);
#6279 = DEFINITIONAL_REPRESENTATION('',(#6280),#6284);
#6280 = LINE('',#6281,#6282);
#6281 = CARTESIAN_POINT('',(7.068583470577,0.));
#6282 = VECTOR('',#6283,1.);
#6283 = DIRECTION('',(0.,1.));
#6284 = ( GEOMETRIC_REPRESENTATION_CONTEXT(2) 
PARAMETRIC_REPRESENTATION_CONTEXT() REPRESENTATION_CONTEXT('2D SPACE',''
  ) );
#6285 = ORIENTED_EDGE('',*,*,#6286,.F.);
#6286 = EDGE_CURVE('',#2596,#6264,#6287,.T.);
#6287 = SURFACE_CURVE('',#6288,(#6292,#6299),.PCURVE_S1.);
#6288 = LINE('',#6289,#6290);
#6289 = CARTESIAN_POINT('',(-34.8499073366,-34.8,-8.));
#6290 = VECTOR('',#6291,1.);
#6291 = DIRECTION('',(-2.797941090285E-16,-1.,-1.480364498584E-32));
#6292 = PCURVE('',#2644,#6293);
#6293 = DEFINITIONAL_REPRESENTATION('',(#6294),#6298);
#6294 = LINE('',#6295,#6296);
#6295 = CARTESIAN_POINT('',(0.,-14.8));
#6296 = VECTOR('',#6297,1.);
#6297 = DIRECTION('',(2.797941090285E-16,-1.));
#6298 = ( GEOMETRIC_REPRESENTATION_CONTEXT(2) 
PARAMETRIC_REPRESENTATION_CONTEXT() REPRESENTATION_CONTEXT('2D SPACE',''
  ) );
#6299 = PCURVE('',#2612,#6300);
#6300 = DEFINITIONAL_REPRESENTATION('',(#6301),#6305);
#6301 = LINE('',#6302,#6303);
#6302 = CARTESIAN_POINT('',(-26.2,14.8));
#6303 = VECTOR('',#6304,1.);
#6304 = DIRECTION('',(-1.480364498584E-32,-1.));
#6305 = ( GEOMETRIC_REPRESENTATION_CONTEXT(2) 
PARAMETRIC_REPRESENTATION_CONTEXT() REPRESENTATION_CONTEXT('2D SPACE',''
  ) );
#6306 = ORIENTED_EDGE('',*,*,#2628,.T.);
#6307 = ADVANCED_FACE('',(#6308),#2612,.T.);
#6308 = FACE_BOUND('',#6309,.T.);
#6309 = EDGE_LOOP('',(#6310,#6336,#6337,#6338,#6339));
#6310 = ORIENTED_EDGE('',*,*,#6311,.F.);
#6311 = EDGE_CURVE('',#6264,#4401,#6312,.T.);
#6312 = SURFACE_CURVE('',#6313,(#6318,#6329),.PCURVE_S1.);
#6313 = CIRCLE('',#6314,5.);
#6314 = AXIS2_PLACEMENT_3D('',#6315,#6316,#6317);
#6315 = CARTESIAN_POINT('',(-34.8499073366,-39.,-13.));
#6316 = DIRECTION('',(1.,-2.797941090285E-16,0.));
#6317 = DIRECTION('',(-1.978443118301E-16,-0.707106781187,0.707106781187
    ));
#6318 = PCURVE('',#2612,#6319);
#6319 = DEFINITIONAL_REPRESENTATION('',(#6320),#6328);
#6320 = ( BOUNDED_CURVE() B_SPLINE_CURVE(2,(#6321,#6322,#6323,#6324,
#6325,#6326,#6327),.UNSPECIFIED.,.T.,.F.) B_SPLINE_CURVE_WITH_KNOTS((1,2
    ,2,2,2,1),(-2.094395102393,0.,2.094395102393,4.188790204786,
6.28318530718,8.377580409573),.UNSPECIFIED.) CURVE() 
GEOMETRIC_REPRESENTATION_ITEM() RATIONAL_B_SPLINE_CURVE((1.,0.5,1.,0.5,
1.,0.5,1.)) REPRESENTATION_ITEM('') );
#6321 = CARTESIAN_POINT('',(-27.66446609406,7.064466094067));
#6322 = CARTESIAN_POINT('',(-33.78819045102,0.940741737109));
#6323 = CARTESIAN_POINT('',(-36.02962913144,9.305904774487));
#6324 = CARTESIAN_POINT('',(-38.27106781186,17.671067811865));
#6325 = CARTESIAN_POINT('',(-29.90590477448,15.429629131445));
#6326 = CARTESIAN_POINT('',(-21.5407417371,13.188190451025));
#6327 = CARTESIAN_POINT('',(-27.66446609406,7.064466094067));
#6328 = ( GEOMETRIC_REPRESENTATION_CONTEXT(2) 
PARAMETRIC_REPRESENTATION_CONTEXT() REPRESENTATION_CONTEXT('2D SPACE',''
  ) );
#6329 = PCURVE('',#2727,#6330);
#6330 = DEFINITIONAL_REPRESENTATION('',(#6331),#6335);
#6331 = LINE('',#6332,#6333);
#6332 = CARTESIAN_POINT('',(12.566370614359,-15.));
#6333 = VECTOR('',#6334,1.);
#6334 = DIRECTION('',(-1.,0.));
#6335 = ( GEOMETRIC_REPRESENTATION_CONTEXT(2) 
PARAMETRIC_REPRESENTATION_CONTEXT() REPRESENTATION_CONTEXT('2D SPACE',''
  ) );
#6336 = ORIENTED_EDGE('',*,*,#6286,.F.);
#6337 = ORIENTED_EDGE('',*,*,#2595,.F.);
#6338 = ORIENTED_EDGE('',*,*,#6191,.T.);
#6339 = ORIENTED_EDGE('',*,*,#4448,.T.);
#6340 = ADVANCED_FACE('',(#6341),#2727,.T.);
#6341 = FACE_BOUND('',#6342,.T.);
#6342 = EDGE_LOOP('',(#6343,#6344,#6345,#6346,#6347,#6348));
#6343 = ORIENTED_EDGE('',*,*,#4400,.T.);
#6344 = ORIENTED_EDGE('',*,*,#4495,.T.);
#6345 = ORIENTED_EDGE('',*,*,#4731,.T.);
#6346 = ORIENTED_EDGE('',*,*,#2706,.T.);
#6347 = ORIENTED_EDGE('',*,*,#6263,.T.);
#6348 = ORIENTED_EDGE('',*,*,#6311,.T.);
#6349 = ADVANCED_FACE('',(#6350),#3777,.T.);
#6350 = FACE_BOUND('',#6351,.T.);
#6351 = EDGE_LOOP('',(#6352,#6353,#6354,#6377,#6400,#6421));
#6352 = ORIENTED_EDGE('',*,*,#3763,.T.);
#6353 = ORIENTED_EDGE('',*,*,#5921,.F.);
#6354 = ORIENTED_EDGE('',*,*,#6355,.F.);
#6355 = EDGE_CURVE('',#6356,#5922,#6358,.T.);
#6356 = VERTEX_POINT('',#6357);
#6357 = CARTESIAN_POINT('',(-34.8499073366,-30.2,16.6));
#6358 = SURFACE_CURVE('',#6359,(#6363,#6370),.PCURVE_S1.);
#6359 = LINE('',#6360,#6361);
#6360 = CARTESIAN_POINT('',(-34.8499073366,-30.2,16.6));
#6361 = VECTOR('',#6362,1.);
#6362 = DIRECTION('',(-5.046468293751E-16,-1.,0.));
#6363 = PCURVE('',#3777,#6364);
#6364 = DEFINITIONAL_REPRESENTATION('',(#6365),#6369);
#6365 = LINE('',#6366,#6367);
#6366 = CARTESIAN_POINT('',(-1.6,19.4));
#6367 = VECTOR('',#6368,1.);
#6368 = DIRECTION('',(0.,-1.));
#6369 = ( GEOMETRIC_REPRESENTATION_CONTEXT(2) 
PARAMETRIC_REPRESENTATION_CONTEXT() REPRESENTATION_CONTEXT('2D SPACE',''
  ) );
#6370 = PCURVE('',#5223,#6371);
#6371 = DEFINITIONAL_REPRESENTATION('',(#6372),#6376);
#6372 = LINE('',#6373,#6374);
#6373 = CARTESIAN_POINT('',(-30.,14.));
#6374 = VECTOR('',#6375,1.);
#6375 = DIRECTION('',(5.046468293751E-16,-1.));
#6376 = ( GEOMETRIC_REPRESENTATION_CONTEXT(2) 
PARAMETRIC_REPRESENTATION_CONTEXT() REPRESENTATION_CONTEXT('2D SPACE',''
  ) );
#6377 = ORIENTED_EDGE('',*,*,#6378,.F.);
#6378 = EDGE_CURVE('',#6379,#6356,#6381,.T.);
#6379 = VERTEX_POINT('',#6380);
#6380 = CARTESIAN_POINT('',(-34.8499073366,-30.2,15.4));
#6381 = SURFACE_CURVE('',#6382,(#6386,#6393),.PCURVE_S1.);
#6382 = LINE('',#6383,#6384);
#6383 = CARTESIAN_POINT('',(-34.8499073366,-30.2,15.4));
#6384 = VECTOR('',#6385,1.);
#6385 = DIRECTION('',(0.,0.,1.));
#6386 = PCURVE('',#3777,#6387);
#6387 = DEFINITIONAL_REPRESENTATION('',(#6388),#6392);
#6388 = LINE('',#6389,#6390);
#6389 = CARTESIAN_POINT('',(-2.8,19.4));
#6390 = VECTOR('',#6391,1.);
#6391 = DIRECTION('',(1.,0.));
#6392 = ( GEOMETRIC_REPRESENTATION_CONTEXT(2) 
PARAMETRIC_REPRESENTATION_CONTEXT() REPRESENTATION_CONTEXT('2D SPACE',''
  ) );
#6393 = PCURVE('',#5195,#6394);
#6394 = DEFINITIONAL_REPRESENTATION('',(#6395),#6399);
#6395 = LINE('',#6396,#6397);
#6396 = CARTESIAN_POINT('',(-0.,30.));
#6397 = VECTOR('',#6398,1.);
#6398 = DIRECTION('',(-1.,0.));
#6399 = ( GEOMETRIC_REPRESENTATION_CONTEXT(2) 
PARAMETRIC_REPRESENTATION_CONTEXT() REPRESENTATION_CONTEXT('2D SPACE',''
  ) );
#6400 = ORIENTED_EDGE('',*,*,#6401,.T.);
#6401 = EDGE_CURVE('',#6379,#6101,#6402,.T.);
#6402 = SURFACE_CURVE('',#6403,(#6407,#6414),.PCURVE_S1.);
#6403 = LINE('',#6404,#6405);
#6404 = CARTESIAN_POINT('',(-34.8499073366,-30.2,15.4));
#6405 = VECTOR('',#6406,1.);
#6406 = DIRECTION('',(8.223874256483E-16,1.,0.));
#6407 = PCURVE('',#3777,#6408);
#6408 = DEFINITIONAL_REPRESENTATION('',(#6409),#6413);
#6409 = LINE('',#6410,#6411);
#6410 = CARTESIAN_POINT('',(-2.8,19.4));
#6411 = VECTOR('',#6412,1.);
#6412 = DIRECTION('',(0.,1.));
#6413 = ( GEOMETRIC_REPRESENTATION_CONTEXT(2) 
PARAMETRIC_REPRESENTATION_CONTEXT() REPRESENTATION_CONTEXT('2D SPACE',''
  ) );
#6414 = PCURVE('',#5167,#6415);
#6415 = DEFINITIONAL_REPRESENTATION('',(#6416),#6420);
#6416 = LINE('',#6417,#6418);
#6417 = CARTESIAN_POINT('',(0.,23.8));
#6418 = VECTOR('',#6419,1.);
#6419 = DIRECTION('',(-8.223874256483E-16,1.));
#6420 = ( GEOMETRIC_REPRESENTATION_CONTEXT(2) 
PARAMETRIC_REPRESENTATION_CONTEXT() REPRESENTATION_CONTEXT('2D SPACE',''
  ) );
#6421 = ORIENTED_EDGE('',*,*,#6100,.T.);
#6422 = ADVANCED_FACE('',(#6423),#4537,.T.);
#6423 = FACE_BOUND('',#6424,.T.);
#6424 = EDGE_LOOP('',(#6425,#6426,#6427,#6448));
#6425 = ORIENTED_EDGE('',*,*,#4521,.F.);
#6426 = ORIENTED_EDGE('',*,*,#6168,.T.);
#6427 = ORIENTED_EDGE('',*,*,#6428,.F.);
#6428 = EDGE_CURVE('',#4682,#6146,#6429,.T.);
#6429 = SURFACE_CURVE('',#6430,(#6434,#6441),.PCURVE_S1.);
#6430 = LINE('',#6431,#6432);
#6431 = CARTESIAN_POINT('',(-34.8499073366,-41.84642857142,-16.4));
#6432 = VECTOR('',#6433,1.);
#6433 = DIRECTION('',(2.60517449734E-16,1.,0.));
#6434 = PCURVE('',#4537,#6435);
#6435 = DEFINITIONAL_REPRESENTATION('',(#6436),#6440);
#6436 = LINE('',#6437,#6438);
#6437 = CARTESIAN_POINT('',(-34.6,7.753571428571));
#6438 = VECTOR('',#6439,1.);
#6439 = DIRECTION('',(0.,1.));
#6440 = ( GEOMETRIC_REPRESENTATION_CONTEXT(2) 
PARAMETRIC_REPRESENTATION_CONTEXT() REPRESENTATION_CONTEXT('2D SPACE',''
  ) );
#6441 = PCURVE('',#4697,#6442);
#6442 = DEFINITIONAL_REPRESENTATION('',(#6443),#6447);
#6443 = LINE('',#6444,#6445);
#6444 = CARTESIAN_POINT('',(0.,12.153571428571));
#6445 = VECTOR('',#6446,1.);
#6446 = DIRECTION('',(2.60517449734E-16,1.));
#6447 = ( GEOMETRIC_REPRESENTATION_CONTEXT(2) 
PARAMETRIC_REPRESENTATION_CONTEXT() REPRESENTATION_CONTEXT('2D SPACE',''
  ) );
#6448 = ORIENTED_EDGE('',*,*,#4709,.F.);
#6449 = ADVANCED_FACE('',(#6450,#6551),#4697,.T.);
#6450 = FACE_BOUND('',#6451,.T.);
#6451 = EDGE_LOOP('',(#6452,#6453,#6476,#6499,#6527,#6548,#6549,#6550));
#6452 = ORIENTED_EDGE('',*,*,#5079,.F.);
#6453 = ORIENTED_EDGE('',*,*,#6454,.T.);
#6454 = EDGE_CURVE('',#5057,#6455,#6457,.T.);
#6455 = VERTEX_POINT('',#6456);
#6456 = CARTESIAN_POINT('',(-51.8499073366,-26.4,-16.4));
#6457 = SURFACE_CURVE('',#6458,(#6462,#6469),.PCURVE_S1.);
#6458 = LINE('',#6459,#6460);
#6459 = CARTESIAN_POINT('',(-43.3499073366,-26.4,-16.4));
#6460 = VECTOR('',#6461,1.);
#6461 = DIRECTION('',(1.,0.,0.));
#6462 = PCURVE('',#4697,#6463);
#6463 = DEFINITIONAL_REPRESENTATION('',(#6464),#6468);
#6464 = LINE('',#6465,#6466);
#6465 = CARTESIAN_POINT('',(-8.5,27.6));
#6466 = VECTOR('',#6467,1.);
#6467 = DIRECTION('',(1.,0.));
#6468 = ( GEOMETRIC_REPRESENTATION_CONTEXT(2) 
PARAMETRIC_REPRESENTATION_CONTEXT() REPRESENTATION_CONTEXT('2D SPACE',''
  ) );
#6469 = PCURVE('',#5040,#6470);
#6470 = DEFINITIONAL_REPRESENTATION('',(#6471),#6475);
#6471 = LINE('',#6472,#6473);
#6472 = CARTESIAN_POINT('',(-8.5,6.6));
#6473 = VECTOR('',#6474,1.);
#6474 = DIRECTION('',(-1.,0.));
#6475 = ( GEOMETRIC_REPRESENTATION_CONTEXT(2) 
PARAMETRIC_REPRESENTATION_CONTEXT() REPRESENTATION_CONTEXT('2D SPACE',''
  ) );
#6476 = ORIENTED_EDGE('',*,*,#6477,.T.);
#6477 = EDGE_CURVE('',#6455,#6478,#6480,.T.);
#6478 = VERTEX_POINT('',#6479);
#6479 = CARTESIAN_POINT('',(-51.8499073366,-28.,-16.4));
#6480 = SURFACE_CURVE('',#6481,(#6485,#6492),.PCURVE_S1.);
#6481 = LINE('',#6482,#6483);
#6482 = CARTESIAN_POINT('',(-51.8499073366,-51.2,-16.4));
#6483 = VECTOR('',#6484,1.);
#6484 = DIRECTION('',(0.,-1.,0.));
#6485 = PCURVE('',#4697,#6486);
#6486 = DEFINITIONAL_REPRESENTATION('',(#6487),#6491);
#6487 = LINE('',#6488,#6489);
#6488 = CARTESIAN_POINT('',(-17.,2.8));
#6489 = VECTOR('',#6490,1.);
#6490 = DIRECTION('',(0.,-1.));
#6491 = ( GEOMETRIC_REPRESENTATION_CONTEXT(2) 
PARAMETRIC_REPRESENTATION_CONTEXT() REPRESENTATION_CONTEXT('2D SPACE',''
  ) );
#6492 = PCURVE('',#4774,#6493);
#6493 = DEFINITIONAL_REPRESENTATION('',(#6494),#6498);
#6494 = LINE('',#6495,#6496);
#6495 = CARTESIAN_POINT('',(-2.8,6.6));
#6496 = VECTOR('',#6497,1.);
#6497 = DIRECTION('',(-1.,0.));
#6498 = ( GEOMETRIC_REPRESENTATION_CONTEXT(2) 
PARAMETRIC_REPRESENTATION_CONTEXT() REPRESENTATION_CONTEXT('2D SPACE',''
  ) );
#6499 = ORIENTED_EDGE('',*,*,#6500,.T.);
#6500 = EDGE_CURVE('',#6478,#6501,#6503,.T.);
#6501 = VERTEX_POINT('',#6502);
#6502 = CARTESIAN_POINT('',(-39.8499073366,-28.,-16.4));
#6503 = SURFACE_CURVE('',#6504,(#6508,#6515),.PCURVE_S1.);
#6504 = LINE('',#6505,#6506);
#6505 = CARTESIAN_POINT('',(-53.8499073366,-28.,-16.4));
#6506 = VECTOR('',#6507,1.);
#6507 = DIRECTION('',(1.,-3.172065784643E-16,0.));
#6508 = PCURVE('',#4697,#6509);
#6509 = DEFINITIONAL_REPRESENTATION('',(#6510),#6514);
#6510 = LINE('',#6511,#6512);
#6511 = CARTESIAN_POINT('',(-19.,26.));
#6512 = VECTOR('',#6513,1.);
#6513 = DIRECTION('',(1.,-3.172065784643E-16));
#6514 = ( GEOMETRIC_REPRESENTATION_CONTEXT(2) 
PARAMETRIC_REPRESENTATION_CONTEXT() REPRESENTATION_CONTEXT('2D SPACE',''
  ) );
#6515 = PCURVE('',#6516,#6521);
#6516 = PLANE('',#6517);
#6517 = AXIS2_PLACEMENT_3D('',#6518,#6519,#6520);
#6518 = CARTESIAN_POINT('',(-64.8499073366,-28.,-16.4));
#6519 = DIRECTION('',(-2.498001805407E-16,-1.,0.));
#6520 = DIRECTION('',(-0.,0.,-1.));
#6521 = DEFINITIONAL_REPRESENTATION('',(#6522),#6526);
#6522 = LINE('',#6523,#6524);
#6523 = CARTESIAN_POINT('',(-0.,11.));
#6524 = VECTOR('',#6525,1.);
#6525 = DIRECTION('',(-0.,1.));
#6526 = ( GEOMETRIC_REPRESENTATION_CONTEXT(2) 
PARAMETRIC_REPRESENTATION_CONTEXT() REPRESENTATION_CONTEXT('2D SPACE',''
  ) );
#6527 = ORIENTED_EDGE('',*,*,#6528,.T.);
#6528 = EDGE_CURVE('',#6501,#4654,#6529,.T.);
#6529 = SURFACE_CURVE('',#6530,(#6534,#6541),.PCURVE_S1.);
#6530 = LINE('',#6531,#6532);
#6531 = CARTESIAN_POINT('',(-39.8499073366,-28.,-16.4));
#6532 = VECTOR('',#6533,1.);
#6533 = DIRECTION('',(-7.021173278262E-16,-1.,3.510586639131E-16));
#6534 = PCURVE('',#4697,#6535);
#6535 = DEFINITIONAL_REPRESENTATION('',(#6536),#6540);
#6536 = LINE('',#6537,#6538);
#6537 = CARTESIAN_POINT('',(-5.,26.));
#6538 = VECTOR('',#6539,1.);
#6539 = DIRECTION('',(-7.021173278262E-16,-1.));
#6540 = ( GEOMETRIC_REPRESENTATION_CONTEXT(2) 
PARAMETRIC_REPRESENTATION_CONTEXT() REPRESENTATION_CONTEXT('2D SPACE',''
  ) );
#6541 = PCURVE('',#4669,#6542);
#6542 = DEFINITIONAL_REPRESENTATION('',(#6543),#6547);
#6543 = LINE('',#6544,#6545);
#6544 = CARTESIAN_POINT('',(-16.4,-8.));
#6545 = VECTOR('',#6546,1.);
#6546 = DIRECTION('',(3.510586639131E-16,-1.));
#6547 = ( GEOMETRIC_REPRESENTATION_CONTEXT(2) 
PARAMETRIC_REPRESENTATION_CONTEXT() REPRESENTATION_CONTEXT('2D SPACE',''
  ) );
#6548 = ORIENTED_EDGE('',*,*,#4681,.F.);
#6549 = ORIENTED_EDGE('',*,*,#6428,.T.);
#6550 = ORIENTED_EDGE('',*,*,#6145,.T.);
#6551 = FACE_BOUND('',#6552,.T.);
#6552 = EDGE_LOOP('',(#6553,#6583,#6616));
#6553 = ORIENTED_EDGE('',*,*,#6554,.T.);
#6554 = EDGE_CURVE('',#6555,#6557,#6559,.T.);
#6555 = VERTEX_POINT('',#6556);
#6556 = CARTESIAN_POINT('',(-37.2499073366,-28.37925881934,-16.4));
#6557 = VERTEX_POINT('',#6558);
#6558 = CARTESIAN_POINT('',(-37.96438001624,-27.64966334051,-16.4));
#6559 = SURFACE_CURVE('',#6560,(#6564,#6571),.PCURVE_S1.);
#6560 = LINE('',#6561,#6562);
#6561 = CARTESIAN_POINT('',(-37.2499073366,-28.37925881934,-16.4));
#6562 = VECTOR('',#6563,1.);
#6563 = DIRECTION('',(-0.699663340513,0.714472679633,0.));
#6564 = PCURVE('',#4697,#6565);
#6565 = DEFINITIONAL_REPRESENTATION('',(#6566),#6570);
#6566 = LINE('',#6567,#6568);
#6567 = CARTESIAN_POINT('',(-2.4,25.620741180657));
#6568 = VECTOR('',#6569,1.);
#6569 = DIRECTION('',(-0.699663340513,0.714472679633));
#6570 = ( GEOMETRIC_REPRESENTATION_CONTEXT(2) 
PARAMETRIC_REPRESENTATION_CONTEXT() REPRESENTATION_CONTEXT('2D SPACE',''
  ) );
#6571 = PCURVE('',#6572,#6577);
#6572 = PLANE('',#6573);
#6573 = AXIS2_PLACEMENT_3D('',#6574,#6575,#6576);
#6574 = CARTESIAN_POINT('',(-37.96438001624,-27.64966334051,-35.));
#6575 = DIRECTION('',(-0.714472679633,-0.699663340513,0.));
#6576 = DIRECTION('',(0.,0.,1.));
#6577 = DEFINITIONAL_REPRESENTATION('',(#6578),#6582);
#6578 = LINE('',#6579,#6580);
#6579 = CARTESIAN_POINT('',(18.6,-1.021166378545));
#6580 = VECTOR('',#6581,1.);
#6581 = DIRECTION('',(0.,1.));
#6582 = ( GEOMETRIC_REPRESENTATION_CONTEXT(2) 
PARAMETRIC_REPRESENTATION_CONTEXT() REPRESENTATION_CONTEXT('2D SPACE',''
  ) );
#6583 = ORIENTED_EDGE('',*,*,#6584,.T.);
#6584 = EDGE_CURVE('',#6557,#6585,#6587,.T.);
#6585 = VERTEX_POINT('',#6586);
#6586 = CARTESIAN_POINT('',(-36.53543465697,-27.64966334051,-16.4));
#6587 = SURFACE_CURVE('',#6588,(#6593,#6604),.PCURVE_S1.);
#6588 = CIRCLE('',#6589,1.);
#6589 = AXIS2_PLACEMENT_3D('',#6590,#6591,#6592);
#6590 = CARTESIAN_POINT('',(-37.2499073366,-26.95,-16.4));
#6591 = DIRECTION('',(0.,0.,-1.));
#6592 = DIRECTION('',(1.,0.,0.));
#6593 = PCURVE('',#4697,#6594);
#6594 = DEFINITIONAL_REPRESENTATION('',(#6595),#6603);
#6595 = ( BOUNDED_CURVE() B_SPLINE_CURVE(2,(#6596,#6597,#6598,#6599,
#6600,#6601,#6602),.UNSPECIFIED.,.T.,.F.) B_SPLINE_CURVE_WITH_KNOTS((1,2
    ,2,2,2,1),(-2.094395102393,0.,2.094395102393,4.188790204786,
6.28318530718,8.377580409573),.UNSPECIFIED.) CURVE() 
GEOMETRIC_REPRESENTATION_ITEM() RATIONAL_B_SPLINE_CURVE((1.,0.5,1.,0.5,
1.,0.5,1.)) REPRESENTATION_ITEM('') );
#6596 = CARTESIAN_POINT('',(-1.4,27.05));
#6597 = CARTESIAN_POINT('',(-1.4,25.317949192431));
#6598 = CARTESIAN_POINT('',(-2.9,26.183974596216));
#6599 = CARTESIAN_POINT('',(-4.4,27.05));
#6600 = CARTESIAN_POINT('',(-2.9,27.916025403784));
#6601 = CARTESIAN_POINT('',(-1.4,28.782050807569));
#6602 = CARTESIAN_POINT('',(-1.4,27.05));
#6603 = ( GEOMETRIC_REPRESENTATION_CONTEXT(2) 
PARAMETRIC_REPRESENTATION_CONTEXT() REPRESENTATION_CONTEXT('2D SPACE',''
  ) );
#6604 = PCURVE('',#6605,#6610);
#6605 = CYLINDRICAL_SURFACE('',#6606,1.);
#6606 = AXIS2_PLACEMENT_3D('',#6607,#6608,#6609);
#6607 = CARTESIAN_POINT('',(-37.2499073366,-26.95,-35.));
#6608 = DIRECTION('',(0.,0.,1.));
#6609 = DIRECTION('',(6.500525882783E-15,1.,-0.));
#6610 = DEFINITIONAL_REPRESENTATION('',(#6611),#6615);
#6611 = LINE('',#6612,#6613);
#6612 = CARTESIAN_POINT('',(4.712388980385,18.6));
#6613 = VECTOR('',#6614,1.);
#6614 = DIRECTION('',(-1.,0.));
#6615 = ( GEOMETRIC_REPRESENTATION_CONTEXT(2) 
PARAMETRIC_REPRESENTATION_CONTEXT() REPRESENTATION_CONTEXT('2D SPACE',''
  ) );
#6616 = ORIENTED_EDGE('',*,*,#6617,.T.);
#6617 = EDGE_CURVE('',#6585,#6555,#6618,.T.);
#6618 = SURFACE_CURVE('',#6619,(#6623,#6630),.PCURVE_S1.);
#6619 = LINE('',#6620,#6621);
#6620 = CARTESIAN_POINT('',(-36.53543465697,-27.64966334051,-16.4));
#6621 = VECTOR('',#6622,1.);
#6622 = DIRECTION('',(-0.699663340513,-0.714472679633,0.));
#6623 = PCURVE('',#4697,#6624);
#6624 = DEFINITIONAL_REPRESENTATION('',(#6625),#6629);
#6625 = LINE('',#6626,#6627);
#6626 = CARTESIAN_POINT('',(-1.685527320367,26.350336659487));
#6627 = VECTOR('',#6628,1.);
#6628 = DIRECTION('',(-0.699663340513,-0.714472679633));
#6629 = ( GEOMETRIC_REPRESENTATION_CONTEXT(2) 
PARAMETRIC_REPRESENTATION_CONTEXT() REPRESENTATION_CONTEXT('2D SPACE',''
  ) );
#6630 = PCURVE('',#6631,#6636);
#6631 = PLANE('',#6632);
#6632 = AXIS2_PLACEMENT_3D('',#6633,#6634,#6635);
#6633 = CARTESIAN_POINT('',(-37.2499073366,-28.37925881934,-35.));
#6634 = DIRECTION('',(0.714472679633,-0.699663340513,0.));
#6635 = DIRECTION('',(0.,0.,-1.));
#6636 = DEFINITIONAL_REPRESENTATION('',(#6637),#6641);
#6637 = LINE('',#6638,#6639);
#6638 = CARTESIAN_POINT('',(-18.6,1.021166378545));
#6639 = VECTOR('',#6640,1.);
#6640 = DIRECTION('',(-0.,-1.));
#6641 = ( GEOMETRIC_REPRESENTATION_CONTEXT(2) 
PARAMETRIC_REPRESENTATION_CONTEXT() REPRESENTATION_CONTEXT('2D SPACE',''
  ) );
#6642 = ADVANCED_FACE('',(#6643),#4669,.T.);
#6643 = FACE_BOUND('',#6644,.T.);
#6644 = EDGE_LOOP('',(#6645,#6646,#6647,#6648,#6671));
#6645 = ORIENTED_EDGE('',*,*,#4809,.F.);
#6646 = ORIENTED_EDGE('',*,*,#4653,.F.);
#6647 = ORIENTED_EDGE('',*,*,#6528,.F.);
#6648 = ORIENTED_EDGE('',*,*,#6649,.F.);
#6649 = EDGE_CURVE('',#6650,#6501,#6652,.T.);
#6650 = VERTEX_POINT('',#6651);
#6651 = CARTESIAN_POINT('',(-39.8499073366,-28.,-18.3));
#6652 = SURFACE_CURVE('',#6653,(#6657,#6664),.PCURVE_S1.);
#6653 = LINE('',#6654,#6655);
#6654 = CARTESIAN_POINT('',(-39.8499073366,-28.,-18.3));
#6655 = VECTOR('',#6656,1.);
#6656 = DIRECTION('',(0.,0.,1.));
#6657 = PCURVE('',#4669,#6658);
#6658 = DEFINITIONAL_REPRESENTATION('',(#6659),#6663);
#6659 = LINE('',#6660,#6661);
#6660 = CARTESIAN_POINT('',(-18.3,-8.));
#6661 = VECTOR('',#6662,1.);
#6662 = DIRECTION('',(1.,0.));
#6663 = ( GEOMETRIC_REPRESENTATION_CONTEXT(2) 
PARAMETRIC_REPRESENTATION_CONTEXT() REPRESENTATION_CONTEXT('2D SPACE',''
  ) );
#6664 = PCURVE('',#6516,#6665);
#6665 = DEFINITIONAL_REPRESENTATION('',(#6666),#6670);
#6666 = LINE('',#6667,#6668);
#6667 = CARTESIAN_POINT('',(1.9,25.));
#6668 = VECTOR('',#6669,1.);
#6669 = DIRECTION('',(-1.,0.));
#6670 = ( GEOMETRIC_REPRESENTATION_CONTEXT(2) 
PARAMETRIC_REPRESENTATION_CONTEXT() REPRESENTATION_CONTEXT('2D SPACE',''
  ) );
#6671 = ORIENTED_EDGE('',*,*,#6672,.F.);
#6672 = EDGE_CURVE('',#4810,#6650,#6673,.T.);
#6673 = SURFACE_CURVE('',#6674,(#6678,#6685),.PCURVE_S1.);
#6674 = LINE('',#6675,#6676);
#6675 = CARTESIAN_POINT('',(-39.8499073366,-40.65,-18.3));
#6676 = VECTOR('',#6677,1.);
#6677 = DIRECTION('',(7.021173278262E-16,1.,0.));
#6678 = PCURVE('',#4669,#6679);
#6679 = DEFINITIONAL_REPRESENTATION('',(#6680),#6684);
#6680 = LINE('',#6681,#6682);
#6681 = CARTESIAN_POINT('',(-18.3,-20.65));
#6682 = VECTOR('',#6683,1.);
#6683 = DIRECTION('',(0.,1.));
#6684 = ( GEOMETRIC_REPRESENTATION_CONTEXT(2) 
PARAMETRIC_REPRESENTATION_CONTEXT() REPRESENTATION_CONTEXT('2D SPACE',''
  ) );
#6685 = PCURVE('',#4851,#6686);
#6686 = DEFINITIONAL_REPRESENTATION('',(#6687),#6691);
#6687 = LINE('',#6688,#6689);
#6688 = CARTESIAN_POINT('',(25.,5.75));
#6689 = VECTOR('',#6690,1.);
#6690 = DIRECTION('',(7.021173278262E-16,1.));
#6691 = ( GEOMETRIC_REPRESENTATION_CONTEXT(2) 
PARAMETRIC_REPRESENTATION_CONTEXT() REPRESENTATION_CONTEXT('2D SPACE',''
  ) );
#6692 = ADVANCED_FACE('',(#6693),#4774,.F.);
#6693 = FACE_BOUND('',#6694,.T.);
#6694 = EDGE_LOOP('',(#6695,#6696,#6717,#6718,#6719,#6742));
#6695 = ORIENTED_EDGE('',*,*,#6477,.F.);
#6696 = ORIENTED_EDGE('',*,*,#6697,.F.);
#6697 = EDGE_CURVE('',#5004,#6455,#6698,.T.);
#6698 = SURFACE_CURVE('',#6699,(#6703,#6710),.PCURVE_S1.);
#6699 = LINE('',#6700,#6701);
#6700 = CARTESIAN_POINT('',(-51.8499073366,-26.4,-23.));
#6701 = VECTOR('',#6702,1.);
#6702 = DIRECTION('',(0.,0.,1.));
#6703 = PCURVE('',#4774,#6704);
#6704 = DEFINITIONAL_REPRESENTATION('',(#6705),#6709);
#6705 = LINE('',#6706,#6707);
#6706 = CARTESIAN_POINT('',(22.,0.));
#6707 = VECTOR('',#6708,1.);
#6708 = DIRECTION('',(0.,1.));
#6709 = ( GEOMETRIC_REPRESENTATION_CONTEXT(2) 
PARAMETRIC_REPRESENTATION_CONTEXT() REPRESENTATION_CONTEXT('2D SPACE',''
  ) );
#6710 = PCURVE('',#5040,#6711);
#6711 = DEFINITIONAL_REPRESENTATION('',(#6712),#6716);
#6712 = LINE('',#6713,#6714);
#6713 = CARTESIAN_POINT('',(0.,0.));
#6714 = VECTOR('',#6715,1.);
#6715 = DIRECTION('',(0.,1.));
#6716 = ( GEOMETRIC_REPRESENTATION_CONTEXT(2) 
PARAMETRIC_REPRESENTATION_CONTEXT() REPRESENTATION_CONTEXT('2D SPACE',''
  ) );
#6717 = ORIENTED_EDGE('',*,*,#5003,.F.);
#6718 = ORIENTED_EDGE('',*,*,#4755,.F.);
#6719 = ORIENTED_EDGE('',*,*,#6720,.F.);
#6720 = EDGE_CURVE('',#6721,#4756,#6723,.T.);
#6721 = VERTEX_POINT('',#6722);
#6722 = CARTESIAN_POINT('',(-51.8499073366,-28.,-18.3));
#6723 = SURFACE_CURVE('',#6724,(#6728,#6735),.PCURVE_S1.);
#6724 = LINE('',#6725,#6726);
#6725 = CARTESIAN_POINT('',(-51.8499073366,-47.4,-18.3));
#6726 = VECTOR('',#6727,1.);
#6727 = DIRECTION('',(0.,-1.,0.));
#6728 = PCURVE('',#4774,#6729);
#6729 = DEFINITIONAL_REPRESENTATION('',(#6730),#6734);
#6730 = LINE('',#6731,#6732);
#6731 = CARTESIAN_POINT('',(1.,4.7));
#6732 = VECTOR('',#6733,1.);
#6733 = DIRECTION('',(-1.,0.));
#6734 = ( GEOMETRIC_REPRESENTATION_CONTEXT(2) 
PARAMETRIC_REPRESENTATION_CONTEXT() REPRESENTATION_CONTEXT('2D SPACE',''
  ) );
#6735 = PCURVE('',#4851,#6736);
#6736 = DEFINITIONAL_REPRESENTATION('',(#6737),#6741);
#6737 = LINE('',#6738,#6739);
#6738 = CARTESIAN_POINT('',(13.,-1.));
#6739 = VECTOR('',#6740,1.);
#6740 = DIRECTION('',(0.,-1.));
#6741 = ( GEOMETRIC_REPRESENTATION_CONTEXT(2) 
PARAMETRIC_REPRESENTATION_CONTEXT() REPRESENTATION_CONTEXT('2D SPACE',''
  ) );
#6742 = ORIENTED_EDGE('',*,*,#6743,.F.);
#6743 = EDGE_CURVE('',#6478,#6721,#6744,.T.);
#6744 = SURFACE_CURVE('',#6745,(#6749,#6756),.PCURVE_S1.);
#6745 = LINE('',#6746,#6747);
#6746 = CARTESIAN_POINT('',(-51.8499073366,-28.,-19.7));
#6747 = VECTOR('',#6748,1.);
#6748 = DIRECTION('',(0.,0.,-1.));
#6749 = PCURVE('',#4774,#6750);
#6750 = DEFINITIONAL_REPRESENTATION('',(#6751),#6755);
#6751 = LINE('',#6752,#6753);
#6752 = CARTESIAN_POINT('',(20.4,3.3));
#6753 = VECTOR('',#6754,1.);
#6754 = DIRECTION('',(0.,-1.));
#6755 = ( GEOMETRIC_REPRESENTATION_CONTEXT(2) 
PARAMETRIC_REPRESENTATION_CONTEXT() REPRESENTATION_CONTEXT('2D SPACE',''
  ) );
#6756 = PCURVE('',#6516,#6757);
#6757 = DEFINITIONAL_REPRESENTATION('',(#6758),#6762);
#6758 = LINE('',#6759,#6760);
#6759 = CARTESIAN_POINT('',(3.3,13.));
#6760 = VECTOR('',#6761,1.);
#6761 = DIRECTION('',(1.,0.));
#6762 = ( GEOMETRIC_REPRESENTATION_CONTEXT(2) 
PARAMETRIC_REPRESENTATION_CONTEXT() REPRESENTATION_CONTEXT('2D SPACE',''
  ) );
#6763 = ADVANCED_FACE('',(#6764),#4851,.T.);
#6764 = FACE_BOUND('',#6765,.T.);
#6765 = EDGE_LOOP('',(#6766,#6767,#6768,#6769));
#6766 = ORIENTED_EDGE('',*,*,#6720,.T.);
#6767 = ORIENTED_EDGE('',*,*,#4837,.F.);
#6768 = ORIENTED_EDGE('',*,*,#6672,.T.);
#6769 = ORIENTED_EDGE('',*,*,#6770,.F.);
#6770 = EDGE_CURVE('',#6721,#6650,#6771,.T.);
#6771 = SURFACE_CURVE('',#6772,(#6776,#6783),.PCURVE_S1.);
#6772 = LINE('',#6773,#6774);
#6773 = CARTESIAN_POINT('',(-53.8499073366,-28.,-18.3));
#6774 = VECTOR('',#6775,1.);
#6775 = DIRECTION('',(1.,-3.172065784643E-16,0.));
#6776 = PCURVE('',#4851,#6777);
#6777 = DEFINITIONAL_REPRESENTATION('',(#6778),#6782);
#6778 = LINE('',#6779,#6780);
#6779 = CARTESIAN_POINT('',(11.,18.4));
#6780 = VECTOR('',#6781,1.);
#6781 = DIRECTION('',(1.,-3.172065784643E-16));
#6782 = ( GEOMETRIC_REPRESENTATION_CONTEXT(2) 
PARAMETRIC_REPRESENTATION_CONTEXT() REPRESENTATION_CONTEXT('2D SPACE',''
  ) );
#6783 = PCURVE('',#6516,#6784);
#6784 = DEFINITIONAL_REPRESENTATION('',(#6785),#6789);
#6785 = LINE('',#6786,#6787);
#6786 = CARTESIAN_POINT('',(1.9,11.));
#6787 = VECTOR('',#6788,1.);
#6788 = DIRECTION('',(-0.,1.));
#6789 = ( GEOMETRIC_REPRESENTATION_CONTEXT(2) 
PARAMETRIC_REPRESENTATION_CONTEXT() REPRESENTATION_CONTEXT('2D SPACE',''
  ) );
#6790 = ADVANCED_FACE('',(#6791),#4934,.F.);
#6791 = FACE_BOUND('',#6792,.T.);
#6792 = EDGE_LOOP('',(#6793,#6794,#6817,#6838));
#6793 = ORIENTED_EDGE('',*,*,#5397,.F.);
#6794 = ORIENTED_EDGE('',*,*,#6795,.T.);
#6795 = EDGE_CURVE('',#5398,#6796,#6798,.T.);
#6796 = VERTEX_POINT('',#6797);
#6797 = CARTESIAN_POINT('',(-37.2499073366,-29.80851763868,-18.6));
#6798 = SURFACE_CURVE('',#6799,(#6803,#6810),.PCURVE_S1.);
#6799 = LINE('',#6800,#6801);
#6800 = CARTESIAN_POINT('',(-38.67885269587,-28.34932668102,-18.6));
#6801 = VECTOR('',#6802,1.);
#6802 = DIRECTION('',(0.699663340513,-0.714472679633,0.));
#6803 = PCURVE('',#4934,#6804);
#6804 = DEFINITIONAL_REPRESENTATION('',(#6805),#6809);
#6805 = LINE('',#6806,#6807);
#6806 = CARTESIAN_POINT('',(-8.49326573771,0.));
#6807 = VECTOR('',#6808,1.);
#6808 = DIRECTION('',(0.,-1.));
#6809 = ( GEOMETRIC_REPRESENTATION_CONTEXT(2) 
PARAMETRIC_REPRESENTATION_CONTEXT() REPRESENTATION_CONTEXT('2D SPACE',''
  ) );
#6810 = PCURVE('',#5437,#6811);
#6811 = DEFINITIONAL_REPRESENTATION('',(#6812),#6816);
#6812 = LINE('',#6813,#6814);
#6813 = CARTESIAN_POINT('',(-3.828945359266,25.650673318973));
#6814 = VECTOR('',#6815,1.);
#6815 = DIRECTION('',(0.699663340513,-0.714472679633));
#6816 = ( GEOMETRIC_REPRESENTATION_CONTEXT(2) 
PARAMETRIC_REPRESENTATION_CONTEXT() REPRESENTATION_CONTEXT('2D SPACE',''
  ) );
#6817 = ORIENTED_EDGE('',*,*,#6818,.T.);
#6818 = EDGE_CURVE('',#6796,#4919,#6819,.T.);
#6819 = SURFACE_CURVE('',#6820,(#6824,#6831),.PCURVE_S1.);
#6820 = LINE('',#6821,#6822);
#6821 = CARTESIAN_POINT('',(-37.2499073366,-29.80851763868,-18.6));
#6822 = VECTOR('',#6823,1.);
#6823 = DIRECTION('',(0.,0.,-1.));
#6824 = PCURVE('',#4934,#6825);
#6825 = DEFINITIONAL_REPRESENTATION('',(#6826),#6830);
#6826 = LINE('',#6827,#6828);
#6827 = CARTESIAN_POINT('',(-8.49326573771,-2.04233275709));
#6828 = VECTOR('',#6829,1.);
#6829 = DIRECTION('',(-1.,0.));
#6830 = ( GEOMETRIC_REPRESENTATION_CONTEXT(2) 
PARAMETRIC_REPRESENTATION_CONTEXT() REPRESENTATION_CONTEXT('2D SPACE',''
  ) );
#6831 = PCURVE('',#4962,#6832);
#6832 = DEFINITIONAL_REPRESENTATION('',(#6833),#6837);
#6833 = LINE('',#6834,#6835);
#6834 = CARTESIAN_POINT('',(8.49326573771,0.));
#6835 = VECTOR('',#6836,1.);
#6836 = DIRECTION('',(1.,0.));
#6837 = ( GEOMETRIC_REPRESENTATION_CONTEXT(2) 
PARAMETRIC_REPRESENTATION_CONTEXT() REPRESENTATION_CONTEXT('2D SPACE',''
  ) );
#6838 = ORIENTED_EDGE('',*,*,#4918,.F.);
#6839 = ADVANCED_FACE('',(#6840),#4962,.F.);
#6840 = FACE_BOUND('',#6841,.T.);
#6841 = EDGE_LOOP('',(#6842,#6843,#6864,#6865));
#6842 = ORIENTED_EDGE('',*,*,#6818,.F.);
#6843 = ORIENTED_EDGE('',*,*,#6844,.T.);
#6844 = EDGE_CURVE('',#6796,#5421,#6845,.T.);
#6845 = SURFACE_CURVE('',#6846,(#6850,#6857),.PCURVE_S1.);
#6846 = LINE('',#6847,#6848);
#6847 = CARTESIAN_POINT('',(-37.2499073366,-29.80851763868,-18.6));
#6848 = VECTOR('',#6849,1.);
#6849 = DIRECTION('',(0.699663340513,0.714472679633,0.));
#6850 = PCURVE('',#4962,#6851);
#6851 = DEFINITIONAL_REPRESENTATION('',(#6852),#6856);
#6852 = LINE('',#6853,#6854);
#6853 = CARTESIAN_POINT('',(8.49326573771,0.));
#6854 = VECTOR('',#6855,1.);
#6855 = DIRECTION('',(0.,1.));
#6856 = ( GEOMETRIC_REPRESENTATION_CONTEXT(2) 
PARAMETRIC_REPRESENTATION_CONTEXT() REPRESENTATION_CONTEXT('2D SPACE',''
  ) );
#6857 = PCURVE('',#5437,#6858);
#6858 = DEFINITIONAL_REPRESENTATION('',(#6859),#6863);
#6859 = LINE('',#6860,#6861);
#6860 = CARTESIAN_POINT('',(-2.4,24.191482361313));
#6861 = VECTOR('',#6862,1.);
#6862 = DIRECTION('',(0.699663340513,0.714472679633));
#6863 = ( GEOMETRIC_REPRESENTATION_CONTEXT(2) 
PARAMETRIC_REPRESENTATION_CONTEXT() REPRESENTATION_CONTEXT('2D SPACE',''
  ) );
#6864 = ORIENTED_EDGE('',*,*,#5453,.T.);
#6865 = ORIENTED_EDGE('',*,*,#4946,.F.);
#6866 = ADVANCED_FACE('',(#6867),#5040,.F.);
#6867 = FACE_BOUND('',#6868,.T.);
#6868 = EDGE_LOOP('',(#6869,#6870,#6871,#6872));
#6869 = ORIENTED_EDGE('',*,*,#5056,.F.);
#6870 = ORIENTED_EDGE('',*,*,#5026,.F.);
#6871 = ORIENTED_EDGE('',*,*,#6697,.T.);
#6872 = ORIENTED_EDGE('',*,*,#6454,.F.);
#6873 = ADVANCED_FACE('',(#6874,#6900),#5167,.T.);
#6874 = FACE_BOUND('',#6875,.T.);
#6875 = EDGE_LOOP('',(#6876,#6877,#6878,#6899));
#6876 = ORIENTED_EDGE('',*,*,#6123,.T.);
#6877 = ORIENTED_EDGE('',*,*,#6401,.F.);
#6878 = ORIENTED_EDGE('',*,*,#6879,.F.);
#6879 = EDGE_CURVE('',#5152,#6379,#6880,.T.);
#6880 = SURFACE_CURVE('',#6881,(#6885,#6892),.PCURVE_S1.);
#6881 = LINE('',#6882,#6883);
#6882 = CARTESIAN_POINT('',(-53.8499073366,-30.2,15.4));
#6883 = VECTOR('',#6884,1.);
#6884 = DIRECTION('',(1.,-2.33731163079E-16,0.));
#6885 = PCURVE('',#5167,#6886);
#6886 = DEFINITIONAL_REPRESENTATION('',(#6887),#6891);
#6887 = LINE('',#6888,#6889);
#6888 = CARTESIAN_POINT('',(19.,23.8));
#6889 = VECTOR('',#6890,1.);
#6890 = DIRECTION('',(-1.,-2.33731163079E-16));
#6891 = ( GEOMETRIC_REPRESENTATION_CONTEXT(2) 
PARAMETRIC_REPRESENTATION_CONTEXT() REPRESENTATION_CONTEXT('2D SPACE',''
  ) );
#6892 = PCURVE('',#5195,#6893);
#6893 = DEFINITIONAL_REPRESENTATION('',(#6894),#6898);
#6894 = LINE('',#6895,#6896);
#6895 = CARTESIAN_POINT('',(-0.,11.));
#6896 = VECTOR('',#6897,1.);
#6897 = DIRECTION('',(-0.,1.));
#6898 = ( GEOMETRIC_REPRESENTATION_CONTEXT(2) 
PARAMETRIC_REPRESENTATION_CONTEXT() REPRESENTATION_CONTEXT('2D SPACE',''
  ) );
#6899 = ORIENTED_EDGE('',*,*,#5151,.T.);
#6900 = FACE_BOUND('',#6901,.T.);
#6901 = EDGE_LOOP('',(#6902,#6937,#6965));
#6902 = ORIENTED_EDGE('',*,*,#6903,.T.);
#6903 = EDGE_CURVE('',#6904,#6906,#6908,.T.);
#6904 = VERTEX_POINT('',#6905);
#6905 = CARTESIAN_POINT('',(-40.33543465697,-27.64966334051,15.4));
#6906 = VERTEX_POINT('',#6907);
#6907 = CARTESIAN_POINT('',(-41.76438001624,-27.64966334051,15.4));
#6908 = SURFACE_CURVE('',#6909,(#6914,#6925),.PCURVE_S1.);
#6909 = CIRCLE('',#6910,1.);
#6910 = AXIS2_PLACEMENT_3D('',#6911,#6912,#6913);
#6911 = CARTESIAN_POINT('',(-41.0499073366,-26.95,15.4));
#6912 = DIRECTION('',(6.256223475216E-17,-2.604676256019E-32,1.));
#6913 = DIRECTION('',(-1.,0.,6.256223475216E-17));
#6914 = PCURVE('',#5167,#6915);
#6915 = DEFINITIONAL_REPRESENTATION('',(#6916),#6924);
#6916 = ( BOUNDED_CURVE() B_SPLINE_CURVE(2,(#6917,#6918,#6919,#6920,
#6921,#6922,#6923),.UNSPECIFIED.,.T.,.F.) B_SPLINE_CURVE_WITH_KNOTS((1,2
    ,2,2,2,1),(-2.094395102393,0.,2.094395102393,4.188790204786,
6.28318530718,8.377580409573),.UNSPECIFIED.) CURVE() 
GEOMETRIC_REPRESENTATION_ITEM() RATIONAL_B_SPLINE_CURVE((1.,0.5,1.,0.5,
1.,0.5,1.)) REPRESENTATION_ITEM('') );
#6917 = CARTESIAN_POINT('',(7.2,27.05));
#6918 = CARTESIAN_POINT('',(7.2,25.317949192431));
#6919 = CARTESIAN_POINT('',(5.7,26.183974596216));
#6920 = CARTESIAN_POINT('',(4.2,27.05));
#6921 = CARTESIAN_POINT('',(5.7,27.916025403784));
#6922 = CARTESIAN_POINT('',(7.2,28.782050807569));
#6923 = CARTESIAN_POINT('',(7.2,27.05));
#6924 = ( GEOMETRIC_REPRESENTATION_CONTEXT(2) 
PARAMETRIC_REPRESENTATION_CONTEXT() REPRESENTATION_CONTEXT('2D SPACE',''
  ) );
#6925 = PCURVE('',#6926,#6931);
#6926 = CYLINDRICAL_SURFACE('',#6927,1.);
#6927 = AXIS2_PLACEMENT_3D('',#6928,#6929,#6930);
#6928 = CARTESIAN_POINT('',(-41.0499073366,-26.95,91.061935656231));
#6929 = DIRECTION('',(-6.256223475216E-17,2.604676256019E-32,-1.));
#6930 = DIRECTION('',(2.603302919143E-15,1.,-1.368216857982E-31));
#6931 = DEFINITIONAL_REPRESENTATION('',(#6932),#6936);
#6932 = LINE('',#6933,#6934);
#6933 = CARTESIAN_POINT('',(10.995574287564,75.661935656231));
#6934 = VECTOR('',#6935,1.);
#6935 = DIRECTION('',(-1.,0.));
#6936 = ( GEOMETRIC_REPRESENTATION_CONTEXT(2) 
PARAMETRIC_REPRESENTATION_CONTEXT() REPRESENTATION_CONTEXT('2D SPACE',''
  ) );
#6937 = ORIENTED_EDGE('',*,*,#6938,.T.);
#6938 = EDGE_CURVE('',#6906,#6939,#6941,.T.);
#6939 = VERTEX_POINT('',#6940);
#6940 = CARTESIAN_POINT('',(-41.0499073366,-28.37925881934,15.4));
#6941 = SURFACE_CURVE('',#6942,(#6946,#6953),.PCURVE_S1.);
#6942 = LINE('',#6943,#6944);
#6943 = CARTESIAN_POINT('',(-41.76438001624,-27.64966334051,15.4));
#6944 = VECTOR('',#6945,1.);
#6945 = DIRECTION('',(0.699663340513,-0.714472679633,-2.174421422309E-15
    ));
#6946 = PCURVE('',#5167,#6947);
#6947 = DEFINITIONAL_REPRESENTATION('',(#6948),#6952);
#6948 = LINE('',#6949,#6950);
#6949 = CARTESIAN_POINT('',(6.914472679633,26.350336659487));
#6950 = VECTOR('',#6951,1.);
#6951 = DIRECTION('',(-0.699663340513,-0.714472679633));
#6952 = ( GEOMETRIC_REPRESENTATION_CONTEXT(2) 
PARAMETRIC_REPRESENTATION_CONTEXT() REPRESENTATION_CONTEXT('2D SPACE',''
  ) );
#6953 = PCURVE('',#6954,#6959);
#6954 = PLANE('',#6955);
#6955 = AXIS2_PLACEMENT_3D('',#6956,#6957,#6958);
#6956 = CARTESIAN_POINT('',(-41.76438001624,-27.64966334051,
    91.061935656231));
#6957 = DIRECTION('',(-0.714472679633,-0.699663340513,4.469900750719E-17
    ));
#6958 = DIRECTION('',(6.256223475216E-17,-2.465190328816E-32,1.));
#6959 = DEFINITIONAL_REPRESENTATION('',(#6960),#6964);
#6960 = LINE('',#6961,#6962);
#6961 = CARTESIAN_POINT('',(-75.66193565623,-5.850229103751E-15));
#6962 = VECTOR('',#6963,1.);
#6963 = DIRECTION('',(-2.130648920152E-15,-1.));
#6964 = ( GEOMETRIC_REPRESENTATION_CONTEXT(2) 
PARAMETRIC_REPRESENTATION_CONTEXT() REPRESENTATION_CONTEXT('2D SPACE',''
  ) );
#6965 = ORIENTED_EDGE('',*,*,#6966,.T.);
#6966 = EDGE_CURVE('',#6939,#6904,#6967,.T.);
#6967 = SURFACE_CURVE('',#6968,(#6972,#6979),.PCURVE_S1.);
#6968 = LINE('',#6969,#6970);
#6969 = CARTESIAN_POINT('',(-41.0499073366,-28.37925881934,15.4));
#6970 = VECTOR('',#6971,1.);
#6971 = DIRECTION('',(0.699663340513,0.714472679633,0.));
#6972 = PCURVE('',#5167,#6973);
#6973 = DEFINITIONAL_REPRESENTATION('',(#6974),#6978);
#6974 = LINE('',#6975,#6976);
#6975 = CARTESIAN_POINT('',(6.2,25.620741180657));
#6976 = VECTOR('',#6977,1.);
#6977 = DIRECTION('',(-0.699663340513,0.714472679633));
#6978 = ( GEOMETRIC_REPRESENTATION_CONTEXT(2) 
PARAMETRIC_REPRESENTATION_CONTEXT() REPRESENTATION_CONTEXT('2D SPACE',''
  ) );
#6979 = PCURVE('',#6980,#6985);
#6980 = PLANE('',#6981);
#6981 = AXIS2_PLACEMENT_3D('',#6982,#6983,#6984);
#6982 = CARTESIAN_POINT('',(-41.0499073366,-28.37925881934,
    91.061935656231));
#6983 = DIRECTION('',(0.714472679633,-0.699663340513,-4.469900750719E-17
    ));
#6984 = DIRECTION('',(-6.256223475216E-17,0.,-1.));
#6985 = DEFINITIONAL_REPRESENTATION('',(#6986),#6990);
#6986 = LINE('',#6987,#6988);
#6987 = CARTESIAN_POINT('',(75.661935656231,5.850229103751E-15));
#6988 = VECTOR('',#6989,1.);
#6989 = DIRECTION('',(-4.377250215668E-17,1.));
#6990 = ( GEOMETRIC_REPRESENTATION_CONTEXT(2) 
PARAMETRIC_REPRESENTATION_CONTEXT() REPRESENTATION_CONTEXT('2D SPACE',''
  ) );
#6991 = ADVANCED_FACE('',(#6992),#5195,.T.);
#6992 = FACE_BOUND('',#6993,.T.);
#6993 = EDGE_LOOP('',(#6994,#6995,#6996,#6997));
#6994 = ORIENTED_EDGE('',*,*,#5179,.T.);
#6995 = ORIENTED_EDGE('',*,*,#6879,.T.);
#6996 = ORIENTED_EDGE('',*,*,#6378,.T.);
#6997 = ORIENTED_EDGE('',*,*,#6998,.F.);
#6998 = EDGE_CURVE('',#5180,#6356,#6999,.T.);
#6999 = SURFACE_CURVE('',#7000,(#7004,#7011),.PCURVE_S1.);
#7000 = LINE('',#7001,#7002);
#7001 = CARTESIAN_POINT('',(-53.8499073366,-30.2,16.6));
#7002 = VECTOR('',#7003,1.);
#7003 = DIRECTION('',(1.,-2.33731163079E-16,0.));
#7004 = PCURVE('',#5195,#7005);
#7005 = DEFINITIONAL_REPRESENTATION('',(#7006),#7010);
#7006 = LINE('',#7007,#7008);
#7007 = CARTESIAN_POINT('',(-1.2,11.));
#7008 = VECTOR('',#7009,1.);
#7009 = DIRECTION('',(-0.,1.));
#7010 = ( GEOMETRIC_REPRESENTATION_CONTEXT(2) 
PARAMETRIC_REPRESENTATION_CONTEXT() REPRESENTATION_CONTEXT('2D SPACE',''
  ) );
#7011 = PCURVE('',#5223,#7012);
#7012 = DEFINITIONAL_REPRESENTATION('',(#7013),#7017);
#7013 = LINE('',#7014,#7015);
#7014 = CARTESIAN_POINT('',(-11.,14.));
#7015 = VECTOR('',#7016,1.);
#7016 = DIRECTION('',(-1.,-2.33731163079E-16));
#7017 = ( GEOMETRIC_REPRESENTATION_CONTEXT(2) 
PARAMETRIC_REPRESENTATION_CONTEXT() REPRESENTATION_CONTEXT('2D SPACE',''
  ) );
#7018 = ADVANCED_FACE('',(#7019),#5223,.T.);
#7019 = FACE_BOUND('',#7020,.T.);
#7020 = EDGE_LOOP('',(#7021,#7047,#7048,#7049,#7050));
#7021 = ORIENTED_EDGE('',*,*,#7022,.F.);
#7022 = EDGE_CURVE('',#5208,#5945,#7023,.T.);
#7023 = SURFACE_CURVE('',#7024,(#7029,#7040),.PCURVE_S1.);
#7024 = CIRCLE('',#7025,3.);
#7025 = AXIS2_PLACEMENT_3D('',#7026,#7027,#7028);
#7026 = CARTESIAN_POINT('',(-50.8499073366,-41.,16.6));
#7027 = DIRECTION('',(0.,0.,1.));
#7028 = DIRECTION('',(-0.707106781187,-0.707106781187,0.));
#7029 = PCURVE('',#5223,#7030);
#7030 = DEFINITIONAL_REPRESENTATION('',(#7031),#7039);
#7031 = ( BOUNDED_CURVE() B_SPLINE_CURVE(2,(#7032,#7033,#7034,#7035,
#7036,#7037,#7038),.UNSPECIFIED.,.T.,.F.) B_SPLINE_CURVE_WITH_KNOTS((1,2
    ,2,2,2,1),(-2.094395102393,0.,2.094395102393,4.188790204786,
6.28318530718,8.377580409573),.UNSPECIFIED.) CURVE() 
GEOMETRIC_REPRESENTATION_ITEM() RATIONAL_B_SPLINE_CURVE((1.,0.5,1.,0.5,
1.,0.5,1.)) REPRESENTATION_ITEM('') );
#7032 = CARTESIAN_POINT('',(-11.87867965644,1.07867965644));
#7033 = CARTESIAN_POINT('',(-15.55291427061,-2.595554957734));
#7034 = CARTESIAN_POINT('',(-16.89777747886,2.423542864692));
#7035 = CARTESIAN_POINT('',(-18.24264068711,7.442640687119));
#7036 = CARTESIAN_POINT('',(-13.22354286469,6.097777478867));
#7037 = CARTESIAN_POINT('',(-8.204445042266,4.752914270615));
#7038 = CARTESIAN_POINT('',(-11.87867965644,1.07867965644));
#7039 = ( GEOMETRIC_REPRESENTATION_CONTEXT(2) 
PARAMETRIC_REPRESENTATION_CONTEXT() REPRESENTATION_CONTEXT('2D SPACE',''
  ) );
#7040 = PCURVE('',#5251,#7041);
#7041 = DEFINITIONAL_REPRESENTATION('',(#7042),#7046);
#7042 = LINE('',#7043,#7044);
#7043 = CARTESIAN_POINT('',(0.,21.6));
#7044 = VECTOR('',#7045,1.);
#7045 = DIRECTION('',(1.,0.));
#7046 = ( GEOMETRIC_REPRESENTATION_CONTEXT(2) 
PARAMETRIC_REPRESENTATION_CONTEXT() REPRESENTATION_CONTEXT('2D SPACE',''
  ) );
#7047 = ORIENTED_EDGE('',*,*,#5207,.T.);
#7048 = ORIENTED_EDGE('',*,*,#6998,.T.);
#7049 = ORIENTED_EDGE('',*,*,#6355,.T.);
#7050 = ORIENTED_EDGE('',*,*,#5944,.T.);
#7051 = ADVANCED_FACE('',(#7052),#5251,.T.);
#7052 = FACE_BOUND('',#7053,.T.);
#7053 = EDGE_LOOP('',(#7054,#7055,#7056,#7100));
#7054 = ORIENTED_EDGE('',*,*,#7022,.T.);
#7055 = ORIENTED_EDGE('',*,*,#5967,.T.);
#7056 = ORIENTED_EDGE('',*,*,#7057,.T.);
#7057 = EDGE_CURVE('',#5827,#5236,#7058,.T.);
#7058 = SURFACE_CURVE('',#7059,(#7064,#7071),.PCURVE_S1.);
#7059 = CIRCLE('',#7060,3.);
#7060 = AXIS2_PLACEMENT_3D('',#7061,#7062,#7063);
#7061 = CARTESIAN_POINT('',(-50.8499073366,-41.,18.));
#7062 = DIRECTION('',(0.,0.,-1.));
#7063 = DIRECTION('',(0.,-1.,0.));
#7064 = PCURVE('',#5251,#7065);
#7065 = DEFINITIONAL_REPRESENTATION('',(#7066),#7070);
#7066 = LINE('',#7067,#7068);
#7067 = CARTESIAN_POINT('',(7.068583470577,23.));
#7068 = VECTOR('',#7069,1.);
#7069 = DIRECTION('',(-1.,0.));
#7070 = ( GEOMETRIC_REPRESENTATION_CONTEXT(2) 
PARAMETRIC_REPRESENTATION_CONTEXT() REPRESENTATION_CONTEXT('2D SPACE',''
  ) );
#7071 = PCURVE('',#5280,#7072);
#7072 = DEFINITIONAL_REPRESENTATION('',(#7073),#7099);
#7073 = B_SPLINE_CURVE_WITH_KNOTS('',3,(#7074,#7075,#7076,#7077,#7078,
    #7079,#7080,#7081,#7082,#7083,#7084,#7085,#7086,#7087,#7088,#7089,
    #7090,#7091,#7092,#7093,#7094,#7095,#7096,#7097,#7098),
  .UNSPECIFIED.,.F.,.F.,(4,1,1,1,1,1,1,1,1,1,1,1,1,1,1,1,1,1,1,1,1,1,4),
  (0.,7.139983303613E-02,0.142799666072,0.214199499108,0.285599332145,
    0.356999165181,0.428398998217,0.499798831253,0.571198664289,
    0.642598497325,0.713998330361,0.785398163397,0.856797996434,
    0.92819782947,0.999597662506,1.070997495542,1.142397328578,
    1.213797161614,1.28519699465,1.356596827687,1.427996660723,
    1.499396493759,1.570796326795),.QUASI_UNIFORM_KNOTS.);
#7074 = CARTESIAN_POINT('',(2.949222599685E-16,-1.570796326795));
#7075 = CARTESIAN_POINT('',(-2.643304852828E-02,-1.570796326795));
#7076 = CARTESIAN_POINT('',(-7.852521262871E-02,-1.570796326795));
#7077 = CARTESIAN_POINT('',(-0.154606454553,-1.570796326795));
#7078 = CARTESIAN_POINT('',(-0.228904158181,-1.570796326795));
#7079 = CARTESIAN_POINT('',(-0.301661439934,-1.570796326795));
#7080 = CARTESIAN_POINT('',(-0.373106106239,-1.570796326795));
#7081 = CARTESIAN_POINT('',(-0.443450603945,-1.570796326795));
#7082 = CARTESIAN_POINT('',(-0.512895531033,-1.570796326795));
#7083 = CARTESIAN_POINT('',(-0.581631810168,-1.570796326795));
#7084 = CARTESIAN_POINT('',(-0.649842920765,-1.570796326795));
#7085 = CARTESIAN_POINT('',(-0.717706886775,-1.570796326795));
#7086 = CARTESIAN_POINT('',(-0.785398163397,-1.570796326795));
#7087 = CARTESIAN_POINT('',(-0.85308944002,-1.570796326795));
#7088 = CARTESIAN_POINT('',(-0.92095340603,-1.570796326795));
#7089 = CARTESIAN_POINT('',(-0.989164516627,-1.570796326795));
#7090 = CARTESIAN_POINT('',(-1.057900795762,-1.570796326795));
#7091 = CARTESIAN_POINT('',(-1.12734572285,-1.570796326795));
#7092 = CARTESIAN_POINT('',(-1.197690220556,-1.570796326795));
#7093 = CARTESIAN_POINT('',(-1.269134886861,-1.570796326795));
#7094 = CARTESIAN_POINT('',(-1.341892168614,-1.570796326795));
#7095 = CARTESIAN_POINT('',(-1.416189872242,-1.570796326795));
#7096 = CARTESIAN_POINT('',(-1.492271114166,-1.570796326795));
#7097 = CARTESIAN_POINT('',(-1.544363278267,-1.570796326795));
#7098 = CARTESIAN_POINT('',(-1.570796326795,-1.570796326795));
#7099 = ( GEOMETRIC_REPRESENTATION_CONTEXT(2) 
PARAMETRIC_REPRESENTATION_CONTEXT() REPRESENTATION_CONTEXT('2D SPACE',''
  ) );
#7100 = ORIENTED_EDGE('',*,*,#5235,.T.);
#7101 = ADVANCED_FACE('',(#7102),#5280,.F.);
#7102 = FACE_BOUND('',#7103,.F.);
#7103 = EDGE_LOOP('',(#7104,#7105,#7106,#7107));
#7104 = ORIENTED_EDGE('',*,*,#5826,.F.);
#7105 = ORIENTED_EDGE('',*,*,#7057,.T.);
#7106 = ORIENTED_EDGE('',*,*,#5263,.F.);
#7107 = ORIENTED_EDGE('',*,*,#7108,.F.);
#7108 = EDGE_CURVE('',#5530,#5264,#7109,.T.);
#7109 = SURFACE_CURVE('',#7110,(#7115,#7144),.PCURVE_S1.);
#7110 = CIRCLE('',#7111,3.);
#7111 = AXIS2_PLACEMENT_3D('',#7112,#7113,#7114);
#7112 = CARTESIAN_POINT('',(-50.8499073366,-39.,20.));
#7113 = DIRECTION('',(0.,-1.,0.));
#7114 = DIRECTION('',(0.,0.,1.));
#7115 = PCURVE('',#5280,#7116);
#7116 = DEFINITIONAL_REPRESENTATION('',(#7117),#7143);
#7117 = B_SPLINE_CURVE_WITH_KNOTS('',3,(#7118,#7119,#7120,#7121,#7122,
    #7123,#7124,#7125,#7126,#7127,#7128,#7129,#7130,#7131,#7132,#7133,
    #7134,#7135,#7136,#7137,#7138,#7139,#7140,#7141,#7142),
  .UNSPECIFIED.,.F.,.F.,(4,1,1,1,1,1,1,1,1,1,1,1,1,1,1,1,1,1,1,1,1,1,4),
  (0.,7.139983303613E-02,0.142799666072,0.214199499108,0.285599332145,
    0.356999165181,0.428398998217,0.499798831253,0.571198664289,
    0.642598497325,0.713998330361,0.785398163397,0.856797996434,
    0.92819782947,0.999597662506,1.070997495542,1.142397328578,
    1.213797161614,1.28519699465,1.356596827687,1.427996660723,
    1.499396493759,1.570796326795),.QUASI_UNIFORM_KNOTS.);
#7118 = CARTESIAN_POINT('',(2.949222599685E-16,-3.14159265359));
#7119 = CARTESIAN_POINT('',(-2.643304852828E-02,-3.14159265359));
#7120 = CARTESIAN_POINT('',(-7.852521262872E-02,-3.14159265359));
#7121 = CARTESIAN_POINT('',(-0.154606454553,-3.14159265359));
#7122 = CARTESIAN_POINT('',(-0.228904158181,-3.14159265359));
#7123 = CARTESIAN_POINT('',(-0.301661439934,-3.14159265359));
#7124 = CARTESIAN_POINT('',(-0.373106106239,-3.14159265359));
#7125 = CARTESIAN_POINT('',(-0.443450603945,-3.14159265359));
#7126 = CARTESIAN_POINT('',(-0.512895531033,-3.14159265359));
#7127 = CARTESIAN_POINT('',(-0.581631810168,-3.14159265359));
#7128 = CARTESIAN_POINT('',(-0.649842920765,-3.14159265359));
#7129 = CARTESIAN_POINT('',(-0.717706886775,-3.14159265359));
#7130 = CARTESIAN_POINT('',(-0.785398163397,-3.14159265359));
#7131 = CARTESIAN_POINT('',(-0.85308944002,-3.14159265359));
#7132 = CARTESIAN_POINT('',(-0.92095340603,-3.14159265359));
#7133 = CARTESIAN_POINT('',(-0.989164516627,-3.14159265359));
#7134 = CARTESIAN_POINT('',(-1.057900795762,-3.14159265359));
#7135 = CARTESIAN_POINT('',(-1.12734572285,-3.14159265359));
#7136 = CARTESIAN_POINT('',(-1.197690220556,-3.14159265359));
#7137 = CARTESIAN_POINT('',(-1.269134886861,-3.14159265359));
#7138 = CARTESIAN_POINT('',(-1.341892168614,-3.14159265359));
#7139 = CARTESIAN_POINT('',(-1.416189872242,-3.14159265359));
#7140 = CARTESIAN_POINT('',(-1.492271114166,-3.14159265359));
#7141 = CARTESIAN_POINT('',(-1.544363278267,-3.14159265359));
#7142 = CARTESIAN_POINT('',(-1.570796326795,-3.14159265359));
#7143 = ( GEOMETRIC_REPRESENTATION_CONTEXT(2) 
PARAMETRIC_REPRESENTATION_CONTEXT() REPRESENTATION_CONTEXT('2D SPACE',''
  ) );
#7144 = PCURVE('',#5335,#7145);
#7145 = DEFINITIONAL_REPRESENTATION('',(#7146),#7150);
#7146 = LINE('',#7147,#7148);
#7147 = CARTESIAN_POINT('',(7.068583470577,4.761344537348));
#7148 = VECTOR('',#7149,1.);
#7149 = DIRECTION('',(-1.,0.));
#7150 = ( GEOMETRIC_REPRESENTATION_CONTEXT(2) 
PARAMETRIC_REPRESENTATION_CONTEXT() REPRESENTATION_CONTEXT('2D SPACE',''
  ) );
#7151 = ADVANCED_FACE('',(#7152),#5335,.T.);
#7152 = FACE_BOUND('',#7153,.T.);
#7153 = EDGE_LOOP('',(#7154,#7155,#7156,#7157));
#7154 = ORIENTED_EDGE('',*,*,#5480,.T.);
#7155 = ORIENTED_EDGE('',*,*,#5319,.T.);
#7156 = ORIENTED_EDGE('',*,*,#7108,.F.);
#7157 = ORIENTED_EDGE('',*,*,#5529,.T.);
#7158 = ADVANCED_FACE('',(#7159,#7164),#5437,.F.);
#7159 = FACE_BOUND('',#7160,.T.);
#7160 = EDGE_LOOP('',(#7161,#7162,#7163));
#7161 = ORIENTED_EDGE('',*,*,#5420,.T.);
#7162 = ORIENTED_EDGE('',*,*,#6844,.F.);
#7163 = ORIENTED_EDGE('',*,*,#6795,.F.);
#7164 = FACE_BOUND('',#7165,.T.);
#7165 = EDGE_LOOP('',(#7166,#7196,#7219));
#7166 = ORIENTED_EDGE('',*,*,#7167,.F.);
#7167 = EDGE_CURVE('',#7168,#7170,#7172,.T.);
#7168 = VERTEX_POINT('',#7169);
#7169 = CARTESIAN_POINT('',(-37.96438001624,-27.64966334051,-18.6));
#7170 = VERTEX_POINT('',#7171);
#7171 = CARTESIAN_POINT('',(-36.53543465697,-27.64966334051,-18.6));
#7172 = SURFACE_CURVE('',#7173,(#7178,#7189),.PCURVE_S1.);
#7173 = CIRCLE('',#7174,1.);
#7174 = AXIS2_PLACEMENT_3D('',#7175,#7176,#7177);
#7175 = CARTESIAN_POINT('',(-37.2499073366,-26.95,-18.6));
#7176 = DIRECTION('',(0.,0.,-1.));
#7177 = DIRECTION('',(1.,0.,0.));
#7178 = PCURVE('',#5437,#7179);
#7179 = DEFINITIONAL_REPRESENTATION('',(#7180),#7188);
#7180 = ( BOUNDED_CURVE() B_SPLINE_CURVE(2,(#7181,#7182,#7183,#7184,
#7185,#7186,#7187),.UNSPECIFIED.,.T.,.F.) B_SPLINE_CURVE_WITH_KNOTS((1,2
    ,2,2,2,1),(-2.094395102393,0.,2.094395102393,4.188790204786,
6.28318530718,8.377580409573),.UNSPECIFIED.) CURVE() 
GEOMETRIC_REPRESENTATION_ITEM() RATIONAL_B_SPLINE_CURVE((1.,0.5,1.,0.5,
1.,0.5,1.)) REPRESENTATION_ITEM('') );
#7181 = CARTESIAN_POINT('',(-1.4,27.05));
#7182 = CARTESIAN_POINT('',(-1.4,25.317949192431));
#7183 = CARTESIAN_POINT('',(-2.9,26.183974596216));
#7184 = CARTESIAN_POINT('',(-4.4,27.05));
#7185 = CARTESIAN_POINT('',(-2.9,27.916025403784));
#7186 = CARTESIAN_POINT('',(-1.4,28.782050807569));
#7187 = CARTESIAN_POINT('',(-1.4,27.05));
#7188 = ( GEOMETRIC_REPRESENTATION_CONTEXT(2) 
PARAMETRIC_REPRESENTATION_CONTEXT() REPRESENTATION_CONTEXT('2D SPACE',''
  ) );
#7189 = PCURVE('',#6605,#7190);
#7190 = DEFINITIONAL_REPRESENTATION('',(#7191),#7195);
#7191 = LINE('',#7192,#7193);
#7192 = CARTESIAN_POINT('',(4.712388980385,16.4));
#7193 = VECTOR('',#7194,1.);
#7194 = DIRECTION('',(-1.,0.));
#7195 = ( GEOMETRIC_REPRESENTATION_CONTEXT(2) 
PARAMETRIC_REPRESENTATION_CONTEXT() REPRESENTATION_CONTEXT('2D SPACE',''
  ) );
#7196 = ORIENTED_EDGE('',*,*,#7197,.T.);
#7197 = EDGE_CURVE('',#7168,#7198,#7200,.T.);
#7198 = VERTEX_POINT('',#7199);
#7199 = CARTESIAN_POINT('',(-37.2499073366,-28.37925881934,-18.6));
#7200 = SURFACE_CURVE('',#7201,(#7205,#7212),.PCURVE_S1.);
#7201 = LINE('',#7202,#7203);
#7202 = CARTESIAN_POINT('',(-37.96438001624,-27.64966334051,-18.6));
#7203 = VECTOR('',#7204,1.);
#7204 = DIRECTION('',(0.699663340513,-0.714472679633,0.));
#7205 = PCURVE('',#5437,#7206);
#7206 = DEFINITIONAL_REPRESENTATION('',(#7207),#7211);
#7207 = LINE('',#7208,#7209);
#7208 = CARTESIAN_POINT('',(-3.114472679633,26.350336659487));
#7209 = VECTOR('',#7210,1.);
#7210 = DIRECTION('',(0.699663340513,-0.714472679633));
#7211 = ( GEOMETRIC_REPRESENTATION_CONTEXT(2) 
PARAMETRIC_REPRESENTATION_CONTEXT() REPRESENTATION_CONTEXT('2D SPACE',''
  ) );
#7212 = PCURVE('',#6572,#7213);
#7213 = DEFINITIONAL_REPRESENTATION('',(#7214),#7218);
#7214 = LINE('',#7215,#7216);
#7215 = CARTESIAN_POINT('',(16.4,0.));
#7216 = VECTOR('',#7217,1.);
#7217 = DIRECTION('',(0.,-1.));
#7218 = ( GEOMETRIC_REPRESENTATION_CONTEXT(2) 
PARAMETRIC_REPRESENTATION_CONTEXT() REPRESENTATION_CONTEXT('2D SPACE',''
  ) );
#7219 = ORIENTED_EDGE('',*,*,#7220,.T.);
#7220 = EDGE_CURVE('',#7198,#7170,#7221,.T.);
#7221 = SURFACE_CURVE('',#7222,(#7226,#7233),.PCURVE_S1.);
#7222 = LINE('',#7223,#7224);
#7223 = CARTESIAN_POINT('',(-37.2499073366,-28.37925881934,-18.6));
#7224 = VECTOR('',#7225,1.);
#7225 = DIRECTION('',(0.699663340513,0.714472679633,0.));
#7226 = PCURVE('',#5437,#7227);
#7227 = DEFINITIONAL_REPRESENTATION('',(#7228),#7232);
#7228 = LINE('',#7229,#7230);
#7229 = CARTESIAN_POINT('',(-2.4,25.620741180657));
#7230 = VECTOR('',#7231,1.);
#7231 = DIRECTION('',(0.699663340513,0.714472679633));
#7232 = ( GEOMETRIC_REPRESENTATION_CONTEXT(2) 
PARAMETRIC_REPRESENTATION_CONTEXT() REPRESENTATION_CONTEXT('2D SPACE',''
  ) );
#7233 = PCURVE('',#6631,#7234);
#7234 = DEFINITIONAL_REPRESENTATION('',(#7235),#7239);
#7235 = LINE('',#7236,#7237);
#7236 = CARTESIAN_POINT('',(-16.4,0.));
#7237 = VECTOR('',#7238,1.);
#7238 = DIRECTION('',(0.,1.));
#7239 = ( GEOMETRIC_REPRESENTATION_CONTEXT(2) 
PARAMETRIC_REPRESENTATION_CONTEXT() REPRESENTATION_CONTEXT('2D SPACE',''
  ) );
#7240 = ADVANCED_FACE('',(#7241),#5619,.F.);
#7241 = FACE_BOUND('',#7242,.T.);
#7242 = EDGE_LOOP('',(#7243,#7244,#7267,#7288));
#7243 = ORIENTED_EDGE('',*,*,#5690,.F.);
#7244 = ORIENTED_EDGE('',*,*,#7245,.T.);
#7245 = EDGE_CURVE('',#5691,#7246,#7248,.T.);
#7246 = VERTEX_POINT('',#7247);
#7247 = CARTESIAN_POINT('',(-41.0499073366,-29.80851763868,17.6));
#7248 = SURFACE_CURVE('',#7249,(#7253,#7260),.PCURVE_S1.);
#7249 = LINE('',#7250,#7251);
#7250 = CARTESIAN_POINT('',(-39.62096197734,-28.34932668102,17.6));
#7251 = VECTOR('',#7252,1.);
#7252 = DIRECTION('',(-0.699663340513,-0.714472679633,0.));
#7253 = PCURVE('',#5619,#7254);
#7254 = DEFINITIONAL_REPRESENTATION('',(#7255),#7259);
#7255 = LINE('',#7256,#7257);
#7256 = CARTESIAN_POINT('',(-8.49326573771,0.));
#7257 = VECTOR('',#7258,1.);
#7258 = DIRECTION('',(-0.,-1.));
#7259 = ( GEOMETRIC_REPRESENTATION_CONTEXT(2) 
PARAMETRIC_REPRESENTATION_CONTEXT() REPRESENTATION_CONTEXT('2D SPACE',''
  ) );
#7260 = PCURVE('',#5730,#7261);
#7261 = DEFINITIONAL_REPRESENTATION('',(#7262),#7266);
#7262 = LINE('',#7263,#7264);
#7263 = CARTESIAN_POINT('',(4.771054640734,25.650673318973));
#7264 = VECTOR('',#7265,1.);
#7265 = DIRECTION('',(0.699663340513,-0.714472679633));
#7266 = ( GEOMETRIC_REPRESENTATION_CONTEXT(2) 
PARAMETRIC_REPRESENTATION_CONTEXT() REPRESENTATION_CONTEXT('2D SPACE',''
  ) );
#7267 = ORIENTED_EDGE('',*,*,#7268,.T.);
#7268 = EDGE_CURVE('',#7246,#5604,#7269,.T.);
#7269 = SURFACE_CURVE('',#7270,(#7274,#7281),.PCURVE_S1.);
#7270 = LINE('',#7271,#7272);
#7271 = CARTESIAN_POINT('',(-41.0499073366,-29.80851763868,17.6));
#7272 = VECTOR('',#7273,1.);
#7273 = DIRECTION('',(0.,0.,1.));
#7274 = PCURVE('',#5619,#7275);
#7275 = DEFINITIONAL_REPRESENTATION('',(#7276),#7280);
#7276 = LINE('',#7277,#7278);
#7277 = CARTESIAN_POINT('',(-8.49326573771,-2.04233275709));
#7278 = VECTOR('',#7279,1.);
#7279 = DIRECTION('',(-1.,0.));
#7280 = ( GEOMETRIC_REPRESENTATION_CONTEXT(2) 
PARAMETRIC_REPRESENTATION_CONTEXT() REPRESENTATION_CONTEXT('2D SPACE',''
  ) );
#7281 = PCURVE('',#5647,#7282);
#7282 = DEFINITIONAL_REPRESENTATION('',(#7283),#7287);
#7283 = LINE('',#7284,#7285);
#7284 = CARTESIAN_POINT('',(8.49326573771,0.));
#7285 = VECTOR('',#7286,1.);
#7286 = DIRECTION('',(1.,0.));
#7287 = ( GEOMETRIC_REPRESENTATION_CONTEXT(2) 
PARAMETRIC_REPRESENTATION_CONTEXT() REPRESENTATION_CONTEXT('2D SPACE',''
  ) );
#7288 = ORIENTED_EDGE('',*,*,#5603,.F.);
#7289 = ADVANCED_FACE('',(#7290),#5647,.F.);
#7290 = FACE_BOUND('',#7291,.T.);
#7291 = EDGE_LOOP('',(#7292,#7293,#7314,#7315));
#7292 = ORIENTED_EDGE('',*,*,#7268,.F.);
#7293 = ORIENTED_EDGE('',*,*,#7294,.T.);
#7294 = EDGE_CURVE('',#7246,#5714,#7295,.T.);
#7295 = SURFACE_CURVE('',#7296,(#7300,#7307),.PCURVE_S1.);
#7296 = LINE('',#7297,#7298);
#7297 = CARTESIAN_POINT('',(-41.0499073366,-29.80851763868,17.6));
#7298 = VECTOR('',#7299,1.);
#7299 = DIRECTION('',(-0.699663340513,0.714472679633,0.));
#7300 = PCURVE('',#5647,#7301);
#7301 = DEFINITIONAL_REPRESENTATION('',(#7302),#7306);
#7302 = LINE('',#7303,#7304);
#7303 = CARTESIAN_POINT('',(8.49326573771,0.));
#7304 = VECTOR('',#7305,1.);
#7305 = DIRECTION('',(0.,1.));
#7306 = ( GEOMETRIC_REPRESENTATION_CONTEXT(2) 
PARAMETRIC_REPRESENTATION_CONTEXT() REPRESENTATION_CONTEXT('2D SPACE',''
  ) );
#7307 = PCURVE('',#5730,#7308);
#7308 = DEFINITIONAL_REPRESENTATION('',(#7309),#7313);
#7309 = LINE('',#7310,#7311);
#7310 = CARTESIAN_POINT('',(6.2,24.191482361313));
#7311 = VECTOR('',#7312,1.);
#7312 = DIRECTION('',(0.699663340513,0.714472679633));
#7313 = ( GEOMETRIC_REPRESENTATION_CONTEXT(2) 
PARAMETRIC_REPRESENTATION_CONTEXT() REPRESENTATION_CONTEXT('2D SPACE',''
  ) );
#7314 = ORIENTED_EDGE('',*,*,#5746,.T.);
#7315 = ORIENTED_EDGE('',*,*,#5631,.F.);
#7316 = ADVANCED_FACE('',(#7317,#7322),#5730,.F.);
#7317 = FACE_BOUND('',#7318,.T.);
#7318 = EDGE_LOOP('',(#7319,#7320,#7321));
#7319 = ORIENTED_EDGE('',*,*,#7294,.F.);
#7320 = ORIENTED_EDGE('',*,*,#7245,.F.);
#7321 = ORIENTED_EDGE('',*,*,#5713,.T.);
#7322 = FACE_BOUND('',#7323,.T.);
#7323 = EDGE_LOOP('',(#7324,#7349,#7377));
#7324 = ORIENTED_EDGE('',*,*,#7325,.T.);
#7325 = EDGE_CURVE('',#7326,#7328,#7330,.T.);
#7326 = VERTEX_POINT('',#7327);
#7327 = CARTESIAN_POINT('',(-41.0499073366,-28.37925881934,17.6));
#7328 = VERTEX_POINT('',#7329);
#7329 = CARTESIAN_POINT('',(-41.76438001624,-27.64966334051,17.6));
#7330 = SURFACE_CURVE('',#7331,(#7335,#7342),.PCURVE_S1.);
#7331 = LINE('',#7332,#7333);
#7332 = CARTESIAN_POINT('',(-41.0499073366,-28.37925881934,17.6));
#7333 = VECTOR('',#7334,1.);
#7334 = DIRECTION('',(-0.699663340513,0.714472679633,0.));
#7335 = PCURVE('',#5730,#7336);
#7336 = DEFINITIONAL_REPRESENTATION('',(#7337),#7341);
#7337 = LINE('',#7338,#7339);
#7338 = CARTESIAN_POINT('',(6.2,25.620741180657));
#7339 = VECTOR('',#7340,1.);
#7340 = DIRECTION('',(0.699663340513,0.714472679633));
#7341 = ( GEOMETRIC_REPRESENTATION_CONTEXT(2) 
PARAMETRIC_REPRESENTATION_CONTEXT() REPRESENTATION_CONTEXT('2D SPACE',''
  ) );
#7342 = PCURVE('',#6954,#7343);
#7343 = DEFINITIONAL_REPRESENTATION('',(#7344),#7348);
#7344 = LINE('',#7345,#7346);
#7345 = CARTESIAN_POINT('',(-73.46193565623,-1.021166378545));
#7346 = VECTOR('',#7347,1.);
#7347 = DIRECTION('',(-4.377250215668E-17,1.));
#7348 = ( GEOMETRIC_REPRESENTATION_CONTEXT(2) 
PARAMETRIC_REPRESENTATION_CONTEXT() REPRESENTATION_CONTEXT('2D SPACE',''
  ) );
#7349 = ORIENTED_EDGE('',*,*,#7350,.F.);
#7350 = EDGE_CURVE('',#7351,#7328,#7353,.T.);
#7351 = VERTEX_POINT('',#7352);
#7352 = CARTESIAN_POINT('',(-40.33543465697,-27.64966334051,17.6));
#7353 = SURFACE_CURVE('',#7354,(#7359,#7370),.PCURVE_S1.);
#7354 = CIRCLE('',#7355,1.);
#7355 = AXIS2_PLACEMENT_3D('',#7356,#7357,#7358);
#7356 = CARTESIAN_POINT('',(-41.0499073366,-26.95,17.6));
#7357 = DIRECTION('',(3.469446951954E-16,-1.44444745829E-31,1.));
#7358 = DIRECTION('',(-1.,0.,3.469446951954E-16));
#7359 = PCURVE('',#5730,#7360);
#7360 = DEFINITIONAL_REPRESENTATION('',(#7361),#7369);
#7361 = ( BOUNDED_CURVE() B_SPLINE_CURVE(2,(#7362,#7363,#7364,#7365,
#7366,#7367,#7368),.UNSPECIFIED.,.T.,.F.) B_SPLINE_CURVE_WITH_KNOTS((1,2
    ,2,2,2,1),(-2.094395102393,0.,2.094395102393,4.188790204786,
6.28318530718,8.377580409573),.UNSPECIFIED.) CURVE() 
GEOMETRIC_REPRESENTATION_ITEM() RATIONAL_B_SPLINE_CURVE((1.,0.5,1.,0.5,
1.,0.5,1.)) REPRESENTATION_ITEM('') );
#7362 = CARTESIAN_POINT('',(7.2,27.05));
#7363 = CARTESIAN_POINT('',(7.2,25.317949192431));
#7364 = CARTESIAN_POINT('',(5.7,26.183974596216));
#7365 = CARTESIAN_POINT('',(4.2,27.05));
#7366 = CARTESIAN_POINT('',(5.7,27.916025403784));
#7367 = CARTESIAN_POINT('',(7.2,28.782050807569));
#7368 = CARTESIAN_POINT('',(7.2,27.05));
#7369 = ( GEOMETRIC_REPRESENTATION_CONTEXT(2) 
PARAMETRIC_REPRESENTATION_CONTEXT() REPRESENTATION_CONTEXT('2D SPACE',''
  ) );
#7370 = PCURVE('',#6926,#7371);
#7371 = DEFINITIONAL_REPRESENTATION('',(#7372),#7376);
#7372 = LINE('',#7373,#7374);
#7373 = CARTESIAN_POINT('',(10.995574287564,73.461935656231));
#7374 = VECTOR('',#7375,1.);
#7375 = DIRECTION('',(-1.,0.));
#7376 = ( GEOMETRIC_REPRESENTATION_CONTEXT(2) 
PARAMETRIC_REPRESENTATION_CONTEXT() REPRESENTATION_CONTEXT('2D SPACE',''
  ) );
#7377 = ORIENTED_EDGE('',*,*,#7378,.T.);
#7378 = EDGE_CURVE('',#7351,#7326,#7379,.T.);
#7379 = SURFACE_CURVE('',#7380,(#7384,#7391),.PCURVE_S1.);
#7380 = LINE('',#7381,#7382);
#7381 = CARTESIAN_POINT('',(-40.33543465697,-27.64966334051,17.6));
#7382 = VECTOR('',#7383,1.);
#7383 = DIRECTION('',(-0.699663340513,-0.714472679633,0.));
#7384 = PCURVE('',#5730,#7385);
#7385 = DEFINITIONAL_REPRESENTATION('',(#7386),#7390);
#7386 = LINE('',#7387,#7388);
#7387 = CARTESIAN_POINT('',(5.485527320367,26.350336659487));
#7388 = VECTOR('',#7389,1.);
#7389 = DIRECTION('',(0.699663340513,-0.714472679633));
#7390 = ( GEOMETRIC_REPRESENTATION_CONTEXT(2) 
PARAMETRIC_REPRESENTATION_CONTEXT() REPRESENTATION_CONTEXT('2D SPACE',''
  ) );
#7391 = PCURVE('',#6980,#7392);
#7392 = DEFINITIONAL_REPRESENTATION('',(#7393),#7397);
#7393 = LINE('',#7394,#7395);
#7394 = CARTESIAN_POINT('',(73.461935656231,1.021166378545));
#7395 = VECTOR('',#7396,1.);
#7396 = DIRECTION('',(4.377250215668E-17,-1.));
#7397 = ( GEOMETRIC_REPRESENTATION_CONTEXT(2) 
PARAMETRIC_REPRESENTATION_CONTEXT() REPRESENTATION_CONTEXT('2D SPACE',''
  ) );
#7398 = ADVANCED_FACE('',(#7399),#6516,.T.);
#7399 = FACE_BOUND('',#7400,.T.);
#7400 = EDGE_LOOP('',(#7401,#7402,#7403,#7404));
#7401 = ORIENTED_EDGE('',*,*,#6743,.T.);
#7402 = ORIENTED_EDGE('',*,*,#6770,.T.);
#7403 = ORIENTED_EDGE('',*,*,#6649,.T.);
#7404 = ORIENTED_EDGE('',*,*,#6500,.F.);
#7405 = ADVANCED_FACE('',(#7406),#6572,.F.);
#7406 = FACE_BOUND('',#7407,.T.);
#7407 = EDGE_LOOP('',(#7408,#7429,#7430,#7451));
#7408 = ORIENTED_EDGE('',*,*,#7409,.T.);
#7409 = EDGE_CURVE('',#7168,#6557,#7410,.T.);
#7410 = SURFACE_CURVE('',#7411,(#7415,#7422),.PCURVE_S1.);
#7411 = LINE('',#7412,#7413);
#7412 = CARTESIAN_POINT('',(-37.96438001624,-27.64966334051,-18.6));
#7413 = VECTOR('',#7414,1.);
#7414 = DIRECTION('',(0.,0.,1.));
#7415 = PCURVE('',#6572,#7416);
#7416 = DEFINITIONAL_REPRESENTATION('',(#7417),#7421);
#7417 = LINE('',#7418,#7419);
#7418 = CARTESIAN_POINT('',(16.4,0.));
#7419 = VECTOR('',#7420,1.);
#7420 = DIRECTION('',(1.,0.));
#7421 = ( GEOMETRIC_REPRESENTATION_CONTEXT(2) 
PARAMETRIC_REPRESENTATION_CONTEXT() REPRESENTATION_CONTEXT('2D SPACE',''
  ) );
#7422 = PCURVE('',#6605,#7423);
#7423 = DEFINITIONAL_REPRESENTATION('',(#7424),#7428);
#7424 = LINE('',#7425,#7426);
#7425 = CARTESIAN_POINT('',(2.34572251468,16.4));
#7426 = VECTOR('',#7427,1.);
#7427 = DIRECTION('',(0.,1.));
#7428 = ( GEOMETRIC_REPRESENTATION_CONTEXT(2) 
PARAMETRIC_REPRESENTATION_CONTEXT() REPRESENTATION_CONTEXT('2D SPACE',''
  ) );
#7429 = ORIENTED_EDGE('',*,*,#6554,.F.);
#7430 = ORIENTED_EDGE('',*,*,#7431,.F.);
#7431 = EDGE_CURVE('',#7198,#6555,#7432,.T.);
#7432 = SURFACE_CURVE('',#7433,(#7437,#7444),.PCURVE_S1.);
#7433 = LINE('',#7434,#7435);
#7434 = CARTESIAN_POINT('',(-37.2499073366,-28.37925881934,-18.6));
#7435 = VECTOR('',#7436,1.);
#7436 = DIRECTION('',(0.,0.,1.));
#7437 = PCURVE('',#6572,#7438);
#7438 = DEFINITIONAL_REPRESENTATION('',(#7439),#7443);
#7439 = LINE('',#7440,#7441);
#7440 = CARTESIAN_POINT('',(16.4,-1.021166378545));
#7441 = VECTOR('',#7442,1.);
#7442 = DIRECTION('',(1.,0.));
#7443 = ( GEOMETRIC_REPRESENTATION_CONTEXT(2) 
PARAMETRIC_REPRESENTATION_CONTEXT() REPRESENTATION_CONTEXT('2D SPACE',''
  ) );
#7444 = PCURVE('',#6631,#7445);
#7445 = DEFINITIONAL_REPRESENTATION('',(#7446),#7450);
#7446 = LINE('',#7447,#7448);
#7447 = CARTESIAN_POINT('',(-16.4,0.));
#7448 = VECTOR('',#7449,1.);
#7449 = DIRECTION('',(-1.,0.));
#7450 = ( GEOMETRIC_REPRESENTATION_CONTEXT(2) 
PARAMETRIC_REPRESENTATION_CONTEXT() REPRESENTATION_CONTEXT('2D SPACE',''
  ) );
#7451 = ORIENTED_EDGE('',*,*,#7197,.F.);
#7452 = ADVANCED_FACE('',(#7453),#6605,.F.);
#7453 = FACE_BOUND('',#7454,.F.);
#7454 = EDGE_LOOP('',(#7455,#7456,#7457,#7458));
#7455 = ORIENTED_EDGE('',*,*,#7167,.F.);
#7456 = ORIENTED_EDGE('',*,*,#7409,.T.);
#7457 = ORIENTED_EDGE('',*,*,#6584,.T.);
#7458 = ORIENTED_EDGE('',*,*,#7459,.F.);
#7459 = EDGE_CURVE('',#7170,#6585,#7460,.T.);
#7460 = SURFACE_CURVE('',#7461,(#7465,#7472),.PCURVE_S1.);
#7461 = LINE('',#7462,#7463);
#7462 = CARTESIAN_POINT('',(-36.53543465697,-27.64966334051,-18.6));
#7463 = VECTOR('',#7464,1.);
#7464 = DIRECTION('',(0.,0.,1.));
#7465 = PCURVE('',#6605,#7466);
#7466 = DEFINITIONAL_REPRESENTATION('',(#7467),#7471);
#7467 = LINE('',#7468,#7469);
#7468 = CARTESIAN_POINT('',(-2.34572251468,16.4));
#7469 = VECTOR('',#7470,1.);
#7470 = DIRECTION('',(0.,1.));
#7471 = ( GEOMETRIC_REPRESENTATION_CONTEXT(2) 
PARAMETRIC_REPRESENTATION_CONTEXT() REPRESENTATION_CONTEXT('2D SPACE',''
  ) );
#7472 = PCURVE('',#6631,#7473);
#7473 = DEFINITIONAL_REPRESENTATION('',(#7474),#7478);
#7474 = LINE('',#7475,#7476);
#7475 = CARTESIAN_POINT('',(-16.4,1.021166378545));
#7476 = VECTOR('',#7477,1.);
#7477 = DIRECTION('',(-1.,0.));
#7478 = ( GEOMETRIC_REPRESENTATION_CONTEXT(2) 
PARAMETRIC_REPRESENTATION_CONTEXT() REPRESENTATION_CONTEXT('2D SPACE',''
  ) );
#7479 = ADVANCED_FACE('',(#7480),#6631,.F.);
#7480 = FACE_BOUND('',#7481,.T.);
#7481 = EDGE_LOOP('',(#7482,#7483,#7484,#7485));
#7482 = ORIENTED_EDGE('',*,*,#7431,.T.);
#7483 = ORIENTED_EDGE('',*,*,#6617,.F.);
#7484 = ORIENTED_EDGE('',*,*,#7459,.F.);
#7485 = ORIENTED_EDGE('',*,*,#7220,.F.);
#7486 = ADVANCED_FACE('',(#7487),#6926,.F.);
#7487 = FACE_BOUND('',#7488,.F.);
#7488 = EDGE_LOOP('',(#7489,#7490,#7511,#7512));
#7489 = ORIENTED_EDGE('',*,*,#7350,.F.);
#7490 = ORIENTED_EDGE('',*,*,#7491,.T.);
#7491 = EDGE_CURVE('',#7351,#6904,#7492,.T.);
#7492 = SURFACE_CURVE('',#7493,(#7497,#7504),.PCURVE_S1.);
#7493 = LINE('',#7494,#7495);
#7494 = CARTESIAN_POINT('',(-40.33543465697,-27.64966334051,17.6));
#7495 = VECTOR('',#7496,1.);
#7496 = DIRECTION('',(0.,0.,-1.));
#7497 = PCURVE('',#6926,#7498);
#7498 = DEFINITIONAL_REPRESENTATION('',(#7499),#7503);
#7499 = LINE('',#7500,#7501);
#7500 = CARTESIAN_POINT('',(8.62890782186,73.461935656231));
#7501 = VECTOR('',#7502,1.);
#7502 = DIRECTION('',(0.,1.));
#7503 = ( GEOMETRIC_REPRESENTATION_CONTEXT(2) 
PARAMETRIC_REPRESENTATION_CONTEXT() REPRESENTATION_CONTEXT('2D SPACE',''
  ) );
#7504 = PCURVE('',#6980,#7505);
#7505 = DEFINITIONAL_REPRESENTATION('',(#7506),#7510);
#7506 = LINE('',#7507,#7508);
#7507 = CARTESIAN_POINT('',(73.461935656231,1.021166378545));
#7508 = VECTOR('',#7509,1.);
#7509 = DIRECTION('',(1.,4.377250215668E-17));
#7510 = ( GEOMETRIC_REPRESENTATION_CONTEXT(2) 
PARAMETRIC_REPRESENTATION_CONTEXT() REPRESENTATION_CONTEXT('2D SPACE',''
  ) );
#7511 = ORIENTED_EDGE('',*,*,#6903,.T.);
#7512 = ORIENTED_EDGE('',*,*,#7513,.F.);
#7513 = EDGE_CURVE('',#7328,#6906,#7514,.T.);
#7514 = SURFACE_CURVE('',#7515,(#7519,#7526),.PCURVE_S1.);
#7515 = LINE('',#7516,#7517);
#7516 = CARTESIAN_POINT('',(-41.76438001624,-27.64966334051,17.6));
#7517 = VECTOR('',#7518,1.);
#7518 = DIRECTION('',(0.,0.,-1.));
#7519 = PCURVE('',#6926,#7520);
#7520 = DEFINITIONAL_REPRESENTATION('',(#7521),#7525);
#7521 = LINE('',#7522,#7523);
#7522 = CARTESIAN_POINT('',(3.937462792499,73.461935656231));
#7523 = VECTOR('',#7524,1.);
#7524 = DIRECTION('',(0.,1.));
#7525 = ( GEOMETRIC_REPRESENTATION_CONTEXT(2) 
PARAMETRIC_REPRESENTATION_CONTEXT() REPRESENTATION_CONTEXT('2D SPACE',''
  ) );
#7526 = PCURVE('',#6954,#7527);
#7527 = DEFINITIONAL_REPRESENTATION('',(#7528),#7532);
#7528 = LINE('',#7529,#7530);
#7529 = CARTESIAN_POINT('',(-73.46193565623,-5.753929599007E-15));
#7530 = VECTOR('',#7531,1.);
#7531 = DIRECTION('',(-1.,-4.377250215668E-17));
#7532 = ( GEOMETRIC_REPRESENTATION_CONTEXT(2) 
PARAMETRIC_REPRESENTATION_CONTEXT() REPRESENTATION_CONTEXT('2D SPACE',''
  ) );
#7533 = ADVANCED_FACE('',(#7534),#6954,.F.);
#7534 = FACE_BOUND('',#7535,.T.);
#7535 = EDGE_LOOP('',(#7536,#7557,#7558,#7559));
#7536 = ORIENTED_EDGE('',*,*,#7537,.T.);
#7537 = EDGE_CURVE('',#7326,#6939,#7538,.T.);
#7538 = SURFACE_CURVE('',#7539,(#7543,#7550),.PCURVE_S1.);
#7539 = LINE('',#7540,#7541);
#7540 = CARTESIAN_POINT('',(-41.0499073366,-28.37925881934,17.6));
#7541 = VECTOR('',#7542,1.);
#7542 = DIRECTION('',(0.,0.,-1.));
#7543 = PCURVE('',#6954,#7544);
#7544 = DEFINITIONAL_REPRESENTATION('',(#7545),#7549);
#7545 = LINE('',#7546,#7547);
#7546 = CARTESIAN_POINT('',(-73.46193565623,-1.021166378545));
#7547 = VECTOR('',#7548,1.);
#7548 = DIRECTION('',(-1.,-4.377250215668E-17));
#7549 = ( GEOMETRIC_REPRESENTATION_CONTEXT(2) 
PARAMETRIC_REPRESENTATION_CONTEXT() REPRESENTATION_CONTEXT('2D SPACE',''
  ) );
#7550 = PCURVE('',#6980,#7551);
#7551 = DEFINITIONAL_REPRESENTATION('',(#7552),#7556);
#7552 = LINE('',#7553,#7554);
#7553 = CARTESIAN_POINT('',(73.461935656231,5.753929599007E-15));
#7554 = VECTOR('',#7555,1.);
#7555 = DIRECTION('',(1.,4.377250215668E-17));
#7556 = ( GEOMETRIC_REPRESENTATION_CONTEXT(2) 
PARAMETRIC_REPRESENTATION_CONTEXT() REPRESENTATION_CONTEXT('2D SPACE',''
  ) );
#7557 = ORIENTED_EDGE('',*,*,#6938,.F.);
#7558 = ORIENTED_EDGE('',*,*,#7513,.F.);
#7559 = ORIENTED_EDGE('',*,*,#7325,.F.);
#7560 = ADVANCED_FACE('',(#7561),#6980,.F.);
#7561 = FACE_BOUND('',#7562,.T.);
#7562 = EDGE_LOOP('',(#7563,#7564,#7565,#7566));
#7563 = ORIENTED_EDGE('',*,*,#7491,.T.);
#7564 = ORIENTED_EDGE('',*,*,#6966,.F.);
#7565 = ORIENTED_EDGE('',*,*,#7537,.F.);
#7566 = ORIENTED_EDGE('',*,*,#7378,.F.);
#7567 = ( GEOMETRIC_REPRESENTATION_CONTEXT(3) 
GLOBAL_UNCERTAINTY_ASSIGNED_CONTEXT((#7571)) 
GLOBAL_UNIT_ASSIGNED_CONTEXT((#7568,#7569,#7570)) REPRESENTATION_CONTEXT
('Context #1','3D Context with UNIT and UNCERTAINTY') );
#7568 = ( LENGTH_UNIT() NAMED_UNIT(*) SI_UNIT(.MILLI.,.METRE.) );
#7569 = ( NAMED_UNIT(*) PLANE_ANGLE_UNIT() SI_UNIT($,.RADIAN.) );
#7570 = ( NAMED_UNIT(*) SI_UNIT($,.STERADIAN.) SOLID_ANGLE_UNIT() );
#7571 = UNCERTAINTY_MEASURE_WITH_UNIT(LENGTH_MEASURE(1.E-04),#7568,
  'distance_accuracy_value','confusion accuracy');
#7572 = PRODUCT_RELATED_PRODUCT_CATEGORY('part',$,(#7));
ENDSEC;
END-ISO-10303-21;
